query_index,target_description,target_quantity,target_unit_of_measure,target_procurement_date,target_city,target_state,target_brand,target_model,target_commodity_code,target_commodity_family,candidate_rank,candidate_description,candidate_unit_price,candidate_score,actual_unit_price,absolute_percentage_error,is_within_10pct,semantic_cosine_similarity,semantic_score_normalized,brand_match,model_match,commodity_code_match,numeric_overlap,attribute_score,pool_median_price,price_distance_from_median,median_proximity_score,price_support_5,price_support_10,price_support_20,price_consensus_score,retrieval_score_normalized,rank_prior,product_identity_score,historical_price_score,alternative_evidence_score
0,"Sample Collecting, Diluting and Multiple Dispensin Buyer Approved Equal Parts Desc: Portable Sampler - Replace screw and nut that holds paddle wheel and maintenance on housing Evaluation Fee Paid",1.0,EA,2023-01-03,PASS CHRISTIAN,MS,,,49362,TOOLS_HARDWARE,1,"Sample Collecting, Diluting and Multiple Dispensin",22.0,1.320704,138.08,84.0672,False,0.62169206,1.0,0.0,0.0,0.0,0.0,0.0,1518.0,0.9855072463768116,0.5036496350364964,1,1,1,0.1,1.0,1.0,0.5,0.3018248175182482,0.5155474452554745
0,"Sample Collecting, Diluting and Multiple Dispensin Buyer Approved Equal Parts Desc: Portable Sampler - Replace screw and nut that holds paddle wheel and maintenance on housing Evaluation Fee Paid",1.0,EA,2023-01-03,PASS CHRISTIAN,MS,,,49362,TOOLS_HARDWARE,2,"Sample Collecting, Diluting and Multiple Dispensin",2724.0,0.89403,138.08,1872.7694,False,0.62169206,1.0,0.0,0.0,0.0,0.0,0.0,1518.0,0.7944664031620553,0.5572687224669604,1,1,2,0.1,0.6553190492462523,0.5,0.5,0.32863436123348017,0.47188816575698195
0,"Sample Collecting, Diluting and Multiple Dispensin Buyer Approved Equal Parts Desc: Portable Sampler - Replace screw and nut that holds paddle wheel and maintenance on housing Evaluation Fee Paid",1.0,EA,2023-01-03,PASS CHRISTIAN,MS,,,49362,TOOLS_HARDWARE,3,"Sample Collecting, Diluting and Multiple Dispensin",312.0,0.641591,138.08,125.956,False,0.62169206,1.0,0.0,0.0,0.0,0.0,0.0,1518.0,0.7944664031620553,0.5572687224669604,1,1,1,0.1,0.45139072334093505,0.3333333333333333,0.5,0.32863436123348017,0.44129891687118433
0,"Sample Collecting, Diluting and Multiple Dispensin Buyer Approved Equal Parts Desc: Portable Sampler - Replace screw and nut that holds paddle wheel and maintenance on housing Evaluation Fee Paid",1.0,EA,2023-01-03,PASS CHRISTIAN,MS,,,49362,TOOLS_HARDWARE,4,"Sample Collecting, Diluting and Multiple Dispensin",65.0,0.505619,138.08,52.9258,False,0.62169206,1.0,0.0,0.0,0.0,0.0,0.0,1518.0,0.9571805006587615,0.5109390777515987,1,1,1,0.1,0.34154817789432107,0.25,0.5,0.30546953887579936,0.417873088346888
0,"Sample Collecting, Diluting and Multiple Dispensin Buyer Approved Equal Parts Desc: Portable Sampler - Replace screw and nut that holds paddle wheel and maintenance on housing Evaluation Fee Paid",1.0,EA,2023-01-03,PASS CHRISTIAN,MS,,,49362,TOOLS_HARDWARE,5,"Sample Collecting, Diluting and Multiple Dispensin",3846.0,0.31057,138.08,2685.3418,False,0.62169206,1.0,0.0,0.0,0.0,0.0,0.0,1518.0,1.533596837944664,0.39469578783151327,2,3,3,0.3,0.18398133584730683,0.2,0.5,0.3473478939157566,0.40680156855182303
0,"Sample Collecting, Diluting and Multiple Dispensin Buyer Approved Equal Parts Desc: Portable Sampler - Replace screw and nut that holds paddle wheel and maintenance on housing Evaluation Fee Paid",1.0,EA,2023-01-03,PASS CHRISTIAN,MS,,,49362,TOOLS_HARDWARE,6,"Sample Collecting, Diluting and Multiple Dispensin",3970.0,0.273646,138.08,2775.1448,False,0.62169206,1.0,0.0,0.0,0.0,0.0,0.0,1518.0,1.6152832674571804,0.38236775818639795,2,3,3,0.3,0.1541529436189747,0.16666666666666666,0.5,0.34118387909319897,0.40047810527080596
0,"Sample Collecting, Diluting and Multiple Dispensin Buyer Approved Equal Parts Desc: Portable Sampler - Replace screw and nut that holds paddle wheel and maintenance on housing Evaluation Fee Paid",1.0,EA,2023-01-03,PASS CHRISTIAN,MS,,,49362,TOOLS_HARDWARE,7,"Sample Collecting, Diluting and Multiple Dispensin Automatic Wastewater Samplers for Special Services Division",3616.0,0.154933,138.08,2518.7717,False,0.5961425,0.0,0.0,0.0,0.0,0.0,0.0,1518.0,1.3820816864295125,0.4198008849557522,1,3,4,0.3,0.0582527722777876,0.14285714285714285,0.0,0.3599004424778761,0.11670804858503096
0,"Sample Collecting, Diluting and Multiple Dispensin Buyer Approved Equal Parts Desc: Portable Sampler - Replace screw and nut that holds paddle wheel and maintenance on housing Evaluation Fee Paid",1.0,EA,2023-01-03,PASS CHRISTIAN,MS,,,49362,TOOLS_HARDWARE,8,"Sample Collecting, Diluting and Multiple Dispensin",193.0,0.120131,138.08,39.774,False,0.62169206,1.0,0.0,0.0,0.0,0.0,0.0,1518.0,0.8728590250329381,0.5339430179387971,1,1,1,0.1,0.030138599752318685,0.125,0.5,0.3169715089693985,0.3746122426536674
0,"Sample Collecting, Diluting and Multiple Dispensin Buyer Approved Equal Parts Desc: Portable Sampler - Replace screw and nut that holds paddle wheel and maintenance on housing Evaluation Fee Paid",1.0,EA,2023-01-03,PASS CHRISTIAN,MS,,,49362,TOOLS_HARDWARE,9,"Sample Collecting, Diluting and Multiple Dispensin",3048.0,0.093436,138.08,2107.416,False,0.62169206,1.0,0.0,0.0,0.0,0.0,0.0,1518.0,1.007905138339921,0.49803149606299213,1,1,3,0.1,0.00857352201059715,0.1111111111111111,0.5,0.29901574803149605,0.3659907527110384
0,"Sample Collecting, Diluting and Multiple Dispensin Buyer Approved Equal Parts Desc: Portable Sampler - Replace screw and nut that holds paddle wheel and maintenance on housing Evaluation Fee Paid",1.0,EA,2023-01-03,PASS CHRISTIAN,MS,,,49362,TOOLS_HARDWARE,10,"Sample Collecting, Diluting and Multiple Dispensin Tubing Coupler - 3/8 Inch I.D.",31.43,0.082823,138.08,77.2378,False,0.6056571,0.3723985254764557,0.0,0.0,0.0,0.0,0.0,1518.0,0.9792951251646903,0.5052303657428517,1,1,1,0.1,0.0,0.1,0.18619926273822784,0.30261518287142586,0.19319414936745308
1,"Sample Collecting, Diluting and Multiple Dispensin Buyer Approved Equal Parts Desc: Portable Sampler - Maintenance on Housing Evaluation Fee Paid",1.0,EA,2023-01-03,PASS CHRISTIAN,MS,,,49362,OTHER_GOODS,1,"Sample Collecting, Diluting and Multiple Dispensin",2724.0,0.884127,138.08,1872.7694,False,0.69603384,1.0,0.0,0.0,0.0,0.0,0.0,3285.0,0.17077625570776256,0.8541341653666147,1,1,1,0.1,1.0,1.0,0.5,0.47706708268330733,0.5681201248049922
1,"Sample Collecting, Diluting and Multiple Dispensin Buyer Approved Equal Parts Desc: Portable Sampler - Maintenance on Housing Evaluation Fee Paid",1.0,EA,2023-01-03,PASS CHRISTIAN,MS,,,49362,OTHER_GOODS,2,"Sample Collecting, Diluting and Multiple Dispensin",312.0,0.841329,138.08,125.956,False,0.69603384,1.0,0.0,0.0,0.0,0.0,0.0,3285.0,0.9050228310502283,0.5249280920421859,1,1,1,0.1,0.9479415263576584,0.5,0.5,0.31246404602109296,0.5109304427599767
1,"Sample Collecting, Diluting and Multiple Dispensin Buyer Approved Equal Parts Desc: Portable Sampler - Maintenance on Housing Evaluation Fee Paid",1.0,EA,2023-01-03,PASS CHRISTIAN,MS,,,49362,OTHER_GOODS,3,"Sample Collecting, Diluting and Multiple Dispensin",65.0,0.566853,138.08,52.9258,False,0.69603384,1.0,0.0,0.0,0.0,0.0,0.0,3285.0,0.9802130898021308,0.5049961568024597,1,1,1,0.1,0.614075420197199,0.3333333333333333,0.5,0.30249807840122983,0.45786073654994885
1,"Sample Collecting, Diluting and Multiple Dispensin Buyer Approved Equal Parts Desc: Portable Sampler - Maintenance on Housing Evaluation Fee Paid",1.0,EA,2023-01-03,PASS CHRISTIAN,MS,,,49362,OTHER_GOODS,4,"Sweepers, Drag Brooms, etc. and Parts (See Class 3 Cyclone Repair Part Number 215-0403009-00",4923.41,0.478207,138.08,3465.6214,False,0.16770643,0.11830812692642212,0.0,0.0,0.0,0.0,0.0,3285.0,0.49875494672754944,0.6672204833641724,1,1,2,0.1,0.5062485251437149,0.25,0.05915406346321106,0.3836102416820862,0.22355508618094916
1,"Sample Collecting, Diluting and Multiple Dispensin Buyer Approved Equal Parts Desc: Portable Sampler - Maintenance on Housing Evaluation Fee Paid",1.0,EA,2023-01-03,PASS CHRISTIAN,MS,,,49362,OTHER_GOODS,5,"PUMPS AND PARTS, CENTRIFUGAL, PORTABLE (GORMAN RUP Gorman Rupp Rotating Assembly - P/N 44163-351 AW-594",13605.0,0.317102,138.08,9752.9838,False,0.15976012,0.10504703223705292,0.0,0.0,0.0,0.0,0.0,3285.0,3.141552511415525,0.24145534729878723,1,1,1,0.1,0.3102842184903797,0.2,0.05252351611852646,0.17072767364939362,0.1266488687335646
1,"Sample Collecting, Diluting and Multiple Dispensin Buyer Approved Equal Parts Desc: Portable Sampler - Maintenance on Housing Evaluation Fee Paid",1.0,EA,2023-01-03,PASS CHRISTIAN,MS,,,49362,OTHER_GOODS,6,"Sample Collecting, Diluting and Multiple Dispensin",22.0,0.284209,138.08,84.0672,False,0.69603384,1.0,0.0,0.0,0.0,0.0,0.0,3285.0,0.9933028919330289,0.5016799022602322,1,1,1,0.1,0.2702739522742588,0.16666666666666666,0.5,0.3008399511301161,0.4057930781801737
1,"Sample Collecting, Diluting and Multiple Dispensin Buyer Approved Equal Parts Desc: Portable Sampler - Maintenance on Housing Evaluation Fee Paid",1.0,EA,2023-01-03,PASS CHRISTIAN,MS,,,49362,OTHER_GOODS,7,"Sample Collecting, Diluting and Multiple Dispensin",3970.0,0.218377,138.08,2775.1448,False,0.69603384,1.0,0.0,0.0,0.0,0.0,0.0,3285.0,0.2085235920852359,0.8274559193954659,2,2,2,0.2,0.19019746653140562,0.14285714285714285,0.5,0.513727959697733,0.4576480078890307
1,"Sample Collecting, Diluting and Multiple Dispensin Buyer Approved Equal Parts Desc: Portable Sampler - Maintenance on Housing Evaluation Fee Paid",1.0,EA,2023-01-03,PASS CHRISTIAN,MS,,,49362,OTHER_GOODS,8,"Sample Collecting, Diluting and Multiple Dispensin",3846.0,0.18166,138.08,2685.3418,False,0.69603384,1.0,0.0,0.0,0.0,0.0,0.0,3285.0,0.17077625570776256,0.8541341653666147,2,2,2,0.2,0.14553577727663072,0.125,0.5,0.5270670826833074,0.45495049139648686
1,"Sample Collecting, Diluting and Multiple Dispensin Buyer Approved Equal Parts Desc: Portable Sampler - Maintenance on Housing Evaluation Fee Paid",1.0,EA,2023-01-03,PASS CHRISTIAN,MS,,,49362,OTHER_GOODS,9,"Sample Collecting, Diluting and Multiple Dispensin",50.8,0.126041,138.08,63.2097,False,0.69603384,1.0,0.0,0.0,0.0,0.0,0.0,3285.0,0.9845357686453576,0.5038961835808075,1,1,1,0.1,0.07788214286583124,0.1111111111111111,0.5,0.3019480917904037,0.3772667489669958
1,"Sample Collecting, Diluting and Multiple Dispensin Buyer Approved Equal Parts Desc: Portable Sampler - Maintenance on Housing Evaluation Fee Paid",1.0,EA,2023-01-03,PASS CHRISTIAN,MS,,,49362,OTHER_GOODS,10,Roller Taper Bearings and Parts (continued from CL description) Cat# MW1683SI180,8387.24,0.062013,138.08,5974.1889,False,0.096813835,0.0,0.0,0.0,0.0,0.0,0.0,3285.0,1.553193302891933,0.39166638846628926,1,1,1,0.1,0.0,0.1,0.0,0.24583319423314465,0.07374995826994339
2,"Sample Collecting, Diluting and Multiple Dispensin Buyer Approved Equal Parts Desc: Portable Sampler - Maintenance on Housing Evaluation Fee Paid",1.0,EA,2023-01-03,PASS CHRISTIAN,MS,,,49362,OTHER_GOODS,1,"Sample Collecting, Diluting and Multiple Dispensin",2724.0,0.884127,146.48,1759.6395,False,0.69603384,1.0,0.0,0.0,0.0,0.0,0.0,3285.0,0.17077625570776256,0.8541341653666147,1,1,1,0.1,1.0,1.0,0.5,0.47706708268330733,0.5681201248049922
2,"Sample Collecting, Diluting and Multiple Dispensin Buyer Approved Equal Parts Desc: Portable Sampler - Maintenance on Housing Evaluation Fee Paid",1.0,EA,2023-01-03,PASS CHRISTIAN,MS,,,49362,OTHER_GOODS,2,"Sample Collecting, Diluting and Multiple Dispensin",312.0,0.841329,146.48,112.9984,False,0.69603384,1.0,0.0,0.0,0.0,0.0,0.0,3285.0,0.9050228310502283,0.5249280920421859,1,1,1,0.1,0.9479415263576584,0.5,0.5,0.31246404602109296,0.5109304427599767
2,"Sample Collecting, Diluting and Multiple Dispensin Buyer Approved Equal Parts Desc: Portable Sampler - Maintenance on Housing Evaluation Fee Paid",1.0,EA,2023-01-03,PASS CHRISTIAN,MS,,,49362,OTHER_GOODS,3,"Sample Collecting, Diluting and Multiple Dispensin",65.0,0.566853,146.48,55.6253,False,0.69603384,1.0,0.0,0.0,0.0,0.0,0.0,3285.0,0.9802130898021308,0.5049961568024597,1,1,1,0.1,0.614075420197199,0.3333333333333333,0.5,0.30249807840122983,0.45786073654994885
2,"Sample Collecting, Diluting and Multiple Dispensin Buyer Approved Equal Parts Desc: Portable Sampler - Maintenance on Housing Evaluation Fee Paid",1.0,EA,2023-01-03,PASS CHRISTIAN,MS,,,49362,OTHER_GOODS,4,"Sweepers, Drag Brooms, etc. and Parts (See Class 3 Cyclone Repair Part Number 215-0403009-00",4923.41,0.478207,146.48,3261.1483,False,0.16770643,0.11830812692642212,0.0,0.0,0.0,0.0,0.0,3285.0,0.49875494672754944,0.6672204833641724,1,1,2,0.1,0.5062485251437149,0.25,0.05915406346321106,0.3836102416820862,0.22355508618094916
2,"Sample Collecting, Diluting and Multiple Dispensin Buyer Approved Equal Parts Desc: Portable Sampler - Maintenance on Housing Evaluation Fee Paid",1.0,EA,2023-01-03,PASS CHRISTIAN,MS,,,49362,OTHER_GOODS,5,"PUMPS AND PARTS, CENTRIFUGAL, PORTABLE (GORMAN RUP Gorman Rupp Rotating Assembly - P/N 44163-351 AW-594",13605.0,0.317102,146.48,9187.9574,False,0.15976012,0.10504703223705292,0.0,0.0,0.0,0.0,0.0,3285.0,3.141552511415525,0.24145534729878723,1,1,1,0.1,0.3102842184903797,0.2,0.05252351611852646,0.17072767364939362,0.1266488687335646
2,"Sample Collecting, Diluting and Multiple Dispensin Buyer Approved Equal Parts Desc: Portable Sampler - Maintenance on Housing Evaluation Fee Paid",1.0,EA,2023-01-03,PASS CHRISTIAN,MS,,,49362,OTHER_GOODS,6,"Sample Collecting, Diluting and Multiple Dispensin",22.0,0.284209,146.48,84.9809,False,0.69603384,1.0,0.0,0.0,0.0,0.0,0.0,3285.0,0.9933028919330289,0.5016799022602322,1,1,1,0.1,0.2702739522742588,0.16666666666666666,0.5,0.3008399511301161,0.4057930781801737
2,"Sample Collecting, Diluting and Multiple Dispensin Buyer Approved Equal Parts Desc: Portable Sampler - Maintenance on Housing Evaluation Fee Paid",1.0,EA,2023-01-03,PASS CHRISTIAN,MS,,,49362,OTHER_GOODS,7,"Sample Collecting, Diluting and Multiple Dispensin",3970.0,0.218377,146.48,2610.2676,False,0.69603384,1.0,0.0,0.0,0.0,0.0,0.0,3285.0,0.2085235920852359,0.8274559193954659,2,2,2,0.2,0.19019746653140562,0.14285714285714285,0.5,0.513727959697733,0.4576480078890307
2,"Sample Collecting, Diluting and Multiple Dispensin Buyer Approved Equal Parts Desc: Portable Sampler - Maintenance on Housing Evaluation Fee Paid",1.0,EA,2023-01-03,PASS CHRISTIAN,MS,,,49362,OTHER_GOODS,8,"Sample Collecting, Diluting and Multiple Dispensin",3846.0,0.18166,146.48,2525.6144,False,0.69603384,1.0,0.0,0.0,0.0,0.0,0.0,3285.0,0.17077625570776256,0.8541341653666147,2,2,2,0.2,0.14553577727663072,0.125,0.5,0.5270670826833074,0.45495049139648686
2,"Sample Collecting, Diluting and Multiple Dispensin Buyer Approved Equal Parts Desc: Portable Sampler - Maintenance on Housing Evaluation Fee Paid",1.0,EA,2023-01-03,PASS CHRISTIAN,MS,,,49362,OTHER_GOODS,9,"Sample Collecting, Diluting and Multiple Dispensin",50.8,0.126041,146.48,65.3195,False,0.69603384,1.0,0.0,0.0,0.0,0.0,0.0,3285.0,0.9845357686453576,0.5038961835808075,1,1,1,0.1,0.07788214286583124,0.1111111111111111,0.5,0.3019480917904037,0.3772667489669958
2,"Sample Collecting, Diluting and Multiple Dispensin Buyer Approved Equal Parts Desc: Portable Sampler - Maintenance on Housing Evaluation Fee Paid",1.0,EA,2023-01-03,PASS CHRISTIAN,MS,,,49362,OTHER_GOODS,10,Roller Taper Bearings and Parts (continued from CL description) Cat# MW1683SI180,8387.24,0.062013,146.48,5625.8602,False,0.096813835,0.0,0.0,0.0,0.0,0.0,0.0,3285.0,1.553193302891933,0.39166638846628926,1,1,1,0.1,0.0,0.1,0.0,0.24583319423314465,0.07374995826994339
3,"Sample Collecting, Diluting and Multiple Dispensin Buyer Approved Equal Parts Desc: Portable Sampler - Replace 2 rubber latches and maintenance on housing Evaluation Fee Paid",1.0,EA,2023-01-03,PASS CHRISTIAN,MS,,,49362,OTHER_GOODS,1,"Sample Collecting, Diluting and Multiple Dispensin",22.0,0.717585,206.48,89.3452,False,0.69380957,1.0,0.0,0.0,0.0,0.0,0.0,3731.0,0.9941034575180917,0.5014784946236559,1,1,1,0.1,1.0,1.0,0.5,0.30073924731182794,0.5152217741935484
3,"Sample Collecting, Diluting and Multiple Dispensin Buyer Approved Equal Parts Desc: Portable Sampler - Replace 2 rubber latches and maintenance on housing Evaluation Fee Paid",1.0,EA,2023-01-03,PASS CHRISTIAN,MS,,,49362,OTHER_GOODS,2,"Sample Collecting, Diluting and Multiple Dispensin",2724.0,0.716241,206.48,1219.2561,False,0.69380957,1.0,0.0,0.0,0.0,0.0,0.0,3731.0,0.2699008308764406,0.7874630645842128,1,1,1,0.1,0.9976878294498961,0.5,0.5,0.4437315322921064,0.5577726341051163
3,"Sample Collecting, Diluting and Multiple Dispensin Buyer Approved Equal Parts Desc: Portable Sampler - Replace 2 rubber latches and maintenance on housing Evaluation Fee Paid",1.0,EA,2023-01-03,PASS CHRISTIAN,MS,,,49362,OTHER_GOODS,3,"Sample Collecting, Diluting and Multiple Dispensin",312.0,0.519178,206.48,51.1042,False,0.69380957,1.0,0.0,0.0,0.0,0.0,0.0,3731.0,0.9163763066202091,0.5218181818181818,1,1,1,0.1,0.6586675429059029,0.3333333333333333,0.5,0.3109090909090909,0.46707285870861276
3,"Sample Collecting, Diluting and Multiple Dispensin Buyer Approved Equal Parts Desc: Portable Sampler - Replace 2 rubber latches and maintenance on housing Evaluation Fee Paid",1.0,EA,2023-01-03,PASS CHRISTIAN,MS,,,49362,OTHER_GOODS,4,"Sample Collecting, Diluting and Multiple Dispensin",3970.0,0.383083,206.48,1822.7044,False,0.69380957,1.0,0.0,0.0,0.0,0.0,0.0,3731.0,0.06405789332618601,0.9397984886649875,2,3,3,0.3,0.4245344692329925,0.25,0.5,0.6198992443324938,0.524649943684697
3,"Sample Collecting, Diluting and Multiple Dispensin Buyer Approved Equal Parts Desc: Portable Sampler - Replace 2 rubber latches and maintenance on housing Evaluation Fee Paid",1.0,EA,2023-01-03,PASS CHRISTIAN,MS,,,49362,OTHER_GOODS,5,"PUMPS AND PARTS, CENTRIFUGAL, PORTABLE (GORMAN RUP Gorman Rupp Rotating Assembly - P/N 44163-351 AW-594",13605.0,0.344646,206.48,6489.0159,False,0.22910881,0.17596435546875,0.0,0.0,0.0,0.0,0.0,3731.0,2.6464754757437685,0.2742374127159133,1,1,1,0.1,0.3584088000110104,0.2,0.087982177734375,0.18711870635795663,0.15828712966294478
3,"Sample Collecting, Diluting and Multiple Dispensin Buyer Approved Equal Parts Desc: Portable Sampler - Replace 2 rubber latches and maintenance on housing Evaluation Fee Paid",1.0,EA,2023-01-03,PASS CHRISTIAN,MS,,,49362,OTHER_GOODS,6,"Sample Collecting, Diluting and Multiple Dispensin",3846.0,0.318025,206.48,1762.6501,False,0.69380957,1.0,0.0,0.0,0.0,0.0,0.0,3731.0,0.030822835700884482,0.9700988039521582,2,3,3,0.3,0.3126109635420251,0.16666666666666666,0.5,0.6350494019760791,0.5124064651241275
3,"Sample Collecting, Diluting and Multiple Dispensin Buyer Approved Equal Parts Desc: Portable Sampler - Replace 2 rubber latches and maintenance on housing Evaluation Fee Paid",1.0,EA,2023-01-03,PASS CHRISTIAN,MS,,,49362,OTHER_GOODS,7,"Sample Collecting, Diluting and Multiple Dispensin",65.0,0.255545,206.48,68.52,False,0.69380957,1.0,0.0,0.0,0.0,0.0,0.0,3731.0,0.9825783972125436,0.5043936731107206,1,1,1,0.1,0.2051225588020755,0.14285714285714285,0.5,0.3021968365553603,0.39642743478691944
3,"Sample Collecting, Diluting and Multiple Dispensin Buyer Approved Equal Parts Desc: Portable Sampler - Replace 2 rubber latches and maintenance on housing Evaluation Fee Paid",1.0,EA,2023-01-03,PASS CHRISTIAN,MS,,,49362,OTHER_GOODS,8,"Sweepers, Drag Brooms, etc. and Parts (See Class 3 Cyclone Repair Part Number 215-0403009-00",4923.41,0.244811,206.48,2284.4489,False,0.21016383,0.14236997067928314,0.0,0.0,0.0,0.0,0.0,3731.0,0.31959528276601445,0.7578081045454269,1,1,2,0.1,0.18665616097111165,0.125,0.07118498533964157,0.42890405227271344,0.19582138176428365
3,"Sample Collecting, Diluting and Multiple Dispensin Buyer Approved Equal Parts Desc: Portable Sampler - Replace 2 rubber latches and maintenance on housing Evaluation Fee Paid",1.0,EA,2023-01-03,PASS CHRISTIAN,MS,,,49362,OTHER_GOODS,9,"Sample Collecting, Diluting and Multiple Dispensin Automatic Wastewater Samplers for Special Services Division",3616.0,0.164506,206.48,1651.2592,False,0.62179273,0.8722953796386719,0.0,0.0,0.0,0.0,0.0,3731.0,0.030822835700884482,0.9700988039521582,1,3,3,0.3,0.04850225023741041,0.1111111111111111,0.43614768981933594,0.6350494019760791,0.43767138752907003
3,"Sample Collecting, Diluting and Multiple Dispensin Buyer Approved Equal Parts Desc: Portable Sampler - Replace 2 rubber latches and maintenance on housing Evaluation Fee Paid",1.0,EA,2023-01-03,PASS CHRISTIAN,MS,,,49362,OTHER_GOODS,10,"HEATERS AND PARTS, OVERLOAD Heater 240 Watt 120v Replacement 2021 President's Winter Storm Event",6748.78,0.136313,206.48,3168.4909,False,0.12987673,0.0,0.0,0.0,0.0,0.0,0.0,3731.0,0.8088394532296971,0.5528406615714248,1,1,1,0.1,0.0,0.1,0.0,0.32642033078571236,0.0979260992357137
4,"Sample Collecting, Diluting and Multiple Dispensin Buyer Approved Equal Parts Desc: Portable Sampler - Control label, ICD screen, and keypad replacement and maintenance on housing Evaluation Fee Paid",1.0,EA,2023-01-03,PASS CHRISTIAN,MS,,,49362,OTHER_GOODS,1,"Sample Collecting, Diluting and Multiple Dispensin",22.0,0.964024,1660.6,98.6752,False,0.63609993,1.0,0.0,0.0,0.0,0.0,0.0,3285.0,0.9933028919330289,0.5016799022602322,1,1,1,0.1,1.0,1.0,0.5,0.3008399511301161,0.5152519853390348
4,"Sample Collecting, Diluting and Multiple Dispensin Buyer Approved Equal Parts Desc: Portable Sampler - Control label, ICD screen, and keypad replacement and maintenance on housing Evaluation Fee Paid",1.0,EA,2023-01-03,PASS CHRISTIAN,MS,,,49362,OTHER_GOODS,2,"Sample Collecting, Diluting and Multiple Dispensin",312.0,0.584317,1660.6,81.2116,False,0.63609993,1.0,0.0,0.0,0.0,0.0,0.0,3285.0,0.9050228310502283,0.5249280920421859,1,1,1,0.1,0.5867395582102027,0.5,0.5,0.31246404602109296,0.4567501475378583
4,"Sample Collecting, Diluting and Multiple Dispensin Buyer Approved Equal Parts Desc: Portable Sampler - Control label, ICD screen, and keypad replacement and maintenance on housing Evaluation Fee Paid",1.0,EA,2023-01-03,PASS CHRISTIAN,MS,,,49362,OTHER_GOODS,3,"Sample Collecting, Diluting and Multiple Dispensin",2724.0,0.348463,1660.6,64.0371,False,0.63609993,1.0,0.0,0.0,0.0,0.0,0.0,3285.0,0.17077625570776256,0.8541341653666147,1,1,1,0.1,0.330043926478655,0.3333333333333333,0.5,0.47706708268330733,0.4676267137767905
4,"Sample Collecting, Diluting and Multiple Dispensin Buyer Approved Equal Parts Desc: Portable Sampler - Control label, ICD screen, and keypad replacement and maintenance on housing Evaluation Fee Paid",1.0,EA,2023-01-03,PASS CHRISTIAN,MS,,,49362,OTHER_GOODS,4,"Sample Collecting, Diluting and Multiple Dispensin",65.0,0.237246,1660.6,96.0858,False,0.63609993,1.0,0.0,0.0,0.0,0.0,0.0,3285.0,0.9802130898021308,0.5049961568024597,1,1,1,0.1,0.20899905094426693,0.25,0.5,0.30249807840122983,0.39709928116200904
4,"Sample Collecting, Diluting and Multiple Dispensin Buyer Approved Equal Parts Desc: Portable Sampler - Control label, ICD screen, and keypad replacement and maintenance on housing Evaluation Fee Paid",1.0,EA,2023-01-03,PASS CHRISTIAN,MS,,,49362,OTHER_GOODS,5,"Sample Collecting, Diluting and Multiple Dispensin",193.0,0.19049,1660.6,88.3777,False,0.63609993,1.0,0.0,0.0,0.0,0.0,0.0,3285.0,0.9412480974124809,0.5151325074486436,1,1,1,0.1,0.1581113790911703,0.2,0.5,0.3075662537243218,0.3909865829809721
4,"Sample Collecting, Diluting and Multiple Dispensin Buyer Approved Equal Parts Desc: Portable Sampler - Control label, ICD screen, and keypad replacement and maintenance on housing Evaluation Fee Paid",1.0,EA,2023-01-03,PASS CHRISTIAN,MS,,,49362,OTHER_GOODS,6,"Sample Collecting, Diluting and Multiple Dispensin",3970.0,0.127545,1660.6,139.0702,False,0.63609993,1.0,0.0,0.0,0.0,0.0,0.0,3285.0,0.2085235920852359,0.8274559193954659,2,2,2,0.2,0.08960413927610555,0.16666666666666666,0.5,0.513727959697733,0.44255900880073573
4,"Sample Collecting, Diluting and Multiple Dispensin Buyer Approved Equal Parts Desc: Portable Sampler - Control label, ICD screen, and keypad replacement and maintenance on housing Evaluation Fee Paid",1.0,EA,2023-01-03,PASS CHRISTIAN,MS,,,49362,OTHER_GOODS,7,Real Estate: Land and Improvements,21880.0,0.076825,1660.6,1217.596,False,0.22403885,0.06934275478124619,0.0,0.0,0.0,0.0,0.0,3285.0,5.660578386605784,0.15013711151736744,2,2,2,0.2,0.034402181957492756,0.14285714285714285,0.03467137739062309,0.17506855575868374,0.07675015158607174
4,"Sample Collecting, Diluting and Multiple Dispensin Buyer Approved Equal Parts Desc: Portable Sampler - Control label, ICD screen, and keypad replacement and maintenance on housing Evaluation Fee Paid",1.0,EA,2023-01-03,PASS CHRISTIAN,MS,,,49362,OTHER_GOODS,8,"Sample Collecting, Diluting and Multiple Dispensin",3846.0,0.058159,1660.6,131.603,False,0.63609993,1.0,0.0,0.0,0.0,0.0,0.0,3285.0,0.17077625570776256,0.8541341653666147,2,2,2,0.2,0.01408672976291021,0.125,0.5,0.5270670826833074,0.4352331342694288
4,"Sample Collecting, Diluting and Multiple Dispensin Buyer Approved Equal Parts Desc: Portable Sampler - Control label, ICD screen, and keypad replacement and maintenance on housing Evaluation Fee Paid",1.0,EA,2023-01-03,PASS CHRISTIAN,MS,,,49362,OTHER_GOODS,9,Real Estate: Land and Improvements,22229.0,0.051166,1660.6,1238.6125,False,0.22403885,0.06934275478124619,0.0,0.0,0.0,0.0,0.0,3285.0,5.766818873668189,0.1477799271222277,2,2,2,0.2,0.006475781664939796,0.1111111111111111,0.03467137739062309,0.17388996356111386,0.07220761388291783
4,"Sample Collecting, Diluting and Multiple Dispensin Buyer Approved Equal Parts Desc: Portable Sampler - Control label, ICD screen, and keypad replacement and maintenance on housing Evaluation Fee Paid",1.0,EA,2023-01-03,PASS CHRISTIAN,MS,,,49362,OTHER_GOODS,10,"PUMPS AND PARTS, CENTRIFUGAL, PORTABLE (GORMAN RUP Gorman Rupp Rotating Assembly - P/N 44163-351 AW-594",13605.0,0.045216,1660.6,719.2822,False,0.19333641,0.0,0.0,0.0,0.0,0.0,0.0,3285.0,3.141552511415525,0.24145534729878723,1,1,1,0.1,0.0,0.1,0.0,0.17072767364939362,0.051218302094818084
5,"Sample Collecting, Diluting and Multiple Dispensin Buyer Approved Equal Parts Desc: Replace Pump Latch and Power Connector Evaluation Fee Paid",1.0,EA,2023-01-03,PASS CHRISTIAN,MS,,,49362,PUMPS_MOTORS,1,"Sample Collecting, Diluting and Multiple Dispensin",22.0,0.810341,1113.41,98.0241,False,0.592039,1.0,0.0,0.0,0.0,0.0,0.0,112.545,0.8045226353902883,0.554163178886208,1,1,1,0.1,1.0,1.0,0.5,0.327081589443104,0.5231244768329312
5,"Sample Collecting, Diluting and Multiple Dispensin Buyer Approved Equal Parts Desc: Replace Pump Latch and Power Connector Evaluation Fee Paid",1.0,EA,2023-01-03,PASS CHRISTIAN,MS,,,49362,PUMPS_MOTORS,2,"Sample Collecting, Diluting and Multiple Dispensin",65.0,0.809381,1113.41,94.1621,False,0.592039,1.0,0.0,0.0,0.0,0.0,0.0,112.545,0.4224532409258519,0.7030108064213879,2,2,3,0.2,0.9986603554523533,0.5,0.5,0.451505403210694,0.5602506742810611
5,"Sample Collecting, Diluting and Multiple Dispensin Buyer Approved Equal Parts Desc: Replace Pump Latch and Power Connector Evaluation Fee Paid",1.0,EA,2023-01-03,PASS CHRISTIAN,MS,,,49362,PUMPS_MOTORS,3,"Sample Collecting, Diluting and Multiple Dispensin",2724.0,0.765365,1113.41,144.6538,False,0.592039,1.0,0.0,0.0,0.0,0.0,0.0,112.545,23.2036518725843,0.041316079295154184,1,1,1,0.1,0.9372376529427525,0.3333333333333333,0.5,0.0706580396475771,0.43678305983568605
5,"Sample Collecting, Diluting and Multiple Dispensin Buyer Approved Equal Parts Desc: Replace Pump Latch and Power Connector Evaluation Fee Paid",1.0,EA,2023-01-03,PASS CHRISTIAN,MS,,,49362,PUMPS_MOTORS,4,"Sample Collecting, Diluting and Multiple Dispensin",312.0,0.602703,1113.41,71.978,False,0.592039,1.0,0.0,0.0,0.0,0.0,0.0,112.545,1.772224443555911,0.3607211538461539,1,1,1,0.1,0.7102488389747253,0.25,0.5,0.23036057692307693,0.4506454989231319
5,"Sample Collecting, Diluting and Multiple Dispensin Buyer Approved Equal Parts Desc: Replace Pump Latch and Power Connector Evaluation Fee Paid",1.0,EA,2023-01-03,PASS CHRISTIAN,MS,,,49362,PUMPS_MOTORS,5,"Sample Collecting, Diluting and Multiple Dispensin",193.0,0.357714,1113.41,82.6659,False,0.592039,1.0,0.0,0.0,0.0,0.0,0.0,112.545,0.7148696077124705,0.5831347150259067,1,1,1,0.1,0.36837573680450114,0.2,0.5,0.34156735751295336,0.4327265677745612
5,"Sample Collecting, Diluting and Multiple Dispensin Buyer Approved Equal Parts Desc: Replace Pump Latch and Power Connector Evaluation Fee Paid",1.0,EA,2023-01-03,PASS CHRISTIAN,MS,,,49362,PUMPS_MOTORS,6,"Sample Collecting, Diluting and Multiple Dispensin",153.5,0.185369,1113.41,86.2135,False,0.592039,1.0,0.0,0.0,0.0,0.0,0.0,112.545,0.3638988848904882,0.7331921824104234,1,1,1,0.1,0.12787465392515854,0.16666666666666666,0.5,0.4165960912052117,0.4191600254503373
5,"Sample Collecting, Diluting and Multiple Dispensin Buyer Approved Equal Parts Desc: Replace Pump Latch and Power Connector Evaluation Fee Paid",1.0,EA,2023-01-03,PASS CHRISTIAN,MS,,,49362,PUMPS_MOTORS,7,"Sump Pumps, Submersible and Non-Submersible 20 HP, 460V, 3PH, 1750 RPM, 9.88"" Impeller Hydromatic S6LXP2000FC 6-7 week ETA",13322.0,0.154103,1113.41,1096.5044,False,0.34608597,0.0,0.0,0.0,0.0,0.0,0.0,112.545,117.3704296059354,0.00844805584747035,1,1,1,0.1,0.08424410556399034,0.14285714285714285,0.0,0.05422402792373518,0.028903824211719102
5,"Sample Collecting, Diluting and Multiple Dispensin Buyer Approved Equal Parts Desc: Replace Pump Latch and Power Connector Evaluation Fee Paid",1.0,EA,2023-01-03,PASS CHRISTIAN,MS,,,49362,PUMPS_MOTORS,8,"Sample Collecting, Diluting and Multiple Dispensin",63.0,0.128148,1113.41,94.3417,False,0.592039,1.0,0.0,0.0,0.0,0.0,0.0,112.545,0.4402239104358257,0.6943364797334814,2,2,4,0.2,0.04802486157006343,0.125,0.5,0.4471682398667407,0.4163542011955317
5,"Sample Collecting, Diluting and Multiple Dispensin Buyer Approved Equal Parts Desc: Replace Pump Latch and Power Connector Evaluation Fee Paid",1.0,EA,2023-01-03,PASS CHRISTIAN,MS,,,49362,PUMPS_MOTORS,9,"Sample Collecting, Diluting and Multiple Dispensin",50.8,0.116299,1113.41,95.4374,False,0.592039,1.0,0.0,0.0,0.0,0.0,0.0,112.545,0.5486249944466658,0.6457341212920994,1,1,1,0.1,0.03149001964812004,0.1111111111111111,0.5,0.3728670606460497,0.39158362114103296
5,"Sample Collecting, Diluting and Multiple Dispensin Buyer Approved Equal Parts Desc: Replace Pump Latch and Power Connector Evaluation Fee Paid",1.0,EA,2023-01-03,PASS CHRISTIAN,MS,,,49362,PUMPS_MOTORS,10,"Sample Collecting, Diluting and Multiple Dispensin Low Flow, Stainless Steel Strainer - 3/8 Inch I.D.",71.59,0.093733,1113.41,93.5702,False,0.4970098,0.6136287450790405,0.0,0.0,0.0,0.0,0.0,112.545,0.3638988848904882,0.7331921824104234,1,2,3,0.2,0.0,0.1,0.30681437253952026,0.4665960912052117,0.30872673225829966
6,"Sample Collecting, Diluting and Multiple Dispensin Buyer Approved Equal Parts Desc: Portable Sampler - Replace pump motor and maintenance on housing Evaluation Fee Paid",1.0,EA,2023-01-03,PASS CHRISTIAN,MS,,,49362,PUMPS_MOTORS,1,"Sample Collecting, Diluting and Multiple Dispensin",312.0,0.950894,602.48,48.214,False,0.61957586,1.0,0.0,0.0,0.0,0.0,0.0,252.5,0.23564356435643563,0.8092948717948718,1,1,1,0.1,1.0,1.0,0.5,0.4546474358974359,0.5613942307692308
6,"Sample Collecting, Diluting and Multiple Dispensin Buyer Approved Equal Parts Desc: Portable Sampler - Replace pump motor and maintenance on housing Evaluation Fee Paid",1.0,EA,2023-01-03,PASS CHRISTIAN,MS,,,49362,PUMPS_MOTORS,2,"Sample Collecting, Diluting and Multiple Dispensin",2724.0,0.768777,602.48,352.1312,False,0.61957586,1.0,0.0,0.0,0.0,0.0,0.0,252.5,9.788118811881189,0.09269456681350954,1,1,1,0.1,0.7896432354262706,0.5,0.5,0.09634728340675477,0.422350670335967
6,"Sample Collecting, Diluting and Multiple Dispensin Buyer Approved Equal Parts Desc: Portable Sampler - Replace pump motor and maintenance on housing Evaluation Fee Paid",1.0,EA,2023-01-03,PASS CHRISTIAN,MS,,,49362,PUMPS_MOTORS,3,"Sample Collecting, Diluting and Multiple Dispensin",65.0,0.708365,602.48,89.2113,False,0.61957586,1.0,0.0,0.0,0.0,0.0,0.0,252.5,0.7425742574257426,0.5738636363636364,2,2,3,0.2,0.7198635176545736,0.3333333333333333,0.5,0.3869318181818182,0.4990590731027315
6,"Sample Collecting, Diluting and Multiple Dispensin Buyer Approved Equal Parts Desc: Portable Sampler - Replace pump motor and maintenance on housing Evaluation Fee Paid",1.0,EA,2023-01-03,PASS CHRISTIAN,MS,,,49362,PUMPS_MOTORS,4,"Sample Collecting, Diluting and Multiple Dispensin",22.0,0.498799,602.48,96.3484,False,0.61957586,1.0,0.0,0.0,0.0,0.0,0.0,252.5,0.9128712871287129,0.5227743271221532,1,1,1,0.1,0.47780140525068926,0.25,0.5,0.3113871635610766,0.44008635985592637
6,"Sample Collecting, Diluting and Multiple Dispensin Buyer Approved Equal Parts Desc: Portable Sampler - Replace pump motor and maintenance on housing Evaluation Fee Paid",1.0,EA,2023-01-03,PASS CHRISTIAN,MS,,,49362,PUMPS_MOTORS,5,"Sump Pumps, Submersible and Non-Submersible ITT Goulds Replacement Pump at WTP4",23100.0,0.317555,602.48,3734.1522,False,0.3405583,0.3518901467323303,0.0,0.0,0.0,0.0,0.0,252.5,90.48514851485149,0.01093073593073593,1,1,1,0.1,0.2684530114247366,0.2,0.17594507336616516,0.05546536796536797,0.1536773524547117
6,"Sample Collecting, Diluting and Multiple Dispensin Buyer Approved Equal Parts Desc: Portable Sampler - Replace pump motor and maintenance on housing Evaluation Fee Paid",1.0,EA,2023-01-03,PASS CHRISTIAN,MS,,,49362,PUMPS_MOTORS,6,"Sample Collecting, Diluting and Multiple Dispensin",193.0,0.220849,602.48,67.9657,False,0.61957586,1.0,0.0,0.0,0.0,0.0,0.0,252.5,0.23564356435643563,0.8092948717948718,1,1,1,0.1,0.1567514060014808,0.16666666666666666,0.5,0.4546474358974359,0.4349069416694529
6,"Sample Collecting, Diluting and Multiple Dispensin Buyer Approved Equal Parts Desc: Portable Sampler - Replace pump motor and maintenance on housing Evaluation Fee Paid",1.0,EA,2023-01-03,PASS CHRISTIAN,MS,,,49362,PUMPS_MOTORS,7,"Sample Collecting, Diluting and Multiple Dispensin Low Flow, Stainless Steel Strainer - 3/8 Inch I.D.",71.59,0.146775,602.48,88.1174,False,0.50982857,0.7450758814811707,0.0,0.0,0.0,0.0,0.0,252.5,0.7164752475247524,0.5825892342124086,1,2,3,0.2,0.07119120580581297,0.14285714285714285,0.3725379407405853,0.3912946171062043,0.3329629334100552
6,"Sample Collecting, Diluting and Multiple Dispensin Buyer Approved Equal Parts Desc: Portable Sampler - Replace pump motor and maintenance on housing Evaluation Fee Paid",1.0,EA,2023-01-03,PASS CHRISTIAN,MS,,,49362,PUMPS_MOTORS,8,"PUMPS AND PARTS, CENTRIFUGAL, PORTABLE (GORMAN RUP Gorman Pump in accordance to quote DCR11034",14700.0,0.110357,602.48,2339.915,False,0.41409868,0.5227118134498596,0.0,0.0,0.0,0.0,0.0,252.5,57.21782178217822,0.01717687074829932,1,1,1,0.1,0.029126090235898693,0.125,0.2613559067249298,0.058588435374149664,0.1656911928463411
6,"Sample Collecting, Diluting and Multiple Dispensin Buyer Approved Equal Parts Desc: Portable Sampler - Replace pump motor and maintenance on housing Evaluation Fee Paid",1.0,EA,2023-01-03,PASS CHRISTIAN,MS,,,49362,PUMPS_MOTORS,9,"Sample Collecting, Diluting and Multiple Dispensin",63.0,0.100143,602.48,89.5432,False,0.61957586,1.0,0.0,0.0,0.0,0.0,0.0,252.5,0.7504950495049505,0.5712669683257918,2,2,3,0.2,0.017328267993296013,0.1111111111111111,0.5,0.3856334841628959,0.3932892854478632
6,"Sample Collecting, Diluting and Multiple Dispensin Buyer Approved Equal Parts Desc: Portable Sampler - Replace pump motor and maintenance on housing Evaluation Fee Paid",1.0,EA,2023-01-03,PASS CHRISTIAN,MS,,,49362,PUMPS_MOTORS,10,"Boats, 21 Feet and Under Zodiac Boat, Yamaha Motor and McClain Trailer per RFQ JRD0403. EMS 8291, 9292, 8290",28950.68,0.085141,602.48,4705.2516,False,0.18906617,0.0,0.0,0.0,0.0,0.0,0.0,252.5,113.65615841584159,0.008721729506871686,1,1,1,0.1,0.0,0.1,0.0,0.05436086475343584,0.01630825942603075
7,"Sample Collecting, Diluting and Multiple Dispensin Buyer Approved Equal Parts Desc: Portable Sampler - Pump Latch replacement and center section latch replacement and maintenance on housing Evaluation Fee Paid",1.0,EA,2023-01-03,PASS CHRISTIAN,MS,,,49362,PUMPS_MOTORS,1,"Sample Collecting, Diluting and Multiple Dispensin",2724.0,0.826512,225.95,1105.5765,False,0.574492,1.0,0.0,0.0,0.0,0.0,0.0,2886.0,0.056133056133056136,0.9468503937007874,1,1,2,0.1,1.0,1.0,0.5,0.5234251968503937,0.5820275590551182
7,"Sample Collecting, Diluting and Multiple Dispensin Buyer Approved Equal Parts Desc: Portable Sampler - Pump Latch replacement and center section latch replacement and maintenance on housing Evaluation Fee Paid",1.0,EA,2023-01-03,PASS CHRISTIAN,MS,,,49362,PUMPS_MOTORS,2,"Sample Collecting, Diluting and Multiple Dispensin",22.0,0.799884,225.95,90.2633,False,0.574492,1.0,0.0,0.0,0.0,0.0,0.0,2886.0,0.9923769923769924,0.5019130434782609,1,1,1,0.1,0.9670890331383823,0.5,0.5,0.30095652173913046,0.5103503114924965
7,"Sample Collecting, Diluting and Multiple Dispensin Buyer Approved Equal Parts Desc: Portable Sampler - Pump Latch replacement and center section latch replacement and maintenance on housing Evaluation Fee Paid",1.0,EA,2023-01-03,PASS CHRISTIAN,MS,,,49362,PUMPS_MOTORS,3,"Sample Collecting, Diluting and Multiple Dispensin",65.0,0.45028,225.95,71.2326,False,0.574492,1.0,0.0,0.0,0.0,0.0,0.0,2886.0,0.9774774774774775,0.5056947608200456,1,1,1,0.1,0.5349947842766953,0.3333333333333333,0.5,0.3028473804100228,0.4461034317645111
7,"Sample Collecting, Diluting and Multiple Dispensin Buyer Approved Equal Parts Desc: Portable Sampler - Pump Latch replacement and center section latch replacement and maintenance on housing Evaluation Fee Paid",1.0,EA,2023-01-03,PASS CHRISTIAN,MS,,,49362,PUMPS_MOTORS,4,"Sump Pumps, Submersible and Non-Submersible ITT Goulds Replacement Pump at WTP4",23100.0,0.385446,225.95,10123.5008,False,0.31129462,0.3846026360988617,0.0,0.0,0.0,0.0,0.0,2886.0,7.004158004158004,0.12493506493506494,1,1,1,0.1,0.454862982207215,0.25,0.19230131804943085,0.11246753246753247,0.20773543199852895
7,"Sample Collecting, Diluting and Multiple Dispensin Buyer Approved Equal Parts Desc: Portable Sampler - Pump Latch replacement and center section latch replacement and maintenance on housing Evaluation Fee Paid",1.0,EA,2023-01-03,PASS CHRISTIAN,MS,,,49362,PUMPS_MOTORS,5,"Sewage and Sludge Pumps, Surface Mounted A Fairbanks Morse, 4"" Model B5444, Vertical Coupled Solids Handling Pump, Tangiential Volute, Standard two vane impeller. To replace worn out pump at the Springlake Lift Station LS-140.",29536.18,0.27111,225.95,12971.9982,False,0.31519648,0.39372581243515015,0.0,0.0,0.0,0.0,0.0,2886.0,9.234296604296604,0.09771067213160266,2,2,2,0.2,0.3135490154395298,0.2,0.19686290621757507,0.14885533606580134,0.19996355155533618
7,"Sample Collecting, Diluting and Multiple Dispensin Buyer Approved Equal Parts Desc: Portable Sampler - Pump Latch replacement and center section latch replacement and maintenance on housing Evaluation Fee Paid",1.0,EA,2023-01-03,PASS CHRISTIAN,MS,,,49362,PUMPS_MOTORS,6,"Sample Collecting, Diluting and Multiple Dispensin",312.0,0.266482,225.95,38.0836,False,0.574492,1.0,0.0,0.0,0.0,0.0,0.0,2886.0,0.8918918918918919,0.5285714285714286,1,1,1,0.1,0.3078290231518789,0.16666666666666666,0.5,0.3142857142857143,0.41546006775849614
7,"Sample Collecting, Diluting and Multiple Dispensin Buyer Approved Equal Parts Desc: Portable Sampler - Pump Latch replacement and center section latch replacement and maintenance on housing Evaluation Fee Paid",1.0,EA,2023-01-03,PASS CHRISTIAN,MS,,,49362,PUMPS_MOTORS,7,"Sample Collecting, Diluting and Multiple Dispensin",193.0,0.220484,225.95,14.5829,False,0.574492,1.0,0.0,0.0,0.0,0.0,0.0,2886.0,0.9331254331254332,0.5172970066320128,1,1,1,0.1,0.2509776391312731,0.14285714285714285,0.5,0.3086485033160064,0.4052411968644929
7,"Sample Collecting, Diluting and Multiple Dispensin Buyer Approved Equal Parts Desc: Portable Sampler - Pump Latch replacement and center section latch replacement and maintenance on housing Evaluation Fee Paid",1.0,EA,2023-01-03,PASS CHRISTIAN,MS,,,49362,PUMPS_MOTORS,8,PUMPING EQUIPMENT AND ACCESSORIES Pump Wemco 4X11 CE replacement pump for serical no. 8597501,11620.0,0.209853,225.95,5042.7307,False,0.36332107,0.5062487721443176,0.0,0.0,0.0,0.0,0.0,2886.0,3.0263340263340264,0.24836488812392424,1,1,1,0.1,0.23783821864509846,0.125,0.2531243860721588,0.17418244406196212,0.22714887835504077
7,"Sample Collecting, Diluting and Multiple Dispensin Buyer Approved Equal Parts Desc: Portable Sampler - Pump Latch replacement and center section latch replacement and maintenance on housing Evaluation Fee Paid",1.0,EA,2023-01-03,PASS CHRISTIAN,MS,,,49362,PUMPS_MOTORS,9,"Boats, 21 Feet and Under Zodiac Boat, Yamaha Motor and McClain Trailer per RFQ JRD0403. EMS 8291, 9292, 8290",28950.68,0.105215,225.95,12712.8701,False,0.14680512,0.0,0.0,0.0,0.0,0.0,0.0,2886.0,9.031420651420651,0.09968677765081857,2,2,2,0.2,0.10851052785097368,0.1111111111111111,0.0,0.1498433888254093,0.06122959582526884
7,"Sample Collecting, Diluting and Multiple Dispensin Buyer Approved Equal Parts Desc: Portable Sampler - Pump Latch replacement and center section latch replacement and maintenance on housing Evaluation Fee Paid",1.0,EA,2023-01-03,PASS CHRISTIAN,MS,,,49362,PUMPS_MOTORS,10,"Sample Collecting, Diluting and Multiple Dispensin",3048.0,0.01742,225.95,1248.971,False,0.574492,1.0,0.0,0.0,0.0,0.0,0.0,2886.0,0.056133056133056136,0.9468503937007874,1,1,2,0.1,0.0,0.1,0.5,0.5234251968503937,0.43202755905511814
8,SULFUR DIOXIDE Liquid Sulfur Dioxide in one ton container for SAR JAN - MAR 2023,35.0,TON,2023-01-03,HOUSTON,TX,,,8854780,OTHER_GOODS,1,SULFUR DIOXIDE Liquid Sulfur Dioxide in one ton container for SAR OCT - DEC 2022,961.51,3.199756,961.51,0.0,True,0.95092434,0.9948474168777466,0.0,0.0,0.0,0.0,0.0,877.255,0.09604390969558452,0.9123722062173041,5,5,10,0.5,1.0,1.0,0.4974237084388733,0.706186103108652,0.635438870573976
8,SULFUR DIOXIDE Liquid Sulfur Dioxide in one ton container for SAR JAN - MAR 2023,35.0,TON,2023-01-03,HOUSTON,TX,,,8854780,OTHER_GOODS,2,SULFUR DIOXIDE Liquid Sulfur Dioxide in one ton container for SAR JULY - SEPT 2022,961.51,2.140573,961.51,0.0,True,0.95201325,1.0,0.0,0.0,0.0,0.0,0.0,877.255,0.09604390969558452,0.9123722062173041,5,5,10,0.5,0.567131283276908,0.5,0.5,0.706186103108652,0.5719255234241318
8,SULFUR DIOXIDE Liquid Sulfur Dioxide in one ton container for SAR JAN - MAR 2023,35.0,TON,2023-01-03,HOUSTON,TX,,,8854780,OTHER_GOODS,3,SULFUR DIOXIDE Liquid Sulfur Dioxide in 1-ton container for Walnut Creek - August 2022 deliveries Send invoices to: AWWalnutAP@austinexas.gov,961.51,1.958808,961.51,0.0,True,0.74196434,0.006087230518460274,0.0,0.0,0.0,0.0,0.0,877.255,0.09604390969558452,0.9123722062173041,5,5,10,0.5,0.4928472527598276,0.3333333333333333,0.003043615259230137,0.706186103108652,0.2874569072391463
8,SULFUR DIOXIDE Liquid Sulfur Dioxide in one ton container for SAR JAN - MAR 2023,35.0,TON,2023-01-03,HOUSTON,TX,,,8854780,OTHER_GOODS,4,SULFUR DIOXIDE Liquid Sulfur Dioxide in one ton container for SAR,793.0,1.150587,961.51,17.5256,False,0.9240174,0.8675289154052734,0.0,0.0,0.0,0.0,0.0,877.255,0.09604390969558452,0.9123722062173041,5,5,5,0.5,0.16254211464993143,0.25,0.4337644577026367,0.706186103108652,0.47480759986653553
8,SULFUR DIOXIDE Liquid Sulfur Dioxide in one ton container for SAR JAN - MAR 2023,35.0,TON,2023-01-03,HOUSTON,TX,,,8854780,OTHER_GOODS,5,SULFUR DIOXIDE Liquid Sulfur Dioxide in one ton container for SAR,793.0,1.117303,961.51,17.5256,False,0.9240174,0.8675289154052734,0.0,0.0,0.0,0.0,0.0,877.255,0.09604390969558452,0.9123722062173041,5,5,5,0.5,0.14893955270604503,0.2,0.4337644577026367,0.706186103108652,0.4727672155749526
8,SULFUR DIOXIDE Liquid Sulfur Dioxide in one ton container for SAR JAN - MAR 2023,35.0,TON,2023-01-03,HOUSTON,TX,,,8854780,OTHER_GOODS,6,SULFUR DIOXIDE Liquid Sulfur Dioxide in one ton container for SAR,793.0,1.117303,961.51,17.5256,False,0.9240174,0.8675289154052734,0.0,0.0,0.0,0.0,0.0,877.255,0.09604390969558452,0.9123722062173041,5,5,5,0.5,0.14893955270604503,0.16666666666666666,0.4337644577026367,0.706186103108652,0.4727672155749526
8,SULFUR DIOXIDE Liquid Sulfur Dioxide in one ton container for SAR JAN - MAR 2023,35.0,TON,2023-01-03,HOUSTON,TX,,,8854780,OTHER_GOODS,7,SULFUR DIOXIDE Liquid Sulfur Dioxide in 1-ton container for Walnut Creek - December 2022 deliveries Send invoices to: AWWalnutAP@austinexas.gov,961.51,0.869627,961.51,0.0,True,0.74615574,0.02592015638947487,0.0,0.0,0.0,0.0,0.0,877.255,0.09604390969558452,0.9123722062173041,5,5,10,0.5,0.047718902182850756,0.14285714285714285,0.012960078194737434,0.706186103108652,0.22614170926712882
8,SULFUR DIOXIDE Liquid Sulfur Dioxide in one ton container for SAR JAN - MAR 2023,35.0,TON,2023-01-03,HOUSTON,TX,,,8854780,OTHER_GOODS,8,SULFUR DIOXIDE Liquid Sulfur Dioxide in one ton container for SAR,793.0,0.84818,961.51,17.5256,False,0.9240174,0.8675289154052734,0.0,0.0,0.0,0.0,0.0,877.255,0.09604390969558452,0.9123722062173041,5,5,5,0.5,0.038953905607603465,0.125,0.4337644577026367,0.706186103108652,0.45626936851018635
8,SULFUR DIOXIDE Liquid Sulfur Dioxide in one ton container for SAR JAN - MAR 2023,35.0,TON,2023-01-03,HOUSTON,TX,,,8854780,OTHER_GOODS,9,SULFUR DIOXIDE Liquid Sulfur Dioxide in 1-ton container for Walnut Creek - July 2022 deliveries Send invoices to: AWWalnutAP@austinexas.gov,961.51,0.763256,961.51,0.0,True,0.7406779,0.0,0.0,0.0,0.0,0.0,0.0,877.255,0.09604390969558452,0.9123722062173041,5,5,10,0.5,0.004247020301672517,0.1111111111111111,0.0,0.706186103108652,0.2124928839778465
8,SULFUR DIOXIDE Liquid Sulfur Dioxide in one ton container for SAR JAN - MAR 2023,35.0,TON,2023-01-03,HOUSTON,TX,,,8854780,OTHER_GOODS,10,SULFUR DIOXIDE Liquid Sulfur Dioxide in One Ton Container for SAR,793.0,0.752864,961.51,17.5256,False,0.9240174,0.8675289154052734,0.0,0.0,0.0,0.0,0.0,877.255,0.09604390969558452,0.9123722062173041,5,5,5,0.5,0.0,0.1,0.4337644577026367,0.706186103108652,0.45042628266904583
9,CARBON DIOXIDE (CO2) INDUSTRIAL GAS,61.28501,TON,2023-01-03,Burr Ridge,IL,,,4309229,CHEMICALS_GASES,1,CARBON DIOXIDE (CO2) INDUSTRIAL GAS,147.96,1.795458,147.96,0.0,True,1.0,1.0,0.0,0.0,0.0,1.0,0.0,147.96,0.0,1.0,9,9,10,0.9,1.0,1.0,0.6,0.95,0.765
9,CARBON DIOXIDE (CO2) INDUSTRIAL GAS,61.28501,TON,2023-01-03,Burr Ridge,IL,,,4309229,CHEMICALS_GASES,2,CARBON DIOXIDE (CO2) INDUSTRIAL GAS,147.96,1.787257,147.96,0.0,True,1.0,1.0,0.0,0.0,0.0,1.0,0.0,147.96,0.0,1.0,9,9,10,0.9,0.9894986068143171,0.5,0.6,0.95,0.7634247910221476
9,CARBON DIOXIDE (CO2) INDUSTRIAL GAS,61.28501,TON,2023-01-03,Burr Ridge,IL,,,4309229,CHEMICALS_GASES,3,CARBON DIOXIDE (CO2) INDUSTRIAL GAS,147.96,1.740374,147.96,0.0,True,1.0,1.0,0.0,0.0,0.0,1.0,0.0,147.96,0.0,1.0,9,9,10,0.9,0.9294648527935423,0.3333333333333333,0.6,0.95,0.7544197279190313
9,CARBON DIOXIDE (CO2) INDUSTRIAL GAS,61.28501,TON,2023-01-03,Burr Ridge,IL,,,4309229,CHEMICALS_GASES,4,CARBON DIOXIDE (CO2) INDUSTRIAL GAS,147.96,1.649695,147.96,0.0,True,1.0,1.0,0.0,0.0,0.0,1.0,0.0,147.96,0.0,1.0,9,9,10,0.9,0.8133502530271056,0.25,0.6,0.95,0.7370025379540658
9,CARBON DIOXIDE (CO2) INDUSTRIAL GAS,61.28501,TON,2023-01-03,Burr Ridge,IL,,,4309229,CHEMICALS_GASES,5,CARBON DIOXIDE (CO2) INDUSTRIAL GAS,147.96,1.279303,147.96,0.0,True,1.0,1.0,0.0,0.0,0.0,1.0,0.0,147.96,0.0,1.0,9,9,10,0.9,0.3390627240877709,0.2,0.6,0.95,0.6658594086131656
9,CARBON DIOXIDE (CO2) INDUSTRIAL GAS,61.28501,TON,2023-01-03,Burr Ridge,IL,,,4309229,CHEMICALS_GASES,6,CARBON DIOXIDE (CO2) INDUSTRIAL GAS,147.96,1.252597,147.96,0.0,True,1.0,1.0,0.0,0.0,0.0,1.0,0.0,147.96,0.0,1.0,9,9,10,0.9,0.304865649777705,0.16666666666666666,0.6,0.95,0.6607298474666558
9,CARBON DIOXIDE (CO2) INDUSTRIAL GAS,61.28501,TON,2023-01-03,Burr Ridge,IL,,,4309229,CHEMICALS_GASES,7,CARBON DIOXIDE (CO2) INDUSTRIAL GAS,147.96,1.137123,147.96,0.0,True,1.0,1.0,0.0,0.0,0.0,1.0,0.0,147.96,0.0,1.0,9,9,10,0.9,0.15700101415722534,0.14285714285714285,0.6,0.95,0.6385501521235838
9,CARBON DIOXIDE (CO2) INDUSTRIAL GAS,61.28501,TON,2023-01-03,Burr Ridge,IL,,,4309229,CHEMICALS_GASES,8,CARBON DIOXIDE (CO2) INDUSTRIAL GAS,147.96,1.10645,147.96,0.0,True,1.0,1.0,0.0,0.0,0.0,1.0,0.0,147.96,0.0,1.0,9,9,10,0.9,0.11772419021082178,0.125,0.6,0.95,0.6326586285316232
9,CARBON DIOXIDE (CO2) INDUSTRIAL GAS,61.28501,TON,2023-01-03,Burr Ridge,IL,,,4309229,CHEMICALS_GASES,9,CARBON DIOXIDE (CO2) INDUSTRIAL GAS,147.96,1.046283,147.96,0.0,True,1.0,1.0,0.0,0.0,0.0,1.0,0.0,147.96,0.0,1.0,9,9,10,0.9,0.0406802536417466,0.1111111111111111,0.6,0.95,0.621102038046262
9,CARBON DIOXIDE (CO2) INDUSTRIAL GAS,61.28501,TON,2023-01-03,Burr Ridge,IL,,,4309229,CHEMICALS_GASES,10,CARBON DIOXIDE (CO2) INDUSTRIAL GAS,129.0,1.014514,147.96,12.8143,False,1.0,1.0,0.0,0.0,0.0,1.0,0.0,147.96,0.12814274128142747,0.8864126527677928,1,1,10,0.1,0.0,0.1,0.6,0.4932063263838964,0.47796189791516897
10,ALUMINUM SULFATE LIQUID ALUM FOR REMOTE FACILITIES,13349.0,GAL,2023-01-03,MESQUITE,TX,,,2698406,OTHER_GOODS,1,ALUMINUM SULFATE,0.86,1.881003,1.09,21.1009,False,0.6510173,0.4618445932865143,0.0,0.0,0.0,0.0,0.0,0.6559999999999999,0.3109756097560977,0.7627906976744185,2,2,5,0.2,1.0,1.0,0.23092229664325714,0.48139534883720925,0.42142586780495417
10,ALUMINUM SULFATE LIQUID ALUM FOR REMOTE FACILITIES,13349.0,GAL,2023-01-03,MESQUITE,TX,,,2698406,OTHER_GOODS,2,ALUMINUM SULFATE,0.86,1.824857,1.09,21.1009,False,0.6510172,0.4618443548679352,0.0,0.0,0.0,0.0,0.0,0.6559999999999999,0.3109756097560977,0.7627906976744185,2,2,5,0.2,0.9799965013650733,0.5,0.2309221774339676,0.48139534883720925,0.4184252774446059
10,ALUMINUM SULFATE LIQUID ALUM FOR REMOTE FACILITIES,13349.0,GAL,2023-01-03,MESQUITE,TX,,,2698406,OTHER_GOODS,3,ALUMINUM SULFATE,0.724,0.480696,1.09,33.578,False,0.6510172,0.4618443548679352,0.0,0.0,0.0,0.0,0.0,0.6559999999999999,0.10365853658536596,0.9060773480662982,2,2,9,0.2,0.5011035663630835,0.3333333333333333,0.2309221774339676,0.5530386740331491,0.36808433475308944
10,ALUMINUM SULFATE LIQUID ALUM FOR REMOTE FACILITIES,13349.0,GAL,2023-01-03,MESQUITE,TX,,,2698406,OTHER_GOODS,4,ALUMINUM SULFATE ALUM - REMOTE FACILITIES,0.588,0.088944,1.09,46.055,False,0.90921664,1.0,0.0,0.0,0.0,0.0,0.0,0.6559999999999999,0.1036585365853658,0.9060773480662985,5,5,5,0.5,0.3615315470343725,0.25,0.5,0.7030386740331492,0.5401413342651007
10,ALUMINUM SULFATE LIQUID ALUM FOR REMOTE FACILITIES,13349.0,GAL,2023-01-03,MESQUITE,TX,,,2698406,OTHER_GOODS,5,ALUMINUM SULFATE,0.724,-0.346161,1.09,33.578,False,0.6510172,0.4618443548679352,0.0,0.0,0.0,0.0,0.0,0.6559999999999999,0.10365853658536596,0.9060773480662982,2,2,9,0.2,0.20651387394012202,0.2,0.2309221774339676,0.5530386740331491,0.3238958808896452
10,ALUMINUM SULFATE LIQUID ALUM FOR REMOTE FACILITIES,13349.0,GAL,2023-01-03,MESQUITE,TX,,,2698406,OTHER_GOODS,6,ALUMINUM SULFATE,0.588,-0.42125,1.09,46.055,False,0.6510172,0.4618443548679352,0.0,0.0,0.0,0.0,0.0,0.6559999999999999,0.1036585365853658,0.9060773480662985,5,5,5,0.5,0.17976143015075127,0.16666666666666666,0.2309221774339676,0.7030386740331492,0.3648830143212396
10,ALUMINUM SULFATE LIQUID ALUM FOR REMOTE FACILITIES,13349.0,GAL,2023-01-03,MESQUITE,TX,,,2698406,OTHER_GOODS,7,ALUMINUM SULFATE,0.588,-0.791477,1.09,46.055,False,0.6510172,0.4618443548679352,0.0,0.0,0.0,0.0,0.0,0.6559999999999999,0.1036585365853658,0.9060773480662985,5,5,5,0.5,0.04785826181973908,0.14285714285714285,0.2309221774339676,0.7030386740331492,0.3450975390715878
10,ALUMINUM SULFATE LIQUID ALUM FOR REMOTE FACILITIES,13349.0,GAL,2023-01-03,MESQUITE,TX,,,2698406,OTHER_GOODS,8,"SODIUM HYPOCHLORITE, CONCENTRATED, LIQUID Hypo for Remote Facilities/Devooght/FY 21-22",0.9876,-0.826229,1.09,9.3945,True,0.4294308,0.0,0.0,0.0,0.0,0.0,0.0,0.6559999999999999,0.505487804878049,0.6642365330093154,1,1,3,0.1,0.03547694196505713,0.125,0.0,0.3821182665046577,0.11995702124615587
10,ALUMINUM SULFATE LIQUID ALUM FOR REMOTE FACILITIES,13349.0,GAL,2023-01-03,MESQUITE,TX,,,2698406,OTHER_GOODS,9,ALUMINUM SULFATE LIQUID ALUM,0.588,-0.877442,1.09,46.055,False,0.78012955,0.7309485077857971,0.0,0.0,0.0,0.0,0.0,0.6559999999999999,0.1036585365853658,0.9060773480662985,5,5,5,0.5,0.01723095515227433,0.1111111111111111,0.36547425389289856,0.7030386740331492,0.4145070851238801
10,ALUMINUM SULFATE LIQUID ALUM FOR REMOTE FACILITIES,13349.0,GAL,2023-01-03,MESQUITE,TX,,,2698406,OTHER_GOODS,10,"ALUMINUM SULFATE LIQUID ALUM, NORTHEAST WWTP - CHAMELEON",0.588,-0.925806,1.09,46.055,False,0.6065328,0.36912721395492554,0.0,0.0,0.0,0.0,0.0,0.6559999999999999,0.1036585365853658,0.9060773480662985,5,5,5,0.5,0.0,0.1,0.18456360697746277,0.7030386740331492,0.31242158604754927
11,ACCESSORIES FOR LAPTOP COMPUTER Dell Dock- WD19S 90w Power Delivery - 130w AC (2) DIR-TSO-3763 Quote number # 3000139991822,2.0,EA,2023-01-03,ROUND ROCK,TX,DELL,WD19S,2045405,COMPUTER_HARDWARE,1,ACCESSORIES FOR LAPTOP COMPUTER Dell Dock- WD19S 90w Power Delivery - 130w AC DIR-TSO-3763 Quote number # 3000139991582,218.0,2.652628,218.0,0.0,True,0.9967777,0.9998289942741394,1.0,1.0,0.0,0.6666666666666666,0.8,218.0,0.0,1.0,10,10,10,1.0,1.0,1.0,0.9665811638037363,1.0,0.981619640092055
11,ACCESSORIES FOR LAPTOP COMPUTER Dell Dock- WD19S 90w Power Delivery - 130w AC (2) DIR-TSO-3763 Quote number # 3000139991822,2.0,EA,2023-01-03,ROUND ROCK,TX,DELL,WD19S,2045405,COMPUTER_HARDWARE,2,ACCESSORIES FOR LAPTOP COMPUTER Dell Dock- WD19S 90w Power Delivery - 130w AC DIR-TSO-3763 Quote number # 3000139992206,218.0,2.62047,218.0,0.0,True,0.9967053,0.9988803267478943,1.0,1.0,0.0,0.6666666666666666,0.8,218.0,0.0,1.0,10,10,10,1.0,0.969831549006143,0.5,0.9661068300406137,1.0,0.9768334888732589
11,ACCESSORIES FOR LAPTOP COMPUTER Dell Dock- WD19S 90w Power Delivery - 130w AC (2) DIR-TSO-3763 Quote number # 3000139991822,2.0,EA,2023-01-03,ROUND ROCK,TX,DELL,WD19S,2045405,COMPUTER_HARDWARE,3,ACCESSORIES FOR LAPTOP COMPUTER Dell Dock- WD19S 90w Power Delivery - 130w AC DIR-TSO-3763 Quote number # 3000139992384,218.0,2.570442,218.0,0.0,True,0.9963274,0.993929922580719,1.0,1.0,0.0,0.6666666666666666,0.8,218.0,0.0,1.0,10,10,10,1.0,0.9228986779842918,0.3333333333333333,0.9636316279570261,1.0,0.9684321970740082
11,ACCESSORIES FOR LAPTOP COMPUTER Dell Dock- WD19S 90w Power Delivery - 130w AC (2) DIR-TSO-3763 Quote number # 3000139991822,2.0,EA,2023-01-03,ROUND ROCK,TX,DELL,WD19S,2045405,COMPUTER_HARDWARE,4,ACCESSORIES FOR LAPTOP COMPUTER Dell Dock- WD19S 90w Power Delivery - 130w AC DIR-TSO-3763 Quote number # 3000138962956,218.0,2.434812,218.0,0.0,True,0.99679077,1.0,1.0,1.0,0.0,0.6666666666666666,0.8,218.0,0.0,1.0,10,10,10,1.0,0.7956598258076378,0.25,0.9666666666666666,1.0,0.9510156405378122
11,ACCESSORIES FOR LAPTOP COMPUTER Dell Dock- WD19S 90w Power Delivery - 130w AC (2) DIR-TSO-3763 Quote number # 3000139991822,2.0,EA,2023-01-03,ROUND ROCK,TX,DELL,WD19S,2045405,COMPUTER_HARDWARE,5,ACCESSORIES FOR LAPTOP COMPUTER EQuote Number : 3000137599009 Dell Dock- WD19S 90w Power Delivery- 130w AC ********************************************************* DIR-TSO-3763,218.0,2.242695,218.0,0.0,True,0.93847823,0.23610667884349823,1.0,1.0,0.0,0.6666666666666666,0.8,218.0,0.0,1.0,10,10,10,1.0,0.6154287075917398,0.2,0.5847200060884158,1.0,0.7139103094873898
11,ACCESSORIES FOR LAPTOP COMPUTER Dell Dock- WD19S 90w Power Delivery - 130w AC (2) DIR-TSO-3763 Quote number # 3000139991822,2.0,EA,2023-01-03,ROUND ROCK,TX,DELL,WD19S,2045405,COMPUTER_HARDWARE,6,"ACCESSORIES FOR LAPTOP COMPUTER Dell Dock- WD19S 90w Power Delivery - 130w AC 20 $218.00 $4,360.00 DIR - TSO-3763 equote- 3000138961379",218.0,2.167127,218.0,0.0,True,0.9851149,0.8470459580421448,1.0,1.0,0.0,0.6666666666666666,0.8,218.0,0.0,1.0,10,10,10,1.0,0.5445359435919949,0.16666666666666666,0.890189645687739,1.0,0.8712846966670557
11,ACCESSORIES FOR LAPTOP COMPUTER Dell Dock- WD19S 90w Power Delivery - 130w AC (2) DIR-TSO-3763 Quote number # 3000139991822,2.0,EA,2023-01-03,ROUND ROCK,TX,DELL,WD19S,2045405,COMPUTER_HARDWARE,7,ACCESSORIES FOR LAPTOP COMPUTER DELL Dock - WD19S 90w Power Delivery - 130w AC DIR-TSO-3763,218.0,2.159764,218.0,0.0,True,0.982371,0.8111009001731873,1.0,1.0,0.0,0.6666666666666666,0.8,218.0,0.0,1.0,10,10,10,1.0,0.5376284771865044,0.14285714285714285,0.8722171167532602,1.0,0.8603636857922687
11,ACCESSORIES FOR LAPTOP COMPUTER Dell Dock- WD19S 90w Power Delivery - 130w AC (2) DIR-TSO-3763 Quote number # 3000139991822,2.0,EA,2023-01-03,ROUND ROCK,TX,DELL,WD19S,2045405,COMPUTER_HARDWARE,8,ACCESSORIES FOR LAPTOP COMPUTER EQuote Number:3000136740492 Dell Dock- WD19S 90w Power Delivery - 130w AC ********************************************************** TX- DIR-TSO-3763,218.0,2.05177,218.0,0.0,True,0.9204548,0.0,1.0,1.0,0.0,0.6666666666666666,0.8,218.0,0.0,1.0,10,10,10,1.0,0.4363158427990857,0.125,0.4666666666666667,1.0,0.6221140430865295
11,ACCESSORIES FOR LAPTOP COMPUTER Dell Dock- WD19S 90w Power Delivery - 130w AC (2) DIR-TSO-3763 Quote number # 3000139991822,2.0,EA,2023-01-03,ROUND ROCK,TX,DELL,WD19S,2045405,COMPUTER_HARDWARE,9,ACCESSORIES FOR LAPTOP COMPUTER Dell Dock- WD19S 90w Power Delivery - 130w AC,218.0,1.619343,218.0,0.0,True,0.96139693,0.5363413095474243,1.0,1.0,0.0,0.5,0.8,218.0,0.0,1.0,10,10,10,1.0,0.030642207687429302,0.1111111111111111,0.7181706547737122,1.0,0.6995901912786562
11,ACCESSORIES FOR LAPTOP COMPUTER Dell Dock- WD19S 90w Power Delivery - 130w AC (2) DIR-TSO-3763 Quote number # 3000139991822,2.0,EA,2023-01-03,ROUND ROCK,TX,DELL,WD19S,2045405,COMPUTER_HARDWARE,10,ACCESSORIES FOR LAPTOP COMPUTER Dell Dock- WD19S 90w Power Delivery - 130w AC @ $218.00,218.0,1.58668,218.0,0.0,True,0.96660876,0.6046162247657776,1.0,1.0,0.0,0.5,0.8,218.0,0.0,1.0,10,10,10,1.0,0.0,0.1,0.7523081123828887,1.0,0.7137694618105888
12,"Monitors, Color and Monochrome, Environmentally Certified Dell 24 Monitor - P2422H, 60.5cm (23.8"") DIR-TSO-3763 Quote number # 3000139991822",10.0,EA,2023-01-03,ROUND ROCK,TX,DELL,P2422H,20560,COMPUTER_HARDWARE,1,"Monitors, Color and Monochrome, Environmentally Certified Dell 24 Monitor - P2422H, 60.5cm (23.8"") (6) DIR-TSO-3763 Quote number # 3000139991582",227.0,3.427562,227.0,0.0,True,0.9984208,0.9917516112327576,1.0,1.0,0.0,0.8333333333333334,0.8,227.0,0.0,1.0,10,10,10,1.0,1.0,1.0,0.9792091389497121,1.0,0.9885650264223417
12,"Monitors, Color and Monochrome, Environmentally Certified Dell 24 Monitor - P2422H, 60.5cm (23.8"") DIR-TSO-3763 Quote number # 3000139991822",10.0,EA,2023-01-03,ROUND ROCK,TX,DELL,P2422H,20560,COMPUTER_HARDWARE,2,"Monitors, Color and Monochrome, Environmentally Certified Dell 24 Monitor - P2422H, 60.5cm (23.8"") TX- DIR-TSO-3763 eQuote 3000140125201",227.0,3.190349,227.0,0.0,True,0.97775185,0.8540660738945007,1.0,1.0,0.0,0.8333333333333334,0.8,227.0,0.0,1.0,10,10,10,1.0,0.9074723670758542,0.5,0.9103663702805836,1.0,0.9368223587156992
12,"Monitors, Color and Monochrome, Environmentally Certified Dell 24 Monitor - P2422H, 60.5cm (23.8"") DIR-TSO-3763 Quote number # 3000139991822",10.0,EA,2023-01-03,ROUND ROCK,TX,DELL,P2422H,20560,COMPUTER_HARDWARE,3,"Monitors, Color and Monochrome, Environmentally Certified Dell 24 Monitor - P2422H, 60.5cm (23.8"") DIR-TSO-3763 Quote number # 3000138962956",227.0,2.798809,227.0,0.0,True,0.999659,1.0,1.0,1.0,0.0,0.8333333333333334,0.8,227.0,0.0,1.0,10,10,10,1.0,0.7547477297451846,0.3333333333333333,0.9833333333333333,1.0,0.954045492795111
12,"Monitors, Color and Monochrome, Environmentally Certified Dell 24 Monitor - P2422H, 60.5cm (23.8"") DIR-TSO-3763 Quote number # 3000139991822",10.0,EA,2023-01-03,ROUND ROCK,TX,DELL,P2422H,20560,COMPUTER_HARDWARE,4,"Monitors, Color and Monochrome, Environmentally Certified Dell 24 Monitor - P2422H, 60.5cm (23.8"" DIR-TSO-3763 Quote number # 3000139992384",227.0,2.775014,227.0,0.0,True,0.99690723,0.9816691875457764,1.0,1.0,0.0,0.8333333333333334,0.8,227.0,0.0,1.0,10,10,10,1.0,0.7454662189281972,0.25,0.9741679271062215,1.0,0.9476122927476514
12,"Monitors, Color and Monochrome, Environmentally Certified Dell 24 Monitor - P2422H, 60.5cm (23.8"") DIR-TSO-3763 Quote number # 3000139991822",10.0,EA,2023-01-03,ROUND ROCK,TX,DELL,P2422H,20560,COMPUTER_HARDWARE,5,"Monitors, Color and Monochrome, Environmentally Certified Dell 24 Monitor - P2422H, 60.5cm (23.8 inches)",227.0,1.766761,227.0,0.0,True,0.94270146,0.6205787658691406,1.0,1.0,0.0,0.6666666666666666,0.8,227.0,0.0,1.0,10,10,10,1.0,0.35218565049953215,0.2,0.7769560496012369,1.0,0.7801536748556102
12,"Monitors, Color and Monochrome, Environmentally Certified Dell 24 Monitor - P2422H, 60.5cm (23.8"") DIR-TSO-3763 Quote number # 3000139991822",10.0,EA,2023-01-03,ROUND ROCK,TX,DELL,P2422H,20560,COMPUTER_HARDWARE,6,"COMPUTER ACCESSORIES AND SUPPLIES Dell 24 Monitor - model: P2422H - 60.5cm (23.8"") - Dell Quote 3000129361152",227.0,1.658216,227.0,0.0,True,0.8495421,0.0,1.0,1.0,0.0,0.6666666666666666,0.8,227.0,0.0,1.0,10,10,10,1.0,0.309846436730677,0.16666666666666666,0.4666666666666667,1.0,0.6031436321762682
12,"Monitors, Color and Monochrome, Environmentally Certified Dell 24 Monitor - P2422H, 60.5cm (23.8"") DIR-TSO-3763 Quote number # 3000139991822",10.0,EA,2023-01-03,ROUND ROCK,TX,DELL,P2422H,20560,COMPUTER_HARDWARE,7,"Monitors, Color and Monochrome, Environmentally Certified Dell 24 Monitor - P2422H, 60.5cm (23.8 inch) DIR-TSO-3763",227.0,1.596101,227.0,0.0,True,0.9780787,0.8562435507774353,1.0,1.0,0.0,0.8333333333333334,0.8,227.0,0.0,1.0,10,10,10,1.0,0.2856177733813525,0.14285714285714285,0.9114551087220509,1.0,0.844142975804331
12,"Monitors, Color and Monochrome, Environmentally Certified Dell 24 Monitor - P2422H, 60.5cm (23.8"") DIR-TSO-3763 Quote number # 3000139991822",10.0,EA,2023-01-03,ROUND ROCK,TX,DELL,P2422H,20560,COMPUTER_HARDWARE,8,"Monitors, Color and Monochrome, Environmentally Certified Dell 24 Monitor - P2422H, 60.5cm (23.8"")",227.0,1.591582,227.0,0.0,True,0.95535064,0.7048409581184387,1.0,1.0,0.0,0.6666666666666666,0.8,227.0,0.0,1.0,10,10,10,1.0,0.283855085951978,0.125,0.8190871457258859,1.0,0.7930761930420339
12,"Monitors, Color and Monochrome, Environmentally Certified Dell 24 Monitor - P2422H, 60.5cm (23.8"") DIR-TSO-3763 Quote number # 3000139991822",10.0,EA,2023-01-03,ROUND ROCK,TX,DELL,P2422H,20560,COMPUTER_HARDWARE,9,"Monitors, Color and Monochrome, Environmentally Certified Dell 24 Monitor - P2422H, 60.5cm (23.8"") r",227.0,1.589357,227.0,0.0,True,0.95399517,0.6958115696907043,1.0,1.0,0.0,0.6666666666666666,0.8,227.0,0.0,1.0,10,10,10,1.0,0.28298719935530653,0.1111111111111111,0.8145724515120187,1.0,0.7904629282349063
12,"Monitors, Color and Monochrome, Environmentally Certified Dell 24 Monitor - P2422H, 60.5cm (23.8"") DIR-TSO-3763 Quote number # 3000139991822",10.0,EA,2023-01-03,ROUND ROCK,TX,DELL,P2422H,20560,COMPUTER_HARDWARE,10,"Monitors, Color and Monochrome, Environmentally Certified 6) Dell 24inch monitors EQuote Number : 3000136321868 rcrc971497-6697509 | Dell 24 Monitor - P2422H, 60.5cm (23.8"") ******************************************************* TX- DIR-TSO-3763",227.0,0.863863,227.0,0.0,True,0.8983295,0.32499611377716064,1.0,1.0,0.0,0.8333333333333334,0.8,227.0,0.0,1.0,10,10,10,1.0,0.0,0.1,0.6458313902219137,1.0,0.6552072646220526
13,ACCESSORIES FOR LAPTOP COMPUTER Dell Dock- WD19S 90w Power Delivery - 130w AC 2 $218.00 $436.00 Customer Agreement # TX DIR-TSO-3763 PR0015003,2.0,EA,2023-01-03,ROUND ROCK,TX,DELL,WD19S,2045405,COMPUTER_HARDWARE,1,ACCESSORIES FOR LAPTOP COMPUTER Dell Dock- WD19S 90w Power Delivery - 130w AC DIR-TSO-3763,218.0,2.272291,218.0,0.0,True,0.9873892,0.9615722298622131,1.0,1.0,0.0,0.5,0.8,218.0,0.0,1.0,10,10,10,1.0,1.0,1.0,0.9307861149311065,1.0,0.9619323632121087
13,ACCESSORIES FOR LAPTOP COMPUTER Dell Dock- WD19S 90w Power Delivery - 130w AC 2 $218.00 $436.00 Customer Agreement # TX DIR-TSO-3763 PR0015003,2.0,EA,2023-01-03,ROUND ROCK,TX,DELL,WD19S,2045405,COMPUTER_HARDWARE,2,ACCESSORIES FOR LAPTOP COMPUTER EQuote Number : 3000137599009 Dell Dock- WD19S 90w Power Delivery- 130w AC ********************************************************* DIR-TSO-3763,218.0,2.150983,218.0,0.0,True,0.917676,0.22109226882457733,1.0,1.0,0.0,0.5,0.8,218.0,0.0,1.0,10,10,10,1.0,0.7446921354368361,0.5,0.5605461344122887,1.0,0.7200041942422842
13,ACCESSORIES FOR LAPTOP COMPUTER Dell Dock- WD19S 90w Power Delivery - 130w AC 2 $218.00 $436.00 Customer Agreement # TX DIR-TSO-3763 PR0015003,2.0,EA,2023-01-03,ROUND ROCK,TX,DELL,WD19S,2045405,COMPUTER_HARDWARE,3,ACCESSORIES FOR LAPTOP COMPUTER DELL Dock - WD19S 90w Power Delivery - 130w AC DIR-TSO-3763,218.0,2.131743,218.0,0.0,True,0.9873892,0.9615722298622131,1.0,1.0,0.0,0.5,0.8,218.0,0.0,1.0,10,10,10,1.0,0.70419914804775,0.3333333333333333,0.9307861149311065,1.0,0.9175622354192712
13,ACCESSORIES FOR LAPTOP COMPUTER Dell Dock- WD19S 90w Power Delivery - 130w AC 2 $218.00 $436.00 Customer Agreement # TX DIR-TSO-3763 PR0015003,2.0,EA,2023-01-03,ROUND ROCK,TX,DELL,WD19S,2045405,COMPUTER_HARDWARE,4,ACCESSORIES FOR LAPTOP COMPUTER Dell Dock- WD19S 90w Power Delivery - 130w AC DIR-TSO-3763 Quote number # 3000139991582,218.0,2.052461,218.0,0.0,True,0.9903543,0.9930668473243713,1.0,1.0,0.0,0.5,0.8,218.0,0.0,1.0,10,10,10,1.0,0.5373402589530754,0.25,0.9465334236621856,1.0,0.9011944218571634
13,ACCESSORIES FOR LAPTOP COMPUTER Dell Dock- WD19S 90w Power Delivery - 130w AC 2 $218.00 $436.00 Customer Agreement # TX DIR-TSO-3763 PR0015003,2.0,EA,2023-01-03,ROUND ROCK,TX,DELL,WD19S,2045405,COMPUTER_HARDWARE,5,ACCESSORIES FOR LAPTOP COMPUTER (1X) Dell Dock- WD19S 90w Power Delivery - 130w AC DIR-TSO-3763,218.0,2.03024,218.0,0.0,True,0.9574076,0.6431135535240173,1.0,1.0,0.0,0.5,0.8,218.0,0.0,1.0,10,10,10,1.0,0.4905733840688296,0.2,0.7715567767620086,1.0,0.7979422348294292
13,ACCESSORIES FOR LAPTOP COMPUTER Dell Dock- WD19S 90w Power Delivery - 130w AC 2 $218.00 $436.00 Customer Agreement # TX DIR-TSO-3763 PR0015003,2.0,EA,2023-01-03,ROUND ROCK,TX,DELL,WD19S,2045405,COMPUTER_HARDWARE,6,ACCESSORIES FOR LAPTOP COMPUTER Dell Dock- WD19S 90w Power Delivery - 130w AC DIR-TSO-3763 Quote number # 3000138962956,218.0,2.023786,218.0,0.0,True,0.9904059,0.9936150908470154,1.0,1.0,0.0,0.5,0.8,218.0,0.0,1.0,10,10,10,1.0,0.4769901335174175,0.16666666666666666,0.9468075454235076,1.0,0.8922926700105419
13,ACCESSORIES FOR LAPTOP COMPUTER Dell Dock- WD19S 90w Power Delivery - 130w AC 2 $218.00 $436.00 Customer Agreement # TX DIR-TSO-3763 PR0015003,2.0,EA,2023-01-03,ROUND ROCK,TX,DELL,WD19S,2045405,COMPUTER_HARDWARE,7,ACCESSORIES FOR LAPTOP COMPUTER Dell Dock- WD19S 90w Power Delivery - 130w AC DIR-TSO-3763 Quote number # 3000139992206,218.0,1.915338,218.0,0.0,True,0.99100703,1.0,1.0,1.0,0.0,0.5,0.8,218.0,0.0,1.0,10,10,10,1.0,0.248747748051117,0.14285714285714285,0.95,1.0,0.8598121622076675
13,ACCESSORIES FOR LAPTOP COMPUTER Dell Dock- WD19S 90w Power Delivery - 130w AC 2 $218.00 $436.00 Customer Agreement # TX DIR-TSO-3763 PR0015003,2.0,EA,2023-01-03,ROUND ROCK,TX,DELL,WD19S,2045405,COMPUTER_HARDWARE,8,ACCESSORIES FOR LAPTOP COMPUTER Dell Dock- WD19S 90w Power Delivery - 130w AC DIR-TSO-3763 Quote number # 3000139992384,218.0,1.866893,218.0,0.0,True,0.98981005,0.9872859120368958,1.0,1.0,0.0,0.5,0.8,218.0,0.0,1.0,10,10,10,1.0,0.14678918391056156,0.125,0.9436429560184478,1.0,0.8410220033967305
13,ACCESSORIES FOR LAPTOP COMPUTER Dell Dock- WD19S 90w Power Delivery - 130w AC 2 $218.00 $436.00 Customer Agreement # TX DIR-TSO-3763 PR0015003,2.0,EA,2023-01-03,ROUND ROCK,TX,DELL,WD19S,2045405,COMPUTER_HARDWARE,9,"ACCESSORIES FOR LAPTOP COMPUTER Dell Dock- WD19S 90w Power Delivery - 130w AC 20 $218.00 $4,360.00 DIR - TSO-3763 equote- 3000138961379",218.0,1.820217,218.0,0.0,True,0.985506,0.9415691494941711,1.0,1.0,0.0,0.625,0.8,218.0,0.0,1.0,10,10,10,1.0,0.04855370161466823,0.1111111111111111,0.9332845747470855,1.0,0.8205895713530972
13,ACCESSORIES FOR LAPTOP COMPUTER Dell Dock- WD19S 90w Power Delivery - 130w AC 2 $218.00 $436.00 Customer Agreement # TX DIR-TSO-3763 PR0015003,2.0,EA,2023-01-03,ROUND ROCK,TX,DELL,WD19S,2045405,COMPUTER_HARDWARE,10,ACCESSORIES FOR LAPTOP COMPUTER EQuote Number:3000136740492 Dell Dock- WD19S 90w Power Delivery - 130w AC ********************************************************** TX- DIR-TSO-3763,218.0,1.797147,218.0,0.0,True,0.896861,0.0,1.0,1.0,0.0,0.5,0.8,218.0,0.0,1.0,10,10,10,1.0,0.0,0.1,0.45,1.0,0.5475
14,"Microcomputers, Handheld, Laptop, and Notebook Dell Essential Backpack 15 (ES1520P) 2 $19.49 $38.98 TX DIR-TSO-3763 PR0015003",2.0,EA,2023-01-03,ROUND ROCK,TX,DELL,ES1520P,20454,COMPUTER_HARDWARE,1,"Microcomputers, Handheld, Laptop, and Notebook EQuote Number : 3000137599009 Dell Essential Backpack 15 ES1520P ****************************************** DIR-TSO-3763",19.49,2.966769,19.49,0.0,True,0.78414917,0.49813026189804077,1.0,1.0,0.0,0.42857142857142855,0.8,19.49,0.0,1.0,9,9,9,0.9,1.0,1.0,0.6919222738061632,0.95,0.8155572505933898
14,"Microcomputers, Handheld, Laptop, and Notebook Dell Essential Backpack 15 (ES1520P) 2 $19.49 $38.98 TX DIR-TSO-3763 PR0015003",2.0,EA,2023-01-03,ROUND ROCK,TX,DELL,ES1520P,20454,COMPUTER_HARDWARE,2,"Microcomputers, Handheld, Laptop, and Notebook Dell Essential Backpack 15 (ES1520P)",19.49,1.302665,19.49,0.0,True,0.86732775,1.0,1.0,1.0,0.0,0.2857142857142857,0.8,19.49,0.0,1.0,9,9,9,0.9,0.4919295426033503,0.5,0.9285714285714285,0.95,0.8695037171047881
14,"Microcomputers, Handheld, Laptop, and Notebook Dell Essential Backpack 15 (ES1520P) 2 $19.49 $38.98 TX DIR-TSO-3763 PR0015003",2.0,EA,2023-01-03,ROUND ROCK,TX,DELL,ES1520P,20454,COMPUTER_HARDWARE,3,COMPUTER ACCESSORIES AND SUPPLIES Dell Essential Backpack 15 (ES1520P),19.49,1.045118,19.49,0.0,True,0.7307101,0.17569801211357117,1.0,1.0,0.0,0.2857142857142857,0.8,19.49,0.0,1.0,9,9,9,0.9,0.4132974246040336,0.3333333333333333,0.5164204346282142,0.95,0.6310258527361228
14,"Microcomputers, Handheld, Laptop, and Notebook Dell Essential Backpack 15 (ES1520P) 2 $19.49 $38.98 TX DIR-TSO-3763 PR0015003",2.0,EA,2023-01-03,ROUND ROCK,TX,DELL,ES1520P,20454,COMPUTER_HARDWARE,4,COMPUTER ACCESSORIES AND SUPPLIES Dell Essential 15 Inch Laptop Backpack - ES1520P @ $19.49,19.49,1.009312,19.49,0.0,True,0.70159036,0.0,1.0,1.0,0.0,0.42857142857142855,0.8,19.49,0.0,1.0,9,9,9,0.9,0.4023654330953632,0.25,0.4428571428571429,0.95,0.5889262435357331
14,"Microcomputers, Handheld, Laptop, and Notebook Dell Essential Backpack 15 (ES1520P) 2 $19.49 $38.98 TX DIR-TSO-3763 PR0015003",2.0,EA,2023-01-03,ROUND ROCK,TX,DELL,ES1520P,20454,COMPUTER_HARDWARE,5,COMPUTER ACCESSORIES AND SUPPLIES Dell Essential Backpack 15 (ES1520P) @ $19.49,19.49,0.975322,19.49,0.0,True,0.73567986,0.2056838572025299,1.0,1.0,0.0,0.42857142857142855,0.8,19.49,0.0,1.0,9,9,9,0.9,0.3919878876733751,0.2,0.5456990714584078,0.95,0.6439326724531306
14,"Microcomputers, Handheld, Laptop, and Notebook Dell Essential Backpack 15 (ES1520P) 2 $19.49 $38.98 TX DIR-TSO-3763 PR0015003",2.0,EA,2023-01-03,ROUND ROCK,TX,DELL,ES1520P,20454,COMPUTER_HARDWARE,6,COMPUTER ACCESSORIES AND SUPPLIES EQuote Number:3000136740492 Dell Essential Backpack 15 (ES1520P) ******************************************** TX DIR-TSO-3763,19.49,0.964048,19.49,0.0,True,0.77012736,0.4135276675224304,1.0,1.0,0.0,0.42857142857142855,0.8,19.49,0.0,1.0,9,9,9,0.9,0.38854580332246325,0.16666666666666666,0.649620976618358,0.95,0.7005734076384665
14,"Microcomputers, Handheld, Laptop, and Notebook Dell Essential Backpack 15 (ES1520P) 2 $19.49 $38.98 TX DIR-TSO-3763 PR0015003",2.0,EA,2023-01-03,ROUND ROCK,TX,DELL,ES1520P,20454,COMPUTER_HARDWARE,7,COMPUTER ACCESSORIES AND SUPPLIES Dell Essential Backpack 15 (ES1520P),19.49,0.945555,19.49,0.0,True,0.7307101,0.17569801211357117,1.0,1.0,0.0,0.2857142857142857,0.8,19.49,0.0,1.0,9,9,9,0.9,0.3828996736523006,0.14285714285714285,0.5164204346282142,0.95,0.6264661900933629
14,"Microcomputers, Handheld, Laptop, and Notebook Dell Essential Backpack 15 (ES1520P) 2 $19.49 $38.98 TX DIR-TSO-3763 PR0015003",2.0,EA,2023-01-03,ROUND ROCK,TX,DELL,ES1520P,20454,COMPUTER_HARDWARE,8,COMPUTER ACCESSORIES AND SUPPLIES Dell Essential Backpack 15 (ES1520P) 20 $19.49 $389.80 TX- DIR-TSO-3763 eQuote number 3000138961379,19.49,0.913372,19.49,0.0,True,0.80232286,0.607783854007721,1.0,1.0,0.0,0.5714285714285714,0.8,19.49,0.0,1.0,9,9,9,0.9,0.37307382651149906,0.125,0.7610347841467175,0.95,0.7595302052574195
14,"Microcomputers, Handheld, Laptop, and Notebook Dell Essential Backpack 15 (ES1520P) 2 $19.49 $38.98 TX DIR-TSO-3763 PR0015003",2.0,EA,2023-01-03,ROUND ROCK,TX,DELL,ES1520P,20454,COMPUTER_HARDWARE,9,COMPUTER ACCESSORIES AND SUPPLIES Dell Essential Backpack 15 (ES1520P),19.49,0.107431,19.49,0.0,True,0.7307101,0.17569801211357117,1.0,1.0,0.0,0.2857142857142857,0.8,19.49,0.0,1.0,9,9,9,0.9,0.12701059217956237,0.1111111111111111,0.5164204346282142,0.95,0.5880828278724521
14,"Microcomputers, Handheld, Laptop, and Notebook Dell Essential Backpack 15 (ES1520P) 2 $19.49 $38.98 TX DIR-TSO-3763 PR0015003",2.0,EA,2023-01-03,ROUND ROCK,TX,DELL,ES1520P,20454,COMPUTER_HARDWARE,10,"Microcomputers, Handheld, Laptop, and Notebook PR0014565 DIR-TSO-3763 eQuote 3000128282021 Dell Wired combo KM300",25.99,-0.308572,19.49,33.3504,False,0.7161322,0.08774039894342422,1.0,0.0,0.0,0.14285714285714285,0.4,19.49,0.3335043612108774,0.7499038091573682,1,1,1,0.1,0.0,0.1,0.2581559137574264,0.4249519045786841,0.2694713239401898
15,"ACCESSORIES FOR LAPTOP COMPUTER Latitude 5431 Bundle 2 $1,285.00 $2,570.00 TX DIR-TSO-3763 PR0015003",2.0,EA,2023-01-03,ROUND ROCK,TX,,PR0015003,2045405,COMPUTER_HARDWARE,1,ACCESSORIES FOR LAPTOP COMPUTER PR0014728 eQuote 3000134113157 DIR-TSO-3763 ----------------------------------- Latitude 5431 Bundle,1285.0,1.054382,1285.0,0.0,True,0.93483245,1.0,0.0,0.0,0.0,0.2857142857142857,0.0,359.3,2.5763985527414417,0.2796108949416342,3,4,4,0.4,1.0,1.0,0.5285714285714286,0.3398054474708171,0.5426559199555309
15,"ACCESSORIES FOR LAPTOP COMPUTER Latitude 5431 Bundle 2 $1,285.00 $2,570.00 TX DIR-TSO-3763 PR0015003",2.0,EA,2023-01-03,ROUND ROCK,TX,,PR0015003,2045405,COMPUTER_HARDWARE,2,ACCESSORIES FOR LAPTOP COMPUTER EQuote Number : 3000137599009 Latitude 5330 Bundle *************************************** DIR-TSO-3763,1400.0,0.387814,1285.0,8.9494,True,0.8503517,0.7238401770591736,0.0,0.0,0.0,0.14285714285714285,0.0,359.3,2.8964653492902865,0.2566428571428572,1,4,4,0.4,0.3468535072789254,0.5,0.3762058028153011,0.3283214285714286,0.357437646211683
15,"ACCESSORIES FOR LAPTOP COMPUTER Latitude 5431 Bundle 2 $1,285.00 $2,570.00 TX DIR-TSO-3763 PR0015003",2.0,EA,2023-01-03,ROUND ROCK,TX,,PR0015003,2045405,COMPUTER_HARDWARE,3,ACCESSORIES FOR LAPTOP COMPUTER PR0014573 DIR-TSO-3763 e-quote 3000128804337.3 Dell Thunderbolt 4 Dock- WD22TB4,337.99,0.24097,1285.0,73.6973,False,0.75788665,0.42158043384552,0.0,0.0,0.0,0.14285714285714285,0.0,359.3,0.05930976899526858,0.9440109298231786,3,3,4,0.3,0.20296624659864446,0.3333333333333333,0.2250759312084743,0.6220054649115893,0.34083833862793433
15,"ACCESSORIES FOR LAPTOP COMPUTER Latitude 5431 Bundle 2 $1,285.00 $2,570.00 TX DIR-TSO-3763 PR0015003",2.0,EA,2023-01-03,ROUND ROCK,TX,,PR0015003,2045405,COMPUTER_HARDWARE,4,ACCESSORIES FOR LAPTOP COMPUTER PR0014497 DIR-TSO-3763 e-Quote 3000126490033 Dell Performance DockWD19DCS,322.0,0.142207,1285.0,74.9416,False,0.7511879,0.3996829092502594,0.0,0.0,0.0,0.14285714285714285,0.0,359.3,0.1038129696632341,0.9059505799293999,3,3,4,0.3,0.10619186339901368,0.25,0.214127168910844,0.6029752899647,0.3145913094002263
15,"ACCESSORIES FOR LAPTOP COMPUTER Latitude 5431 Bundle 2 $1,285.00 $2,570.00 TX DIR-TSO-3763 PR0015003",2.0,EA,2023-01-03,ROUND ROCK,TX,,PR0015003,2045405,COMPUTER_HARDWARE,5,"Microcomputers, Handheld, Laptop, and Notebook Latitude 5431 Bundle 20 $1,285.00 $25,700.00 DIR - TSO-3763 equote- 3000138961379",1285.0,0.10301,1285.0,0.0,True,0.73194456,0.3367781341075897,0.0,0.0,0.0,0.5714285714285714,0.0,359.3,2.5763985527414417,0.2796108949416342,3,4,4,0.4,0.06778410443790549,0.2,0.225531924196652,0.3398054474708171,0.23615180821508955
15,"ACCESSORIES FOR LAPTOP COMPUTER Latitude 5431 Bundle 2 $1,285.00 $2,570.00 TX DIR-TSO-3763 PR0015003",2.0,EA,2023-01-03,ROUND ROCK,TX,,PR0015003,2045405,COMPUTER_HARDWARE,6,ACCESSORIES FOR LAPTOP COMPUTER PR0014811 - Dell Performance Docks WD19DCS DIR-TSO-3763,380.61,0.099194,1285.0,70.3805,False,0.6980159,0.2258685678243637,0.0,0.0,0.0,0.14285714285714285,0.0,359.3,0.05930976899526858,0.9440109298231786,1,1,4,0.1,0.06404494051730981,0.16666666666666666,0.12721999819789614,0.5220054649115893,0.23617937955991614
15,"ACCESSORIES FOR LAPTOP COMPUTER Latitude 5431 Bundle 2 $1,285.00 $2,570.00 TX DIR-TSO-3763 PR0015003",2.0,EA,2023-01-03,ROUND ROCK,TX,,PR0015003,2045405,COMPUTER_HARDWARE,7,"Microcomputers, Handheld, Laptop, and Notebook EQuote Number:3000136740492 Latitude 5431 Bundle ************************************** TX DIR-TSO-3763",1285.0,0.097558,1285.0,0.0,True,0.6289199,0.0,0.0,0.0,0.0,0.2857142857142857,0.0,359.3,2.5763985527414417,0.2796108949416342,3,4,4,0.4,0.06244188177147791,0.14285714285714285,0.02857142857142857,0.3398054474708171,0.12702220222125254
15,"ACCESSORIES FOR LAPTOP COMPUTER Latitude 5431 Bundle 2 $1,285.00 $2,570.00 TX DIR-TSO-3763 PR0015003",2.0,EA,2023-01-03,ROUND ROCK,TX,,PR0015003,2045405,COMPUTER_HARDWARE,8,ACCESSORIES FOR LAPTOP COMPUTER Dell Essential Backpack 15 (ES1520P) Manufacturer Part# : KYP3F Dell Part# : 460-BCTJ,19.49,0.078753,1285.0,98.4833,False,0.64911264,0.06600821763277054,0.0,0.0,0.0,0.0,0.0,359.3,0.9457556359588087,0.513939151206534,1,1,1,0.1,0.04401552497724265,0.125,0.03300410881638527,0.306969575603267,0.11684546127657838
15,"ACCESSORIES FOR LAPTOP COMPUTER Latitude 5431 Bundle 2 $1,285.00 $2,570.00 TX DIR-TSO-3763 PR0015003",2.0,EA,2023-01-03,ROUND ROCK,TX,,PR0015003,2045405,COMPUTER_HARDWARE,9,ACCESSORIES FOR LAPTOP COMPUTER PR0014251 DIR-TSO-3763 eQuote 3000120101037 Dell Performance Dock- WD19DCS,322.0,0.065924,1285.0,74.9416,False,0.71794915,0.2910284399986267,0.0,0.0,0.0,0.14285714285714285,0.0,359.3,0.1038129696632341,0.9059505799293999,3,3,4,0.3,0.031444839983185514,0.1111111111111111,0.15979993428502764,0.6029752899647,0.273499276843653
15,"ACCESSORIES FOR LAPTOP COMPUTER Latitude 5431 Bundle 2 $1,285.00 $2,570.00 TX DIR-TSO-3763 PR0015003",2.0,EA,2023-01-03,ROUND ROCK,TX,,PR0015003,2045405,COMPUTER_HARDWARE,10,ACCESSORIES FOR LAPTOP COMPUTER PR0014639 DIR-TSO-3763 eQuote 3000127641858.3 Dell Performance Dock- WD19DCS,252.99,0.033833,1285.0,80.3121,False,0.7280834,0.3241562843322754,0.0,0.0,0.0,0.14285714285714285,0.0,359.3,0.2958808794878931,0.7716758660681686,1,1,1,0.1,0.0,0.1,0.17636385645185199,0.4358379330340843,0.22775150095874389
16,"Two-Way Radio Supplies, Parts, and Accessories PMNN4424B BATT IMPRES LIION IP68 2350T",5.0,EA,2023-01-03,AUSTIN,TX,,PMNN4424B,72582,RADIO_COMMUNICATIONS,1,"Two-Way Radio Supplies, Parts, and Accessories PMNN4485A BATT IMPRES 2 LIION R IP68 2550T",89.0,1.216199,111.63,20.2723,False,0.97509986,0.84681636095047,0.0,0.0,0.0,0.5,0.0,104.33,0.14693760184031437,0.8718870132040782,2,2,6,0.2,1.0,1.0,0.473408180475235,0.5359435066020392,0.571157551241991
16,"Two-Way Radio Supplies, Parts, and Accessories PMNN4424B BATT IMPRES LIION IP68 2350T",5.0,EA,2023-01-03,AUSTIN,TX,,PMNN4424B,72582,RADIO_COMMUNICATIONS,2,"Two-Way Radio Supplies, Parts, and Accessories PMNN4485A BATT IMPRES 2 LIION R IP68 2550T",89.0,0.995382,111.63,20.2723,False,0.97509986,0.84681636095047,0.0,0.0,0.0,0.5,0.0,104.33,0.14693760184031437,0.8718870132040782,2,2,6,0.2,0.7404836645398464,0.5,0.473408180475235,0.5359435066020392,0.5322301009229679
16,"Two-Way Radio Supplies, Parts, and Accessories PMNN4424B BATT IMPRES LIION IP68 2350T",5.0,EA,2023-01-03,AUSTIN,TX,,PMNN4424B,72582,RADIO_COMMUNICATIONS,3,"Two-Way Radio Supplies, Parts, and Accessories BATT IMPRES 2 LIION IP68 2550T PMNN4485",103.66,0.945027,111.63,7.1397,True,0.9687226,0.7751882672309875,0.0,0.0,0.0,0.5,0.0,104.33,0.006421930413112256,0.9936190476190475,4,4,8,0.4,0.681303687128252,0.3333333333333333,0.43759413361549376,0.6968095238095238,0.5519151837006165
16,"Two-Way Radio Supplies, Parts, and Accessories PMNN4424B BATT IMPRES LIION IP68 2350T",5.0,EA,2023-01-03,AUSTIN,TX,,PMNN4424B,72582,RADIO_COMMUNICATIONS,4,"Two-Way Radio Supplies, Parts, and Accessories BATT IMPRES LIION IP67 2800T PMNN4448AR",103.66,0.86651,111.63,7.1397,True,0.95809484,0.6558200120925903,0.0,0.0,0.0,0.0,0.0,104.33,0.006421930413112256,0.9936190476190475,4,4,8,0.4,0.5890261717588517,0.25,0.32791000604629517,0.6968095238095238,0.47774728623214724
16,"Two-Way Radio Supplies, Parts, and Accessories PMNN4424B BATT IMPRES LIION IP68 2350T",5.0,EA,2023-01-03,AUSTIN,TX,,PMNN4424B,72582,RADIO_COMMUNICATIONS,5,"Two-Way Radio Supplies, Parts, and Accessories BATT IMPRES 2 LIION IP68 2550T PMNN4485",103.66,0.866242,111.63,7.1397,True,0.9687226,0.7751882672309875,0.0,0.0,0.0,0.5,0.0,104.33,0.006421930413112256,0.9936190476190475,4,4,8,0.4,0.5887112033555887,0.2,0.43759413361549376,0.6968095238095238,0.538026311134717
16,"Two-Way Radio Supplies, Parts, and Accessories PMNN4424B BATT IMPRES LIION IP68 2350T",5.0,EA,2023-01-03,AUSTIN,TX,,PMNN4424B,72582,RADIO_COMMUNICATIONS,6,"Two-Way Radio Supplies, Parts, and Accessories PMNN4505A BATT IMPRES 2 LIION UL2054 DIV2 R IP68 4850T",125.0,0.554562,111.63,11.9771,False,0.89970505,0.0,0.0,0.0,0.0,0.5,0.0,104.33,0.19812134572989554,0.8346399999999999,2,4,8,0.4,0.22240765138168883,0.16666666666666666,0.05,0.61732,0.24605714770725332
16,"Two-Way Radio Supplies, Parts, and Accessories PMNN4424B BATT IMPRES LIION IP68 2350T",5.0,EA,2023-01-03,AUSTIN,TX,,PMNN4424B,72582,RADIO_COMMUNICATIONS,7,"Two-Way Radio Supplies, Parts, and Accessories PMNN4448B BATT IMPRES LIION IP68 2800T",114.98,0.518409,111.63,3.001,True,0.9887383,1.0,0.0,0.0,0.0,0.5,0.0,104.33,0.10207993865618716,0.9073751956862062,2,8,8,0.8,0.17991864883256023,0.14285714285714285,0.55,0.8536875978431031,0.5855940766778149
16,"Two-Way Radio Supplies, Parts, and Accessories PMNN4424B BATT IMPRES LIION IP68 2350T",5.0,EA,2023-01-03,AUSTIN,TX,,PMNN4424B,72582,RADIO_COMMUNICATIONS,8,"Two-Way Radio Supplies, Parts, and Accessories PMNN4504 BATT IMPRES 2 LIION UL2054 DIV2 R IP68 3400T",105.0,0.499225,111.63,5.9393,True,0.9037118,0.0450027771294117,0.0,0.0,0.0,0.5,0.0,104.33,0.006421930413112256,0.9936190476190475,4,6,10,0.6,0.157372552384064,0.125,0.07250138856470585,0.7968095238095237,0.30252450371105494
16,"Two-Way Radio Supplies, Parts, and Accessories PMNN4424B BATT IMPRES LIION IP68 2350T",5.0,EA,2023-01-03,AUSTIN,TX,,PMNN4424B,72582,RADIO_COMMUNICATIONS,9,"Two-Way Radio Supplies, Parts, and Accessories PMNN4505A BATT IMPRES 2 LIION UL2054 DIV2 R IP68 4850T",125.0,0.479906,111.63,11.9771,False,0.89970505,0.0,0.0,0.0,0.0,0.5,0.0,104.33,0.19812134572989554,0.8346399999999999,2,4,8,0.4,0.13466779647870028,0.1111111111111111,0.05,0.61732,0.23289616947180503
16,"Two-Way Radio Supplies, Parts, and Accessories PMNN4424B BATT IMPRES LIION IP68 2350T",5.0,EA,2023-01-03,AUSTIN,TX,,PMNN4424B,72582,RADIO_COMMUNICATIONS,10,"Two-Way Radio Supplies, Parts, and Accessories PMNN4448B BATT IMPRES LIION IP68 2800T",114.93,0.36532,111.63,2.9562,True,0.9887383,1.0,0.0,0.0,0.0,0.5,0.0,104.33,0.10160069011789523,0.9077699469242148,2,8,8,0.8,0.0,0.1,0.55,0.8538849734621075,0.5586654920386322
17,PERSONAL PROTECTIVE EQUIPMENT ENSEMBLE,1.0,EA,2023-01-03,AUSTIN,TX,,,2003158,OTHER_GOODS,1,PERSONAL PROTECTIVE EQUIPMENT ENSEMBLE,78.0,2.182421,285.0,72.6316,False,1.0,1.0,0.0,0.0,0.0,0.0,0.0,78.0,0.0,1.0,8,8,8,0.8,1.0,1.0,0.5,0.9,0.6950000000000001
17,PERSONAL PROTECTIVE EQUIPMENT ENSEMBLE,1.0,EA,2023-01-03,AUSTIN,TX,,,2003158,OTHER_GOODS,2,PERSONAL PROTECTIVE EQUIPMENT ENSEMBLE,156.0,1.296561,285.0,45.2632,False,1.0,1.0,0.0,0.0,0.0,0.0,0.0,78.0,1.0,0.5,1,1,1,0.1,0.35548553214678336,0.5,0.5,0.3,0.4183228298220175
17,PERSONAL PROTECTIVE EQUIPMENT ENSEMBLE,1.0,EA,2023-01-03,AUSTIN,TX,,,2003158,OTHER_GOODS,3,PERSONAL PROTECTIVE EQUIPMENT ENSEMBLE,78.0,1.094794,285.0,72.6316,False,1.0,1.0,0.0,0.0,0.0,0.0,0.0,78.0,0.0,1.0,8,8,8,0.8,0.20868835128825045,0.3333333333333333,0.5,0.9,0.5763032526932376
17,PERSONAL PROTECTIVE EQUIPMENT ENSEMBLE,1.0,EA,2023-01-03,AUSTIN,TX,,,2003158,OTHER_GOODS,4,PERSONAL PROTECTIVE EQUIPMENT ENSEMBLE SIZE 10 CLASS 0 GLOVES,78.0,1.022482,285.0,72.6316,False,0.65229785,0.09202447533607483,0.0,0.0,0.0,0.0,0.0,78.0,0.0,1.0,8,8,8,0.8,0.15607718225544404,0.25,0.046012237668037415,0.9,0.3187183080557372
17,PERSONAL PROTECTIVE EQUIPMENT ENSEMBLE,1.0,EA,2023-01-03,AUSTIN,TX,,,2003158,OTHER_GOODS,5,PERSONAL PROTECTIVE EQUIPMENT ENSEMBLE SIZE 9 CALSS 0 GLOVES,78.0,1.011558,285.0,72.6316,False,0.6170578,0.0,0.0,0.0,0.0,0.0,0.0,78.0,0.0,1.0,8,8,8,0.8,0.14812933942832857,0.2,0.0,0.9,0.2922194009142493
17,PERSONAL PROTECTIVE EQUIPMENT ENSEMBLE,1.0,EA,2023-01-03,AUSTIN,TX,,,2003158,OTHER_GOODS,6,PERSONAL PROTECTIVE EQUIPMENT ENSEMBLE,95.0,0.983513,285.0,66.6667,False,1.0,1.0,0.0,0.0,0.0,0.0,0.0,78.0,0.21794871794871795,0.8210526315789473,1,1,9,0.1,0.1277249772820036,0.16666666666666666,0.5,0.4605263157894736,0.43231664132914266
17,PERSONAL PROTECTIVE EQUIPMENT ENSEMBLE,1.0,EA,2023-01-03,AUSTIN,TX,,,2003158,OTHER_GOODS,7,PERSONAL PROTECTIVE EQUIPMENT ENSEMBLE E011Y/9.5 PR CL0 Gloves,78.0,0.937293,285.0,72.6316,False,0.68434715,0.17571672797203064,0.0,0.0,0.0,0.0,0.0,78.0,0.0,1.0,8,8,8,0.8,0.09409724975826889,0.14285714285714285,0.08785836398601532,0.9,0.3324366876560488
17,PERSONAL PROTECTIVE EQUIPMENT ENSEMBLE,1.0,EA,2023-01-03,AUSTIN,TX,,,2003158,OTHER_GOODS,8,PERSONAL PROTECTIVE EQUIPMENT ENSEMBLE E011Y/10 PR CL0 Gloves,78.0,0.926981,285.0,72.6316,False,0.7048626,0.2292899340391159,0.0,0.0,0.0,0.0,0.0,78.0,0.0,1.0,8,8,8,0.8,0.08659467238430194,0.125,0.11464496701955795,0.9,0.34604393271840217
17,PERSONAL PROTECTIVE EQUIPMENT ENSEMBLE,1.0,EA,2023-01-03,AUSTIN,TX,,,2003158,OTHER_GOODS,9,PERSONAL PROTECTIVE EQUIPMENT ENSEMBLE,78.0,0.863411,285.0,72.6316,False,1.0,1.0,0.0,0.0,0.0,0.0,0.0,78.0,0.0,1.0,8,8,8,0.8,0.04034381477539197,0.1111111111111111,0.5,0.9,0.5510515722163088
17,PERSONAL PROTECTIVE EQUIPMENT ENSEMBLE,1.0,EA,2023-01-03,AUSTIN,TX,,,2003158,OTHER_GOODS,10,PERSONAL PROTECTIVE EQUIPMENT ENSEMBLE E011Y/10 PR CL0 Gloves,78.0,0.80796,285.0,72.6316,False,0.7048626,0.2292899340391159,0.0,0.0,0.0,0.0,0.0,78.0,0.0,1.0,8,8,8,0.8,0.0,0.1,0.11464496701955795,0.9,0.3330547318607569
18,PERSONAL PROTECTIVE EQUIPMENT ENSEMBLE,1.0,EA,2023-01-03,AUSTIN,TX,,,2003158,OTHER_GOODS,1,PERSONAL PROTECTIVE EQUIPMENT ENSEMBLE,78.0,2.182421,95.0,17.8947,False,1.0,1.0,0.0,0.0,0.0,0.0,0.0,78.0,0.0,1.0,8,8,8,0.8,1.0,1.0,0.5,0.9,0.6950000000000001
18,PERSONAL PROTECTIVE EQUIPMENT ENSEMBLE,1.0,EA,2023-01-03,AUSTIN,TX,,,2003158,OTHER_GOODS,2,PERSONAL PROTECTIVE EQUIPMENT ENSEMBLE,156.0,1.296561,95.0,64.2105,False,1.0,1.0,0.0,0.0,0.0,0.0,0.0,78.0,1.0,0.5,1,1,1,0.1,0.35548553214678336,0.5,0.5,0.3,0.4183228298220175
18,PERSONAL PROTECTIVE EQUIPMENT ENSEMBLE,1.0,EA,2023-01-03,AUSTIN,TX,,,2003158,OTHER_GOODS,3,PERSONAL PROTECTIVE EQUIPMENT ENSEMBLE,78.0,1.094794,95.0,17.8947,False,1.0,1.0,0.0,0.0,0.0,0.0,0.0,78.0,0.0,1.0,8,8,8,0.8,0.20868835128825045,0.3333333333333333,0.5,0.9,0.5763032526932376
18,PERSONAL PROTECTIVE EQUIPMENT ENSEMBLE,1.0,EA,2023-01-03,AUSTIN,TX,,,2003158,OTHER_GOODS,4,PERSONAL PROTECTIVE EQUIPMENT ENSEMBLE SIZE 10 CLASS 0 GLOVES,78.0,1.022482,95.0,17.8947,False,0.65229785,0.09202447533607483,0.0,0.0,0.0,0.0,0.0,78.0,0.0,1.0,8,8,8,0.8,0.15607718225544404,0.25,0.046012237668037415,0.9,0.3187183080557372
18,PERSONAL PROTECTIVE EQUIPMENT ENSEMBLE,1.0,EA,2023-01-03,AUSTIN,TX,,,2003158,OTHER_GOODS,5,PERSONAL PROTECTIVE EQUIPMENT ENSEMBLE SIZE 9 CALSS 0 GLOVES,78.0,1.011558,95.0,17.8947,False,0.6170578,0.0,0.0,0.0,0.0,0.0,0.0,78.0,0.0,1.0,8,8,8,0.8,0.14812933942832857,0.2,0.0,0.9,0.2922194009142493
18,PERSONAL PROTECTIVE EQUIPMENT ENSEMBLE,1.0,EA,2023-01-03,AUSTIN,TX,,,2003158,OTHER_GOODS,6,PERSONAL PROTECTIVE EQUIPMENT ENSEMBLE,95.0,0.983513,95.0,0.0,True,1.0,1.0,0.0,0.0,0.0,0.0,0.0,78.0,0.21794871794871795,0.8210526315789473,1,1,9,0.1,0.1277249772820036,0.16666666666666666,0.5,0.4605263157894736,0.43231664132914266
18,PERSONAL PROTECTIVE EQUIPMENT ENSEMBLE,1.0,EA,2023-01-03,AUSTIN,TX,,,2003158,OTHER_GOODS,7,PERSONAL PROTECTIVE EQUIPMENT ENSEMBLE E011Y/9.5 PR CL0 Gloves,78.0,0.937293,95.0,17.8947,False,0.68434715,0.17571672797203064,0.0,0.0,0.0,0.0,0.0,78.0,0.0,1.0,8,8,8,0.8,0.09409724975826889,0.14285714285714285,0.08785836398601532,0.9,0.3324366876560488
18,PERSONAL PROTECTIVE EQUIPMENT ENSEMBLE,1.0,EA,2023-01-03,AUSTIN,TX,,,2003158,OTHER_GOODS,8,PERSONAL PROTECTIVE EQUIPMENT ENSEMBLE E011Y/10 PR CL0 Gloves,78.0,0.926981,95.0,17.8947,False,0.7048626,0.2292899340391159,0.0,0.0,0.0,0.0,0.0,78.0,0.0,1.0,8,8,8,0.8,0.08659467238430194,0.125,0.11464496701955795,0.9,0.34604393271840217
18,PERSONAL PROTECTIVE EQUIPMENT ENSEMBLE,1.0,EA,2023-01-03,AUSTIN,TX,,,2003158,OTHER_GOODS,9,PERSONAL PROTECTIVE EQUIPMENT ENSEMBLE,78.0,0.863411,95.0,17.8947,False,1.0,1.0,0.0,0.0,0.0,0.0,0.0,78.0,0.0,1.0,8,8,8,0.8,0.04034381477539197,0.1111111111111111,0.5,0.9,0.5510515722163088
18,PERSONAL PROTECTIVE EQUIPMENT ENSEMBLE,1.0,EA,2023-01-03,AUSTIN,TX,,,2003158,OTHER_GOODS,10,PERSONAL PROTECTIVE EQUIPMENT ENSEMBLE E011Y/10 PR CL0 Gloves,78.0,0.80796,95.0,17.8947,False,0.7048626,0.2292899340391159,0.0,0.0,0.0,0.0,0.0,78.0,0.0,1.0,8,8,8,0.8,0.0,0.1,0.11464496701955795,0.9,0.3330547318607569
19,PERSONAL PROTECTIVE EQUIPMENT ENSEMBLE,1.0,EA,2023-01-03,AUSTIN,TX,,,2003158,OTHER_GOODS,1,PERSONAL PROTECTIVE EQUIPMENT ENSEMBLE,78.0,1.988967,95.0,17.8947,False,1.0,1.0,0.0,0.0,0.0,0.0,0.0,78.0,0.0,1.0,8,8,8,0.8,1.0,1.0,0.5,0.9,0.6950000000000001
19,PERSONAL PROTECTIVE EQUIPMENT ENSEMBLE,1.0,EA,2023-01-03,AUSTIN,TX,,,2003158,OTHER_GOODS,2,PERSONAL PROTECTIVE EQUIPMENT ENSEMBLE,156.0,1.296561,95.0,64.2105,False,1.0,1.0,0.0,0.0,0.0,0.0,0.0,78.0,1.0,0.5,1,1,1,0.1,0.4280538635766645,0.5,0.5,0.3,0.42920807953649964
19,PERSONAL PROTECTIVE EQUIPMENT ENSEMBLE,1.0,EA,2023-01-03,AUSTIN,TX,,,2003158,OTHER_GOODS,3,PERSONAL PROTECTIVE EQUIPMENT ENSEMBLE SIZE 10 CLASS 0 GLOVES,78.0,1.022482,95.0,17.8947,False,0.65229785,0.18832005560398102,0.0,0.0,0.0,0.0,0.0,78.0,0.0,1.0,8,8,8,0.8,0.20165717561501842,0.3333333333333333,0.09416002780199051,0.9,0.35203659163334755
19,PERSONAL PROTECTIVE EQUIPMENT ENSEMBLE,1.0,EA,2023-01-03,AUSTIN,TX,,,2003158,OTHER_GOODS,4,PERSONAL PROTECTIVE EQUIPMENT ENSEMBLE SIZE 9 CALSS 0 GLOVES,78.0,1.022482,95.0,17.8947,False,0.6170578,0.10605525225400925,0.0,0.0,0.0,0.0,0.0,78.0,0.0,1.0,8,8,8,0.8,0.20165717561501842,0.25,0.05302762612700462,0.9,0.3294137707121053
19,PERSONAL PROTECTIVE EQUIPMENT ENSEMBLE,1.0,EA,2023-01-03,AUSTIN,TX,,,2003158,OTHER_GOODS,5,PERSONAL PROTECTIVE EQUIPMENT ENSEMBLE,78.0,0.949165,95.0,17.8947,False,1.0,1.0,0.0,0.0,0.0,0.0,0.0,78.0,0.0,1.0,8,8,8,0.8,0.1410953450067487,0.2,0.5,0.9,0.5661643017510123
19,PERSONAL PROTECTIVE EQUIPMENT ENSEMBLE,1.0,EA,2023-01-03,AUSTIN,TX,,,2003158,OTHER_GOODS,6,PERSONAL PROTECTIVE EQUIPMENT ENSEMBLE,95.0,0.919643,95.0,0.0,True,1.0,1.0,0.0,0.0,0.0,0.0,0.0,78.0,0.21794871794871795,0.8210526315789473,1,1,9,0.1,0.11670937226894784,0.16666666666666666,0.5,0.4605263157894736,0.4306643005771843
19,PERSONAL PROTECTIVE EQUIPMENT ENSEMBLE,1.0,EA,2023-01-03,AUSTIN,TX,,,2003158,OTHER_GOODS,7,PERSONAL PROTECTIVE EQUIPMENT ENSEMBLE E011Y/10 PR CL0 Gloves,78.0,0.917749,95.0,17.8947,False,0.7048626,0.31102779507637024,0.0,0.0,0.0,0.0,0.0,78.0,0.0,1.0,8,8,8,0.8,0.11514487689717785,0.14285714285714285,0.15551389753818512,0.9,0.3728043751805785
19,PERSONAL PROTECTIVE EQUIPMENT ENSEMBLE,1.0,EA,2023-01-03,AUSTIN,TX,,,2003158,OTHER_GOODS,8,PERSONAL PROTECTIVE EQUIPMENT ENSEMBLE,78.0,0.863411,95.0,17.8947,False,1.0,1.0,0.0,0.0,0.0,0.0,0.0,78.0,0.0,1.0,8,8,8,0.8,0.07026021506442191,0.125,0.5,0.9,0.5555390322596633
19,PERSONAL PROTECTIVE EQUIPMENT ENSEMBLE,1.0,EA,2023-01-03,AUSTIN,TX,,,2003158,OTHER_GOODS,9,PERSONAL PROTECTIVE EQUIPMENT ENSEMBLE E011Y/9.5 PR CL0 Gloves,78.0,0.817698,95.0,17.8947,False,0.68434715,0.2631362974643707,0.0,0.0,0.0,0.0,0.0,78.0,0.0,1.0,8,8,8,0.8,0.032500037171220617,0.1111111111111111,0.13156814873218536,0.9,0.34723748737838506
19,PERSONAL PROTECTIVE EQUIPMENT ENSEMBLE,1.0,EA,2023-01-03,AUSTIN,TX,,,2003158,OTHER_GOODS,10,PERSONAL PROTECTIVE EQUIPMENT ENSEMBLE Replacement gloves 1pair class 0 super -- Cobler,78.0,0.778353,95.0,17.8947,False,0.57162654,0.0,0.0,0.0,0.0,0.0,0.0,78.0,0.0,1.0,8,8,8,0.8,0.0,0.1,0.0,0.9,0.27
20,PERSONAL PROTECTIVE EQUIPMENT ENSEMBLE,1.0,EA,2023-01-03,AUSTIN,TX,,,2003158,OTHER_GOODS,1,PERSONAL PROTECTIVE EQUIPMENT ENSEMBLE,78.0,1.988967,280.0,72.1429,False,1.0,1.0,0.0,0.0,0.0,0.0,0.0,78.0,0.0,1.0,8,8,8,0.8,1.0,1.0,0.5,0.9,0.6950000000000001
20,PERSONAL PROTECTIVE EQUIPMENT ENSEMBLE,1.0,EA,2023-01-03,AUSTIN,TX,,,2003158,OTHER_GOODS,2,PERSONAL PROTECTIVE EQUIPMENT ENSEMBLE,156.0,1.296561,280.0,44.2857,False,1.0,1.0,0.0,0.0,0.0,0.0,0.0,78.0,1.0,0.5,1,1,1,0.1,0.4280538635766645,0.5,0.5,0.3,0.42920807953649964
20,PERSONAL PROTECTIVE EQUIPMENT ENSEMBLE,1.0,EA,2023-01-03,AUSTIN,TX,,,2003158,OTHER_GOODS,3,PERSONAL PROTECTIVE EQUIPMENT ENSEMBLE SIZE 10 CLASS 0 GLOVES,78.0,1.022482,280.0,72.1429,False,0.6522979,0.18832018971443176,0.0,0.0,0.0,0.0,0.0,78.0,0.0,1.0,8,8,8,0.8,0.20165717561501842,0.3333333333333333,0.09416009485721588,0.9,0.35203662851372153
20,PERSONAL PROTECTIVE EQUIPMENT ENSEMBLE,1.0,EA,2023-01-03,AUSTIN,TX,,,2003158,OTHER_GOODS,4,PERSONAL PROTECTIVE EQUIPMENT ENSEMBLE SIZE 9 CALSS 0 GLOVES,78.0,1.022482,280.0,72.1429,False,0.6170578,0.10605525225400925,0.0,0.0,0.0,0.0,0.0,78.0,0.0,1.0,8,8,8,0.8,0.20165717561501842,0.25,0.05302762612700462,0.9,0.3294137707121053
20,PERSONAL PROTECTIVE EQUIPMENT ENSEMBLE,1.0,EA,2023-01-03,AUSTIN,TX,,,2003158,OTHER_GOODS,5,PERSONAL PROTECTIVE EQUIPMENT ENSEMBLE,78.0,0.949165,280.0,72.1429,False,1.0,1.0,0.0,0.0,0.0,0.0,0.0,78.0,0.0,1.0,8,8,8,0.8,0.1410953450067487,0.2,0.5,0.9,0.5661643017510123
20,PERSONAL PROTECTIVE EQUIPMENT ENSEMBLE,1.0,EA,2023-01-03,AUSTIN,TX,,,2003158,OTHER_GOODS,6,PERSONAL PROTECTIVE EQUIPMENT ENSEMBLE,95.0,0.919643,280.0,66.0714,False,1.0,1.0,0.0,0.0,0.0,0.0,0.0,78.0,0.21794871794871795,0.8210526315789473,1,1,9,0.1,0.11670937226894784,0.16666666666666666,0.5,0.4605263157894736,0.4306643005771843
20,PERSONAL PROTECTIVE EQUIPMENT ENSEMBLE,1.0,EA,2023-01-03,AUSTIN,TX,,,2003158,OTHER_GOODS,7,PERSONAL PROTECTIVE EQUIPMENT ENSEMBLE E011Y/10 PR CL0 Gloves,78.0,0.917749,280.0,72.1429,False,0.7048626,0.31102779507637024,0.0,0.0,0.0,0.0,0.0,78.0,0.0,1.0,8,8,8,0.8,0.11514487689717785,0.14285714285714285,0.15551389753818512,0.9,0.3728043751805785
20,PERSONAL PROTECTIVE EQUIPMENT ENSEMBLE,1.0,EA,2023-01-03,AUSTIN,TX,,,2003158,OTHER_GOODS,8,PERSONAL PROTECTIVE EQUIPMENT ENSEMBLE,78.0,0.863411,280.0,72.1429,False,1.0,1.0,0.0,0.0,0.0,0.0,0.0,78.0,0.0,1.0,8,8,8,0.8,0.07026021506442191,0.125,0.5,0.9,0.5555390322596633
20,PERSONAL PROTECTIVE EQUIPMENT ENSEMBLE,1.0,EA,2023-01-03,AUSTIN,TX,,,2003158,OTHER_GOODS,9,PERSONAL PROTECTIVE EQUIPMENT ENSEMBLE E011Y/9.5 PR CL0 Gloves,78.0,0.817698,280.0,72.1429,False,0.68434715,0.2631362974643707,0.0,0.0,0.0,0.0,0.0,78.0,0.0,1.0,8,8,8,0.8,0.032500037171220617,0.1111111111111111,0.13156814873218536,0.9,0.34723748737838506
20,PERSONAL PROTECTIVE EQUIPMENT ENSEMBLE,1.0,EA,2023-01-03,AUSTIN,TX,,,2003158,OTHER_GOODS,10,PERSONAL PROTECTIVE EQUIPMENT ENSEMBLE Replacement gloves 1pair class 0 super -- Cobler,78.0,0.778353,280.0,72.1429,False,0.57162654,0.0,0.0,0.0,0.0,0.0,0.0,78.0,0.0,1.0,8,8,8,0.8,0.0,0.1,0.0,0.9,0.27
21,"PARTS AND ACCESSORIES, CONVEYOR BELT 4 EA PULLEY,CONVEYOR, TIMING PULLEY, HSD @ $103.73 = $414.92 Catalog # TB18H150",4.0,EA,2023-01-03,AUSTIN,TX,,TB18H150,1102255,OTHER_GOODS,1,"PARTS AND ACCESSORIES, CONVEYOR BELT Catalog # 5371-273-073",2283.65,-0.036698,103.73,2101.5328,False,0.7583933,0.4622136056423187,0.0,0.0,0.0,0.0,0.0,1136.3899999999999,1.0095653780832288,0.49762003809690614,3,3,3,0.3,1.0,1.0,0.23110680282115936,0.39881001904845303,0.39675174726617357
21,"PARTS AND ACCESSORIES, CONVEYOR BELT 4 EA PULLEY,CONVEYOR, TIMING PULLEY, HSD @ $103.73 = $414.92 Catalog # TB18H150",4.0,EA,2023-01-03,AUSTIN,TX,,TB18H150,1102255,OTHER_GOODS,2,"PARTS AND ACCESSORIES, CONVEYOR BELT Belt, Conveyor-NOVO25HC, Merged Laced Reinforced Catalog# MCOB_NOVO25-HC_Merge Belt",904.72,-0.048884,103.73,772.1874,False,0.6899133,0.0,0.0,0.0,0.0,0.0,0.0,1136.3899999999999,0.2038648703350081,0.8306580120754938,2,2,2,0.2,0.8912488621557464,0.5,0.0,0.5153290060377469,0.288286031134686
21,"PARTS AND ACCESSORIES, CONVEYOR BELT 4 EA PULLEY,CONVEYOR, TIMING PULLEY, HSD @ $103.73 = $414.92 Catalog # TB18H150",4.0,EA,2023-01-03,AUSTIN,TX,,TB18H150,1102255,OTHER_GOODS,3,"PARTS AND ACCESSORIES, CONVEYOR BELT Catalog # DXAL00010009",477.89,-0.052945,103.73,360.7057,False,0.7648668,0.5059074759483337,0.0,0.0,0.0,0.0,0.0,1136.3899999999999,0.5794665563758921,0.6331251497306242,1,1,1,0.1,0.8550074071429847,0.3333333333333333,0.25295373797416687,0.3665625748653121,0.3773444394168331
21,"PARTS AND ACCESSORIES, CONVEYOR BELT 4 EA PULLEY,CONVEYOR, TIMING PULLEY, HSD @ $103.73 = $414.92 Catalog # TB18H150",4.0,EA,2023-01-03,AUSTIN,TX,,TB18H150,1102255,OTHER_GOODS,4,"PARTS AND ACCESSORIES, CONVEYOR BELT",1368.06,-0.059802,103.73,1218.8663,False,0.75399715,0.4325413405895233,0.0,0.0,0.0,0.0,0.0,1136.3899999999999,0.2038648703350083,0.8306580120754937,1,1,1,0.1,0.7938136969675336,0.25,0.21627067029476166,0.46532900603774685,0.377619625018573
21,"PARTS AND ACCESSORIES, CONVEYOR BELT 4 EA PULLEY,CONVEYOR, TIMING PULLEY, HSD @ $103.73 = $414.92 Catalog # TB18H150",4.0,EA,2023-01-03,AUSTIN,TX,,TB18H150,1102255,OTHER_GOODS,5,"PARTS AND ACCESSORIES, CONVEYOR BELT",883.67,-0.10712,103.73,751.8943,False,0.75399715,0.4325413405895233,0.0,0.0,0.0,0.0,0.0,1136.3899999999999,0.2223884405881783,0.8180705631663439,2,2,3,0.2,0.37153515269423665,0.2,0.21627067029476166,0.5090352815831719,0.327389726041206
21,"PARTS AND ACCESSORIES, CONVEYOR BELT 4 EA PULLEY,CONVEYOR, TIMING PULLEY, HSD @ $103.73 = $414.92 Catalog # TB18H150",4.0,EA,2023-01-03,AUSTIN,TX,,TB18H150,1102255,OTHER_GOODS,6,"PARTS AND ACCESSORIES, CONVEYOR BELT Belt, Conveyor, HSD Paddle Catalog # E8/2V1/V/U20/B",217.7,-0.129875,103.73,109.8718,False,0.8380699,1.0,0.0,0.0,0.0,0.0,0.0,1136.3899999999999,0.8084284444600884,0.5529663078809585,1,1,1,0.1,0.16846341942277837,0.16666666666666666,0.5,0.3264831539404792,0.3982144590955606
21,"PARTS AND ACCESSORIES, CONVEYOR BELT 4 EA PULLEY,CONVEYOR, TIMING PULLEY, HSD @ $103.73 = $414.92 Catalog # TB18H150",4.0,EA,2023-01-03,AUSTIN,TX,,TB18H150,1102255,OTHER_GOODS,7,"PARTS AND ACCESSORIES, CONVEYOR BELT Tail Pulley #P49387/140",717.0,-0.140897,103.73,591.2176,False,0.8024966,0.7598939538002014,0.0,0.0,0.0,0.0,0.0,1136.3899999999999,0.3690546379323999,0.730431037807402,1,1,1,0.1,0.0701001302943224,0.14285714285714285,0.3799469769001007,0.415215518903701,0.34405051251031404
21,"PARTS AND ACCESSORIES, CONVEYOR BELT 4 EA PULLEY,CONVEYOR, TIMING PULLEY, HSD @ $103.73 = $414.92 Catalog # TB18H150",4.0,EA,2023-01-03,AUSTIN,TX,,TB18H150,1102255,OTHER_GOODS,8,"PARTS AND ACCESSORIES, CONVEYOR BELT Catalog # 5371-273-073",2283.65,-0.141793,103.73,2101.5328,False,0.7583933,0.4622136056423187,0.0,0.0,0.0,0.0,0.0,1136.3899999999999,1.0095653780832288,0.49762003809690614,3,3,3,0.3,0.062103985578381794,0.125,0.23110680282115936,0.39881001904845303,0.25606734510293083
21,"PARTS AND ACCESSORIES, CONVEYOR BELT 4 EA PULLEY,CONVEYOR, TIMING PULLEY, HSD @ $103.73 = $414.92 Catalog # TB18H150",4.0,EA,2023-01-03,AUSTIN,TX,,TB18H150,1102255,OTHER_GOODS,9,"PARTS AND ACCESSORIES, CONVEYOR BELT 1 EA CONTROLLER - Track & Trace, MSC800-0000 @ $1,670.00 Catalog # 1040571",1670.0,-0.142911,103.73,1509.9489,False,0.7923854,0.6916471719741821,0.0,0.0,0.0,0.0,0.0,1136.3899999999999,0.4695659060709793,0.6804730538922155,1,1,2,0.1,0.05212665322076843,0.1111111111111111,0.34582358598709106,0.3902365269461077,0.31509292835984765
21,"PARTS AND ACCESSORIES, CONVEYOR BELT 4 EA PULLEY,CONVEYOR, TIMING PULLEY, HSD @ $103.73 = $414.92 Catalog # TB18H150",4.0,EA,2023-01-03,AUSTIN,TX,,TB18H150,1102255,OTHER_GOODS,10,"PARTS AND ACCESSORIES, CONVEYOR BELT 1 EA CLUTCH/BRAKE - UM-210-1020, 90V, W/2CBC-160-1 @ $2,283.65 Catalog # 5371-273-073",2283.65,-0.148752,103.73,2101.5328,False,0.7191056,0.19703692197799683,0.0,0.0,0.0,0.0,0.0,1136.3899999999999,1.0095653780832288,0.49762003809690614,3,3,3,0.3,0.0,0.1,0.09851846098899841,0.39881001904845303,0.17382815925848502
22,"Switches, Miscellaneous Insight - Q-SYS AV project PO 7815",2.0,EA,2023-01-03,AUSTIN,TX,,,28579,OTHER_GOODS,1,"Switches, Miscellaneous",8715.0,0.601099,1221.57,613.4262,False,0.6568653,1.0,0.0,0.0,0.0,0.0,0.0,3503.5,1.4875124875124874,0.40200803212851405,2,2,3,0.2,1.0,1.0,0.5,0.30100401606425703,0.5153012048192771
22,"Switches, Miscellaneous Insight - Q-SYS AV project PO 7815",2.0,EA,2023-01-03,AUSTIN,TX,,,28579,OTHER_GOODS,2,"Switches, Miscellaneous",8450.0,0.328121,1221.57,591.7328,False,0.6568653,1.0,0.0,0.0,0.0,0.0,0.0,3503.5,1.411873840445269,0.41461538461538466,2,2,3,0.2,0.6917442920105651,0.5,0.5,0.30730769230769234,0.47095395149389246
22,"Switches, Miscellaneous Insight - Q-SYS AV project PO 7815",2.0,EA,2023-01-03,AUSTIN,TX,,,28579,OTHER_GOODS,3,"Switches, Miscellaneous Requestor: Julius Heslop SINGLE PHASE ELECTRONIC RECLOSER, RATED FOR 15KV AND 400A OF CONTINOUS CURRENT. CAPABLE OF INTERRUPTING FAULTS UP TO 8KA. RATED FOR 30,000 MECHANICAL OPERATIONS. WEIGHT OF THE UNIT SHALL BE 55 LBS OR LESS, AND A LIGHTING IMPULSE WITHSTAND OF 125KV. THE RECLOSER INTERUPTER, DRIVE MECHANISM, CONTROL, AND HOUSING SHALL BE AT SYSTEM POTENTIAL. RECLOSER SHALL BE SELF POWERED AND DESIGNED TO FUNCTION WITHOUT THE USE OF AN EXTERNAL TRANSFORMER FOR POWER. THE RECLOSER UNIT SHALL HAVE A MICROPROCESSOR BASED CONTROL WHICH SHALL ALLOW THE USER TO PROGRAM ANY OF THE 11 STANDARD RECLOSER CURVES. CONTROL SHALL ALSO ALLOW TO USER TO PROGRAM MINIMUM TRIP AND RESPONSE TIMES, NUMBER OF OPERATIONS TO LOCKOUT, AND COLD LOAD TIME. RECLOSER CONTROL SHALL STORE EVENT HISTORY FROM THE LAST 40 OVERCURRENT OPERATIONS AND SHALL ALSO HAVE A SCRATCH PAD NON-VOLTATILE MEMORY FOR USER ENTERED NOTES. RECLOSER UNIT SHALL UTILIZE ENHANCED SECURITY PROTOCOL AND SUPPORT SIFLECT HIGH PERFORMANCE RADIO. THE RECLOSER CONROL SHALL BE INTERNAL TO THE RECLOSER HOUSING AND SHALL BE ACCESSIBLE VIA RADIO. ALL SETTINGS SHALL BE CAPABLE OF BEING SET VIA RADIO. THE RECLOSER UNIT SHALL HAVE A MANUAL YELLOW OPERATING HANDLE THAT MIMICS TRADITIONAL OCR RECLOSERS. THE RECLOSER UNIT SHALL ALSO HAVE AN AMBER LED LOCKOUT BEACON WHICH FLASHED FOR 4 HOURS. SHALL BE IN ACCORDANCE WITH LATEST REVISION OF E-1765",3207.0,0.254355,1221.57,162.531,False,0.45242852,0.32654303312301636,0.0,0.0,0.0,0.0,0.0,3503.5,0.08462965605822749,0.9219736842105263,1,1,2,0.1,0.608445306174532,0.3333333333333333,0.16327151656150818,0.5109868421052631,0.33436218266658824
22,"Switches, Miscellaneous Insight - Q-SYS AV project PO 7815",2.0,EA,2023-01-03,AUSTIN,TX,,,28579,OTHER_GOODS,4,"Switches, Miscellaneous Spare Communication Module?Less Battery Pack and Radio",3800.0,0.178292,1221.57,211.0751,False,0.41278207,0.19593943655490875,0.0,0.0,0.0,0.0,0.0,3503.5,0.08462965605822749,0.9219736842105263,1,1,2,0.1,0.5225524726245742,0.25,0.09796971827745438,0.5109868421052631,0.285562268577865
22,"Switches, Miscellaneous Insight - Q-SYS AV project PO 7815",2.0,EA,2023-01-03,AUSTIN,TX,,,28579,OTHER_GOODS,5,"Switches, Miscellaneous",2195.0,0.15348,1221.57,79.6868,False,0.6568653,1.0,0.0,0.0,0.0,0.0,0.0,3503.5,0.3734836591979449,0.7280756442227764,1,1,1,0.1,0.49453394868992057,0.2,0.5,0.4140378221113882,0.47339143893690455
22,"Switches, Miscellaneous Insight - Q-SYS AV project PO 7815",2.0,EA,2023-01-03,AUSTIN,TX,,,28579,OTHER_GOODS,6,"Switches, Miscellaneous KIT-UZD CONTACT 1030-021K-V1",9720.2,-0.185571,1221.57,695.7137,False,0.53480065,0.5978938341140747,0.0,0.0,0.0,0.0,0.0,3503.5,1.7744255744255746,0.36043497047385853,1,1,3,0.1,0.11166644270216369,0.16666666666666666,0.29894691705703735,0.23021748523692925,0.25023601635777387
22,"Switches, Miscellaneous Insight - Q-SYS AV project PO 7815",2.0,EA,2023-01-03,AUSTIN,TX,,,28579,OTHER_GOODS,7,"Switches, Miscellaneous",236.0,-0.221111,1221.57,80.6806,False,0.6568653,1.0,0.0,0.0,0.0,0.0,0.0,3503.5,0.9326387897816469,0.5174272633289027,1,1,1,0.1,0.07153350941836605,0.14285714285714285,0.5,0.3087136316644513,0.3783441159120903
22,"Switches, Miscellaneous Insight - Q-SYS AV project PO 7815",2.0,EA,2023-01-03,AUSTIN,TX,,,28579,OTHER_GOODS,8,"Switches, Miscellaneous Attaches to external power supply connector in base",620.0,-0.235217,1221.57,49.2456,False,0.35330206,0.0,0.0,0.0,0.0,0.0,0.0,3503.5,0.8230341087483944,0.5485360889306403,1,1,1,0.1,0.05560455171152165,0.125,0.0,0.32426804446532015,0.1056210960963243
22,"Switches, Miscellaneous Insight - Q-SYS AV project PO 7815",2.0,EA,2023-01-03,AUSTIN,TX,,,28579,OTHER_GOODS,9,"Switches, Miscellaneous Switch, Air, 138 kV, 3000 A, 3-pole, V-Type center break, outdoor, group operated, phase-over-phase, mounted on a 70 foot tall transmission pole. Per Austin Energy specification E-1740 and attached drawings, POLE #1 and SW #1. Recommend Manufacturers or buyer approved equal: Royal Switchgear Manufacturing Item # AV13830STD.",12823.0,-0.243718,1221.57,949.7147,False,0.41108608,0.19035249948501587,0.0,0.0,0.0,0.0,0.0,3503.5,2.660054231482803,0.27321999532090774,1,1,1,0.1,0.04600494378114565,0.1111111111111111,0.09517624974250793,0.18660999766045389,0.11523067822368739
22,"Switches, Miscellaneous Insight - Q-SYS AV project PO 7815",2.0,EA,2023-01-03,AUSTIN,TX,,,28579,OTHER_GOODS,10,"Switches, Miscellaneous SWITCH, Emergency Stop - Rotary Disconnect, 30A, 3-Pole, 4 NO Aux. Contacts CAT # 70895850",292.29,-0.284458,1221.57,76.0726,False,0.52229315,0.5566915273666382,0.0,0.0,0.0,0.0,0.0,3503.5,0.9165719994291422,0.5217649012392196,1,1,2,0.1,0.0,0.1,0.2783457636833191,0.3108824506196098,0.24635490521170844
23,"SPLICES, WIRE/CABLE, COMPRESSION 63CSHT2PR1 1/0 KITS TAP H TYPE STRAIGHT RECEPTACLE 1/0 ADAPTER",100.0,SET,2023-01-04,AUSTIN,TX,,63CSHT2PR1,2851078,ELECTRICAL_SUPPLIES,1,"SPLICES, WIRE/CABLE, COMPRESSION Richards P635LSCS2PR2- 35 Kv CS Disconnectable Sleeve Kit, P Size, R",267.5,1.453769,278.75,4.0359,True,0.7591771,1.0,0.0,0.0,0.0,0.0,0.0,100.67500000000001,1.6570648125155198,0.37635514018691596,1,1,1,0.1,1.0,1.0,0.5,0.23817757009345797,0.4964532710280374
23,"SPLICES, WIRE/CABLE, COMPRESSION 63CSHT2PR1 1/0 KITS TAP H TYPE STRAIGHT RECEPTACLE 1/0 ADAPTER",100.0,SET,2023-01-04,AUSTIN,TX,,63CSHT2PR1,2851078,ELECTRICAL_SUPPLIES,2,"SPLICES, WIRE/CABLE, COMPRESSION 15/25/28 kV Class 600/900 Amp Cold Shrink Disconnectable Sleeve",355.0,1.102811,278.75,27.3543,False,0.6781464,0.8249843716621399,0.0,0.0,0.0,0.0,0.0,100.67500000000001,2.526198162403774,0.2835915492957747,1,2,2,0.2,0.8645366134577943,0.5,0.41249218583106995,0.24179577464788735,0.4290899266201238
23,"SPLICES, WIRE/CABLE, COMPRESSION 63CSHT2PR1 1/0 KITS TAP H TYPE STRAIGHT RECEPTACLE 1/0 ADAPTER",100.0,SET,2023-01-04,AUSTIN,TX,,63CSHT2PR1,2851078,ELECTRICAL_SUPPLIES,3,"SPLICES, WIRE/CABLE, COMPRESSION Darralyn 512.505.7293 Buyer Splice, compression per bidded specs RFQDNJ0110",159.35,-0.57348,278.75,42.8341,False,0.7200347,0.9154576063156128,0.0,0.0,0.0,0.0,0.0,100.67500000000001,0.5828159920536377,0.6317853780985254,2,2,2,0.2,0.21751886292861344,0.3333333333333333,0.4577288031578064,0.4158926890492627,0.40914647789086434
23,"SPLICES, WIRE/CABLE, COMPRESSION 63CSHT2PR1 1/0 KITS TAP H TYPE STRAIGHT RECEPTACLE 1/0 ADAPTER",100.0,SET,2023-01-04,AUSTIN,TX,,63CSHT2PR1,2851078,ELECTRICAL_SUPPLIES,4,"CONNECTORS, CABLE, CRIMP TYPE OHMITE 825F2KOE., RES CHAS MNT 2K OHM 1% 25W, Allied# G1000610",6.9,-0.595254,278.75,97.5247,False,0.613335,0.6850001811981201,0.0,0.0,0.0,0.5,0.0,100.67500000000001,0.9314626272659547,0.5177423502185652,2,2,2,0.2,0.209114496085373,0.25,0.39250009059906005,0.35887117510928257,0.3549035767750738
23,"SPLICES, WIRE/CABLE, COMPRESSION 63CSHT2PR1 1/0 KITS TAP H TYPE STRAIGHT RECEPTACLE 1/0 ADAPTER",100.0,SET,2023-01-04,AUSTIN,TX,,63CSHT2PR1,2851078,ELECTRICAL_SUPPLIES,5,"CONNECTORS, CABLE, CRIMP TYPE",6.8,-0.8462,278.75,97.5605,False,0.63632214,0.7346493601799011,0.0,0.0,0.0,0.0,0.0,100.67500000000001,0.9324559225229699,0.5174762271909534,2,2,2,0.2,0.11225391732888272,0.2,0.36732468008995056,0.3587381135954767,0.32648809572744825
23,"SPLICES, WIRE/CABLE, COMPRESSION 63CSHT2PR1 1/0 KITS TAP H TYPE STRAIGHT RECEPTACLE 1/0 ADAPTER",100.0,SET,2023-01-04,AUSTIN,TX,,63CSHT2PR1,2851078,ELECTRICAL_SUPPLIES,6,"CONNECTORS, CABLE, CRIMP TYPE",44.52,-0.870328,278.75,84.0287,False,0.63632214,0.7346493601799011,0.0,0.0,0.0,0.0,0.0,100.67500000000001,0.5577849515768563,0.6419371293757572,1,1,1,0.1,0.1029409494224941,0.16666666666666666,0.36732468008995056,0.3709685646878786,0.3287602858692105
23,"SPLICES, WIRE/CABLE, COMPRESSION 63CSHT2PR1 1/0 KITS TAP H TYPE STRAIGHT RECEPTACLE 1/0 ADAPTER",100.0,SET,2023-01-04,AUSTIN,TX,,63CSHT2PR1,2851078,ELECTRICAL_SUPPLIES,7,"CONNECTORS, CABLE, CRIMP TYPE",34.95,-0.915229,278.75,87.4619,False,0.63632214,0.7346493601799011,0.0,0.0,0.0,0.0,0.0,100.67500000000001,0.6528433076732059,0.6050180288461539,1,1,1,0.1,0.08560998241467103,0.14285714285714285,0.36732468008995056,0.3525090144230769,0.32062277573859654
23,"SPLICES, WIRE/CABLE, COMPRESSION 63CSHT2PR1 1/0 KITS TAP H TYPE STRAIGHT RECEPTACLE 1/0 ADAPTER",100.0,SET,2023-01-04,AUSTIN,TX,,63CSHT2PR1,2851078,ELECTRICAL_SUPPLIES,8,"CONNECTORS, CABLE, CRIMP TYPE",4.92,-0.937987,278.75,98.235,False,0.63632214,0.7346493601799011,0.0,0.0,0.0,0.0,0.0,100.67500000000001,0.9511298733548548,0.512523545283307,1,1,1,0.1,0.07682580951954535,0.125,0.36732468008995056,0.3062617726416535,0.3054309772699007
23,"SPLICES, WIRE/CABLE, COMPRESSION 63CSHT2PR1 1/0 KITS TAP H TYPE STRAIGHT RECEPTACLE 1/0 ADAPTER",100.0,SET,2023-01-04,AUSTIN,TX,,63CSHT2PR1,2851078,ELECTRICAL_SUPPLIES,9,"SPLICES, WIRE/CABLE, COMPRESSION WITH ADJUSTABLE CLEVIS, DOUBLE TONGUE, HUBBELL PART NO. DACDA3309SSAC. FOR USE WITH 795 ACSS DRAKE. WITH TWO 4-HOLE PAD 15 DEG. JUMPER TERMINALS. SEE DWG. ADE-01. BIDDER SHALL PROVIDE CUTSHEET WITH BID.",386.0,-1.105575,278.75,38.4753,False,0.68036485,0.829775869846344,0.0,0.0,0.0,0.0,0.0,100.67500000000001,2.83411969207847,0.2608160621761658,1,2,2,0.2,0.012139898316965146,0.1111111111111111,0.414887934923172,0.23040803108808292,0.29913175828171423
23,"SPLICES, WIRE/CABLE, COMPRESSION 63CSHT2PR1 1/0 KITS TAP H TYPE STRAIGHT RECEPTACLE 1/0 ADAPTER",100.0,SET,2023-01-04,AUSTIN,TX,,63CSHT2PR1,2851078,ELECTRICAL_SUPPLIES,10,Electrical Parts (Not Ignition),156.83,-1.137027,278.75,43.7381,False,0.2961861,0.0,0.0,0.0,0.0,0.0,0.0,100.67500000000001,0.5577849515768561,0.6419371293757572,2,2,2,0.2,0.0,0.1,0.0,0.4209685646878786,0.12629056940636357
24,CARBON DIOXIDE (CO2) INDUSTRIAL GAS,122.82096,TON,2023-01-04,Burr Ridge,IL,,,4309229,CHEMICALS_GASES,1,CARBON DIOXIDE (CO2) INDUSTRIAL GAS,147.96,2.064579,147.96,0.0,True,1.0,1.0,0.0,0.0,0.0,1.0,0.0,147.96,0.0,1.0,10,10,10,1.0,1.0,1.0,0.6,1.0,0.78
24,CARBON DIOXIDE (CO2) INDUSTRIAL GAS,122.82096,TON,2023-01-04,Burr Ridge,IL,,,4309229,CHEMICALS_GASES,2,CARBON DIOXIDE (CO2) INDUSTRIAL GAS,147.96,1.987924,147.96,0.0,True,1.0,1.0,0.0,0.0,0.0,1.0,0.0,147.96,0.0,1.0,10,10,10,1.0,0.9348662487275742,0.5,0.6,1.0,0.7702299373091361
24,CARBON DIOXIDE (CO2) INDUSTRIAL GAS,122.82096,TON,2023-01-04,Burr Ridge,IL,,,4309229,CHEMICALS_GASES,3,CARBON DIOXIDE (CO2) INDUSTRIAL GAS,147.96,1.480207,147.96,0.0,True,1.0,1.0,0.0,0.0,0.0,1.0,0.0,147.96,0.0,1.0,10,10,10,1.0,0.5034591285816978,0.3333333333333333,0.6,1.0,0.7055188692872547
24,CARBON DIOXIDE (CO2) INDUSTRIAL GAS,122.82096,TON,2023-01-04,Burr Ridge,IL,,,4309229,CHEMICALS_GASES,4,CARBON DIOXIDE (CO2) INDUSTRIAL GAS,147.96,1.473401,147.96,0.0,True,1.0,1.0,0.0,0.0,0.0,1.0,0.0,147.96,0.0,1.0,10,10,10,1.0,0.4976760705794783,0.25,0.6,1.0,0.7046514105869217
24,CARBON DIOXIDE (CO2) INDUSTRIAL GAS,122.82096,TON,2023-01-04,Burr Ridge,IL,,,4309229,CHEMICALS_GASES,5,CARBON DIOXIDE (CO2) INDUSTRIAL GAS,147.96,1.409413,147.96,0.0,True,1.0,1.0,0.0,0.0,0.0,1.0,0.0,147.96,0.0,1.0,10,10,10,1.0,0.443305468838953,0.2,0.6,1.0,0.6964958203258429
24,CARBON DIOXIDE (CO2) INDUSTRIAL GAS,122.82096,TON,2023-01-04,Burr Ridge,IL,,,4309229,CHEMICALS_GASES,6,CARBON DIOXIDE (CO2) INDUSTRIAL GAS,147.96,1.297296,147.96,0.0,True,1.0,1.0,0.0,0.0,0.0,1.0,0.0,147.96,0.0,1.0,10,10,10,1.0,0.3480396571970437,0.16666666666666666,0.6,1.0,0.6822059485795565
24,CARBON DIOXIDE (CO2) INDUSTRIAL GAS,122.82096,TON,2023-01-04,Burr Ridge,IL,,,4309229,CHEMICALS_GASES,7,CARBON DIOXIDE (CO2) INDUSTRIAL GAS,147.96,1.172857,147.96,0.0,True,1.0,1.0,0.0,0.0,0.0,1.0,0.0,147.96,0.0,1.0,10,10,10,1.0,0.24230384251320863,0.14285714285714285,0.6,1.0,0.6663455763769813
24,CARBON DIOXIDE (CO2) INDUSTRIAL GAS,122.82096,TON,2023-01-04,Burr Ridge,IL,,,4309229,CHEMICALS_GASES,8,CARBON DIOXIDE (CO2) INDUSTRIAL GAS,147.96,1.024691,147.96,0.0,True,1.0,1.0,0.0,0.0,0.0,1.0,0.0,147.96,0.0,1.0,10,10,10,1.0,0.11640719661887391,0.125,0.6,1.0,0.647461079492831
24,CARBON DIOXIDE (CO2) INDUSTRIAL GAS,122.82096,TON,2023-01-04,Burr Ridge,IL,,,4309229,CHEMICALS_GASES,9,CARBON DIOXIDE (CO2) INDUSTRIAL GAS,147.96,0.966789,147.96,0.0,True,1.0,1.0,0.0,0.0,0.0,1.0,0.0,147.96,0.0,1.0,10,10,10,1.0,0.06720786890149093,0.1111111111111111,0.6,1.0,0.6400811803352237
24,CARBON DIOXIDE (CO2) INDUSTRIAL GAS,122.82096,TON,2023-01-04,Burr Ridge,IL,,,4309229,CHEMICALS_GASES,10,CARBON DIOXIDE (CO2) INDUSTRIAL GAS,147.96,0.887693,147.96,0.0,True,1.0,1.0,0.0,0.0,0.0,1.0,0.0,147.96,0.0,1.0,10,10,10,1.0,0.0,0.1,0.6,1.0,0.63
25,MAGNESIUM HYDROXIDE,76.73002,TON,2023-01-04,Austin,TX,,,2695657,OTHER_GOODS,1,MAGNESIUM HYDROXIDE,751.36,2.724355,826.5,9.0913,True,1.0000001,1.0,0.0,0.0,0.0,0.0,0.0,751.36,0.0,1.0,10,10,10,1.0,1.0,1.0,0.5,1.0,0.725
25,MAGNESIUM HYDROXIDE,76.73002,TON,2023-01-04,Austin,TX,,,2695657,OTHER_GOODS,2,MAGNESIUM HYDROXIDE,729.24,1.71394,826.5,11.7677,False,1.0000001,1.0,0.0,0.0,0.0,0.0,0.0,751.36,0.029439948892674622,0.9714019754874075,10,10,10,1.0,0.511245917435453,0.5,0.5,0.9857009877437037,0.6473971839384292
25,MAGNESIUM HYDROXIDE,76.73002,TON,2023-01-04,Austin,TX,,,2695657,OTHER_GOODS,3,MAGNESIUM HYDROXIDE,751.36,1.186195,826.5,9.0913,True,1.0000001,1.0,0.0,0.0,0.0,0.0,0.0,751.36,0.0,1.0,10,10,10,1.0,0.25596712277877537,0.3333333333333333,0.5,1.0,0.6133950684168162
25,MAGNESIUM HYDROXIDE,76.73002,TON,2023-01-04,Austin,TX,,,2695657,OTHER_GOODS,4,MAGNESIUM HYDROXIDE,729.24,1.047694,826.5,11.7677,False,1.0000001,1.0,0.0,0.0,0.0,0.0,0.0,751.36,0.029439948892674622,0.9714019754874075,10,10,10,1.0,0.18897194833137262,0.25,0.5,0.9857009877437037,0.5990560885728171
25,MAGNESIUM HYDROXIDE,76.73002,TON,2023-01-04,Austin,TX,,,2695657,OTHER_GOODS,5,"MAGNESIUM HYDROXIDE Remaining Sites, FY22/Q3",751.36,0.968519,826.5,9.0913,True,0.6601466,0.06634646654129028,0.0,0.0,0.0,0.0,0.0,751.36,0.0,1.0,10,10,10,1.0,0.15067371989350506,0.2,0.03317323327064514,1.0,0.3408463362828805
25,MAGNESIUM HYDROXIDE,76.73002,TON,2023-01-04,Austin,TX,,,2695657,OTHER_GOODS,6,"MAGNESIUM HYDROXIDE Remaining Sites, FY22/Q4",751.36,0.861485,826.5,9.0913,True,0.6584288,0.06162726879119873,0.0,0.0,0.0,0.0,0.0,751.36,0.0,1.0,10,10,10,1.0,0.09889964243700078,0.16666666666666666,0.030813634395599365,1.0,0.3317824452831297
25,MAGNESIUM HYDROXIDE,76.73002,TON,2023-01-04,Austin,TX,,,2695657,OTHER_GOODS,7,MAGNESIUM HYDROXIDE PRICE BASED ON FARTHER DELIVERY LOCATION,751.36,0.840496,826.5,9.0913,True,0.6359962,0.0,0.0,0.0,0.0,0.0,0.0,751.36,0.0,1.0,10,10,10,1.0,0.08874692356510433,0.14285714285714285,0.0,1.0,0.31331203853476564
25,MAGNESIUM HYDROXIDE,76.73002,TON,2023-01-04,Austin,TX,,,2695657,OTHER_GOODS,8,MAGNESIUM HYDROXIDE For Q2 FY22,751.36,0.735103,826.5,9.0913,True,0.678254,0.11609157174825668,0.0,0.0,0.0,0.0,0.0,751.36,0.0,1.0,10,10,10,1.0,0.03776662435762488,0.125,0.05804578587412834,1.0,0.33759017588441437
25,MAGNESIUM HYDROXIDE,76.73002,TON,2023-01-04,Austin,TX,,,2695657,OTHER_GOODS,9,MAGNESIUM HYDROXIDE PRICED BASED ON CLOSER DELIVERY LOCATION,729.24,0.686237,826.5,11.7677,False,0.7226405,0.23803122341632843,0.0,0.0,0.0,0.0,0.0,751.36,0.029439948892674622,0.9714019754874075,10,10,10,1.0,0.014129349575877635,0.1111111111111111,0.11901561170816422,0.9857009877437037,0.3632882851989831
25,MAGNESIUM HYDROXIDE,76.73002,TON,2023-01-04,Austin,TX,,,2695657,OTHER_GOODS,10,MAGNESIUM HYDROXIDE PRICE BASED ON FARTHER DELIVERY LOCATION,751.36,0.657027,826.5,9.0913,True,0.6359962,0.0,0.0,0.0,0.0,0.0,0.0,751.36,0.0,1.0,10,10,10,1.0,0.0,0.1,0.0,1.0,0.3
26,MAGNESIUM HYDROXIDE,26.40002,TON,2023-01-04,Austin,TX,,,2695657,OTHER_GOODS,1,MAGNESIUM HYDROXIDE,729.24,2.844255,802.16,9.0905,True,1.0000001,1.0,0.0,0.0,0.0,0.0,0.0,740.3,0.014939889234094214,0.9852800255536628,10,10,10,1.0,1.0,1.0,0.5,0.9926400127768313,0.7227920038330494
26,MAGNESIUM HYDROXIDE,26.40002,TON,2023-01-04,Austin,TX,,,2695657,OTHER_GOODS,2,MAGNESIUM HYDROXIDE,751.36,2.775682,802.16,6.3329,True,1.0000001,1.0,0.0,0.0,0.0,0.0,0.0,740.3,0.014939889234094367,0.9852800255536626,10,10,10,1.0,0.9676967271343159,0.5,0.5,0.9926400127768313,0.7179465129031968
26,MAGNESIUM HYDROXIDE,26.40002,TON,2023-01-04,Austin,TX,,,2695657,OTHER_GOODS,3,MAGNESIUM HYDROXIDE,729.24,1.251759,802.16,9.0905,True,1.0000001,1.0,0.0,0.0,0.0,0.0,0.0,740.3,0.014939889234094214,0.9852800255536628,10,10,10,1.0,0.24980921316683538,0.3333333333333333,0.5,0.9926400127768313,0.6102633858080747
26,MAGNESIUM HYDROXIDE,26.40002,TON,2023-01-04,Austin,TX,,,2695657,OTHER_GOODS,4,MAGNESIUM HYDROXIDE,751.36,1.242299,802.16,6.3329,True,1.0000001,1.0,0.0,0.0,0.0,0.0,0.0,740.3,0.014939889234094367,0.9852800255536626,10,10,10,1.0,0.2453528096069886,0.25,0.5,0.9926400127768313,0.6095949252740976
26,MAGNESIUM HYDROXIDE,26.40002,TON,2023-01-04,Austin,TX,,,2695657,OTHER_GOODS,5,"MAGNESIUM HYDROXIDE Remaining Sites, FY22/Q3",751.36,0.898584,802.16,6.3329,True,0.6601466,0.005029127933084965,0.0,0.0,0.0,0.0,0.0,740.3,0.014939889234094367,0.9852800255536626,10,10,10,1.0,0.08343602846822203,0.2,0.0025145639665424824,0.9926400127768313,0.31169041828488103
26,MAGNESIUM HYDROXIDE,26.40002,TON,2023-01-04,Austin,TX,,,2695657,OTHER_GOODS,6,"MAGNESIUM HYDROXIDE Boulder Lane, FY22/Q3",729.24,0.897075,802.16,9.0905,True,0.66727245,0.025891108438372612,0.0,0.0,0.0,0.0,0.0,740.3,0.014939889234094214,0.9852800255536628,10,10,10,1.0,0.08272517086020836,0.16666666666666666,0.012945554219186306,0.9926400127768313,0.3173208342826331
26,MAGNESIUM HYDROXIDE,26.40002,TON,2023-01-04,Austin,TX,,,2695657,OTHER_GOODS,7,"MAGNESIUM HYDROXIDE Remaining Sites, FY22/Q4",751.36,0.889161,802.16,6.3329,True,0.6584288,0.0,0.0,0.0,0.0,0.0,0.0,740.3,0.014939889234094367,0.9852800255536626,10,10,10,1.0,0.07899705481659026,0.14285714285714285,0.0,0.9926400127768313,0.30964156205553794
26,MAGNESIUM HYDROXIDE,26.40002,TON,2023-01-04,Austin,TX,,,2695657,OTHER_GOODS,8,"MAGNESIUM HYDROXIDE Boulder Lane, FY22/Q4",729.24,0.889109,802.16,9.0905,True,0.66117454,0.008038577623665333,0.0,0.0,0.0,0.0,0.0,740.3,0.014939889234094214,0.9852800255536628,10,10,10,1.0,0.07897255872936915,0.125,0.004019288811832666,0.9926400127768313,0.31184849648896273
26,MAGNESIUM HYDROXIDE,26.40002,TON,2023-01-04,Austin,TX,,,2695657,OTHER_GOODS,9,MAGNESIUM HYDROXIDE For Q2 FY22,751.36,0.747662,802.16,6.3329,True,0.678254,0.05804122984409332,0.0,0.0,0.0,0.0,0.0,740.3,0.014939889234094367,0.9852800255536626,10,10,10,1.0,0.012339903937651843,0.1111111111111111,0.02902061492204666,0.9926400127768313,0.3156043276308228
26,MAGNESIUM HYDROXIDE,26.40002,TON,2023-01-04,Austin,TX,,,2695657,OTHER_GOODS,10,MAGNESIUM HYDROXIDE For Q2 FY22,729.24,0.721467,802.16,9.0905,True,0.678254,0.05804122984409332,0.0,0.0,0.0,0.0,0.0,740.3,0.014939889234094214,0.9852800255536628,10,10,10,1.0,0.0,0.1,0.02902061492204666,0.9926400127768313,0.313753342040175
27,ACCESSORIES FOR LAPTOP COMPUTER Dell Dock- WD19S 90w Power Delivery - 130w AC,1.0,EA,2023-01-04,ROUND ROCK,TX,DELL,WD19S,2045405,COMPUTER_HARDWARE,1,ACCESSORIES FOR LAPTOP COMPUTER Dell Dock- WD19S 90w Power Delivery - 130w AC,218.0,1.846833,218.0,0.0,True,1.0000002,1.0,1.0,1.0,0.0,1.0,0.8,218.0,0.0,1.0,10,10,10,1.0,1.0,1.0,0.9999999999999999,1.0,0.9999999999999999
27,ACCESSORIES FOR LAPTOP COMPUTER Dell Dock- WD19S 90w Power Delivery - 130w AC,1.0,EA,2023-01-04,ROUND ROCK,TX,DELL,WD19S,2045405,COMPUTER_HARDWARE,2,ACCESSORIES FOR LAPTOP COMPUTER Dell Dock- WD19S 90w Power Delivery - 130w AC @ $218.00,218.0,1.831698,218.0,0.0,True,0.9981148,0.9835772514343262,1.0,1.0,0.0,1.0,0.8,218.0,0.0,1.0,10,10,10,1.0,0.9798448043274745,0.5,0.991788625717163,1.0,0.9924604647935608
27,ACCESSORIES FOR LAPTOP COMPUTER Dell Dock- WD19S 90w Power Delivery - 130w AC,1.0,EA,2023-01-04,ROUND ROCK,TX,DELL,WD19S,2045405,COMPUTER_HARDWARE,3,ACCESSORIES FOR LAPTOP COMPUTER Dell Dock- WD19S 90w Power Delivery - 130w AC,218.0,1.830974,218.0,0.0,True,1.0000002,1.0,1.0,1.0,0.0,1.0,0.8,218.0,0.0,1.0,10,10,10,1.0,0.9788806575374575,0.3333333333333333,0.9999999999999999,1.0,0.9968320986306185
27,ACCESSORIES FOR LAPTOP COMPUTER Dell Dock- WD19S 90w Power Delivery - 130w AC,1.0,EA,2023-01-04,ROUND ROCK,TX,DELL,WD19S,2045405,COMPUTER_HARDWARE,4,ACCESSORIES FOR LAPTOP COMPUTER Dell Dock- WD19S 90w Power Delivery - 130w AC 2 @ $218.00,218.0,1.820606,218.0,0.0,True,0.99117255,0.9231070280075073,1.0,1.0,0.0,1.0,0.8,218.0,0.0,1.0,10,10,10,1.0,0.965073649362185,0.25,0.9615535140037536,1.0,0.9736154801063921
27,ACCESSORIES FOR LAPTOP COMPUTER Dell Dock- WD19S 90w Power Delivery - 130w AC,1.0,EA,2023-01-04,ROUND ROCK,TX,DELL,WD19S,2045405,COMPUTER_HARDWARE,5,ACCESSORIES FOR LAPTOP COMPUTER Dell Dock- WD19S 90w Power Delivery - 130w AC @ $218.00,218.0,1.789972,218.0,0.0,True,0.9981148,0.9835772514343262,1.0,1.0,0.0,1.0,0.8,218.0,0.0,1.0,10,10,10,1.0,0.9242785212332023,0.2,0.991788625717163,1.0,0.98412552232942
27,ACCESSORIES FOR LAPTOP COMPUTER Dell Dock- WD19S 90w Power Delivery - 130w AC,1.0,EA,2023-01-04,ROUND ROCK,TX,DELL,WD19S,2045405,COMPUTER_HARDWARE,6,ACCESSORIES FOR LAPTOP COMPUTER Dell Dock - WD19S 90w Power Delivery - 130w AC,218.0,1.265355,218.0,0.0,True,1.0000002,1.0,1.0,1.0,0.0,1.0,0.8,218.0,0.0,1.0,10,10,10,1.0,0.22564896800337728,0.16666666666666666,0.9999999999999999,1.0,0.8838473452005065
27,ACCESSORIES FOR LAPTOP COMPUTER Dell Dock- WD19S 90w Power Delivery - 130w AC,1.0,EA,2023-01-04,ROUND ROCK,TX,DELL,WD19S,2045405,COMPUTER_HARDWARE,7,ACCESSORIES FOR LAPTOP COMPUTER Dell Dock- WD19S 90w Power Delivery - 130w AC DIR-TSO-3763 Quote number # 3000138962956,218.0,1.106382,218.0,0.0,True,0.95961726,0.6482467651367188,1.0,1.0,0.0,1.0,0.8,218.0,0.0,1.0,10,10,10,1.0,0.013945504399252701,0.14285714285714285,0.8241233825683593,1.0,0.7553596860724855
27,ACCESSORIES FOR LAPTOP COMPUTER Dell Dock- WD19S 90w Power Delivery - 130w AC,1.0,EA,2023-01-04,ROUND ROCK,TX,DELL,WD19S,2045405,COMPUTER_HARDWARE,8,ACCESSORIES FOR LAPTOP COMPUTER Dell Dock- WD19S 90w Power Delivery - 130w AC DIR-TSO-3763 Quote number # 3000139992384,218.0,1.106382,218.0,0.0,True,0.9577395,0.6318904757499695,1.0,1.0,0.0,1.0,0.8,218.0,0.0,1.0,10,10,10,1.0,0.013945504399252701,0.125,0.8159452378749846,1.0,0.7508617064911294
27,ACCESSORIES FOR LAPTOP COMPUTER Dell Dock- WD19S 90w Power Delivery - 130w AC,1.0,EA,2023-01-04,ROUND ROCK,TX,DELL,WD19S,2045405,COMPUTER_HARDWARE,9,ACCESSORIES FOR LAPTOP COMPUTER Dell Dock- WD19S 90w Power Delivery - 130w AC DIR-TSO-3763,218.0,1.102432,218.0,0.0,True,0.9779196,0.8076679110527039,1.0,1.0,0.0,1.0,0.8,218.0,0.0,1.0,10,10,10,1.0,0.008685311276922052,0.1111111111111111,0.9038339555263518,1.0,0.7984114722310319
27,ACCESSORIES FOR LAPTOP COMPUTER Dell Dock- WD19S 90w Power Delivery - 130w AC,1.0,EA,2023-01-04,ROUND ROCK,TX,DELL,WD19S,2045405,COMPUTER_HARDWARE,10,ACCESSORIES FOR LAPTOP COMPUTER EDWD needs a laptop docking station for a conference table Dell Dock- WD19S 90w Power Delivery 130w AC,218.0,1.09591,218.0,0.0,True,0.8851954,0.0,1.0,1.0,0.0,1.0,0.8,218.0,0.0,1.0,10,10,10,1.0,0.0,0.1,0.5,1.0,0.575
28,"Microcomputers, Handheld, Laptop, and Notebook, ECO Certifie PR0014921 Quote: 3000138435069 DIR-TSO-3763 ------------------------------ Latitude 5431 Bundle",1.0,EA,2023-01-04,ROUND ROCK,TX,,PR0014921,20554,COMPUTER_HARDWARE,1,"Microcomputers, Handheld, Laptop, and Notebook, ECO Certifie PR0014858 DIR-TSO-3763 Quote: 3000137311794 -------------------------------- Latitude 5431 Bundle",1285.0,2.622213,1285.0,0.0,True,0.990533,1.0,0.0,0.0,0.0,0.5,0.0,1285.0,0.0,1.0,10,10,10,1.0,1.0,1.0,0.55,1.0,0.7525000000000001
28,"Microcomputers, Handheld, Laptop, and Notebook, ECO Certifie PR0014921 Quote: 3000138435069 DIR-TSO-3763 ------------------------------ Latitude 5431 Bundle",1.0,EA,2023-01-04,ROUND ROCK,TX,,PR0014921,20554,COMPUTER_HARDWARE,2,"Microcomputers, Handheld, Laptop, and Notebook, ECO Certifie PR0014983 Quote:3000139092174 DIR-TSO-3763 ------------------------- Latitude 5431 Bundle (LAPTOPS) 2 @ $1,285.00",1285.0,2.607251,1285.0,0.0,True,0.96835554,0.7801075577735901,0.0,0.0,0.0,0.5,0.0,1285.0,0.0,1.0,10,10,10,1.0,0.9846987248255574,0.5,0.44005377888679503,1.0,0.6897343871115709
28,"Microcomputers, Handheld, Laptop, and Notebook, ECO Certifie PR0014921 Quote: 3000138435069 DIR-TSO-3763 ------------------------------ Latitude 5431 Bundle",1.0,EA,2023-01-04,ROUND ROCK,TX,,PR0014921,20554,COMPUTER_HARDWARE,3,"Microcomputers, Handheld, Laptop, and Notebook, ECO Certifie PR0014780 Quote:3000134608281 DIR-TSO-3763 ------------------------------- Laptop Latitude 5431 Bundle @ $1,285.00",1285.0,2.063014,1285.0,0.0,True,0.9735411,0.8315229415893555,0.0,0.0,0.0,0.5,0.0,1285.0,0.0,1.0,10,10,10,1.0,0.42812072074098995,0.3333333333333333,0.4657614707946777,1.0,0.6203869170482212
28,"Microcomputers, Handheld, Laptop, and Notebook, ECO Certifie PR0014921 Quote: 3000138435069 DIR-TSO-3763 ------------------------------ Latitude 5431 Bundle",1.0,EA,2023-01-04,ROUND ROCK,TX,,PR0014921,20554,COMPUTER_HARDWARE,4,"Microcomputers, Handheld, Laptop, and Notebook, ECO Certifie PR0014497 DIR-TSO-3763 e-Quote 3000126490033 Latitude 5431",1285.0,1.85387,1285.0,0.0,True,0.8919265,0.022303882986307144,0.0,0.0,0.0,0.5,0.0,1285.0,0.0,1.0,10,10,10,1.0,0.2142342152548457,0.25,0.061151941493153575,1.0,0.3657687001094613
28,"Microcomputers, Handheld, Laptop, and Notebook, ECO Certifie PR0014921 Quote: 3000138435069 DIR-TSO-3763 ------------------------------ Latitude 5431 Bundle",1.0,EA,2023-01-04,ROUND ROCK,TX,,PR0014921,20554,COMPUTER_HARDWARE,5,"Microcomputers, Handheld, Laptop, and Notebook, ECO Certifie PR0014498 DIR-TSO-3763 e-Quote 3000126592979 Latitude 5431",1285.0,1.850609,1285.0,0.0,True,0.8921332,0.024352839216589928,0.0,0.0,0.0,0.5,0.0,1285.0,0.0,1.0,10,10,10,1.0,0.21089926950268303,0.2,0.06217641960829497,1.0,0.36583192120996466
28,"Microcomputers, Handheld, Laptop, and Notebook, ECO Certifie PR0014921 Quote: 3000138435069 DIR-TSO-3763 ------------------------------ Latitude 5431 Bundle",1.0,EA,2023-01-04,ROUND ROCK,TX,,PR0014921,20554,COMPUTER_HARDWARE,6,"Microcomputers, Handheld, Laptop, and Notebook, ECO Certifie PR0013937 DIR-TSO-3763 eQuote 3000128685363 Latitude 5431 Bundle",1285.0,1.802637,1285.0,0.0,True,0.94024676,0.5014053583145142,0.0,0.0,0.0,0.5,0.0,1285.0,0.0,1.0,10,10,10,1.0,0.16183946649049386,0.16666666666666666,0.30070267915725707,1.0,0.4896623935100655
28,"Microcomputers, Handheld, Laptop, and Notebook, ECO Certifie PR0014921 Quote: 3000138435069 DIR-TSO-3763 ------------------------------ Latitude 5431 Bundle",1.0,EA,2023-01-04,ROUND ROCK,TX,,PR0014921,20554,COMPUTER_HARDWARE,7,"Microcomputers, Handheld, Laptop, and Notebook, ECO Certifie PR0014567 DIR-TSO-3763 e-quote 3000128724332 Latitude 5431 Bundle",1285.0,1.766852,1285.0,0.0,True,0.9277782,0.3777777850627899,0.0,0.0,0.0,0.5,0.0,1285.0,0.0,1.0,10,10,10,1.0,0.1252430133346698,0.14285714285714285,0.23888889253139495,1.0,0.4501753428924677
28,"Microcomputers, Handheld, Laptop, and Notebook, ECO Certifie PR0014921 Quote: 3000138435069 DIR-TSO-3763 ------------------------------ Latitude 5431 Bundle",1.0,EA,2023-01-04,ROUND ROCK,TX,,PR0014921,20554,COMPUTER_HARDWARE,8,"Microcomputers, Handheld, Laptop, and Notebook, ECO Certifie PR0014551 DIR-TSO-3763 e-quote 3000128711385 Latitude 5431",1285.0,1.743067,1285.0,0.0,True,0.88967705,0.0,0.0,0.0,0.0,0.5,0.0,1285.0,0.0,1.0,10,10,10,1.0,0.10091866966242496,0.125,0.05,1.0,0.34263780044936376
28,"Microcomputers, Handheld, Laptop, and Notebook, ECO Certifie PR0014921 Quote: 3000138435069 DIR-TSO-3763 ------------------------------ Latitude 5431 Bundle",1.0,EA,2023-01-04,ROUND ROCK,TX,,PR0014921,20554,COMPUTER_HARDWARE,9,"Microcomputers, Handheld, Laptop, and Notebook, ECO Certifie PR0014625 DIR-TSO-3763 eQuote 3000132904205 Latitude 5431 Bundle",1285.0,1.667109,1285.0,0.0,True,0.93498325,0.4492169916629791,0.0,0.0,0.0,0.5,0.0,1285.0,0.0,1.0,10,10,10,1.0,0.023238261982947955,0.1111111111111111,0.27460849583148955,1.0,0.4545204120047614
28,"Microcomputers, Handheld, Laptop, and Notebook, ECO Certifie PR0014921 Quote: 3000138435069 DIR-TSO-3763 ------------------------------ Latitude 5431 Bundle",1.0,EA,2023-01-04,ROUND ROCK,TX,,PR0014921,20554,COMPUTER_HARDWARE,10,"Microcomputers, Handheld, Laptop, and Notebook, ECO Certifie PR0014563 DIR-TSO-3763 e-quote 3000128540067 Latitude 5431 Bundle",1285.0,1.644386,1285.0,0.0,True,0.9307544,0.40728759765625,0.0,0.0,0.0,0.5,0.0,1285.0,0.0,1.0,10,10,10,1.0,0.0,0.1,0.253643798828125,1.0,0.43950408935546875
29,COMPUTER ACCESSORIES AND SUPPLIES Dell Essential Backpack 15 (ES1520P),1.0,EA,2023-01-04,ROUND ROCK,TX,DELL,ES1520P,20710,COMPUTER_HARDWARE,1,COMPUTER ACCESSORIES AND SUPPLIES Dell Essential Backpack 15 (ES1520P) @ $19.49,19.49,2.887338,19.49,0.0,True,0.99560404,0.9885750412940979,1.0,1.0,0.0,1.0,0.8,19.49,0.0,1.0,10,10,10,1.0,1.0,1.0,0.9942875206470488,1.0,0.996858136355877
29,COMPUTER ACCESSORIES AND SUPPLIES Dell Essential Backpack 15 (ES1520P),1.0,EA,2023-01-04,ROUND ROCK,TX,DELL,ES1520P,20710,COMPUTER_HARDWARE,2,COMPUTER ACCESSORIES AND SUPPLIES Dell Essential Backpack 15 (ES1520P),19.49,2.727791,19.49,0.0,True,1.0000001,1.0,1.0,1.0,0.0,1.0,0.8,19.49,0.0,1.0,10,10,10,1.0,0.8970959286501156,0.5,0.9999999999999999,1.0,0.9845643892975172
29,COMPUTER ACCESSORIES AND SUPPLIES Dell Essential Backpack 15 (ES1520P),1.0,EA,2023-01-04,ROUND ROCK,TX,DELL,ES1520P,20710,COMPUTER_HARDWARE,3,COMPUTER ACCESSORIES AND SUPPLIES Dell Essential Backpack 15 (ES1520P),19.49,2.680616,19.49,0.0,True,1.0000001,1.0,1.0,1.0,0.0,1.0,0.8,19.49,0.0,1.0,10,10,10,1.0,0.8666691605759382,0.3333333333333333,0.9999999999999999,1.0,0.9800003740863906
29,COMPUTER ACCESSORIES AND SUPPLIES Dell Essential Backpack 15 (ES1520P),1.0,EA,2023-01-04,ROUND ROCK,TX,DELL,ES1520P,20710,COMPUTER_HARDWARE,4,COMPUTER ACCESSORIES AND SUPPLIES Dell Essential 15 Inch Laptop Backpack - ES1520P @ $19.49,19.49,1.920433,19.49,0.0,True,0.9828925,0.9555390477180481,1.0,1.0,0.0,1.0,0.8,19.49,0.0,1.0,10,10,10,1.0,0.37636896269713704,0.25,0.9777695238590239,1.0,0.8942285825270337
29,COMPUTER ACCESSORIES AND SUPPLIES Dell Essential Backpack 15 (ES1520P),1.0,EA,2023-01-04,ROUND ROCK,TX,DELL,ES1520P,20710,COMPUTER_HARDWARE,5,"Microcomputers, Handheld, Laptop, and Notebook EQuote Number : 3000137599009 Dell Essential Backpack 15 ES1520P ****************************************** DIR-TSO-3763",19.49,1.595617,19.49,0.0,True,0.61522186,0.0,1.0,1.0,0.0,1.0,0.8,19.49,0.0,1.0,10,10,10,1.0,0.16687026425978624,0.2,0.5,1.0,0.6000305396389679
29,COMPUTER ACCESSORIES AND SUPPLIES Dell Essential Backpack 15 (ES1520P),1.0,EA,2023-01-04,ROUND ROCK,TX,DELL,ES1520P,20710,COMPUTER_HARDWARE,6,"Microcomputers, Handheld, Laptop, and Notebook Dell Essential Backpack 15 (ES1520P) 2 $19.49 $38.98 TX DIR-TSO-3763 PR0015003",19.49,1.572988,19.49,0.0,True,0.7307101,0.3001422882080078,1.0,1.0,0.0,1.0,0.8,19.49,0.0,1.0,10,10,10,1.0,0.15227509023221736,0.16666666666666666,0.6500711441040039,1.0,0.6803803927920348
29,COMPUTER ACCESSORIES AND SUPPLIES Dell Essential Backpack 15 (ES1520P),1.0,EA,2023-01-04,ROUND ROCK,TX,DELL,ES1520P,20710,COMPUTER_HARDWARE,7,COMPUTER ACCESSORIES AND SUPPLIES Dell Essential Backpack 15 (ES1520P),19.49,1.516508,19.49,0.0,True,1.0000001,1.0,1.0,1.0,0.0,1.0,0.8,19.49,0.0,1.0,10,10,10,1.0,0.11584681549285232,0.14285714285714285,0.9999999999999999,1.0,0.8673770223239277
29,COMPUTER ACCESSORIES AND SUPPLIES Dell Essential Backpack 15 (ES1520P),1.0,EA,2023-01-04,ROUND ROCK,TX,DELL,ES1520P,20710,COMPUTER_HARDWARE,8,COMPUTER ACCESSORIES AND SUPPLIES Dell Essential Backpack 15 (ES1520P) 20 $19.49 $389.80 TX- DIR-TSO-3763 eQuote number 3000138961379,19.49,1.398523,19.49,0.0,True,0.90077716,0.7421295046806335,1.0,1.0,0.0,1.0,0.8,19.49,0.0,1.0,10,10,10,1.0,0.03974925892196037,0.125,0.8710647523403167,1.0,0.7850480026254683
29,COMPUTER ACCESSORIES AND SUPPLIES Dell Essential Backpack 15 (ES1520P),1.0,EA,2023-01-04,ROUND ROCK,TX,DELL,ES1520P,20710,COMPUTER_HARDWARE,9,COMPUTER ACCESSORIES AND SUPPLIES EQuote Number:3000136740492 Dell Essential Backpack 15 (ES1520P) ******************************************** TX DIR-TSO-3763,19.49,1.398523,19.49,0.0,True,0.8002859,0.4809627830982208,1.0,1.0,0.0,1.0,0.8,19.49,0.0,1.0,10,10,10,1.0,0.03974925892196037,0.1111111111111111,0.7404813915491104,1.0,0.7132271541903048
29,COMPUTER ACCESSORIES AND SUPPLIES Dell Essential Backpack 15 (ES1520P),1.0,EA,2023-01-04,ROUND ROCK,TX,DELL,ES1520P,20710,COMPUTER_HARDWARE,10,COMPUTER ACCESSORIES AND SUPPLIES PR0014966-Dell Essential Backpack 15 (ES1520P),19.49,1.336894,19.49,0.0,True,0.96650976,0.9129619002342224,1.0,1.0,0.0,1.0,0.8,19.49,0.0,1.0,10,10,10,1.0,0.0,0.1,0.9564809501171111,1.0,0.8260645225644112
30,"Consoles, Communication PMPN4174A CHGR DESKTOP SINGLE UNIT IMPRES, US/NA",1.0,EA,2023-01-04,AUSTIN,TX,,PMPN4174A,72516,COMPUTER_HARDWARE,1,"Consoles, Communication PMPN4174A CHGR DESKTOP SINGLE UNIT IMPRES, US/NA",61.56,1.385933,61.56,0.0,True,0.9999999,1.0,0.0,1.0,0.0,1.0,0.4,71.0,0.1329577464788732,0.8826454500248633,2,2,9,0.2,1.0,1.0,0.7999999999999999,0.5413227250124316,0.7523968175037296
30,"Consoles, Communication PMPN4174A CHGR DESKTOP SINGLE UNIT IMPRES, US/NA",1.0,EA,2023-01-04,AUSTIN,TX,,PMPN4174A,72516,COMPUTER_HARDWARE,2,"Consoles, Communication HKN6183B CABLE, CH PROGRAMMING RS-232 (GCAI)",63.11,0.481866,61.56,2.5179,True,0.58619153,0.2187170684337616,0.0,0.0,0.0,0.0,0.0,71.0,0.11112676056338029,0.8999873241221954,2,2,9,0.2,0.5921212140352238,0.5,0.1093585342168808,0.5499936620610977,0.3139634745428973
30,"Consoles, Communication PMPN4174A CHGR DESKTOP SINGLE UNIT IMPRES, US/NA",1.0,EA,2023-01-04,AUSTIN,TX,,PMPN4174A,72516,COMPUTER_HARDWARE,3,"Consoles, Communication GA01767 APX MOBILE RADIO AUTHENTICATION",71.0,-0.520471,61.56,15.3346,False,0.50033605,0.05661926418542862,0.0,0.0,0.0,0.0,0.0,71.0,0.0,1.0,7,7,10,0.7,0.13990694375705215,0.3333333333333333,0.02830963209271431,0.85,0.2915563392145507
30,"Consoles, Communication PMPN4174A CHGR DESKTOP SINGLE UNIT IMPRES, US/NA",1.0,EA,2023-01-04,AUSTIN,TX,,PMPN4174A,72516,COMPUTER_HARDWARE,4,"Consoles, Communication GA01767 APX MOBILE RADIO AUTHENTICATION",71.0,-0.747368,61.56,15.3346,False,0.50033605,0.05661926418542862,0.0,0.0,0.0,0.0,0.0,71.0,0.0,1.0,7,7,10,0.7,0.03754011375545957,0.25,0.02830963209271431,0.85,0.2762013147143118
30,"Consoles, Communication PMPN4174A CHGR DESKTOP SINGLE UNIT IMPRES, US/NA",1.0,EA,2023-01-04,AUSTIN,TX,,PMPN4174A,72516,COMPUTER_HARDWARE,5,"Consoles, Communication G996 OVER THE AIR PROVISIONING",71.0,-0.770526,61.56,15.3346,False,0.52298474,0.09938069432973862,0.0,0.0,0.0,0.0,0.0,71.0,0.0,1.0,7,7,10,0.7,0.027092152569648906,0.2,0.04969034716486931,0.85,0.28639351382612543
30,"Consoles, Communication PMPN4174A CHGR DESKTOP SINGLE UNIT IMPRES, US/NA",1.0,EA,2023-01-04,AUSTIN,TX,,PMPN4174A,72516,COMPUTER_HARDWARE,6,"Consoles, Communication GA00236 3 DAY KEY RETENTION APX",71.0,-0.778315,61.56,15.3346,False,0.47034752,0.0,0.0,0.0,0.0,0.0,0.0,71.0,0.0,1.0,7,7,10,0.7,0.02357806803401204,0.16666666666666666,0.0,0.85,0.2585367102051018
30,"Consoles, Communication PMPN4174A CHGR DESKTOP SINGLE UNIT IMPRES, US/NA",1.0,EA,2023-01-04,AUSTIN,TX,,PMPN4174A,72516,COMPUTER_HARDWARE,7,"Consoles, Communication G996 OVER THE AIR PROVISIONING",71.0,-0.783321,61.56,15.3346,False,0.52298474,0.09938069432973862,0.0,0.0,0.0,0.0,0.0,71.0,0.0,1.0,7,7,10,0.7,0.021319561526707057,0.14285714285714285,0.04969034716486931,0.85,0.28552762516968416
30,"Consoles, Communication PMPN4174A CHGR DESKTOP SINGLE UNIT IMPRES, US/NA",1.0,EA,2023-01-04,AUSTIN,TX,,PMPN4174A,72516,COMPUTER_HARDWARE,8,"Consoles, Communication GA00236 3 DAY KEY RETENTION APX",71.0,-0.787754,61.56,15.3346,False,0.47034752,0.0,0.0,0.0,0.0,0.0,0.0,71.0,0.0,1.0,7,7,10,0.7,0.01931956964758547,0.125,0.0,0.85,0.25789793544713785
30,"Consoles, Communication PMPN4174A CHGR DESKTOP SINGLE UNIT IMPRES, US/NA",1.0,EA,2023-01-04,AUSTIN,TX,,PMPN4174A,72516,COMPUTER_HARDWARE,9,"Consoles, Communication T7914 RADIO MANAGEMENT SOFTWARE - Email to Gary Wilks",72.0,-0.804439,61.56,16.9591,False,0.5046922,0.0648438036441803,0.0,0.0,0.0,0.0,0.0,71.0,0.014084507042253521,0.9861111111111112,7,7,10,0.7,0.011791966556418206,0.1111111111111111,0.03242190182209015,0.8430555555555556,0.272517507652279
30,"Consoles, Communication PMPN4174A CHGR DESKTOP SINGLE UNIT IMPRES, US/NA",1.0,EA,2023-01-04,AUSTIN,TX,,PMPN4174A,72516,COMPUTER_HARDWARE,10,"Consoles, Communication FHN7469 MCD 5000 DESKSET / RGU POWER SUPPLY WITH USA POWER CORD",80.0,-0.830576,61.56,29.9545,False,0.65220165,0.3433462083339691,0.0,0.0,0.0,0.0,0.0,71.0,0.1267605633802817,0.8875,1,2,8,0.2,0.0,0.1,0.17167310416698456,0.54375,0.2575452072918415
31,"Two-Way Radio Supplies, Parts, and Accessories PMNN4448B BATT IMPRES LIION IP68 2800T",1.0,EA,2023-01-04,AUSTIN,TX,,PMNN4448B,72582,RADIO_COMMUNICATIONS,1,"Two-Way Radio Supplies, Parts, and Accessories PMNN4448B BATT IMPRES LIION IP68 2800T",114.98,1.578914,114.98,0.0,True,1.0,0.9999991059303284,0.0,1.0,0.0,1.0,0.4,114.48,0.004367575122292103,0.9956514176378501,5,9,9,0.9,1.0,1.0,0.7999995529651641,0.947825708818925,0.8743474667765178
31,"Two-Way Radio Supplies, Parts, and Accessories PMNN4448B BATT IMPRES LIION IP68 2800T",1.0,EA,2023-01-04,AUSTIN,TX,,PMNN4448B,72582,RADIO_COMMUNICATIONS,2,"Two-Way Radio Supplies, Parts, and Accessories PMNN4424B BATT IMPRES LIION IP68 2350T",111.63,1.279897,114.98,2.9136,True,0.9887383,0.91457599401474,0.0,0.0,0.0,0.5,0.0,114.48,0.024895178197065063,0.9757095372027614,5,7,9,0.7,0.849969092379666,0.5,0.50728799700737,0.8378547686013806,0.6578601927914177
31,"Two-Way Radio Supplies, Parts, and Accessories PMNN4448B BATT IMPRES LIION IP68 2800T",1.0,EA,2023-01-04,AUSTIN,TX,,PMNN4448B,72582,RADIO_COMMUNICATIONS,3,"Two-Way Radio Supplies, Parts, and Accessories PMNN4448B BATT IMPRES LIION IP68 2800T",114.93,1.250815,114.98,0.0435,True,1.0000001,1.0,0.0,1.0,0.0,1.0,0.4,114.48,0.003930817610062917,0.9960845732184808,5,9,9,0.9,0.8353772837018499,0.3333333333333333,0.7999999999999999,0.9480422866092404,0.8497192785380496
31,"Two-Way Radio Supplies, Parts, and Accessories PMNN4448B BATT IMPRES LIION IP68 2800T",1.0,EA,2023-01-04,AUSTIN,TX,,PMNN4448B,72582,RADIO_COMMUNICATIONS,4,"Two-Way Radio Supplies, Parts, and Accessories BATT IMPRES 2 LIION IP68 2550T PMNN4485",114.03,0.984959,114.98,0.8262,True,0.97032577,0.7749118804931641,0.0,0.0,0.0,0.5,0.0,114.48,0.003930817610062917,0.9960845732184808,5,9,9,0.9,0.701984811112293,0.25,0.437455940246582,0.9480422866092404,0.6303111747852361
31,"Two-Way Radio Supplies, Parts, and Accessories PMNN4448B BATT IMPRES LIION IP68 2800T",1.0,EA,2023-01-04,AUSTIN,TX,,PMNN4448B,72582,RADIO_COMMUNICATIONS,5,"Two-Way Radio Supplies, Parts, and Accessories PMNN4448B BATT IMPRES LIION IP68 2800T",114.98,0.909416,114.98,0.0,True,1.0,0.9999991059303284,0.0,1.0,0.0,1.0,0.4,114.48,0.004367575122292103,0.9956514176378501,5,9,9,0.9,0.6640813311952218,0.2,0.7999995529651641,0.947825708818925,0.823959666455801
31,"Two-Way Radio Supplies, Parts, and Accessories PMNN4448B BATT IMPRES LIION IP68 2800T",1.0,EA,2023-01-04,AUSTIN,TX,,PMNN4448B,72582,RADIO_COMMUNICATIONS,6,"Two-Way Radio Supplies, Parts, and Accessories PMNN4485A BATT IMPRES 2 LIION R IP68 2550T",89.0,0.101324,114.98,22.5952,False,0.97300535,0.7952373027801514,0.0,0.0,0.0,0.5,0.0,114.48,0.22257162823200563,0.817947985138611,1,1,3,0.1,0.2586235271214368,0.16666666666666666,0.4476186513900757,0.4589739925693055,0.4226759851035488
31,"Two-Way Radio Supplies, Parts, and Accessories PMNN4448B BATT IMPRES LIION IP68 2800T",1.0,EA,2023-01-04,AUSTIN,TX,,PMNN4448B,72582,RADIO_COMMUNICATIONS,7,"Two-Way Radio Supplies, Parts, and Accessories PMNN4505A BATT IMPRES 2 LIION UL2054 DIV2 R IP68 4850T",125.0,0.098218,114.98,8.7146,True,0.8963699,0.21393616497516632,0.0,0.0,0.0,0.5,0.0,114.48,0.09189378057302582,0.9158400000000001,2,6,9,0.6,0.25706510068056976,0.14285714285714285,0.15696808248758315,0.75792,0.3522682104702562
31,"Two-Way Radio Supplies, Parts, and Accessories PMNN4448B BATT IMPRES LIION IP68 2800T",1.0,EA,2023-01-04,AUSTIN,TX,,PMNN4448B,72582,RADIO_COMMUNICATIONS,8,"Two-Way Radio Supplies, Parts, and Accessories PMNN4505A BATT IMPRES 2 LIION UL2054 DIV2 R IP68 4850T",125.0,0.097977,114.98,8.7146,True,0.8963699,0.21393616497516632,0.0,0.0,0.0,0.5,0.0,114.48,0.09189378057302582,0.9158400000000001,2,6,9,0.6,0.25694417963348376,0.125,0.15696808248758315,0.75792,0.3522500723131933
31,"Two-Way Radio Supplies, Parts, and Accessories PMNN4448B BATT IMPRES LIION IP68 2800T",1.0,EA,2023-01-04,AUSTIN,TX,,PMNN4448B,72582,RADIO_COMMUNICATIONS,9,"Two-Way Radio Supplies, Parts, and Accessories BATT IMPRES 2 LIION UL2054 DIV2 R IP68 3400T PMNN4504A",105.0,-0.39118,114.98,8.6798,True,0.86816573,0.0,0.0,0.0,0.0,0.5,0.0,114.48,0.08280922431865831,0.9235237173281704,2,7,10,0.7,0.011511081586082722,0.1111111111111111,0.05,0.8117618586640851,0.27275521983713796
31,"Two-Way Radio Supplies, Parts, and Accessories PMNN4448B BATT IMPRES LIION IP68 2800T",1.0,EA,2023-01-04,AUSTIN,TX,,PMNN4448B,72582,RADIO_COMMUNICATIONS,10,"Two-Way Radio Supplies, Parts, and Accessories PMNN4504A BATT IMPRES 2 LIION UL2054 DIV2 R IP68 3400T",105.0,-0.414122,114.98,8.6798,True,0.90604705,0.2873401641845703,0.0,0.0,0.0,0.5,0.0,114.48,0.08280922431865831,0.9235237173281704,2,7,10,0.7,0.0,0.1,0.19367008209228515,0.8117618586640851,0.3500471027499824
32,"Two-Way Radio Supplies, Parts, and Accessories H51UCH9PW7AN APX 4000 7/800 MHZ MODEL 3 PORTABLE QA01767AW ADD: P25 LINK LAYER AUTHENTICATION QA01833AD ADD: EXTREME NOISE REDUCTION QA01648AA ADD: HW KEY SUPPLEMENTAL DATA G996AZ ADD: PROGRAMMING OVER P25 (OTAP) QA02750AB ALT: IMPRES LI-ION 2800MAH (PMNN4448) QA02756AB ENH: 3600 OR 9600 TRUNKING BAUD SINGLE SYSTEM Q887AT ADD: 5Y ESSENTIAL SERVICE QA09008AA ADD: GROUP SERVICES QA00580AF ADD: TDMA OPERATION QA05751AA ADD: NO ENCRYPTION, CLEAR RADIO (NO ADP) (US ONLY)",1.0,EA,2023-01-04,AUSTIN,TX,,H51UCH9PW7AN,72582,RADIO_COMMUNICATIONS,1,"Two-Way Radio Supplies, Parts, and Accessories APX(TM) 4000 Series H51UCH9PW7AN APX 4000 7/800 MHZ MODEL 3 PORTABLE QA01767AW ADD: P25 LINK LAYER AUTHENTICATION QA01833AD ADD: EXTREME NOISE REDUCTION QA01648AA ADD: HW KEY SUPPLEMENTAL DATA G996AZ ADD: PROGRAMMING OVER P25 (OTAP) QA02750AB ALT: IMPRES LI-ION 2800MAH (PMNN4448) QA02756AB ENH: 3600 OR 9600 TRUNKING BAUD SINGLE SYSTEM Q887AT ADD: 5Y ESSENTIAL SERVICE QA09008AA ADD: GROUP SERVICES QA00580AF ADD: TDMA OPERATION QA05751AA ADD: NO ENCRYPTION, CLEAR RADIO (NO ADP) (US ONLY)",416.5,1.59918,3972.56,89.5156,False,0.9843935,1.0,0.0,1.0,0.0,1.0,0.4,322.0,0.29347826086956524,0.773109243697479,2,2,2,0.2,1.0,1.0,0.7999999999999999,0.48655462184873954,0.7359663865546219
32,"Two-Way Radio Supplies, Parts, and Accessories H51UCH9PW7AN APX 4000 7/800 MHZ MODEL 3 PORTABLE QA01767AW ADD: P25 LINK LAYER AUTHENTICATION QA01833AD ADD: EXTREME NOISE REDUCTION QA01648AA ADD: HW KEY SUPPLEMENTAL DATA G996AZ ADD: PROGRAMMING OVER P25 (OTAP) QA02750AB ALT: IMPRES LI-ION 2800MAH (PMNN4448) QA02756AB ENH: 3600 OR 9600 TRUNKING BAUD SINGLE SYSTEM Q887AT ADD: 5Y ESSENTIAL SERVICE QA09008AA ADD: GROUP SERVICES QA00580AF ADD: TDMA OPERATION QA05751AA ADD: NO ENCRYPTION, CLEAR RADIO (NO ADP) (US ONLY)",1.0,EA,2023-01-04,AUSTIN,TX,,H51UCH9PW7AN,72582,RADIO_COMMUNICATIONS,2,"Two-Way Radio Supplies, Parts, and Accessories PMPN4284A CHARGER DESKTOP MULTIUNIT IMPRES 2 1 DISPLAY EXT PS 100-240VAC US/NA",416.5,1.188632,3972.56,89.5156,False,0.4607324,0.08699633181095123,0.0,0.0,0.0,0.0,0.0,322.0,0.29347826086956524,0.773109243697479,2,2,2,0.2,0.8466973012170922,0.5,0.043498165905475616,0.48655462184873954,0.2968949729851973
32,"Two-Way Radio Supplies, Parts, and Accessories H51UCH9PW7AN APX 4000 7/800 MHZ MODEL 3 PORTABLE QA01767AW ADD: P25 LINK LAYER AUTHENTICATION QA01833AD ADD: EXTREME NOISE REDUCTION QA01648AA ADD: HW KEY SUPPLEMENTAL DATA G996AZ ADD: PROGRAMMING OVER P25 (OTAP) QA02750AB ALT: IMPRES LI-ION 2800MAH (PMNN4448) QA02756AB ENH: 3600 OR 9600 TRUNKING BAUD SINGLE SYSTEM Q887AT ADD: 5Y ESSENTIAL SERVICE QA09008AA ADD: GROUP SERVICES QA00580AF ADD: TDMA OPERATION QA05751AA ADD: NO ENCRYPTION, CLEAR RADIO (NO ADP) (US ONLY)",1.0,EA,2023-01-04,AUSTIN,TX,,H51UCH9PW7AN,72582,RADIO_COMMUNICATIONS,3,"Two-Way Radio Supplies, Parts, and Accessories APX(TM) 6000 Series H98UCF9PW6BN APX6000 700/800 MODEL 2.5 PORTABLE ADD: HW KEY SUPPLEMENTAL DATA ADD: PROGRAMMING OVER P25 (OTAP) ADD: P25 LINK LAYER AUTHENTICATION ADD: P25 9600 BAUD TRUNKING ADD: TDMA OPERATION ADD: 5Y ESSENTIAL SERVICE ADD: GROUP SERVICES ADD: WIFI CAPABILITY ADD: SMARTZONE OPERATION ADD: NO ENCRYPTION, CLEAR RADIO (NO ADP) (US ONLY) ADD: ASTRO DIGITAL CAI OPERATION",5029.14,0.148043,3972.56,26.597,False,0.8129295,0.7010523676872253,0.0,0.0,0.0,0.15789473684210525,0.0,322.0,14.618447204968945,0.0640268515094032,1,1,1,0.1,0.4581310385052848,0.3333333333333333,0.3663156575278232,0.08201342575470161,0.29479729514250597
32,"Two-Way Radio Supplies, Parts, and Accessories H51UCH9PW7AN APX 4000 7/800 MHZ MODEL 3 PORTABLE QA01767AW ADD: P25 LINK LAYER AUTHENTICATION QA01833AD ADD: EXTREME NOISE REDUCTION QA01648AA ADD: HW KEY SUPPLEMENTAL DATA G996AZ ADD: PROGRAMMING OVER P25 (OTAP) QA02750AB ALT: IMPRES LI-ION 2800MAH (PMNN4448) QA02756AB ENH: 3600 OR 9600 TRUNKING BAUD SINGLE SYSTEM Q887AT ADD: 5Y ESSENTIAL SERVICE QA09008AA ADD: GROUP SERVICES QA00580AF ADD: TDMA OPERATION QA05751AA ADD: NO ENCRYPTION, CLEAR RADIO (NO ADP) (US ONLY)",1.0,EA,2023-01-04,AUSTIN,TX,,H51UCH9PW7AN,72582,RADIO_COMMUNICATIONS,4,"Two-Way Radio Supplies, Parts, and Accessories APX Application Services SSV01S01663A APX SMART CONNECT",96.0,-0.147049,3972.56,97.5834,False,0.6317501,0.38516589999198914,0.0,0.0,0.0,0.0,0.0,322.0,0.7018633540372671,0.5875912408759124,1,1,1,0.1,0.3479407562745937,0.25,0.19258294999599457,0.3437956204379562,0.2612504220703729
32,"Two-Way Radio Supplies, Parts, and Accessories H51UCH9PW7AN APX 4000 7/800 MHZ MODEL 3 PORTABLE QA01767AW ADD: P25 LINK LAYER AUTHENTICATION QA01833AD ADD: EXTREME NOISE REDUCTION QA01648AA ADD: HW KEY SUPPLEMENTAL DATA G996AZ ADD: PROGRAMMING OVER P25 (OTAP) QA02750AB ALT: IMPRES LI-ION 2800MAH (PMNN4448) QA02756AB ENH: 3600 OR 9600 TRUNKING BAUD SINGLE SYSTEM Q887AT ADD: 5Y ESSENTIAL SERVICE QA09008AA ADD: GROUP SERVICES QA00580AF ADD: TDMA OPERATION QA05751AA ADD: NO ENCRYPTION, CLEAR RADIO (NO ADP) (US ONLY)",1.0,EA,2023-01-04,AUSTIN,TX,,H51UCH9PW7AN,72582,RADIO_COMMUNICATIONS,5,"Two-Way Radio Supplies, Parts, and Accessories MH180H Bone Conduction Headset (Mic Right) Item#180.HRM.47 Per RFQ870026592KM and Quote#519094875 1 @ 325 = 325",325.0,-0.517912,3972.56,91.8189,False,0.46687442,0.09770495444536209,0.0,0.0,0.0,0.0,0.0,322.0,0.009316770186335404,0.9907692307692307,2,3,3,0.3,0.20945683045172891,0.2,0.048852477222681046,0.6453846153846153,0.25190277165561853
32,"Two-Way Radio Supplies, Parts, and Accessories H51UCH9PW7AN APX 4000 7/800 MHZ MODEL 3 PORTABLE QA01767AW ADD: P25 LINK LAYER AUTHENTICATION QA01833AD ADD: EXTREME NOISE REDUCTION QA01648AA ADD: HW KEY SUPPLEMENTAL DATA G996AZ ADD: PROGRAMMING OVER P25 (OTAP) QA02750AB ALT: IMPRES LI-ION 2800MAH (PMNN4448) QA02756AB ENH: 3600 OR 9600 TRUNKING BAUD SINGLE SYSTEM Q887AT ADD: 5Y ESSENTIAL SERVICE QA09008AA ADD: GROUP SERVICES QA00580AF ADD: TDMA OPERATION QA05751AA ADD: NO ENCRYPTION, CLEAR RADIO (NO ADP) (US ONLY)",1.0,EA,2023-01-04,AUSTIN,TX,,H51UCH9PW7AN,72582,RADIO_COMMUNICATIONS,6,"Two-Way Radio Supplies, Parts, and Accessories APX 4000 7/800 MHZ MODEL 3 PORTABLE APX 4000 7/800 MHZ MODEL 3 PORTABLE H51UCH9PW7 N ADD: TWO KNOB CONFIGURATION QA04865 ENH: 3600 OR 9600 TRUNKING BAUD SIN QA02756 ADD: PROGRAMMING OVER P25 (OTAP) G996 ADD: TDMA OPERATION QA00580 ADD: ADVANCED SYSTEM KEY - HARDWARE KEY QA01648 ADD: P25 LINK LAYER AUTHENTICATION QA01767 EXTREME NOISE REDUCTION QA01833 ADD: GROUP SERVICES QA09008 ALT: IMPRES LI-ION 2500MAH UL/DELTA T BATTERY (NNTN8560A) QA00582 ADD: 5 YEAR SERVICE FROM THE START LITE Q887 RADIO MANAGEMENT SOFTWARE T7914 RM DELIVERY OPTION UA00049AA IMPRES SU Charger PMPN4174",2950.28,-0.737583,3972.56,25.7335,False,0.891412,0.8378867506980896,0.0,0.0,0.0,0.3684210526315789,0.0,322.0,8.162360248447206,0.10914218311482299,1,1,1,0.1,0.12742949833869924,0.16666666666666666,0.4557854806122027,0.1045710915574115,0.3011677665547398
32,"Two-Way Radio Supplies, Parts, and Accessories H51UCH9PW7AN APX 4000 7/800 MHZ MODEL 3 PORTABLE QA01767AW ADD: P25 LINK LAYER AUTHENTICATION QA01833AD ADD: EXTREME NOISE REDUCTION QA01648AA ADD: HW KEY SUPPLEMENTAL DATA G996AZ ADD: PROGRAMMING OVER P25 (OTAP) QA02750AB ALT: IMPRES LI-ION 2800MAH (PMNN4448) QA02756AB ENH: 3600 OR 9600 TRUNKING BAUD SINGLE SYSTEM Q887AT ADD: 5Y ESSENTIAL SERVICE QA09008AA ADD: GROUP SERVICES QA00580AF ADD: TDMA OPERATION QA05751AA ADD: NO ENCRYPTION, CLEAR RADIO (NO ADP) (US ONLY)",1.0,EA,2023-01-04,AUSTIN,TX,,H51UCH9PW7AN,72582,RADIO_COMMUNICATIONS,7,"Two-Way Radio Supplies, Parts, and Accessories 5 YEAR SERVICE FROM THE START LITE GA00318",319.0,-0.74644,3972.56,91.9699,False,0.5262662,0.20125462114810944,0.0,0.0,0.0,0.0,0.0,322.0,0.009316770186335404,0.9907692307692307,3,3,3,0.3,0.12412220661368728,0.14285714285714285,0.10062731057405472,0.6453846153846153,0.26757873642316776
32,"Two-Way Radio Supplies, Parts, and Accessories H51UCH9PW7AN APX 4000 7/800 MHZ MODEL 3 PORTABLE QA01767AW ADD: P25 LINK LAYER AUTHENTICATION QA01833AD ADD: EXTREME NOISE REDUCTION QA01648AA ADD: HW KEY SUPPLEMENTAL DATA G996AZ ADD: PROGRAMMING OVER P25 (OTAP) QA02750AB ALT: IMPRES LI-ION 2800MAH (PMNN4448) QA02756AB ENH: 3600 OR 9600 TRUNKING BAUD SINGLE SYSTEM Q887AT ADD: 5Y ESSENTIAL SERVICE QA09008AA ADD: GROUP SERVICES QA00580AF ADD: TDMA OPERATION QA05751AA ADD: NO ENCRYPTION, CLEAR RADIO (NO ADP) (US ONLY)",1.0,EA,2023-01-04,AUSTIN,TX,,H51UCH9PW7AN,72582,RADIO_COMMUNICATIONS,8,"Two-Way Radio Supplies, Parts, and Accessories MH3 Headset (item # 100002 or WCSD approved equivalent) See specifications in 0500 section 3",305.0,-0.907039,3972.56,92.3223,False,0.48929453,0.13679443299770355,0.0,0.0,0.0,0.05263157894736842,0.0,322.0,0.052795031055900624,0.9498525073746312,2,3,3,0.3,0.06415294571889253,0.125,0.07366037439358862,0.6249262536873156,0.23761402388050232
32,"Two-Way Radio Supplies, Parts, and Accessories H51UCH9PW7AN APX 4000 7/800 MHZ MODEL 3 PORTABLE QA01767AW ADD: P25 LINK LAYER AUTHENTICATION QA01833AD ADD: EXTREME NOISE REDUCTION QA01648AA ADD: HW KEY SUPPLEMENTAL DATA G996AZ ADD: PROGRAMMING OVER P25 (OTAP) QA02750AB ALT: IMPRES LI-ION 2800MAH (PMNN4448) QA02756AB ENH: 3600 OR 9600 TRUNKING BAUD SINGLE SYSTEM Q887AT ADD: 5Y ESSENTIAL SERVICE QA09008AA ADD: GROUP SERVICES QA00580AF ADD: TDMA OPERATION QA05751AA ADD: NO ENCRYPTION, CLEAR RADIO (NO ADP) (US ONLY)",1.0,EA,2023-01-04,AUSTIN,TX,,H51UCH9PW7AN,72582,RADIO_COMMUNICATIONS,9,"Two-Way Radio Supplies, Parts, and Accessories Handheld Programming Smart Microphone with straight connector (Standard) for KNG mobiles & base station series",237.9,-0.965005,3972.56,94.0114,False,0.4108349,0.0,0.0,0.0,0.0,0.0,0.0,322.0,0.2611801242236025,0.7929081507017975,2,2,2,0.2,0.04250786588011602,0.1111111111111111,0.0,0.4964540753508988,0.15531240248728706
32,"Two-Way Radio Supplies, Parts, and Accessories H51UCH9PW7AN APX 4000 7/800 MHZ MODEL 3 PORTABLE QA01767AW ADD: P25 LINK LAYER AUTHENTICATION QA01833AD ADD: EXTREME NOISE REDUCTION QA01648AA ADD: HW KEY SUPPLEMENTAL DATA G996AZ ADD: PROGRAMMING OVER P25 (OTAP) QA02750AB ALT: IMPRES LI-ION 2800MAH (PMNN4448) QA02756AB ENH: 3600 OR 9600 TRUNKING BAUD SINGLE SYSTEM Q887AT ADD: 5Y ESSENTIAL SERVICE QA09008AA ADD: GROUP SERVICES QA00580AF ADD: TDMA OPERATION QA05751AA ADD: NO ENCRYPTION, CLEAR RADIO (NO ADP) (US ONLY)",1.0,EA,2023-01-04,AUSTIN,TX,,H51UCH9PW7AN,72582,RADIO_COMMUNICATIONS,10,"Two-Way Radio Supplies, Parts, and Accessories PR0014010 HGAC-BUY RA05-21 eQuote 00012242 KAA0290S: Handheld Programming Smart Microphone with straight connector (Standard) for KNG mobiles & base station series",237.9,-1.078842,3972.56,94.0114,False,0.48303628,0.12588317692279816,0.0,0.0,0.0,0.0,0.0,322.0,0.2611801242236025,0.7929081507017975,2,2,2,0.2,0.0,0.1,0.06294158846139908,0.4964540753508988,0.18355409625903915
33,"T006 RING CUTTER, ECONOMY. SHOR INTERNATIONAL 48.0243",40.0,EA,2023-01-04,JACKSONVILLE,FL,,T006,34072805222,OTHER_GOODS,1,"T006 RING CUTTER, ECONOMY. SHOR INTERNATIONAL 48.0243",4.58,2.958607,4.58,0.0,True,1.0000001,1.0,0.0,1.0,0.0,1.0,0.4,4.58,0.0,1.0,10,10,10,1.0,1.0,1.0,0.7999999999999999,1.0,0.89
33,"T006 RING CUTTER, ECONOMY. SHOR INTERNATIONAL 48.0243",40.0,EA,2023-01-04,JACKSONVILLE,FL,,T006,34072805222,OTHER_GOODS,2,"T006 RING CUTTER, ECONOMY. SHOR INTERNATIONAL 48.0243",4.58,2.112817,4.58,0.0,True,1.0000001,1.0,0.0,1.0,0.0,1.0,0.4,4.58,0.0,1.0,10,10,10,1.0,0.6685862871155028,0.5,0.7999999999999999,1.0,0.8402879430673255
33,"T006 RING CUTTER, ECONOMY. SHOR INTERNATIONAL 48.0243",40.0,EA,2023-01-04,JACKSONVILLE,FL,,T006,34072805222,OTHER_GOODS,3,"T006 RING CUTTER, ECONOMY. SHOR INTERNATIONAL 48.0243",4.58,1.894695,4.58,0.0,True,1.0000001,1.0,0.0,1.0,0.0,1.0,0.4,4.58,0.0,1.0,10,10,10,1.0,0.5831175278705456,0.3333333333333333,0.7999999999999999,1.0,0.8274676291805818
33,"T006 RING CUTTER, ECONOMY. SHOR INTERNATIONAL 48.0243",40.0,EA,2023-01-04,JACKSONVILLE,FL,,T006,34072805222,OTHER_GOODS,4,"T006 RING CUTTER, ECONOMY. SHOR INTERNATIONAL 48.0243",4.58,1.842604,4.58,0.0,True,1.0000001,1.0,0.0,1.0,0.0,1.0,0.4,4.58,0.0,1.0,10,10,10,1.0,0.5627062298912998,0.25,0.7999999999999999,1.0,0.8244059344836949
33,"T006 RING CUTTER, ECONOMY. SHOR INTERNATIONAL 48.0243",40.0,EA,2023-01-04,JACKSONVILLE,FL,,T006,34072805222,OTHER_GOODS,5,"T006 RING CUTTER, ECONOMY. SHOR INTERNATIONAL 48.0243",4.58,1.463067,4.58,0.0,True,1.0000001,1.0,0.0,1.0,0.0,1.0,0.4,4.58,0.0,1.0,10,10,10,1.0,0.41398873932385,0.2,0.7999999999999999,1.0,0.8020983108985775
33,"T006 RING CUTTER, ECONOMY. SHOR INTERNATIONAL 48.0243",40.0,EA,2023-01-04,JACKSONVILLE,FL,,T006,34072805222,OTHER_GOODS,6,"T006 RING CUTTER, ECONOMY. SHOR INTERNATIONAL 48.0243",4.58,1.311128,4.58,0.0,True,1.0000001,1.0,0.0,1.0,0.0,1.0,0.4,4.58,0.0,1.0,10,10,10,1.0,0.35445307666295595,0.16666666666666666,0.7999999999999999,1.0,0.7931679614994434
33,"T006 RING CUTTER, ECONOMY. SHOR INTERNATIONAL 48.0243",40.0,EA,2023-01-04,JACKSONVILLE,FL,,T006,34072805222,OTHER_GOODS,7,"T006 RING CUTTER, ECONOMY. SHOR INTERNATIONAL 48.0243",4.58,1.21493,4.58,0.0,True,1.0000001,1.0,0.0,1.0,0.0,1.0,0.4,4.58,0.0,1.0,10,10,10,1.0,0.31675892521630505,0.14285714285714285,0.7999999999999999,1.0,0.7875138387824457
33,"T006 RING CUTTER, ECONOMY. SHOR INTERNATIONAL 48.0243",40.0,EA,2023-01-04,JACKSONVILLE,FL,,T006,34072805222,OTHER_GOODS,8,"T006 RING CUTTER, ECONOMY. SHOR INTERNATIONAL 48.0243",4.58,1.081977,4.58,0.0,True,1.0000001,1.0,0.0,1.0,0.0,1.0,0.4,4.58,0.0,1.0,10,10,10,1.0,0.264662722412852,0.125,0.7999999999999999,1.0,0.7796994083619277
33,"T006 RING CUTTER, ECONOMY. SHOR INTERNATIONAL 48.0243",40.0,EA,2023-01-04,JACKSONVILLE,FL,,T006,34072805222,OTHER_GOODS,9,"T006 RING CUTTER, ECONOMY. SHOR INTERNATIONAL 48.0243",4.58,0.778387,4.58,0.0,True,1.0000001,1.0,0.0,1.0,0.0,1.0,0.4,4.58,0.0,1.0,10,10,10,1.0,0.14570424679289376,0.1111111111111111,0.7999999999999999,1.0,0.7618556370189341
33,"T006 RING CUTTER, ECONOMY. SHOR INTERNATIONAL 48.0243",40.0,EA,2023-01-04,JACKSONVILLE,FL,,T006,34072805222,OTHER_GOODS,10,"T006 RING CUTTER, ECONOMY. SHOR INTERNATIONAL 48.0243 T006 Ring Cutter, Economy SHOR INTERNATIONAL 480243",4.58,0.40654,4.58,0.0,True,0.96744657,0.0,0.0,1.0,0.0,1.0,0.4,4.58,0.0,1.0,10,10,10,1.0,0.0,0.1,0.30000000000000004,1.0,0.465
34,Surgilube Lubricant 3g foil packs Triad 144/box Surgical L,500.0,EA,2023-01-04,RANCHO CORDOVA,CA,,,47548521031,OTHER_GOODS,1,Surgilube Lubricant 3g foil packs Triad 144/box Surgical L,12.7,0.034275,0.1,12600.0,False,1.0,1.0,0.0,0.0,0.0,1.0,0.0,8.745000000000001,0.45225843339050864,0.6885826771653545,1,2,2,0.2,1.0,1.0,0.6,0.4442913385826772,0.6132874015748032
34,Surgilube Lubricant 3g foil packs Triad 144/box Surgical L,500.0,EA,2023-01-04,RANCHO CORDOVA,CA,,,47548521031,OTHER_GOODS,2,Surgilube Lubricant 3g foil packs Triad 144/box Surgical L,8.8,-0.653567,0.1,8700.0,False,1.0,1.0,0.0,0.0,0.0,1.0,0.0,8.745000000000001,0.0062893081761005954,0.99375,5,5,5,0.5,0.49017887121317116,0.5,0.6,0.746875,0.6275893306819756
34,Surgilube Lubricant 3g foil packs Triad 144/box Surgical L,500.0,EA,2023-01-04,RANCHO CORDOVA,CA,,,47548521031,OTHER_GOODS,3,"V-Belts, Industrial 4L220 v belt Hamilton part number 1786",5.3,-1.045574,0.1,5200.0,False,0.19062883,0.008663121610879898,0.0,0.0,0.0,0.0,0.0,8.745000000000001,0.39393939393939403,0.717391304347826,1,1,1,0.1,0.1996274782590649,0.3333333333333333,0.004331560805439949,0.408695652173913,0.1549351758340256
34,Surgilube Lubricant 3g foil packs Triad 144/box Surgical L,500.0,EA,2023-01-04,RANCHO CORDOVA,CA,,,47548521031,OTHER_GOODS,4,Surgilube Lubricant 3g foil packs Triad 144/box Surgical L A031 Sterile Lubricating Jelly. 2.7gm 3g foil packs PDI Item Number T00128,8.69,-1.165581,0.1,8590.0,False,0.84685093,0.8124193549156189,0.0,0.0,0.0,1.0,0.0,8.745000000000001,0.006289308176100799,0.9937499999999998,5,5,5,0.5,0.11067957423121992,0.25,0.5062096774578094,0.746875,0.5190797587364782
34,Surgilube Lubricant 3g foil packs Triad 144/box Surgical L,500.0,EA,2023-01-04,RANCHO CORDOVA,CA,,,47548521031,OTHER_GOODS,5,Surgilube Lubricant 3g foil packs Triad 144/box Surgical L,11.53,-1.202353,0.1,11430.0,False,1.0,1.0,0.0,0.0,0.0,1.0,0.0,8.745000000000001,0.31846769582618617,0.758456201214224,1,1,2,0.1,0.08342456138270343,0.2,0.6,0.429228100607112,0.4712821143895391
34,Surgilube Lubricant 3g foil packs Triad 144/box Surgical L,500.0,EA,2023-01-04,RANCHO CORDOVA,CA,,,47548521031,OTHER_GOODS,6,"Chairs, Metal HON Industries Midback Swivel Chairs",285.35,-1.202573,0.1,285250.0,False,0.18355587,0.0,0.0,0.0,0.0,0.0,0.0,8.745000000000001,31.630074328187533,0.030646574382337484,1,1,1,0.1,0.08326149973724845,0.16666666666666666,0.0,0.06532328719116874,0.032086211117937885
34,Surgilube Lubricant 3g foil packs Triad 144/box Surgical L,500.0,EA,2023-01-04,RANCHO CORDOVA,CA,,,47548521031,OTHER_GOODS,7,Surgilube Lubricant 3g foil packs Triad 144/box Surgical L A031 Sterile Lubricating Jelly. 2.7gm 3g foil packs PDI Item Number T00128,8.69,-1.203751,0.1,8590.0,False,0.84685093,0.8124193549156189,0.0,0.0,0.0,1.0,0.0,8.745000000000001,0.006289308176100799,0.9937499999999998,5,5,5,0.5,0.08238837874476623,0.14285714285714285,0.5062096774578094,0.746875,0.5148360794135102
34,Surgilube Lubricant 3g foil packs Triad 144/box Surgical L,500.0,EA,2023-01-04,RANCHO CORDOVA,CA,,,47548521031,OTHER_GOODS,8,Surgilube Lubricant 3g foil packs Triad 144/box Surgical L A031 Sterile Lubricating Jelly. 2.7gm 3g foil packs PDI Item Number T00128,8.69,-1.213509,0.1,8590.0,False,0.84685093,0.8124193549156189,0.0,0.0,0.0,1.0,0.0,8.745000000000001,0.006289308176100799,0.9937499999999998,5,5,5,0.5,0.07515585357953666,0.125,0.5062096774578094,0.746875,0.5137512006387257
34,Surgilube Lubricant 3g foil packs Triad 144/box Surgical L,500.0,EA,2023-01-04,RANCHO CORDOVA,CA,,,47548521031,OTHER_GOODS,9,"Chairs, Metal Hon Industries Mid-back chairs H2072",208.56,-1.311304,0.1,208460.0,False,0.20605233,0.027554195374250412,0.0,0.0,0.0,0.0,0.0,8.745000000000001,22.849056603773583,0.041930379746835444,1,1,1,0.1,0.0026712462282729183,0.1111111111111111,0.013777097687125206,0.07096518987341772,0.02926764762418512
34,Surgilube Lubricant 3g foil packs Triad 144/box Surgical L,500.0,EA,2023-01-04,RANCHO CORDOVA,CA,,,47548521031,OTHER_GOODS,10,Surgilube Lubricant 3g foil packs Triad 144/box Surgical L A031 Sterile Lubricating Jelly. 2.7gm 3g foil packs PDI Item Number T00128,8.69,-1.314908,0.1,8590.0,False,0.84685093,0.8124193549156189,0.0,0.0,0.0,1.0,0.0,8.745000000000001,0.006289308176100799,0.9937499999999998,5,5,5,0.5,0.0,0.1,0.5062096774578094,0.746875,0.5024778226017952
35,"Microcomputers, Handheld, Laptop, and Notebook PR0015014 Quote:3000139990103.1 DIR-TSO-3763 --------------------------------- XPS 15 (9520) 210-BDVG - 1 - 12th Generation Intel(R) Core",1.0,EA,2023-01-05,ROUND ROCK,TX,,PR0015014,20454,COMPUTER_HARDWARE,1,"Microcomputers, Handheld, Laptop, and Notebook PR0014727- XPS 15 9520 Laptop TX DIR-TSO-3763",2671.2,0.270081,2671.2,0.0,True,0.78895396,0.7939509749412537,0.0,0.0,0.0,0.42857142857142855,0.0,1910.0,0.3985340314136125,0.7150344414495358,3,3,4,0.3,1.0,1.0,0.4398326303277697,0.5075172207247679,0.5441631128977037
35,"Microcomputers, Handheld, Laptop, and Notebook PR0015014 Quote:3000139990103.1 DIR-TSO-3763 --------------------------------- XPS 15 (9520) 210-BDVG - 1 - 12th Generation Intel(R) Core",1.0,EA,2023-01-05,ROUND ROCK,TX,,PR0015014,20454,COMPUTER_HARDWARE,2,"Microcomputers, Handheld, Laptop, and Notebook PR0013811 DIR-TSO-3763 e-Quote 3000112138255.1 Mobile Precision 7760",2741.91,0.178888,2671.2,2.6471,True,0.7418599,0.7002484798431396,0.0,0.0,0.0,0.14285714285714285,0.0,1910.0,0.43555497382198943,0.6965947095273003,3,3,4,0.3,0.6817553655557493,0.5,0.3644099542072841,0.4982973547636501,0.4521779860764637
35,"Microcomputers, Handheld, Laptop, and Notebook PR0015014 Quote:3000139990103.1 DIR-TSO-3763 --------------------------------- XPS 15 (9520) 210-BDVG - 1 - 12th Generation Intel(R) Core",1.0,EA,2023-01-05,ROUND ROCK,TX,,PR0015014,20454,COMPUTER_HARDWARE,3,"Microcomputers, Handheld, Laptop, and Notebook EQuote No. 3000139241496 Mobile Precision 7670 Bundle *********************************** TX DIR-TSO-3763",2676.06,0.14706,2671.2,0.1819,True,0.5806225,0.3794362545013428,0.0,0.0,0.0,0.14285714285714285,0.0,1910.0,0.4010785340314136,0.713735865414079,3,3,4,0.3,0.5706822544058628,0.3333333333333333,0.20400384153638568,0.5068679327070394,0.3498648308180034
35,"Microcomputers, Handheld, Laptop, and Notebook PR0015014 Quote:3000139990103.1 DIR-TSO-3763 --------------------------------- XPS 15 (9520) 210-BDVG - 1 - 12th Generation Intel(R) Core",1.0,EA,2023-01-05,ROUND ROCK,TX,,PR0015014,20454,COMPUTER_HARDWARE,4,"Microcomputers, Handheld, Laptop, and Notebook Latitude 5330 Bundle DIR-TSO-3763 Quote number # 3000139992206",1400.0,0.113995,2671.2,47.5891,False,0.6531645,0.5237722396850586,0.0,0.0,0.0,0.14285714285714285,0.0,1910.0,0.2670157068062827,0.7892561983471075,1,1,2,0.1,0.4552922701099284,0.25,0.2761718341282436,0.4446280991735537,0.35357677903908935
35,"Microcomputers, Handheld, Laptop, and Notebook PR0015014 Quote:3000139990103.1 DIR-TSO-3763 --------------------------------- XPS 15 (9520) 210-BDVG - 1 - 12th Generation Intel(R) Core",1.0,EA,2023-01-05,ROUND ROCK,TX,,PR0015014,20454,COMPUTER_HARDWARE,5,"Microcomputers, Laptop, Notebook and Tablets BE50T-H: 50-inch BET Series Commercial TV Crystal UHD Display, 250nit, 16/7",481.89,0.073155,2671.2,81.9598,False,0.38992116,0.0,0.0,0.0,0.0,0.0,0.0,1910.0,0.7477015706806284,0.5721800659654714,1,1,1,0.1,0.31276915023556096,0.2,0.0,0.3360900329827357,0.14774238243015486
35,"Microcomputers, Handheld, Laptop, and Notebook PR0015014 Quote:3000139990103.1 DIR-TSO-3763 --------------------------------- XPS 15 (9520) 210-BDVG - 1 - 12th Generation Intel(R) Core",1.0,EA,2023-01-05,ROUND ROCK,TX,,PR0015014,20454,COMPUTER_HARDWARE,6,"Microcomputers, Handheld, Laptop, and Notebook Dell Performance Dock - WD19DCS Catalog Number: 84 / wd19dcscc",322.0,0.054435,2671.2,87.9455,False,0.532694,0.28407344222068787,0.0,0.0,0.0,0.0,0.0,1910.0,0.831413612565445,0.5460263007432818,1,1,1,0.1,0.24744023730588025,0.16666666666666666,0.14203672111034393,0.3230131503716409,0.21214017731806348
35,"Microcomputers, Handheld, Laptop, and Notebook PR0015014 Quote:3000139990103.1 DIR-TSO-3763 --------------------------------- XPS 15 (9520) 210-BDVG - 1 - 12th Generation Intel(R) Core",1.0,EA,2023-01-05,ROUND ROCK,TX,,PR0015014,20454,COMPUTER_HARDWARE,7,"Microcomputers, Handheld, Laptop, and Notebook PR0012376 Quote No. 3000070072118.3 DIr-TSO-3763 ------------------------------------------------- XPS 15 7590",1910.0,0.050158,2671.2,28.4966,False,0.89251244,1.0,0.0,0.0,0.0,0.2857142857142857,0.0,1910.0,0.0,1.0,2,2,2,0.2,0.2325143953934741,0.14285714285714285,0.5285714285714286,0.6,0.5055914450233069
35,"Microcomputers, Handheld, Laptop, and Notebook PR0015014 Quote:3000139990103.1 DIR-TSO-3763 --------------------------------- XPS 15 (9520) 210-BDVG - 1 - 12th Generation Intel(R) Core",1.0,EA,2023-01-05,ROUND ROCK,TX,,PR0015014,20454,COMPUTER_HARDWARE,8,"Microcomputers, Handheld, Laptop, and Notebook PR0014234 DIR-TSO-3763 e-Quote 3000116653563.1 SI# B1BX26 Mobile Precision 7560",2316.97,0.031253,2671.2,13.2611,False,0.76094985,0.7382314801216125,0.0,0.0,0.0,0.14285714285714285,0.0,1910.0,0.21307329842931927,0.824352494853192,1,1,6,0.1,0.16653987087768277,0.125,0.38340145434652056,0.46217624742659597,0.37450465475021755
35,"Microcomputers, Handheld, Laptop, and Notebook PR0015014 Quote:3000139990103.1 DIR-TSO-3763 --------------------------------- XPS 15 (9520) 210-BDVG - 1 - 12th Generation Intel(R) Core",1.0,EA,2023-01-05,ROUND ROCK,TX,,PR0015014,20454,COMPUTER_HARDWARE,9,"Microcomputers, Handheld, Laptop, and Notebook Apple MacBook Air 13"" M1 8C7C 16GB RAM 256GB SSD - Silver 1 6320640 $1,146.00 Mfg. Part#: Z127-2000762573 Contract: Sourcew",1146.0,-0.01114,2671.2,57.0979,False,0.5975301,0.413077175617218,0.0,0.0,0.0,0.14285714285714285,0.0,1910.0,0.4,0.7142857142857143,1,1,1,0.1,0.018597103472343394,0.1111111111111111,0.2208243020943233,0.40714285714285714,0.24638578881558648
35,"Microcomputers, Handheld, Laptop, and Notebook PR0015014 Quote:3000139990103.1 DIR-TSO-3763 --------------------------------- XPS 15 (9520) 210-BDVG - 1 - 12th Generation Intel(R) Core",1.0,EA,2023-01-05,ROUND ROCK,TX,,PR0015014,20454,COMPUTER_HARDWARE,10,"Microcomputers, Handheld, Laptop, and Notebook PR0011820 Quote No. 3000070072118.1 DIR-TSO-3763 ------------------------------------------------ XPS 15 7590",1910.0,-0.016469,2671.2,28.4966,False,0.8851147,0.9852809309959412,0.0,0.0,0.0,0.2857142857142857,0.0,1910.0,0.0,1.0,2,2,2,0.2,0.0,0.1,0.5212118940693992,0.6,0.46666654173816957
36,"Microcomputers, Desktop or Towerbased, Environmentally Certi PR0014985 eQuote - #3000140246040 DIR-TSO-3763 ---------------------------------------- OptiPlex 5000 Small Form Factor",3.0,EA,2023-01-05,ROUND ROCK,TX,,PR0014985,20553,COMPUTER_HARDWARE,1,"Microcomputers, Desktop or Towerbased, Environmentally Certi PR0014485 DIR-TSO-3763 eQuote - #3000128378568 OptiPlex 5000 Small Form Factor",955.0,1.754317,954.93,0.0073,True,0.95699495,1.0,0.0,0.0,0.0,0.5,0.0,805.8199999999999,0.185128192400288,0.8437905759162304,4,5,5,0.5,1.0,1.0,0.55,0.6718952879581153,0.6540685863874346
36,"Microcomputers, Desktop or Towerbased, Environmentally Certi PR0014985 eQuote - #3000140246040 DIR-TSO-3763 ---------------------------------------- OptiPlex 5000 Small Form Factor",3.0,EA,2023-01-05,ROUND ROCK,TX,,PR0014985,20553,COMPUTER_HARDWARE,2,"Microcomputers, Desktop or Towerbased, Environmentally Certi PR0014677 Quote: 3000134844990.1 DIR-TSO-3763 ----------------------------------- SI# B1BX26 OptiPlex 5000 Small Form Factor",862.64,1.306154,954.93,9.6646,True,0.9432469,0.957650899887085,0.0,0.0,0.0,0.5,0.0,805.8199999999999,0.07051202501799415,0.9341324306779188,1,1,6,0.1,0.6917221032589219,0.5,0.5288254499435425,0.5170662153389595,0.5497321775594746
36,"Microcomputers, Desktop or Towerbased, Environmentally Certi PR0014985 eQuote - #3000140246040 DIR-TSO-3763 ---------------------------------------- OptiPlex 5000 Small Form Factor",3.0,EA,2023-01-05,ROUND ROCK,TX,,PR0014985,20553,COMPUTER_HARDWARE,3,"Microcomputers, Desktop or Towerbased, Environmentally Certi PR0014413 DIR-TSO-3763 e-Quote # 3000126716279.1 OptiPlex 5000 Small Form Factor",955.0,1.277501,954.93,0.0073,True,0.9507717,0.9808300137519836,0.0,0.0,0.0,0.5,0.0,805.8199999999999,0.185128192400288,0.8437905759162304,4,5,5,0.5,0.6720125632582478,0.3333333333333333,0.5404150068759919,0.6718952879581153,0.5995987246579673
36,"Microcomputers, Desktop or Towerbased, Environmentally Certi PR0014985 eQuote - #3000140246040 DIR-TSO-3763 ---------------------------------------- OptiPlex 5000 Small Form Factor",3.0,EA,2023-01-05,ROUND ROCK,TX,,PR0014985,20553,COMPUTER_HARDWARE,4,"Microcomputers, Desktop or Towerbased, Environmentally Certi PR0014182 DIR-TSO-3763 eQuote 3000121171171 SI# B1BX26 OptiPlex 5000 Small Form Factor",955.0,1.196159,954.93,0.0073,True,0.92152274,0.8907324075698853,0.0,0.0,0.0,0.5,0.0,805.8199999999999,0.185128192400288,0.8437905759162304,4,5,5,0.5,0.6160598391897442,0.25,0.4953662037849426,0.6718952879581153,0.5664289743476146
36,"Microcomputers, Desktop or Towerbased, Environmentally Certi PR0014985 eQuote - #3000140246040 DIR-TSO-3763 ---------------------------------------- OptiPlex 5000 Small Form Factor",3.0,EA,2023-01-05,ROUND ROCK,TX,,PR0014985,20553,COMPUTER_HARDWARE,5,"Microcomputers, Desktop or Towerbased, Environmentally Certi PR0014507 DIR-TSO-3763 e-Quote 3000128287307 OptiPlex 5000SFF",955.0,0.704253,954.93,0.0073,True,0.8410553,0.6428627371788025,0.0,0.0,0.0,0.25,0.0,805.8199999999999,0.185128192400288,0.8437905759162304,4,5,5,0.5,0.27769244367892154,0.2,0.34643136858940127,0.6718952879581153,0.4337597056634435
36,"Microcomputers, Desktop or Towerbased, Environmentally Certi PR0014985 eQuote - #3000140246040 DIR-TSO-3763 ---------------------------------------- OptiPlex 5000 Small Form Factor",3.0,EA,2023-01-05,ROUND ROCK,TX,,PR0014985,20553,COMPUTER_HARDWARE,6,"Microcomputers, Desktop or Towerbased, Environmentally Certi PR0011508 Quote No. 3000064970448.1 DIR-TSO-3763 ------------------------------------------------- SI# B1BX26 OptiPlex 5070 MFF MLK",749.0,0.405259,954.93,21.5649,False,0.824603,0.5921836495399475,0.0,0.0,0.0,0.25,0.0,805.8199999999999,0.07051202501799402,0.934132430677919,1,5,6,0.5,0.07202343160473887,0.16666666666666666,0.3210918247699738,0.7170662153389595,0.40252388296588426
36,"Microcomputers, Desktop or Towerbased, Environmentally Certi PR0014985 eQuote - #3000140246040 DIR-TSO-3763 ---------------------------------------- OptiPlex 5000 Small Form Factor",3.0,EA,2023-01-05,ROUND ROCK,TX,,PR0014985,20553,COMPUTER_HARDWARE,7,"Microcomputers, Desktop or Towerbased, Environmentally Certi PR0010688 TX- DIR-TSO-3763 OptiPlex 5070 SFF MLK",688.0,0.325416,954.93,27.9528,False,0.73344135,0.3113718628883362,0.0,0.0,0.0,0.25,0.0,805.8199999999999,0.14621131270010665,0.8724394785847301,4,5,5,0.5,0.017101824712831455,0.14285714285714285,0.18068593144416809,0.686219739292365,0.3078084577889267
36,"Microcomputers, Desktop or Towerbased, Environmentally Certi PR0014985 eQuote - #3000140246040 DIR-TSO-3763 ---------------------------------------- OptiPlex 5000 Small Form Factor",3.0,EA,2023-01-05,ROUND ROCK,TX,,PR0014985,20553,COMPUTER_HARDWARE,8,"Microcomputers, Desktop or Towerbased, Environmentally Certi OptiPlex 5070 SFF MLK",688.0,0.309302,954.93,27.9528,False,0.6323588,0.0,0.0,0.0,0.0,0.0,0.0,805.8199999999999,0.14621131270010665,0.8724394785847301,4,5,5,0.5,0.0060174870319302624,0.125,0.0,0.686219739292365,0.20676854484249904
36,"Microcomputers, Desktop or Towerbased, Environmentally Certi PR0014985 eQuote - #3000140246040 DIR-TSO-3763 ---------------------------------------- OptiPlex 5000 Small Form Factor",3.0,EA,2023-01-05,ROUND ROCK,TX,,PR0014985,20553,COMPUTER_HARDWARE,9,"Microcomputers, Desktop or Towerbased, Environmentally Certi OptiPlex 5070 SFF MLK PRL0011096",688.0,0.303082,954.93,27.9528,False,0.7147199,0.2537027895450592,0.0,0.0,0.0,0.0,0.0,805.8199999999999,0.14621131270010665,0.8724394785847301,4,5,5,0.5,0.0017389354385825135,0.1111111111111111,0.1268513947725296,0.686219739292365,0.27589502922838816
36,"Microcomputers, Desktop or Towerbased, Environmentally Certi PR0014985 eQuote - #3000140246040 DIR-TSO-3763 ---------------------------------------- OptiPlex 5000 Small Form Factor",3.0,EA,2023-01-05,ROUND ROCK,TX,,PR0014985,20553,COMPUTER_HARDWARE,10,"Microcomputers, Desktop or Towerbased, Environmentally Certi PR0010302 Quote 1000422181825 OptiPlex 5070 SFF MLK",688.0,0.300554,954.93,27.9528,False,0.75680333,0.3833354413509369,0.0,0.0,0.0,0.0,0.0,805.8199999999999,0.14621131270010665,0.8724394785847301,4,5,5,0.5,0.0,0.1,0.19166772067546844,0.686219739292365,0.31128316815921714
37,"Monitors, Color and Monochrome, Environmentally Certified Dell 27 Monitor - P2722H",3.0,EA,2023-01-05,ROUND ROCK,TX,DELL,P2722H,20560,COMPUTER_HARDWARE,1,"Monitors, Color and Monochrome, Environmentally Certified Dell 27 Monitor - P2722H",259.99,2.765638,265.0,1.8906,True,1.0,1.0,1.0,1.0,0.0,1.0,0.8,265.0,0.018905660377358455,0.9814451316617903,8,9,10,0.9,1.0,1.0,0.9999999999999999,0.9407225658308951,0.9822167697492684
37,"Monitors, Color and Monochrome, Environmentally Certified Dell 27 Monitor - P2722H",3.0,EA,2023-01-05,ROUND ROCK,TX,DELL,P2722H,20560,COMPUTER_HARDWARE,2,"Monitors, Color and Monochrome, Environmentally Certified Dell 27 Monitor - P2722H, 68.6cm (27"")",280.0,1.715543,265.0,5.6604,True,0.91294396,0.5548973679542542,1.0,1.0,0.0,1.0,0.8,265.0,0.05660377358490566,0.9464285714285714,3,9,9,0.9,0.5136882069407549,0.5,0.7774486839771271,0.9232142857142858,0.7816142929428189
37,"Monitors, Color and Monochrome, Environmentally Certified Dell 27 Monitor - P2722H",3.0,EA,2023-01-05,ROUND ROCK,TX,DELL,P2722H,20560,COMPUTER_HARDWARE,3,"Monitors, Color and Monochrome, Environmentally Certified Dell 27 Monitor - P2719H",269.59,1.056303,265.0,1.7321,True,0.99706864,0.9850124716758728,1.0,0.0,0.0,0.5,0.4,265.0,0.017320754716981038,0.982974145925294,9,9,10,0.9,0.20838612812276544,0.3333333333333333,0.7425062358379364,0.941487072962647,0.722082470818074
37,"Monitors, Color and Monochrome, Environmentally Certified Dell 27 Monitor - P2722H",3.0,EA,2023-01-05,ROUND ROCK,TX,DELL,P2722H,20560,COMPUTER_HARDWARE,4,"Monitors, Color and Monochrome, Environmentally Certified Dell 27 Monitor - P2717H",269.59,0.996843,265.0,1.7321,True,0.9944563,0.9716559648513794,1.0,0.0,0.0,0.5,0.4,265.0,0.017320754716981038,0.982974145925294,9,9,10,0.9,0.18084947742420704,0.25,0.7358279824256897,0.941487072962647,0.7142789338365545
37,"Monitors, Color and Monochrome, Environmentally Certified Dell 27 Monitor - P2722H",3.0,EA,2023-01-05,ROUND ROCK,TX,DELL,P2722H,20560,COMPUTER_HARDWARE,5,"Monitors, Color and Monochrome, Environmentally Certified PR0014709- Dell 27 Monitor - P2722H (TX- DIR-TSO-3763)",265.0,0.759341,265.0,0.0,True,0.9366376,0.6760388016700745,1.0,1.0,0.0,1.0,0.8,265.0,0.0,1.0,8,9,10,0.9,0.0708594065495178,0.2,0.8380194008350371,0.95,0.7565395814416981
37,"Monitors, Color and Monochrome, Environmentally Certified Dell 27 Monitor - P2722H",3.0,EA,2023-01-05,ROUND ROCK,TX,DELL,P2722H,20560,COMPUTER_HARDWARE,6,"Monitors, Color and Monochrome, Environmentally Certified Dell 27"" PC Monitors - model: P2722H, 68.6cm. Dell quote# 3000134705130.1",219.99,0.687968,265.0,16.9849,False,0.88659054,0.4201568365097046,1.0,1.0,0.0,1.0,0.8,265.0,0.16984905660377356,0.8548111351246734,1,1,3,0.1,0.03780570035529966,0.16666666666666666,0.7100784182548523,0.4774055675623367,0.5394356553621646
37,"Monitors, Color and Monochrome, Environmentally Certified Dell 27 Monitor - P2722H",3.0,EA,2023-01-05,ROUND ROCK,TX,DELL,P2722H,20560,COMPUTER_HARDWARE,7,"Monitors, Color and Monochrome, Environmentally Certified PR0014815-Dell 27 Monitor - P2722H (TX- DIR-TSO-3763)",265.0,0.640235,265.0,0.0,True,0.93582237,0.671870768070221,1.0,1.0,0.0,1.0,0.8,265.0,0.0,1.0,8,9,10,0.9,0.015699966285432694,0.14285714285714285,0.8359353840351104,0.95,0.7471194561621256
37,"Monitors, Color and Monochrome, Environmentally Certified Dell 27 Monitor - P2722H",3.0,EA,2023-01-05,ROUND ROCK,TX,DELL,P2722H,20560,COMPUTER_HARDWARE,8,"Monitors, Color and Monochrome, Environmentally Certified 19651-24"" Dell Monitor",257.39,0.638558,265.0,2.8717,True,0.9168067,0.5746468901634216,1.0,0.0,0.0,0.0,0.4,265.0,0.028716981132075523,0.9720846630717874,8,9,10,0.9,0.014923327146154464,0.125,0.4873234450817108,0.9360423315358937,0.5510790933276323
37,"Monitors, Color and Monochrome, Environmentally Certified Dell 27 Monitor - P2722H",3.0,EA,2023-01-05,ROUND ROCK,TX,DELL,P2722H,20560,COMPUTER_HARDWARE,9,"Monitors, Color and Monochrome, Environmentally Certified PR0014543 DIR-TSO-3763 eQuote 3000128420410 27"" monitor",265.0,0.634027,265.0,0.0,True,0.80441356,0.0,0.0,0.0,0.0,0.5,0.0,265.0,0.0,1.0,8,9,10,0.9,0.01282496582232051,0.1111111111111111,0.05,0.95,0.31442374487334807
37,"Monitors, Color and Monochrome, Environmentally Certified Dell 27 Monitor - P2722H",3.0,EA,2023-01-05,ROUND ROCK,TX,DELL,P2722H,20560,COMPUTER_HARDWARE,10,"Monitors, Color and Monochrome, Environmentally Certified PR0014705 eQuote: SCTASK0256567 DIR-TSO-3763 -------------------------------------------- Dell 27 Monitor - P2722H",265.0,0.606334,265.0,0.0,True,0.8852617,0.4133628010749817,1.0,1.0,0.0,1.0,0.8,265.0,0.0,1.0,8,9,10,0.9,0.0,0.1,0.7066814005374908,0.95,0.67367477029562
38,ACCESSORIES FOR LAPTOP COMPUTER PR0015013 Quote:3000140440586 DIR TSO-3763 ______________________ Dell Dock WD19S 130w power,1.0,EA,2023-01-05,ROUND ROCK,TX,DELL,PR0015013,2045405,COMPUTER_HARDWARE,1,ACCESSORIES FOR LAPTOP COMPUTER PR0014766-Dell Dock - WD19S 90w DIR-TSO-3763,218.0,0.304832,277.16,21.3451,False,0.8948582,0.7655573487281799,1.0,0.0,0.0,0.4,0.4,218.0,0.0,1.0,7,7,8,0.7,1.0,1.0,0.62277867436409,0.85,0.7475282709002495
38,ACCESSORIES FOR LAPTOP COMPUTER PR0015013 Quote:3000140440586 DIR TSO-3763 ______________________ Dell Dock WD19S 130w power,1.0,EA,2023-01-05,ROUND ROCK,TX,DELL,PR0015013,2045405,COMPUTER_HARDWARE,2,ACCESSORIES FOR LAPTOP COMPUTER PR0014811 - Dell Performance Docks WD19DCS DIR-TSO-3763,380.61,0.259407,277.16,37.325,False,0.82933384,0.17094871401786804,1.0,0.0,0.0,0.2,0.4,218.0,0.7459174311926606,0.5727647723391398,1,1,2,0.1,0.8847993467102193,0.5,0.30547435700893405,0.3363823861695699,0.4016455142123176
38,ACCESSORIES FOR LAPTOP COMPUTER PR0015013 Quote:3000140440586 DIR TSO-3763 ______________________ Dell Dock WD19S 130w power,1.0,EA,2023-01-05,ROUND ROCK,TX,DELL,PR0015013,2045405,COMPUTER_HARDWARE,3,ACCESSORIES FOR LAPTOP COMPUTER EDWD needs a laptop docking station for a conference table Dell Dock- WD19S 90w Power Delivery 130w AC,218.0,-0.008819,277.16,21.3451,False,0.81958985,0.08252569288015366,1.0,0.0,0.0,0.4,0.4,218.0,0.0,1.0,7,7,8,0.7,0.2045613625758283,0.3333333333333333,0.2812628464400768,0.85,0.4403787699284165
38,ACCESSORIES FOR LAPTOP COMPUTER PR0015013 Quote:3000140440586 DIR TSO-3763 ______________________ Dell Dock WD19S 130w power,1.0,EA,2023-01-05,ROUND ROCK,TX,DELL,PR0015013,2045405,COMPUTER_HARDWARE,4,ACCESSORIES FOR LAPTOP COMPUTER (1X) Dell Dock- WD19S 90w Power Delivery - 130w AC DIR-TSO-3763,218.0,-0.030451,277.16,21.3451,False,0.8878268,0.7017502188682556,1.0,0.0,0.0,0.6,0.4,218.0,0.0,1.0,7,7,8,0.7,0.14970125180060462,0.25,0.6108751094341278,0.85,0.613436497958861
38,ACCESSORIES FOR LAPTOP COMPUTER PR0015013 Quote:3000140440586 DIR TSO-3763 ______________________ Dell Dock WD19S 130w power,1.0,EA,2023-01-05,ROUND ROCK,TX,DELL,PR0015013,2045405,COMPUTER_HARDWARE,5,ACCESSORIES FOR LAPTOP COMPUTER Dell Dock- WD19S 90w Power Delivery - 130w AC,218.0,-0.033494,277.16,21.3451,False,0.8757051,0.5917505621910095,1.0,0.0,0.0,0.4,0.4,218.0,0.0,1.0,7,7,8,0.7,0.14198401266002555,0.2,0.5358752810955048,0.85,0.5710290065015315
38,ACCESSORIES FOR LAPTOP COMPUTER PR0015013 Quote:3000140440586 DIR TSO-3763 ______________________ Dell Dock WD19S 130w power,1.0,EA,2023-01-05,ROUND ROCK,TX,DELL,PR0015013,2045405,COMPUTER_HARDWARE,6,ACCESSORIES FOR LAPTOP COMPUTER Dell Dock- WD19S 90w Power Delivery - 130w AC DIR-TSO-3763 Quote number # 3000139992384,218.0,-0.0416,277.16,21.3451,False,0.9197469,0.9914128184318542,1.0,0.0,0.0,0.6,0.4,218.0,0.0,1.0,7,7,8,0.7,0.12142668749619592,0.16666666666666666,0.7557064092159271,0.85,0.6888525281931893
38,ACCESSORIES FOR LAPTOP COMPUTER PR0015013 Quote:3000140440586 DIR TSO-3763 ______________________ Dell Dock WD19S 130w power,1.0,EA,2023-01-05,ROUND ROCK,TX,DELL,PR0015013,2045405,COMPUTER_HARDWARE,7,ACCESSORIES FOR LAPTOP COMPUTER Dell Dock- WD19S 90w Power Delivery - 130w AC DIR-TSO-3763,218.0,-0.056361,277.16,21.3451,False,0.90307605,0.840131402015686,1.0,0.0,0.0,0.6,0.4,218.0,0.0,1.0,7,7,8,0.7,0.08399186431049525,0.14285714285714285,0.680065701007843,0.85,0.641634915200888
38,ACCESSORIES FOR LAPTOP COMPUTER PR0015013 Quote:3000140440586 DIR TSO-3763 ______________________ Dell Dock WD19S 130w power,1.0,EA,2023-01-05,ROUND ROCK,TX,DELL,PR0015013,2045405,COMPUTER_HARDWARE,8,ACCESSORIES FOR LAPTOP COMPUTER PR0014639 DIR-TSO-3763 eQuote 3000127641858.3 Dell Performance Dock- WD19DCS,252.99,-0.064418,277.16,8.7206,True,0.8698747,0.5388418436050415,1.0,0.0,0.0,0.2,0.4,218.0,0.16050458715596336,0.8616941381082256,1,1,8,0.1,0.06355880622451257,0.125,0.4894209218025208,0.4808470690541128,0.42296944864129715
38,ACCESSORIES FOR LAPTOP COMPUTER PR0015013 Quote:3000140440586 DIR TSO-3763 ______________________ Dell Dock WD19S 130w power,1.0,EA,2023-01-05,ROUND ROCK,TX,DELL,PR0015013,2045405,COMPUTER_HARDWARE,9,ACCESSORIES FOR LAPTOP COMPUTER PR0014573 DIR-TSO-3763 e-quote 3000128804337.3 Dell Thunderbolt 4 Dock- WD22TB4,337.99,-0.068891,277.16,21.9476,False,0.81049573,0.0,1.0,0.0,0.0,0.2,0.4,218.0,0.5504128440366973,0.6449894967306725,1,1,2,0.1,0.052214997261052186,0.1111111111111111,0.22000000000000003,0.37249474836533625,0.24058067409875872
38,ACCESSORIES FOR LAPTOP COMPUTER PR0015013 Quote:3000140440586 DIR TSO-3763 ______________________ Dell Dock WD19S 130w power,1.0,EA,2023-01-05,ROUND ROCK,TX,DELL,PR0015013,2045405,COMPUTER_HARDWARE,10,ACCESSORIES FOR LAPTOP COMPUTER Dell Dock- WD19S 90w Power Delivery - 130w AC DIR-TSO-3763 Quote number # 3000138962956,218.0,-0.08948,277.16,21.3451,False,0.92069316,1.0,1.0,0.0,0.0,0.6,0.4,218.0,0.0,1.0,7,7,8,0.7,0.0,0.1,0.76,0.85,0.673
39,"LIGHTS, EMERGENCY ENFWB000JB: SOI Ford F-150 (2015-18) Split Front",1.0,EA,2023-01-05,Greensboro,NC,FORD,ENFWB000JB,0555444,OTHER_GOODS,1,"LIGHTS, EMERGENCY ENFWB00KB5 SOI F150 INTERIOR SPLIT FRONT",840.15,0.76102,948.6,11.4326,False,0.8778918,0.9238682389259338,0.0,0.0,0.0,0.0,0.0,220.05,2.8179959100204495,0.26191751472951263,1,1,1,0.1,1.0,1.0,0.4619341194629669,0.1809587573647563,0.4583513929140587
39,"LIGHTS, EMERGENCY ENFWB000JB: SOI Ford F-150 (2015-18) Split Front",1.0,EA,2023-01-05,Greensboro,NC,FORD,ENFWB000JB,0555444,OTHER_GOODS,2,"LIGHTS, EMERGENCY ENFWBFSF08 FORD F-150 (15-18) SPLIT FRONT",657.9,0.489539,948.6,30.6452,False,0.92004216,1.0,1.0,0.0,0.0,0.5,0.4,220.05,1.989775051124744,0.3344733242134063,2,2,2,0.2,0.6432795872002649,0.5,0.75,0.26723666210670316,0.5891629367120507
39,"LIGHTS, EMERGENCY ENFWB000JB: SOI Ford F-150 (2015-18) Split Front",1.0,EA,2023-01-05,Greensboro,NC,FORD,ENFWB000JB,0555444,OTHER_GOODS,3,"LIGHTS, EMERGENCY ENGND04101 SOI BLUEPRINT REMOTE NODE",203.4,0.114304,948.6,78.5579,False,0.3821962,0.02854577638208866,0.0,0.0,0.0,0.0,0.0,220.05,0.07566462167689164,0.929657794676806,1,5,6,0.5,0.15022856669824597,0.3333333333333333,0.01427288819104433,0.7148288973384029,0.24483304271133213
39,"LIGHTS, EMERGENCY ENFWB000JB: SOI Ford F-150 (2015-18) Split Front",1.0,EA,2023-01-05,Greensboro,NC,FORD,ENFWB000JB,0555444,OTHER_GOODS,4,"LIGHTS, EMERGENCY ENFDSS3RB SOI nFORCE Dual Stacked Surface Mount Light R/B",220.05,0.072727,948.6,76.8027,False,0.5414549,0.31619793176651,0.0,0.0,0.0,0.0,0.0,220.05,0.0,1.0,4,5,5,0.5,0.09559724957854114,0.25,0.158098965883255,0.75,0.3262940186725714
39,"LIGHTS, EMERGENCY ENFWB000JB: SOI Ford F-150 (2015-18) Split Front",1.0,EA,2023-01-05,Greensboro,NC,FORD,ENFWB000JB,0555444,OTHER_GOODS,5,"LIGHTS, EMERGENCY ENFS203J4-AG SOI AG N Force Dual Amber Green",220.05,0.072727,948.6,76.8027,False,0.56929135,0.3664759397506714,0.0,0.0,0.0,0.0,0.0,220.05,0.0,1.0,4,5,5,0.5,0.09559724957854114,0.2,0.1832379698753357,0.75,0.3401204708682158
39,"LIGHTS, EMERGENCY ENFWB000JB: SOI Ford F-150 (2015-18) Split Front",1.0,EA,2023-01-05,Greensboro,NC,FORD,ENFWB000JB,0555444,OTHER_GOODS,6,"LIGHTS, EMERGENCY ENFDSS3JJ SOI nFORCE Dual Stacked Surface Mount RED/BLUE",220.05,0.072727,948.6,76.8027,False,0.5524403,0.33603963255882263,0.0,0.0,0.0,0.0,0.0,220.05,0.0,1.0,4,5,5,0.5,0.09559724957854114,0.16666666666666666,0.16801981627941132,0.75,0.33175048639045734
39,"LIGHTS, EMERGENCY ENFWB000JB: SOI Ford F-150 (2015-18) Split Front",1.0,EA,2023-01-05,Greensboro,NC,FORD,ENFWB000JB,0555444,OTHER_GOODS,7,"LIGHTS, EMERGENCY ENFS203J4-AA SOI Dual Surface Mount with 1' Pigtail",220.05,0.072727,948.6,76.8027,False,0.5225692,0.28208664059638977,0.0,0.0,0.0,0.0,0.0,220.05,0.0,1.0,4,5,5,0.5,0.09559724957854114,0.14285714285714285,0.14104332029819489,0.75,0.31691341360078834
39,"LIGHTS, EMERGENCY ENFWB000JB: SOI Ford F-150 (2015-18) Split Front",1.0,EA,2023-01-05,Greensboro,NC,FORD,ENFWB000JB,0555444,OTHER_GOODS,8,"LIGHTS, EMERGENCY ENT3B3F SOI INTERSECTOR 18-LED SFC MNT,BLK HSG AMBER/WHI",167.4,0.047981,948.6,82.3529,False,0.5133521,0.2654387950897217,0.0,0.0,0.0,0.25,0.0,220.05,0.2392638036809816,0.806930693069307,1,1,1,0.1,0.06308151796143996,0.125,0.15771939754486083,0.4534653465346535,0.23224750030428554
39,"LIGHTS, EMERGENCY ENFWB000JB: SOI Ford F-150 (2015-18) Split Front",1.0,EA,2023-01-05,Greensboro,NC,FORD,ENFWB000JB,0555444,OTHER_GOODS,9,"LIGHTS, EMERGENCY SPDF10-RB-TA15 TOMAR FRONT VISOR (2019 TAHOE)",671.99,0.007364,948.6,29.1598,False,0.59456724,0.41212910413742065,0.0,0.0,0.0,0.0,0.0,220.05,2.053805953192456,0.3274602300629474,2,2,2,0.2,0.009711620964276845,0.1111111111111111,0.20606455206871033,0.2637301150314737,0.19391128129187432
39,"LIGHTS, EMERGENCY ENFWB000JB: SOI Ford F-150 (2015-18) Split Front",1.0,EA,2023-01-05,Greensboro,NC,FORD,ENFWB000JB,0555444,OTHER_GOODS,10,"LIGHTS, EMERGENCY 01-0269879-00 WEC CLASSIC LIBERTY L/C LIGHT BAR I/O BOARD",448.2,-2.7e-05,948.6,52.7514,False,0.3663918,0.0,0.0,0.0,0.0,0.0,0.0,220.05,1.03680981595092,0.4909638554216868,1,1,1,0.1,0.0,0.1,0.0,0.2954819277108434,0.08864457831325302
40,"PUMPING EQUIPMENT AND ACCESSORIES QUOTE #E0-0016753 FOR 1"" BUSHINGS",12.0,EA,2023-01-05,BOERNE,TX,,,72000,OTHER_GOODS,1,PUMPING EQUIPMENT AND ACCESSORIES Aurora 134 Rebuild Kit 476-0082-643 for work order 214219,1495.38,0.274816,20.0,7376.9,False,0.5834444,0.40475329756736755,0.0,0.0,0.0,0.0,0.0,494.5,2.0240242669362996,0.3306851770118632,2,3,3,0.3,1.0,1.0,0.20237664878368378,0.31534258850593155,0.3559099333828055
40,"PUMPING EQUIPMENT AND ACCESSORIES QUOTE #E0-0016753 FOR 1"" BUSHINGS",12.0,EA,2023-01-05,BOERNE,TX,,,72000,OTHER_GOODS,2,PUMPING EQUIPMENT AND ACCESSORIES 8 Sets of Shims,84.25,-0.143087,20.0,321.25,False,0.66361547,0.8378807306289673,0.0,0.0,0.0,0.0,0.0,494.5,0.8296258847320526,0.5465598231555678,1,1,1,0.1,0.29676030788181484,0.5,0.41894036531448364,0.3232799115777839,0.3719152205785734
40,"PUMPING EQUIPMENT AND ACCESSORIES QUOTE #E0-0016753 FOR 1"" BUSHINGS",12.0,EA,2023-01-05,BOERNE,TX,,,72000,OTHER_GOODS,3,PUMPING EQUIPMENT AND ACCESSORIES,1351.76,-0.1917,20.0,6658.8,False,0.6802615,0.9278116226196289,0.0,0.0,0.0,0.0,0.0,494.5,1.7335894843276036,0.3658193762206309,1,1,3,0.1,0.21495522116805268,0.3333333333333333,0.46390581130981445,0.23290968811031543,0.3572643858287005
40,"PUMPING EQUIPMENT AND ACCESSORIES QUOTE #E0-0016753 FOR 1"" BUSHINGS",12.0,EA,2023-01-05,BOERNE,TX,,,72000,OTHER_GOODS,4,"PUMPING EQUIPMENT AND ACCESSORIES Apex 10 & 20 Bushings, SS Flanges and Inserts for SAR Stock",15.4,-0.212111,20.0,23.0,False,0.6936234,1.0,0.0,0.0,0.0,0.0,0.0,494.5,0.9688574317492417,0.5079087921117502,1,1,1,0.1,0.18060795552070327,0.25,0.5,0.3039543960558751,0.39327751214486806
40,"PUMPING EQUIPMENT AND ACCESSORIES QUOTE #E0-0016753 FOR 1"" BUSHINGS",12.0,EA,2023-01-05,BOERNE,TX,,,72000,OTHER_GOODS,5,PUMPING EQUIPMENT AND ACCESSORIES Key imp Grit pump repair parts,388.7,-0.215243,20.0,1843.5,False,0.5085254,0.0,0.0,0.0,0.0,0.0,0.0,494.5,0.21395348837209305,0.8237547892720306,1,1,2,0.1,0.17533748195216187,0.2,0.0,0.4618773946360153,0.16486384068362886
40,"PUMPING EQUIPMENT AND ACCESSORIES QUOTE #E0-0016753 FOR 1"" BUSHINGS",12.0,EA,2023-01-05,BOERNE,TX,,,72000,OTHER_GOODS,6,PUMPING EQUIPMENT AND ACCESSORIES APEX HOSES 20,539.0,-0.244417,20.0,2595.0,False,0.62871194,0.6493129730224609,0.0,0.0,0.0,0.0,0.0,494.5,0.08998988877654196,0.9174397031539888,1,1,2,0.1,0.12624399667482256,0.16666666666666666,0.32465648651123047,0.5087198515769944,0.3501136225554985
40,"PUMPING EQUIPMENT AND ACCESSORIES QUOTE #E0-0016753 FOR 1"" BUSHINGS",12.0,EA,2023-01-05,BOERNE,TX,,,72000,OTHER_GOODS,7,"PUMPING EQUIPMENT AND ACCESSORIES Apex 10 & 20 Bushings, SS Flanges and Inserts for SAR Stock",140.0,-0.287337,20.0,600.0,False,0.6936234,1.0,0.0,0.0,0.0,0.0,0.0,494.5,0.7168857431749242,0.5824499411071848,1,1,1,0.1,0.05401898851332929,0.14285714285714285,0.5,0.3412249705535924,0.3854703394430772
40,"PUMPING EQUIPMENT AND ACCESSORIES QUOTE #E0-0016753 FOR 1"" BUSHINGS",12.0,EA,2023-01-05,BOERNE,TX,,,72000,OTHER_GOODS,8,PUMPING EQUIPMENT AND ACCESSORIES Capp Stock# CS3335346 Lobe-flo 6200.073 Hardened Sleeves,1055.0,-0.289503,20.0,5175.0,False,0.6065366,0.5295099020004272,0.0,0.0,0.0,0.0,0.0,494.5,1.1334681496461072,0.46872037914691944,1,1,1,0.1,0.0503740824630545,0.125,0.2647549510002136,0.2843601895734597,0.23847939229161358
40,"PUMPING EQUIPMENT AND ACCESSORIES QUOTE #E0-0016753 FOR 1"" BUSHINGS",12.0,EA,2023-01-05,BOERNE,TX,,,72000,OTHER_GOODS,9,PUMPING EQUIPMENT AND ACCESSORIES 709337 Float DN 50 DFM 350 ASV 1 EACH AT $450 EACH,450.0,-0.295322,20.0,2150.0,False,0.59948444,0.49141019582748413,0.0,0.0,0.0,0.3333333333333333,0.0,494.5,0.08998988877654196,0.9174397031539888,1,1,3,0.1,0.040581973364924806,0.1111111111111111,0.2790384312470754,0.5087198515769944,0.31217438866372854
40,"PUMPING EQUIPMENT AND ACCESSORIES QUOTE #E0-0016753 FOR 1"" BUSHINGS",12.0,EA,2023-01-05,BOERNE,TX,,,72000,OTHER_GOODS,10,PUMPING EQUIPMENT AND ACCESSORIES,1537.0,-0.319438,20.0,7585.0,False,0.6802613,0.9278106689453125,0.0,0.0,0.0,0.0,0.0,494.5,2.108190091001011,0.3217306441119063,2,2,3,0.2,0.0,0.1,0.46390533447265625,0.26086532205595314,0.3334075305767469
41,"PIPE AND TUBING 14ft-10"" SDR26 Pipe for Cody Alexander quote#6285521 Submit Invoice to: johnny.viator@austintesxas.gov",14.0,EA,2023-01-05,Concord,NC,,14FT-10,65800,VALVES_PIPES_FITTINGS,1,"Valve Parts, Miscellaneous R-15 Wedge (EPDM) Parts for 6"" Kennedy FLG OS&Y Gate Valve",419.0,0.110399,26.14,1502.9074,False,0.31225285,0.14979375898838043,0.0,0.0,0.0,0.0,0.0,123.81,2.384217753008642,0.2954892601431981,1,1,2,0.1,1.0,1.0,0.07489687949419022,0.19774463007159904,0.2505166727432843
41,"PIPE AND TUBING 14ft-10"" SDR26 Pipe for Cody Alexander quote#6285521 Submit Invoice to: johnny.viator@austintesxas.gov",14.0,EA,2023-01-05,Concord,NC,,14FT-10,65800,VALVES_PIPES_FITTINGS,2,"Valves, Butterfly, All Kinds SW8 soft seal kit - ID#2-80-24000-228 Kit includes: Seat O-Ring #2A, Renewable Seat #5A, Cover Gasket #8, Gland Packing Set #17, & End Plate Seal #36",235.0,0.104342,26.14,799.0054,False,0.33804753,0.21995609998703003,0.0,0.0,0.0,0.0,0.0,123.81,0.898069622809143,0.5268510638297873,2,2,2,0.2,0.9842280000520784,0.5,0.10997804999351501,0.3634255319148937,0.3171497870787131
41,"PIPE AND TUBING 14ft-10"" SDR26 Pipe for Cody Alexander quote#6285521 Submit Invoice to: johnny.viator@austintesxas.gov",14.0,EA,2023-01-05,Concord,NC,,14FT-10,65800,VALVES_PIPES_FITTINGS,3,COUPLING BRASS Y-BRANCH 1 1/2MIPT X 1IN X 1IN COMPRESSION GJ,110.47,0.059006,26.14,322.609,False,0.3921033,0.36698949337005615,0.0,0.0,0.0,0.0,0.0,123.81,0.10774573943946372,0.9027342325920525,1,2,2,0.2,0.8661762599763042,0.3333333333333333,0.18349474668502808,0.5513671162960263,0.39625868456201896
41,"PIPE AND TUBING 14ft-10"" SDR26 Pipe for Cody Alexander quote#6285521 Submit Invoice to: johnny.viator@austintesxas.gov",14.0,EA,2023-01-05,Concord,NC,,14FT-10,65800,VALVES_PIPES_FITTINGS,4,"Valves, Butterfly, All Kinds Trumbull #367-4960 $235 Ductile Iron 2""-26"" Adjustable Stem Guide",235.0,0.027154,26.14,799.0054,False,0.37861443,0.3302992880344391,0.0,0.0,0.0,0.0,0.0,123.81,0.898069622809143,0.5268510638297873,2,2,2,0.2,0.7832359029775932,0.25,0.16514964401721954,0.3634255319148937,0.31734534923057783
41,"PIPE AND TUBING 14ft-10"" SDR26 Pipe for Cody Alexander quote#6285521 Submit Invoice to: johnny.viator@austintesxas.gov",14.0,EA,2023-01-05,Concord,NC,,14FT-10,65800,VALVES_PIPES_FITTINGS,5,"PIPE AND TUBING FITTINGS 22010606F 6"" X 6"" DI COMPACT MJ TEE C153 FOREIGN",101.71,-0.104809,26.14,289.0972,False,0.6248251,1.0,0.0,0.0,0.0,0.0,0.0,123.81,0.17849931346417905,0.8485367692413132,1,2,2,0.2,0.4396135768875233,0.2,0.5,0.5242683846206566,0.4982225519193255
41,"PIPE AND TUBING 14ft-10"" SDR26 Pipe for Cody Alexander quote#6285521 Submit Invoice to: johnny.viator@austintesxas.gov",14.0,EA,2023-01-05,Concord,NC,,14FT-10,65800,VALVES_PIPES_FITTINGS,6,"Valve Parts, Miscellaneous R-12 O-Ring (Cover) EPDM Parts for 6"" Kennedy FLG OS&Y Gate Valve",19.0,-0.200303,26.14,27.3145,False,0.25718224,0.0,0.0,0.0,0.0,0.0,0.0,123.81,0.8465390517728778,0.5415536698451578,1,1,2,0.1,0.19095394950981026,0.16666666666666666,0.0,0.3207768349225789,0.12487614290324521
41,"PIPE AND TUBING 14ft-10"" SDR26 Pipe for Cody Alexander quote#6285521 Submit Invoice to: johnny.viator@austintesxas.gov",14.0,EA,2023-01-05,Concord,NC,,14FT-10,65800,VALVES_PIPES_FITTINGS,7,"Valve Parts, Miscellaneous R-11 Packing Square Braid Parts for 6"" Kennedy FLG OS&Y Gate Valve",22.0,-0.20304,26.14,15.8378,False,0.43227392,0.47625479102134705,0.0,0.0,0.0,0.0,0.0,123.81,0.8223083757370164,0.5487545430369648,1,1,2,0.1,0.18382699493535742,0.14285714285714285,0.23812739551067352,0.3243772715184824,0.25585729822671877
41,"PIPE AND TUBING 14ft-10"" SDR26 Pipe for Cody Alexander quote#6285521 Submit Invoice to: johnny.viator@austintesxas.gov",14.0,EA,2023-01-05,Concord,NC,,14FT-10,65800,VALVES_PIPES_FITTINGS,8,"PIPE AND TUBING FITTINGS 29110600FAUS 6"" EPOXY RESTRAINT KIT FOR PVC W/ FLUORO WEDGES FOREIGN",47.55,-0.218586,26.14,81.9051,False,0.5324661,0.7487806677818298,0.0,0.0,0.0,0.0,0.0,123.81,0.6159437848315968,0.6188334083070925,1,1,1,0.1,0.14334630958115793,0.125,0.3743903338909149,0.35941670415354626,0.3352416413232408
41,"PIPE AND TUBING 14ft-10"" SDR26 Pipe for Cody Alexander quote#6285521 Submit Invoice to: johnny.viator@austintesxas.gov",14.0,EA,2023-01-05,Concord,NC,,14FT-10,65800,VALVES_PIPES_FITTINGS,9,PIPE JOINT RESTRAINT FOR D.I. PIPE MJ GLANDS 16 INCH,137.15,-0.268753,26.14,424.6748,False,0.50004137,0.6605843305587769,0.0,0.0,0.0,0.0,0.0,123.81,0.10774573943946372,0.9027342325920525,1,1,2,0.1,0.012714986915255043,0.1111111111111111,0.3302921652793884,0.5013671162960263,0.33397807382975975
41,"PIPE AND TUBING 14ft-10"" SDR26 Pipe for Cody Alexander quote#6285521 Submit Invoice to: johnny.viator@austintesxas.gov",14.0,EA,2023-01-05,Concord,NC,,14FT-10,65800,VALVES_PIPES_FITTINGS,10,"Pipe, Iron (Includes Ductile Iron Pipe) Festoon Trollery cars for Walnut Creek WWTP",367.0,-0.273636,26.14,1303.9786,False,0.44748163,0.5176202058792114,0.0,0.0,0.0,0.0,0.0,123.81,1.9642193683870446,0.33735694822888285,1,1,2,0.1,0.0,0.1,0.2588101029396057,0.2186784741144414,0.20794909885111557
42,ALBUTEROL SULFATE,19.0,BOX,2023-01-05,San Antonio,TX,,,26912065093,OTHER_GOODS,1,ALBUTEROL SULFATE,3.13,-0.493603,9.12,65.6798,False,1.0,1.0,0.0,0.0,0.0,0.0,0.0,3.75,0.16533333333333336,0.8581235697940504,2,2,9,0.2,1.0,1.0,0.5,0.5290617848970252,0.5837185354691076
42,ALBUTEROL SULFATE,19.0,BOX,2023-01-05,San Antonio,TX,,,26912065093,OTHER_GOODS,2,ALBUTEROL SULFATE,5.11,-0.646401,9.12,43.9693,False,1.0,1.0,0.0,0.0,0.0,0.0,0.0,3.75,0.36266666666666675,0.7338551859099804,1,1,1,0.1,0.8746178173039524,0.5,0.5,0.4169275929549902,0.5312709504820899
42,ALBUTEROL SULFATE,19.0,BOX,2023-01-05,San Antonio,TX,,,26912065093,OTHER_GOODS,3,ALBUTEROL SULFATE M027 Albuterol Sulfate 2.5mg/3ml. 0.083% Inhalation Solution NEPHRON 0487-9501-25,3.75,-1.227101,9.12,58.8816,False,0.63303435,0.0,0.0,0.0,0.0,0.0,0.0,3.75,0.0,1.0,6,7,9,0.7,0.3981100522049665,0.3333333333333333,0.0,0.85,0.31471650783074495
42,ALBUTEROL SULFATE,19.0,BOX,2023-01-05,San Antonio,TX,,,26912065093,OTHER_GOODS,4,ALBUTEROL SULFATE 9501-25,3.13,-1.336167,9.12,65.6798,False,0.8726858,0.6530623435974121,0.0,0.0,0.0,0.0,0.0,3.75,0.16533333333333336,0.8581235697940504,2,2,9,0.2,0.3086132450613707,0.25,0.32653117179870605,0.5290617848970252,0.3846026667176015
42,ALBUTEROL SULFATE,19.0,BOX,2023-01-05,San Antonio,TX,,,26912065093,OTHER_GOODS,5,ALBUTEROL SULFATE M027 Albuterol Sulfate 2.5mg/3ml. 0.083% Inhalation Solution NEPHRON 0487-9501-25,3.75,-1.395215,9.12,58.8816,False,0.63303435,0.0,0.0,0.0,0.0,0.0,0.0,3.75,0.0,1.0,6,7,9,0.7,0.2601599464328794,0.2,0.0,0.85,0.2940239919649319
42,ALBUTEROL SULFATE,19.0,BOX,2023-01-05,San Antonio,TX,,,26912065093,OTHER_GOODS,6,ALBUTEROL SULFATE M027 Albuterol Sulfate 2.5mg/3ml. 0.083% Inhalation Solution NEPHRON 0487-9501-25,3.75,-1.576519,9.12,58.8816,False,0.63303435,0.0,0.0,0.0,0.0,0.0,0.0,3.75,0.0,1.0,6,7,9,0.7,0.11138645953171442,0.16666666666666666,0.0,0.85,0.2717079689297572
42,ALBUTEROL SULFATE,19.0,BOX,2023-01-05,San Antonio,TX,,,26912065093,OTHER_GOODS,7,ALBUTEROL SULFATE M027 Albuterol Sulfate 2.5mg/3ml. 0.083% Inhalation Solution NEPHRON 0487-9501-25,3.75,-1.632238,9.12,58.8816,False,0.63303435,0.0,0.0,0.0,0.0,0.0,0.0,3.75,0.0,1.0,6,7,9,0.7,0.06566485429053923,0.14285714285714285,0.0,0.85,0.2648497281435809
42,ALBUTEROL SULFATE,19.0,BOX,2023-01-05,San Antonio,TX,,,26912065093,OTHER_GOODS,8,ALBUTEROL SULFATE M027 Albuterol Sulfate 2.5mg/3ml. 0.083% Inhalation Solution/box of 25,3.45,-1.650328,9.12,62.1711,False,0.6460871,0.035569436848163605,0.0,0.0,0.0,0.0,0.0,3.75,0.07999999999999995,0.925925925925926,1,9,9,0.9,0.05082065682086362,0.125,0.017784718424081802,0.912962962962963,0.29129358254526344
42,ALBUTEROL SULFATE,19.0,BOX,2023-01-05,San Antonio,TX,,,26912065093,OTHER_GOODS,9,ALBUTEROL SULFATE M027 Albuterol Sulfate 2.5mg/3ml. 0.083% Inhalation Solution NEPHRON 0487-9501-25,3.75,-1.69775,9.12,58.8816,False,0.63303435,0.0,0.0,0.0,0.0,0.0,0.0,3.75,0.0,1.0,6,7,9,0.7,0.011907360391512582,0.1111111111111111,0.0,0.85,0.25678610405872687
42,ALBUTEROL SULFATE,19.0,BOX,2023-01-05,San Antonio,TX,,,26912065093,OTHER_GOODS,10,ALBUTEROL SULFATE M027 Albuterol Sulfate 2.5mg/3ml. 0.083% Inhalation Solution NEPHRON 0487-9501-25,3.75,-1.712261,9.12,58.8816,False,0.63303435,0.0,0.0,0.0,0.0,0.0,0.0,3.75,0.0,1.0,6,7,9,0.7,0.0,0.1,0.0,0.85,0.255
43,Freight and Cargo Containers (Shipping) (See Class,1.0,EA,2023-01-05,San Antonio,TX,,,10021,OTHER_GOODS,1,Freight and Cargo Containers (Shipping) (See Class,65.2,0.9218,13.29,390.5944,False,1.0000001,1.0,0.0,0.0,0.0,0.0,0.0,39.16,0.6649642492339124,0.6006134969325152,2,3,3,0.3,1.0,1.0,0.5,0.4503067484662576,0.5600920245398773
43,Freight and Cargo Containers (Shipping) (See Class,1.0,EA,2023-01-05,San Antonio,TX,,,10021,OTHER_GOODS,2,Freight and Cargo Containers (Shipping) (See Class,42.82,0.800727,13.29,222.1971,False,1.0000001,1.0,0.0,0.0,0.0,0.0,0.0,39.16,0.09346271705822277,0.9145259224661373,1,1,2,0.1,0.7564800605013486,0.5,0.5,0.5072629612330687,0.540650897445123
43,Freight and Cargo Containers (Shipping) (See Class,1.0,EA,2023-01-05,San Antonio,TX,,,10021,OTHER_GOODS,3,Freight and Cargo Containers (Shipping) (See Class,65.0,0.779329,13.29,389.0895,False,1.0,0.0,0.0,0.0,0.0,0.0,0.0,39.16,0.6598569969356488,0.6024615384615384,2,3,3,0.3,0.7134412354504114,0.3333333333333333,0.0,0.4512307692307692,0.24238541608679248
43,Freight and Cargo Containers (Shipping) (See Class,1.0,EA,2023-01-05,San Antonio,TX,,,10021,OTHER_GOODS,4,Freight and Cargo Containers (Shipping) (See Class,28.79,0.654444,13.29,116.629,False,1.0,0.0,0.0,0.0,0.0,0.0,0.0,39.16,0.2648110316649642,0.7906319402382394,1,1,3,0.1,0.46225403727832437,0.25,0.0,0.44531597011911966,0.20293289662748454
43,Freight and Cargo Containers (Shipping) (See Class,1.0,EA,2023-01-05,San Antonio,TX,,,10021,OTHER_GOODS,5,Freight and Cargo Containers (Shipping) (See Class,11.65,0.649558,13.29,12.3401,False,1.0000001,1.0,0.0,0.0,0.0,0.0,0.0,39.16,0.7025025536261491,0.5873706314684266,1,1,1,0.1,0.45242659082543707,0.2,0.5,0.3436853157342133,0.44596958334407955
43,Freight and Cargo Containers (Shipping) (See Class,1.0,EA,2023-01-05,San Antonio,TX,,,10021,OTHER_GOODS,6,Freight and Cargo Containers (Shipping) (See Class,25.0,0.637521,13.29,88.1114,False,1.0000001,1.0,0.0,0.0,0.0,0.0,0.0,39.16,0.36159346271705817,0.7344336084021006,2,2,3,0.2,0.4282159946417689,0.16666666666666666,0.5,0.4672168042010503,0.4793974404565804
43,Freight and Cargo Containers (Shipping) (See Class,1.0,EA,2023-01-05,San Antonio,TX,,,10021,OTHER_GOODS,7,Freight and Cargo Containers (Shipping) (See Class,60.0,0.492419,13.29,351.4673,False,1.0000001,1.0,0.0,0.0,0.0,0.0,0.0,39.16,0.5321756894790604,0.6526666666666666,1,3,3,0.3,0.13636537343693111,0.14285714285714285,0.5,0.4763333333333333,0.43835480601553967
43,Freight and Cargo Containers (Shipping) (See Class,1.0,EA,2023-01-05,San Antonio,TX,,,10021,OTHER_GOODS,8,Freight and Cargo Containers (Shipping) (See Class,24.52,0.471021,13.29,84.4996,False,1.0000001,1.0,0.0,0.0,0.0,0.0,0.0,39.16,0.37385086823289065,0.7278810408921933,2,2,3,0.2,0.09332654838599379,0.125,0.5,0.4639405204460967,0.4281811383917281
43,Freight and Cargo Containers (Shipping) (See Class,1.0,EA,2023-01-05,San Antonio,TX,,,10021,OTHER_GOODS,9,Freight and Cargo Containers (Shipping) (See Class,238.0,0.462657,13.29,1690.8202,False,1.0000001,1.0,0.0,0.0,0.0,0.0,0.0,39.16,5.077630234933606,0.16453781512605042,1,1,1,0.1,0.0765036335002081,0.1111111111111111,0.5,0.13226890756302523,0.32615621729393884
43,Freight and Cargo Containers (Shipping) (See Class,1.0,EA,2023-01-05,San Antonio,TX,,,10021,OTHER_GOODS,10,Freight and Cargo Containers (Shipping) (See Class,35.5,0.424621,13.29,167.1181,False,1.0000001,1.0,0.0,0.0,0.0,0.0,0.0,39.16,0.0934627170582226,0.9145259224661375,1,1,2,0.1,0.0,0.1,0.5,0.5072629612330688,0.4271788883699207
44,"TUBES, CENTRIFUGE Hydraulic Slip Drive type 1080 D / KH. Quote# 17226",1.0,EA,2023-01-06,SANTA FE SPRINGS,CA,,,4759581,OTHER_GOODS,1,"TUBES, CENTRIFUGE Hydraulic Slip Drive type 1080 D",54080.0,1.86359,54080.0,0.0,True,0.9315091,1.0,0.0,0.0,0.0,0.5,0.0,1179.1399999999999,44.863934732092886,0.021803624260355026,2,2,2,0.2,1.0,1.0,0.55,0.11090181213017752,0.48577054363905325
44,"TUBES, CENTRIFUGE Hydraulic Slip Drive type 1080 D / KH. Quote# 17226",1.0,EA,2023-01-06,SANTA FE SPRINGS,CA,,,4759581,OTHER_GOODS,2,"TUBES, CENTRIFUGE",782.86,-0.076461,54080.0,98.5524,False,0.6493552,0.6392179727554321,0.0,0.0,0.0,0.0,0.0,1179.1399999999999,0.33607544481571305,0.7484607279328688,1,1,1,0.1,0.40378054660823054,0.5,0.31960898637771606,0.4242303639664344,0.36362113368890875
44,"TUBES, CENTRIFUGE Hydraulic Slip Drive type 1080 D / KH. Quote# 17226",1.0,EA,2023-01-06,SANTA FE SPRINGS,CA,,,4759581,OTHER_GOODS,3,"UTILITY VEHICLE, PASSENGER, 4- EMS - 4643 BUYBOARD #601-19",55303.85,-0.427757,54080.0,2.263,True,0.27689046,0.16295816004276276,0.0,0.0,0.0,0.0,0.0,1179.1399999999999,45.901852197364185,0.021321119596556113,2,2,2,0.2,0.2958197202697914,0.3333333333333333,0.08147908002138138,0.11066055979827806,0.12238461999171188
44,"TUBES, CENTRIFUGE Hydraulic Slip Drive type 1080 D / KH. Quote# 17226",1.0,EA,2023-01-06,SANTA FE SPRINGS,CA,,,4759581,OTHER_GOODS,4,"TUBES, CENTRIFUGE Centrifuge Repair at Davis(Rotodiff)",14057.0,-0.490162,54080.0,74.007,False,0.51012504,0.4611884355545044,0.0,0.0,0.0,0.0,0.0,1179.1399999999999,10.921400342622592,0.0838827630362097,1,1,1,0.1,0.276641319810776,0.25,0.2305942177772522,0.09194138151810485,0.1959054322045366
44,"TUBES, CENTRIFUGE Hydraulic Slip Drive type 1080 D / KH. Quote# 17226",1.0,EA,2023-01-06,SANTA FE SPRINGS,CA,,,4759581,OTHER_GOODS,5,"Sample Collecting, Diluting and Multiple Dispensin Buyer Approved Equal Parts Desc: Portable Sampler - Control label, ICD screen, and keypad replacement and maintenance on housing Evaluation Fee Paid",1660.6,-1.000505,54080.0,96.9294,False,0.14944707,0.0,0.0,0.0,0.0,0.0,0.0,1179.1399999999999,0.4083145343216243,0.7100686498855835,1,1,2,0.1,0.1198019251235663,0.2,0.0,0.40503432494279173,0.13948058625137244
44,"TUBES, CENTRIFUGE Hydraulic Slip Drive type 1080 D / KH. Quote# 17226",1.0,EA,2023-01-06,SANTA FE SPRINGS,CA,,,4759581,OTHER_GOODS,6,"REELS, HOSE, OVERHEAD TYPE",1339.01,-1.316339,54080.0,97.524,False,0.41373307,0.33793482184410095,0.0,0.0,0.0,0.0,0.0,1179.1399999999999,0.1355818647488849,0.8806058207182917,1,1,1,0.1,0.02273933509756385,0.16666666666666666,0.16896741092205048,0.49030291035914586,0.2434338493795061
44,"TUBES, CENTRIFUGE Hydraulic Slip Drive type 1080 D / KH. Quote# 17226",1.0,EA,2023-01-06,SANTA FE SPRINGS,CA,,,4759581,OTHER_GOODS,7,"REELS, HOSE, OVERHEAD TYPE",1019.27,-1.331728,54080.0,98.1153,False,0.41373307,0.33793482184410095,0.0,0.0,0.0,0.0,0.0,1179.1399999999999,0.1355818647488847,0.880605820718292,1,1,1,0.1,0.018009963978842743,0.14285714285714285,0.16896741092205048,0.49030291035914597,0.242724443711698
44,"TUBES, CENTRIFUGE Hydraulic Slip Drive type 1080 D / KH. Quote# 17226",1.0,EA,2023-01-06,SANTA FE SPRINGS,CA,,,4759581,OTHER_GOODS,8,"MOWERS, LAWN, HEAVY DUTY, ROTARY PUSH TYPE Quote# 316358 20378 22"" High Wheel 6.72hp KOH",349.99,-1.341845,54080.0,99.3528,False,0.43165576,0.36085206270217896,0.0,0.0,0.0,0.0,0.0,1179.1399999999999,0.7031819800871821,0.5871363199537916,1,1,1,0.1,0.014900791998330639,0.125,0.18042603135108948,0.34356815997689577,0.20453988403591758
44,"TUBES, CENTRIFUGE Hydraulic Slip Drive type 1080 D / KH. Quote# 17226",1.0,EA,2023-01-06,SANTA FE SPRINGS,CA,,,4759581,OTHER_GOODS,9,"Sample Collecting, Diluting and Multiple Dispensin Buyer Approved Equal Parts Desc: Portable Sampler - Replace 2 rubber latches and maintenance on housing Evaluation Fee Paid",206.48,-1.360272,54080.0,99.6182,False,0.15602458,0.008410466834902763,0.0,0.0,0.0,0.0,0.0,1179.1399999999999,0.8248893261190359,0.5479784366576819,1,1,1,0.1,0.009237778053001305,0.1111111111111111,0.004205233417451382,0.3239892183288409,0.10089531058620073
44,"TUBES, CENTRIFUGE Hydraulic Slip Drive type 1080 D / KH. Quote# 17226",1.0,EA,2023-01-06,SANTA FE SPRINGS,CA,,,4759581,OTHER_GOODS,10,"Conveyors, Powered, Roller Type 10"" Side Extension Part # MSI-070480",253.65,-1.390331,54080.0,99.531,False,0.455083,0.3908078074455261,0.0,0.0,0.0,0.0,0.0,1179.1399999999999,0.7848855945858846,0.560259998194457,1,1,2,0.1,0.0,0.1,0.19540390372276306,0.3301299990972285,0.20651114677668825
45,"Stripes and Legends, Plastic, Prefabricated, Refle",100.0,EA,2023-01-06,Greensboro,NC,,,55072,OTHER_GOODS,1,"Stripes and Legends, Plastic, Prefabricated, Refle",99.4,1.879338,156.48,36.4775,False,1.0,1.0,0.0,0.0,0.0,0.0,0.0,99.5,0.0010050251256280836,0.998995983935743,4,4,5,0.4,1.0,1.0,0.5,0.6994979919678714,0.6348493975903614
45,"Stripes and Legends, Plastic, Prefabricated, Refle",100.0,EA,2023-01-06,Greensboro,NC,,,55072,OTHER_GOODS,2,"Stripes and Legends, Plastic, Prefabricated, Refle",132.91,1.870407,156.48,15.0626,False,1.0,1.0,0.0,0.0,0.0,0.0,0.0,99.5,0.33577889447236176,0.7486268903769467,1,1,2,0.1,0.9909544471183062,0.5,0.5,0.42431344518847336,0.550937200624288
45,"Stripes and Legends, Plastic, Prefabricated, Refle",100.0,EA,2023-01-06,Greensboro,NC,,,55072,OTHER_GOODS,3,"Stripes and Legends, Plastic, Prefabricated, Refle",156.48,1.30776,156.48,0.0,True,1.0,1.0,0.0,0.0,0.0,0.0,0.0,99.5,0.5726633165829145,0.6358640081799591,1,1,2,0.1,0.42109069253020254,0.3333333333333333,0.5,0.36793200408997956,0.44854320510652423
45,"Stripes and Legends, Plastic, Prefabricated, Refle",100.0,EA,2023-01-06,Greensboro,NC,,,55072,OTHER_GOODS,4,"Stripes and Legends, Plastic, Prefabricated, Refle",99.6,1.220308,156.48,36.3497,False,1.0,1.0,0.0,0.0,0.0,0.0,0.0,99.5,0.0010050251256280836,0.998995983935743,4,4,5,0.4,0.33251699522756184,0.25,0.5,0.6994979919678714,0.5347269468744957
45,"Stripes and Legends, Plastic, Prefabricated, Refle",100.0,EA,2023-01-06,Greensboro,NC,,,55072,OTHER_GOODS,5,"Stripes and Legends, Plastic, Prefabricated, Refle",42.73,1.075017,156.48,72.693,False,1.0,1.0,0.0,0.0,0.0,0.0,0.0,99.5,0.5705527638190955,0.6367185000319959,1,1,1,0.1,0.18536242981112805,0.2,0.5,0.36835925001599795,0.4133121394764686
45,"Stripes and Legends, Plastic, Prefabricated, Refle",100.0,EA,2023-01-06,Greensboro,NC,,,55072,OTHER_GOODS,6,"Stripes and Legends, Plastic, Prefabricated, Refle",86.22,1.008527,156.48,44.9003,False,1.0,1.0,0.0,0.0,0.0,0.0,0.0,99.5,0.1334673366834171,0.8822486256428445,1,1,5,0.1,0.11801960021714998,0.16666666666666666,0.5,0.4911243128214222,0.4400402338789992
45,"Stripes and Legends, Plastic, Prefabricated, Refle",100.0,EA,2023-01-06,Greensboro,NC,,,55072,OTHER_GOODS,7,"Stripes and Legends, Plastic, Prefabricated, Refle",99.6,0.99844,156.48,36.3497,False,1.0,1.0,0.0,0.0,0.0,0.0,0.0,99.5,0.0010050251256280836,0.998995983935743,4,4,5,0.4,0.10780321997779888,0.14285714285714285,0.5,0.6994979919678714,0.5010198805870313
45,"Stripes and Legends, Plastic, Prefabricated, Refle",100.0,EA,2023-01-06,Greensboro,NC,,,55072,OTHER_GOODS,8,"Stripes and Legends, Plastic, Prefabricated, Refle",63.5,0.97605,156.48,59.4197,False,1.0,1.0,0.0,0.0,0.0,0.0,0.0,99.5,0.36180904522613067,0.7343173431734318,1,1,1,0.1,0.08512603612144196,0.125,0.5,0.4171586715867159,0.4129165068942311
45,"Stripes and Legends, Plastic, Prefabricated, Refle",100.0,EA,2023-01-06,Greensboro,NC,,,55072,OTHER_GOODS,9,"Stripes and Legends, Plastic, Prefabricated, Refle",241.74,0.957944,156.48,54.4862,False,1.0,1.0,0.0,0.0,0.0,0.0,0.0,99.5,1.4295477386934674,0.4115992388516588,1,1,1,0.1,0.0667878007081683,0.1111111111111111,0.5,0.2557996194258294,0.3617580559339741
45,"Stripes and Legends, Plastic, Prefabricated, Refle",100.0,EA,2023-01-06,Greensboro,NC,,,55072,OTHER_GOODS,10,"Stripes and Legends, Plastic, Prefabricated, Refle",95.15,0.892002,156.48,39.1935,False,1.0,1.0,0.0,0.0,0.0,0.0,0.0,99.5,0.04371859296482406,0.9581126624939817,4,5,5,0.5,0.0,0.1,0.5,0.7290563312469909,0.49371689937409724
46,"Stripes and Legends, Plastic, Prefabricated, Refle",100.0,EA,2023-01-06,Greensboro,NC,,,55072,OTHER_GOODS,1,"Stripes and Legends, Plastic, Prefabricated, Refle",99.4,1.879338,132.91,25.2125,False,1.0,1.0,0.0,0.0,0.0,0.0,0.0,99.5,0.0010050251256280836,0.998995983935743,4,4,5,0.4,1.0,1.0,0.5,0.6994979919678714,0.6348493975903614
46,"Stripes and Legends, Plastic, Prefabricated, Refle",100.0,EA,2023-01-06,Greensboro,NC,,,55072,OTHER_GOODS,2,"Stripes and Legends, Plastic, Prefabricated, Refle",132.91,1.870407,132.91,0.0,True,1.0,1.0,0.0,0.0,0.0,0.0,0.0,99.5,0.33577889447236176,0.7486268903769467,1,1,2,0.1,0.9909544471183062,0.5,0.5,0.42431344518847336,0.550937200624288
46,"Stripes and Legends, Plastic, Prefabricated, Refle",100.0,EA,2023-01-06,Greensboro,NC,,,55072,OTHER_GOODS,3,"Stripes and Legends, Plastic, Prefabricated, Refle",156.48,1.30776,132.91,17.7338,False,1.0,1.0,0.0,0.0,0.0,0.0,0.0,99.5,0.5726633165829145,0.6358640081799591,1,1,2,0.1,0.42109069253020254,0.3333333333333333,0.5,0.36793200408997956,0.44854320510652423
46,"Stripes and Legends, Plastic, Prefabricated, Refle",100.0,EA,2023-01-06,Greensboro,NC,,,55072,OTHER_GOODS,4,"Stripes and Legends, Plastic, Prefabricated, Refle",99.6,1.220308,132.91,25.0621,False,1.0,1.0,0.0,0.0,0.0,0.0,0.0,99.5,0.0010050251256280836,0.998995983935743,4,4,5,0.4,0.33251699522756184,0.25,0.5,0.6994979919678714,0.5347269468744957
46,"Stripes and Legends, Plastic, Prefabricated, Refle",100.0,EA,2023-01-06,Greensboro,NC,,,55072,OTHER_GOODS,5,"Stripes and Legends, Plastic, Prefabricated, Refle",42.73,1.075017,132.91,67.8504,False,1.0,1.0,0.0,0.0,0.0,0.0,0.0,99.5,0.5705527638190955,0.6367185000319959,1,1,1,0.1,0.18536242981112805,0.2,0.5,0.36835925001599795,0.4133121394764686
46,"Stripes and Legends, Plastic, Prefabricated, Refle",100.0,EA,2023-01-06,Greensboro,NC,,,55072,OTHER_GOODS,6,"Stripes and Legends, Plastic, Prefabricated, Refle",86.22,1.008527,132.91,35.129,False,1.0,1.0,0.0,0.0,0.0,0.0,0.0,99.5,0.1334673366834171,0.8822486256428445,1,1,5,0.1,0.11801960021714998,0.16666666666666666,0.5,0.4911243128214222,0.4400402338789992
46,"Stripes and Legends, Plastic, Prefabricated, Refle",100.0,EA,2023-01-06,Greensboro,NC,,,55072,OTHER_GOODS,7,"Stripes and Legends, Plastic, Prefabricated, Refle",99.6,0.99844,132.91,25.0621,False,1.0,1.0,0.0,0.0,0.0,0.0,0.0,99.5,0.0010050251256280836,0.998995983935743,4,4,5,0.4,0.10780321997779888,0.14285714285714285,0.5,0.6994979919678714,0.5010198805870313
46,"Stripes and Legends, Plastic, Prefabricated, Refle",100.0,EA,2023-01-06,Greensboro,NC,,,55072,OTHER_GOODS,8,"Stripes and Legends, Plastic, Prefabricated, Refle",63.5,0.97605,132.91,52.2233,False,1.0,1.0,0.0,0.0,0.0,0.0,0.0,99.5,0.36180904522613067,0.7343173431734318,1,1,1,0.1,0.08512603612144196,0.125,0.5,0.4171586715867159,0.4129165068942311
46,"Stripes and Legends, Plastic, Prefabricated, Refle",100.0,EA,2023-01-06,Greensboro,NC,,,55072,OTHER_GOODS,9,"Stripes and Legends, Plastic, Prefabricated, Refle",241.74,0.957944,132.91,81.8825,False,1.0,1.0,0.0,0.0,0.0,0.0,0.0,99.5,1.4295477386934674,0.4115992388516588,1,1,1,0.1,0.0667878007081683,0.1111111111111111,0.5,0.2557996194258294,0.3617580559339741
46,"Stripes and Legends, Plastic, Prefabricated, Refle",100.0,EA,2023-01-06,Greensboro,NC,,,55072,OTHER_GOODS,10,"Stripes and Legends, Plastic, Prefabricated, Refle",95.15,0.892002,132.91,28.4102,False,1.0,1.0,0.0,0.0,0.0,0.0,0.0,99.5,0.04371859296482406,0.9581126624939817,4,5,5,0.5,0.0,0.1,0.5,0.7290563312469909,0.49371689937409724
47,"Stripes and Legends, Plastic, Prefabricated, Refle",100.0,EA,2023-01-06,Greensboro,NC,,,55072,OTHER_GOODS,1,"Stripes and Legends, Plastic, Prefabricated, Refle",99.4,1.879338,241.74,58.8814,False,1.0,1.0,0.0,0.0,0.0,0.0,0.0,99.5,0.0010050251256280836,0.998995983935743,4,4,5,0.4,1.0,1.0,0.5,0.6994979919678714,0.6348493975903614
47,"Stripes and Legends, Plastic, Prefabricated, Refle",100.0,EA,2023-01-06,Greensboro,NC,,,55072,OTHER_GOODS,2,"Stripes and Legends, Plastic, Prefabricated, Refle",132.91,1.870407,241.74,45.0194,False,1.0,1.0,0.0,0.0,0.0,0.0,0.0,99.5,0.33577889447236176,0.7486268903769467,1,1,2,0.1,0.9909544471183062,0.5,0.5,0.42431344518847336,0.550937200624288
47,"Stripes and Legends, Plastic, Prefabricated, Refle",100.0,EA,2023-01-06,Greensboro,NC,,,55072,OTHER_GOODS,3,"Stripes and Legends, Plastic, Prefabricated, Refle",156.48,1.30776,241.74,35.2693,False,1.0,1.0,0.0,0.0,0.0,0.0,0.0,99.5,0.5726633165829145,0.6358640081799591,1,1,2,0.1,0.42109069253020254,0.3333333333333333,0.5,0.36793200408997956,0.44854320510652423
47,"Stripes and Legends, Plastic, Prefabricated, Refle",100.0,EA,2023-01-06,Greensboro,NC,,,55072,OTHER_GOODS,4,"Stripes and Legends, Plastic, Prefabricated, Refle",99.6,1.220308,241.74,58.7987,False,1.0,1.0,0.0,0.0,0.0,0.0,0.0,99.5,0.0010050251256280836,0.998995983935743,4,4,5,0.4,0.33251699522756184,0.25,0.5,0.6994979919678714,0.5347269468744957
47,"Stripes and Legends, Plastic, Prefabricated, Refle",100.0,EA,2023-01-06,Greensboro,NC,,,55072,OTHER_GOODS,5,"Stripes and Legends, Plastic, Prefabricated, Refle",42.73,1.075017,241.74,82.324,False,1.0,1.0,0.0,0.0,0.0,0.0,0.0,99.5,0.5705527638190955,0.6367185000319959,1,1,1,0.1,0.18536242981112805,0.2,0.5,0.36835925001599795,0.4133121394764686
47,"Stripes and Legends, Plastic, Prefabricated, Refle",100.0,EA,2023-01-06,Greensboro,NC,,,55072,OTHER_GOODS,6,"Stripes and Legends, Plastic, Prefabricated, Refle",86.22,1.008527,241.74,64.3336,False,1.0,1.0,0.0,0.0,0.0,0.0,0.0,99.5,0.1334673366834171,0.8822486256428445,1,1,5,0.1,0.11801960021714998,0.16666666666666666,0.5,0.4911243128214222,0.4400402338789992
47,"Stripes and Legends, Plastic, Prefabricated, Refle",100.0,EA,2023-01-06,Greensboro,NC,,,55072,OTHER_GOODS,7,"Stripes and Legends, Plastic, Prefabricated, Refle",99.6,0.99844,241.74,58.7987,False,1.0,1.0,0.0,0.0,0.0,0.0,0.0,99.5,0.0010050251256280836,0.998995983935743,4,4,5,0.4,0.10780321997779888,0.14285714285714285,0.5,0.6994979919678714,0.5010198805870313
47,"Stripes and Legends, Plastic, Prefabricated, Refle",100.0,EA,2023-01-06,Greensboro,NC,,,55072,OTHER_GOODS,8,"Stripes and Legends, Plastic, Prefabricated, Refle",63.5,0.97605,241.74,73.7321,False,1.0,1.0,0.0,0.0,0.0,0.0,0.0,99.5,0.36180904522613067,0.7343173431734318,1,1,1,0.1,0.08512603612144196,0.125,0.5,0.4171586715867159,0.4129165068942311
47,"Stripes and Legends, Plastic, Prefabricated, Refle",100.0,EA,2023-01-06,Greensboro,NC,,,55072,OTHER_GOODS,9,"Stripes and Legends, Plastic, Prefabricated, Refle",241.74,0.957944,241.74,0.0,True,1.0,1.0,0.0,0.0,0.0,0.0,0.0,99.5,1.4295477386934674,0.4115992388516588,1,1,1,0.1,0.0667878007081683,0.1111111111111111,0.5,0.2557996194258294,0.3617580559339741
47,"Stripes and Legends, Plastic, Prefabricated, Refle",100.0,EA,2023-01-06,Greensboro,NC,,,55072,OTHER_GOODS,10,"Stripes and Legends, Plastic, Prefabricated, Refle",95.15,0.892002,241.74,60.6395,False,1.0,1.0,0.0,0.0,0.0,0.0,0.0,99.5,0.04371859296482406,0.9581126624939817,4,5,5,0.5,0.0,0.1,0.5,0.7290563312469909,0.49371689937409724
48,"Microcomputers, Handheld, Laptop, and Notebook, ECO Certifie PR0015012-Latitude 7320 Detachable Bundle",1.0,EA,2023-01-06,ROUND ROCK,TX,,PR0015012,20554,COMPUTER_HARDWARE,1,"Microcomputers, Handheld, Laptop, and Notebook, ECO Certifie PR0014966-Latitude 7320 Detachable Bundle",1405.51,2.482242,1405.51,0.0,True,0.99452215,1.0,0.0,0.0,0.0,0.5,0.0,1370.2150000000001,0.02575873129399389,0.9748881189034586,4,9,9,0.9,1.0,1.0,0.55,0.9374440594517293,0.7337332178355188
48,"Microcomputers, Handheld, Laptop, and Notebook, ECO Certifie PR0015012-Latitude 7320 Detachable Bundle",1.0,EA,2023-01-06,ROUND ROCK,TX,,PR0015012,20554,COMPUTER_HARDWARE,2,"Microcomputers, Handheld, Laptop, and Notebook, ECO Certifie PR0014552 DIR-TSO-3763 eQuote 3000128397734 Latitude 7320 Notebook Detachable Bundle",1405.51,1.439687,1405.51,0.0,True,0.946342,0.8868366479873657,0.0,0.0,0.0,0.5,0.0,1370.2150000000001,0.02575873129399389,0.9748881189034586,4,9,9,0.9,0.5727744876432821,0.5,0.49341832399368285,0.9374440594517293,0.6385294691785367
48,"Microcomputers, Handheld, Laptop, and Notebook, ECO Certifie PR0015012-Latitude 7320 Detachable Bundle",1.0,EA,2023-01-06,ROUND ROCK,TX,,PR0015012,20554,COMPUTER_HARDWARE,3,"Microcomputers, Handheld, Laptop, and Notebook, ECO Certifie PR0014641-Latitude 5431",1285.0,1.027698,1405.51,8.5741,True,0.7103478,0.33254435658454895,0.0,0.0,0.0,0.0,0.0,1370.2150000000001,0.06219097003025083,0.9414502930405447,5,8,9,0.8,0.4039467407998715,0.3333333333333333,0.16627217829227448,0.8707251465202723,0.41325925313681344
48,"Microcomputers, Handheld, Laptop, and Notebook, ECO Certifie PR0015012-Latitude 7320 Detachable Bundle",1.0,EA,2023-01-06,ROUND ROCK,TX,,PR0015012,20554,COMPUTER_HARDWARE,4,"Microcomputers, Handheld, Laptop, and Notebook, ECO Certifie PR0014358 DIR-TSO-3763 e-Quote 3000125889101 Latitude 7320 Detachable Bundle",1405.51,0.945371,1405.51,0.0,True,0.94754744,0.8896679282188416,0.0,0.0,0.0,0.5,0.0,1370.2150000000001,0.02575873129399389,0.9748881189034586,4,9,9,0.9,0.37021020435259383,0.25,0.49483396410942077,0.9374440594517293,0.6089234287485893
48,"Microcomputers, Handheld, Laptop, and Notebook, ECO Certifie PR0015012-Latitude 7320 Detachable Bundle",1.0,EA,2023-01-06,ROUND ROCK,TX,,PR0015012,20554,COMPUTER_HARDWARE,5,"Microcomputers, Handheld, Laptop, and Notebook, ECO Certifie PR0014822 - Dell Latitude 7430 TX DIR-TSO-3763",1797.53,0.250336,1405.51,27.8917,False,0.6727845,0.24431750178337097,0.0,0.0,0.0,0.0,0.0,1370.2150000000001,0.3118598176198624,0.7622765684021965,1,1,1,0.1,0.08539387909315771,0.2,0.12215875089168549,0.43113828420109823,0.20933788011473015
48,"Microcomputers, Handheld, Laptop, and Notebook, ECO Certifie PR0015012-Latitude 7320 Detachable Bundle",1.0,EA,2023-01-06,ROUND ROCK,TX,,PR0015012,20554,COMPUTER_HARDWARE,6,"Microcomputers, Handheld, Laptop, and Notebook, ECO Certifie 31182 Quote 3000044648438.1 SI# B1BX15 Dell Latitude 7400",1334.92,0.147627,1405.51,5.0224,True,0.56876445,0.0,0.0,0.0,0.0,0.0,0.0,1370.2150000000001,0.025758731293994058,0.9748881189034586,5,9,9,0.9,0.043305063492401735,0.16666666666666666,0.0,0.9374440594517293,0.287728977359379
48,"Microcomputers, Handheld, Laptop, and Notebook, ECO Certifie PR0015012-Latitude 7320 Detachable Bundle",1.0,EA,2023-01-06,ROUND ROCK,TX,,PR0015012,20554,COMPUTER_HARDWARE,7,"Microcomputers, Handheld, Laptop, and Notebook, ECO Certifie PR0014793- SI# B1BX26 Dell Latitude 5431 TX DIR-TSO-3763",1285.0,0.145221,1405.51,8.5741,True,0.6735412,0.24609476327896118,0.0,0.0,0.0,0.0,0.0,1370.2150000000001,0.06219097003025083,0.9414502930405447,5,8,9,0.8,0.04231911590907973,0.14285714285714285,0.12304738163948059,0.8707251465202723,0.335241471244158
48,"Microcomputers, Handheld, Laptop, and Notebook, ECO Certifie PR0015012-Latitude 7320 Detachable Bundle",1.0,EA,2023-01-06,ROUND ROCK,TX,,PR0015012,20554,COMPUTER_HARDWARE,8,"Microcomputers, Handheld, Laptop, and Notebook, ECO Certifie PR0014813 Quote:3000135327711.2 TX DIR-TSO-3763 -------------------------------------- SI# B1BX26 Dell Latitude 5530",1414.9,0.132169,1405.51,0.6681,True,0.59902364,0.07107138633728027,0.0,0.0,0.0,0.0,0.0,1370.2150000000001,0.03261167043128264,0.9684182627747544,4,9,9,0.9,0.03697057565242193,0.125,0.03553569316864014,0.9342091313873773,0.3053529570068285
48,"Microcomputers, Handheld, Laptop, and Notebook, ECO Certifie PR0015012-Latitude 7320 Detachable Bundle",1.0,EA,2023-01-06,ROUND ROCK,TX,,PR0015012,20554,COMPUTER_HARDWARE,9,"Microcomputers, Handheld, Laptop, and Notebook, ECO Certifie PR0014921 Quote: 3000138435069 DIR-TSO-3763 ------------------------------ Latitude 5431 Bundle",1285.0,0.059842,1405.51,8.5741,True,0.7072354,0.32523414492607117,0.0,0.0,0.0,0.0,0.0,1370.2150000000001,0.06219097003025083,0.9414502930405447,5,8,9,0.8,0.00733190946001544,0.1111111111111111,0.16261707246303558,0.8707251465202723,0.3517567202297536
48,"Microcomputers, Handheld, Laptop, and Notebook, ECO Certifie PR0015012-Latitude 7320 Detachable Bundle",1.0,EA,2023-01-06,ROUND ROCK,TX,,PR0015012,20554,COMPUTER_HARDWARE,10,"Microcomputers, Handheld, Laptop, and Notebook, ECO Certifie PR0014983 Quote:3000139092174 DIR-TSO-3763 ------------------------- Latitude 5431 Bundle (LAPTOPS) 2 @ $1,285.00",1285.0,0.04195,1405.51,8.5741,True,0.71962583,0.3543362319469452,0.0,0.0,0.0,0.0,0.0,1370.2150000000001,0.06219097003025083,0.9414502930405447,5,8,9,0.8,0.0,0.1,0.1771681159734726,0.8707251465202723,0.35866000774149165
49,"Monitors, Color and Monochrome, Environmentally Certified PR0015012-PR0015012",2.0,EA,2023-01-06,ROUND ROCK,TX,,PR0015012,20560,OTHER_GOODS,1,"Monitors, Color and Monochrome, Environmentally Certified PR0014944- Dell 22 Monitor - P2222H, 54.6cm (21.5""",191.0,0.33326,265.0,27.9245,False,0.7438357,0.0,0.0,0.0,0.0,0.0,0.0,243.495,0.21558964249779258,0.8226460353390317,1,1,5,0.1,1.0,1.0,0.0,0.46132301766951583,0.2883969053008547
49,"Monitors, Color and Monochrome, Environmentally Certified PR0015012-PR0015012",2.0,EA,2023-01-06,ROUND ROCK,TX,,PR0015012,20560,OTHER_GOODS,2,"Monitors, Color and Monochrome, Environmentally Certified Dell 27 Monitor - P2722H",265.0,0.151415,265.0,0.0,True,0.7890513,0.3068854510784149,0.0,0.0,0.0,0.0,0.0,243.495,0.08831803527793176,0.9188490566037736,4,5,9,0.5,0.5201105214405788,0.5,0.15344272553920746,0.7094245283018867,0.37523743575321694
49,"Monitors, Color and Monochrome, Environmentally Certified PR0015012-PR0015012",2.0,EA,2023-01-06,ROUND ROCK,TX,,PR0015012,20560,OTHER_GOODS,3,"Monitors, Color and Monochrome, Environmentally Certified Dell 24 USB-C Hub Monitor - P2422HE",279.49,0.11108,265.0,5.4679,True,0.77078235,0.18289126455783844,0.0,0.0,0.0,0.0,0.0,243.495,0.147826444074827,0.8712118501556407,1,5,9,0.5,0.4136663403099773,0.3333333333333333,0.09144563227891922,0.6856059250778204,0.31802682632324825
49,"Monitors, Color and Monochrome, Environmentally Certified PR0015012-PR0015012",2.0,EA,2023-01-06,ROUND ROCK,TX,,PR0015012,20560,OTHER_GOODS,4,"Monitors, Color and Monochrome, Environmentally Certified Dell 27 Monitor - P2722H",259.99,0.06883,265.0,1.8906,True,0.7890513,0.3068854510784149,0.0,0.0,0.0,0.0,0.0,243.495,0.06774266412041317,0.9365552521250818,4,5,9,0.5,0.30216846866579933,0.25,0.15344272553920746,0.718277626062541,0.34520205716519625
49,"Monitors, Color and Monochrome, Environmentally Certified PR0015012-PR0015012",2.0,EA,2023-01-06,ROUND ROCK,TX,,PR0015012,20560,OTHER_GOODS,5,"Monitors, Color and Monochrome, Environmentally Certified PR0014815-Dell 27 Monitor - P2722H (TX- DIR-TSO-3763)",265.0,0.028848,265.0,0.0,True,0.85790384,0.7741985321044922,0.0,0.0,0.0,0.0,0.0,243.495,0.08831803527793176,0.9188490566037736,4,5,9,0.5,0.1966558555515384,0.2,0.3870992660522461,0.7094245283018867,0.45523033315203215
49,"Monitors, Color and Monochrome, Environmentally Certified PR0015012-PR0015012",2.0,EA,2023-01-06,ROUND ROCK,TX,,PR0015012,20560,OTHER_GOODS,6,"Monitors, Color and Monochrome, Environmentally Certified Dell 24 Monitor - P2422H, 60.5cm (23.8"" DIR-TSO-3763 Quote number # 3000139992384",227.0,0.024373,265.0,14.3396,False,0.7665615,0.15424372255802155,0.0,0.0,0.0,0.0,0.0,243.495,0.06774266412041317,0.9365552521250818,4,4,9,0.4,0.18484631766733256,0.16666666666666666,0.07712186127901077,0.6682776260625409,0.27062725917231806
49,"Monitors, Color and Monochrome, Environmentally Certified PR0015012-PR0015012",2.0,EA,2023-01-06,ROUND ROCK,TX,,PR0015012,20560,OTHER_GOODS,7,"Monitors, Color and Monochrome, Environmentally Certified PR0014790-Dell 24 inch color monitor DIR-TSO-3763",227.0,0.01334,265.0,14.3396,False,0.87882787,0.9162132143974304,0.0,0.0,0.0,0.0,0.0,243.495,0.06774266412041317,0.9365552521250818,4,4,9,0.4,0.155730198901647,0.14285714285714285,0.4581066071987152,0.6682776260625409,0.4758014516133027
49,"Monitors, Color and Monochrome, Environmentally Certified PR0015012-PR0015012",2.0,EA,2023-01-06,ROUND ROCK,TX,,PR0015012,20560,OTHER_GOODS,8,"Monitors, Color and Monochrome, Environmentally Certified PR0014705 eQuote: SCTASK0256567 DIR-TSO-3763 -------------------------------------------- Dell 27 Monitor - P2722H",265.0,0.002651,265.0,0.0,True,0.80948114,0.44554606080055237,0.0,0.0,0.0,0.0,0.0,243.495,0.08831803527793176,0.9188490566037736,4,5,9,0.5,0.12752189712638978,0.125,0.22277303040027618,0.7094245283018867,0.35448080977967644
49,"Monitors, Color and Monochrome, Environmentally Certified PR0015012-PR0015012",2.0,EA,2023-01-06,ROUND ROCK,TX,,PR0015012,20560,OTHER_GOODS,9,"Monitors, Color and Monochrome, Environmentally Certified Dell 24 Monitor - P2422H, 60.5cm (23.8"") DIR-TSO-3763 Quote number # 3000138962956",227.0,-0.000464,265.0,14.3396,False,0.778494,0.2352314442396164,0.0,0.0,0.0,0.0,0.0,243.495,0.06774266412041317,0.9365552521250818,4,4,9,0.4,0.11930140315783085,0.1111111111111111,0.1176157221198082,0.6682776260625409,0.2830671454583314
49,"Monitors, Color and Monochrome, Environmentally Certified PR0015012-PR0015012",2.0,EA,2023-01-06,ROUND ROCK,TX,,PR0015012,20560,OTHER_GOODS,10,"Monitors, Color and Monochrome, Environmentally Certified PR0014567 DIR-TSO-3763 e-quote 3000128724332 24"" Monitor",227.0,-0.045671,265.0,14.3396,False,0.89117277,1.0,0.0,0.0,0.0,0.0,0.0,243.495,0.06774266412041317,0.9365552521250818,4,4,9,0.4,0.0,0.1,0.5,0.6682776260625409,0.47548328781876226
50,ACCESSORIES FOR LAPTOP COMPUTER PR0015012-PR0015012,2.0,EA,2023-01-06,ROUND ROCK,TX,,PR0015012,2045405,COMPUTER_HARDWARE,1,"ACCESSORIES FOR LAPTOP COMPUTER KYBD, 82, US-ENG, 7200 2N1 CUS PRL0011139",95.69,0.933979,218.0,56.1055,False,0.81077284,0.9723361730575562,0.0,0.0,0.0,0.0,0.0,218.0,0.5610550458715596,0.640592401046105,2,2,2,0.2,1.0,1.0,0.4861680865287781,0.4202962005230525,0.5434813077477437
50,ACCESSORIES FOR LAPTOP COMPUTER PR0015012-PR0015012,2.0,EA,2023-01-06,ROUND ROCK,TX,,PR0015012,2045405,COMPUTER_HARDWARE,2,ACCESSORIES FOR LAPTOP COMPUTER PR0011509-Dell Dock- WD19 90w PD,126.0,0.637141,218.0,42.2018,False,0.7776026,0.7921150922775269,0.0,0.0,0.0,0.0,0.0,218.0,0.42201834862385323,0.7032258064516128,1,1,1,0.1,0.6698832617319346,0.5,0.3960575461387634,0.4016129032258064,0.43879801060385204
50,ACCESSORIES FOR LAPTOP COMPUTER PR0015012-PR0015012,2.0,EA,2023-01-06,ROUND ROCK,TX,,PR0015012,2045405,COMPUTER_HARDWARE,3,"ACCESSORIES FOR LAPTOP COMPUTER PR0010357 Quote 1000424649969 KYBD,82,US-ENG,7200 2N1 CUS",95.69,0.450928,218.0,56.1055,False,0.81586444,1.0,0.0,0.0,0.0,0.0,0.0,218.0,0.5610550458715596,0.640592401046105,2,2,2,0.2,0.4627937779626353,0.3333333333333333,0.5,0.4202962005230525,0.4705079268513111
50,ACCESSORIES FOR LAPTOP COMPUTER PR0015012-PR0015012,2.0,EA,2023-01-06,ROUND ROCK,TX,,PR0015012,2045405,COMPUTER_HARDWARE,4,ACCESSORIES FOR LAPTOP COMPUTER PR0014822 -Dell Dock- WD19S 90w Power Delivery - 130w AC TX DIR-TSO-3763,218.0,0.095413,218.0,0.0,True,0.7604033,0.6986672878265381,0.0,0.0,0.0,0.0,0.0,218.0,0.0,1.0,7,7,7,0.7,0.06742171574226166,0.25,0.34933364391326904,0.85,0.45724676151363725
50,ACCESSORIES FOR LAPTOP COMPUTER PR0015012-PR0015012,2.0,EA,2023-01-06,ROUND ROCK,TX,,PR0015012,2045405,COMPUTER_HARDWARE,5,ACCESSORIES FOR LAPTOP COMPUTER Dell Dock- WD19S 90w Power Delivery - 130w AC DIR-TSO-3763 Quote number # 3000139991582,218.0,0.081869,218.0,0.0,True,0.7160554,0.45771554112434387,0.0,0.0,0.0,0.0,0.0,218.0,0.0,1.0,7,7,7,0.7,0.05235928740389973,0.2,0.22885777056217194,0.85,0.3887256669197795
50,ACCESSORIES FOR LAPTOP COMPUTER PR0015012-PR0015012,2.0,EA,2023-01-06,ROUND ROCK,TX,,PR0015012,2045405,COMPUTER_HARDWARE,6,ACCESSORIES FOR LAPTOP COMPUTER Dell Dock- WD19S 90w Power Delivery - 130w AC,218.0,0.071221,218.0,0.0,True,0.6318115,0.0,0.0,0.0,0.0,0.0,0.0,218.0,0.0,1.0,7,7,7,0.7,0.040517531870314545,0.16666666666666666,0.0,0.85,0.26107762978054716
50,ACCESSORIES FOR LAPTOP COMPUTER PR0015012-PR0015012,2.0,EA,2023-01-06,ROUND ROCK,TX,,PR0015012,2045405,COMPUTER_HARDWARE,7,ACCESSORIES FOR LAPTOP COMPUTER Dell Dock- WD19S 90w Power Delivery - 130w AC DIR-TSO-3763 Quote number # 3000139992206,218.0,0.059553,218.0,0.0,True,0.7148532,0.45118391513824463,0.0,0.0,0.0,0.0,0.0,218.0,0.0,1.0,7,7,7,0.7,0.02754142334609666,0.14285714285714285,0.22559195756912231,0.85,0.38320679016493175
50,ACCESSORIES FOR LAPTOP COMPUTER PR0015012-PR0015012,2.0,EA,2023-01-06,ROUND ROCK,TX,,PR0015012,2045405,COMPUTER_HARDWARE,8,ACCESSORIES FOR LAPTOP COMPUTER Dell Dock - WD19S 90w Power Delivery - 130w AC,218.0,0.058248,218.0,0.0,True,0.6318115,0.0,0.0,0.0,0.0,0.0,0.0,218.0,0.0,1.0,7,7,7,0.7,0.026090118784551895,0.125,0.0,0.85,0.2589135178176828
50,ACCESSORIES FOR LAPTOP COMPUTER PR0015012-PR0015012,2.0,EA,2023-01-06,ROUND ROCK,TX,,PR0015012,2045405,COMPUTER_HARDWARE,9,ACCESSORIES FOR LAPTOP COMPUTER Dell Dock- WD19S 90w Power Delivery - 130w AC,218.0,0.043121,218.0,0.0,True,0.6318115,0.0,0.0,0.0,0.0,0.0,0.0,218.0,0.0,1.0,7,7,7,0.7,0.009267219089159033,0.1111111111111111,0.0,0.85,0.25639008286337384
50,ACCESSORIES FOR LAPTOP COMPUTER PR0015012-PR0015012,2.0,EA,2023-01-06,ROUND ROCK,TX,,PR0015012,2045405,COMPUTER_HARDWARE,10,ACCESSORIES FOR LAPTOP COMPUTER PR0014793-Dell Dock- WD19S 90w Power Delivery - 130w AC TX DIR-TSO-3763,218.0,0.034788,218.0,0.0,True,0.7586647,0.6892213821411133,0.0,0.0,0.0,0.0,0.0,218.0,0.0,1.0,7,7,7,0.7,0.0,0.1,0.34461069107055664,0.85,0.4445358800888062
51,"Microcomputers, Handheld, Laptop, and Notebook PR0015012-PR0015012",1.0,EA,2023-01-06,ROUND ROCK,TX,,PR0015012,20454,COMPUTER_HARDWARE,1,"Microcomputers, Handheld, Laptop, and Notebook Dell Dock- WD19S 90w Power Delivery - 130w AC",218.0,0.369185,117.0,86.3248,False,0.5353799,0.0,0.0,0.0,0.0,0.0,0.0,712.045,0.6938395747459781,0.5903746818230813,1,1,1,0.1,1.0,1.0,0.0,0.34518734091154063,0.2535562022734622
51,"Microcomputers, Handheld, Laptop, and Notebook PR0015012-PR0015012",1.0,EA,2023-01-06,ROUND ROCK,TX,,PR0015012,20454,COMPUTER_HARDWARE,2,"Microcomputers, Handheld, Laptop, and Notebook Dell Performance Dock - WD19DCS Catalog Number: 84 / wd19dcscc",322.0,-0.043217,117.0,175.2137,False,0.58766913,0.12353529781103134,0.0,0.0,0.0,0.0,0.0,712.045,0.5477813902211236,0.6460860728252684,4,4,4,0.4,0.3401198467114158,0.5,0.06176764890551567,0.5230430364126342,0.24190309482853625
51,"Microcomputers, Handheld, Laptop, and Notebook PR0015012-PR0015012",1.0,EA,2023-01-06,ROUND ROCK,TX,,PR0015012,20454,COMPUTER_HARDWARE,3,"Microcomputers, Handheld, Laptop, and Notebook PR0011509-Dell Latitude 5411 XCTO",1102.09,-0.097193,117.0,841.9573,False,0.82163805,0.6762955784797668,0.0,0.0,0.0,0.0,0.0,712.045,0.5477813902211236,0.6460860728252684,2,2,2,0.2,0.2537534101909707,0.3333333333333333,0.3381477892398834,0.4230430364126342,0.35095720653437174
51,"Microcomputers, Handheld, Laptop, and Notebook PR0015012-PR0015012",1.0,EA,2023-01-06,ROUND ROCK,TX,,PR0015012,20454,COMPUTER_HARDWARE,4,"Microcomputers, Handheld, Laptop, and Notebook PR0010146",1124.55,-0.100767,117.0,861.1538,False,0.9586536,1.0,0.0,0.0,0.0,0.0,0.0,712.045,0.5793243404560106,0.6331821617535902,2,2,2,0.2,0.2480346899426368,0.25,0.5,0.4165910808767951,0.43718252775443406
51,"Microcomputers, Handheld, Laptop, and Notebook PR0015012-PR0015012",1.0,EA,2023-01-06,ROUND ROCK,TX,,PR0015012,20454,COMPUTER_HARDWARE,5,"Microcomputers, Handheld, Laptop, and Notebook Dell Performance Dock- WD19DCS",322.0,-0.102568,117.0,175.2137,False,0.61519694,0.1885707676410675,0.0,0.0,0.0,0.0,0.0,712.045,0.5477813902211236,0.6460860728252684,4,4,4,0.4,0.24515292856399962,0.2,0.09428538382053375,0.5230430364126342,0.24554281130968375
51,"Microcomputers, Handheld, Laptop, and Notebook PR0015012-PR0015012",1.0,EA,2023-01-06,ROUND ROCK,TX,,PR0015012,20454,COMPUTER_HARDWARE,6,"Microcomputers, Handheld, Laptop, and Notebook PR0014708- Dell Performance Dock- WD19DCS",322.0,-0.11059,117.0,175.2137,False,0.7105173,0.4137686491012573,0.0,0.0,0.0,0.0,0.0,712.045,0.5477813902211236,0.6460860728252684,4,4,4,0.4,0.23231700975254616,0.16666666666666666,0.20688432455062866,0.5230430364126342,0.30554684088951795
51,"Microcomputers, Handheld, Laptop, and Notebook PR0015012-PR0015012",1.0,EA,2023-01-06,ROUND ROCK,TX,,PR0015012,20454,COMPUTER_HARDWARE,7,"Microcomputers, Handheld, Laptop, and Notebook XPS 13 2in1 7390 PRL0011087",1460.76,-0.175477,117.0,1148.5128,False,0.8612482,0.7698760032653809,0.0,0.0,0.0,0.0,0.0,712.045,1.0514995541012155,0.4874483145759742,2,2,2,0.2,0.12849199555175092,0.14285714285714285,0.38493800163269043,0.3437241572879871,0.33410694741713853
51,"Microcomputers, Handheld, Laptop, and Notebook PR0015012-PR0015012",1.0,EA,2023-01-06,ROUND ROCK,TX,,PR0015012,20454,COMPUTER_HARDWARE,8,"Microcomputers, Handheld, Laptop, and Notebook SI# B1BX26 Dell Latitude 5431 DIR-TSO-3763",1760.52,-0.192282,117.0,1404.7179,False,0.78578746,0.5915972590446472,0.0,0.0,0.0,0.0,0.0,712.045,1.4724841828817,0.40445152568559295,1,1,2,0.1,0.10160248973942541,0.125,0.2957986295223236,0.25222576284279646,0.2535973485510308
51,"Microcomputers, Handheld, Laptop, and Notebook PR0015012-PR0015012",1.0,EA,2023-01-06,ROUND ROCK,TX,,PR0015012,20454,COMPUTER_HARDWARE,9,"Microcomputers, Handheld, Laptop, and Notebook PR0014766- Latitude 5330 Bundle - 2 DIR-TSO-3763",1400.0,-0.235342,117.0,1096.5812,False,0.80618954,0.6397979259490967,0.0,0.0,0.0,0.0,0.0,712.045,0.9661678686038103,0.5086035714285714,2,2,3,0.2,0.032702631347355474,0.1111111111111111,0.31989896297454834,0.3543017857142857,0.28714036005239063
51,"Microcomputers, Handheld, Laptop, and Notebook PR0015012-PR0015012",1.0,EA,2023-01-06,ROUND ROCK,TX,,PR0015012,20454,COMPUTER_HARDWARE,10,"Microcomputers, Handheld, Laptop, and Notebook EQuote No. 3000139241496 Dell Performance Dock ********************************* TX DIR-TSO-3763",322.0,-0.25578,117.0,175.2137,False,0.6116029,0.18007971346378326,0.0,0.0,0.0,0.0,0.0,712.045,0.5477813902211236,0.6460860728252684,4,4,4,0.4,0.0,0.1,0.09003985673189163,0.5230430364126342,0.20643483212633065
52,ACCESSORIES FOR LAPTOP COMPUTER PR0015012-DELL Dock-WD192 90W Power Delivery - 130w AC,5.0,EA,2023-01-06,ROUND ROCK,TX,DELL,PR0015012-DELL,2045405,COMPUTER_HARDWARE,1,ACCESSORIES FOR LAPTOP COMPUTER Dell Dock- WD19S 90w Power Delivery - 130w AC 2 @ $218.00,218.0,0.957024,218.0,0.0,True,0.9739737,0.9119510650634766,1.0,0.0,0.0,0.5,0.4,218.0,0.0,1.0,9,9,10,0.9,1.0,1.0,0.7059755325317383,0.95,0.8232865428924561
52,ACCESSORIES FOR LAPTOP COMPUTER PR0015012-DELL Dock-WD192 90W Power Delivery - 130w AC,5.0,EA,2023-01-06,ROUND ROCK,TX,DELL,PR0015012-DELL,2045405,COMPUTER_HARDWARE,2,ACCESSORIES FOR LAPTOP COMPUTER Dell Dock- WD19S 90w Power Delivery - 130w AC,218.0,0.914318,218.0,0.0,True,0.9702386,0.8962864875793457,1.0,0.0,0.0,0.5,0.4,218.0,0.0,1.0,9,9,10,0.9,0.9605196620514133,0.5,0.6981432437896729,0.95,0.8130567333920321
52,ACCESSORIES FOR LAPTOP COMPUTER PR0015012-DELL Dock-WD192 90W Power Delivery - 130w AC,5.0,EA,2023-01-06,ROUND ROCK,TX,DELL,PR0015012-DELL,2045405,COMPUTER_HARDWARE,3,ACCESSORIES FOR LAPTOP COMPUTER Dell Dock - WD19S 90w Power Delivery - 130w AC,218.0,0.149087,218.0,0.0,True,0.9702386,0.8962864875793457,1.0,0.0,0.0,0.5,0.4,218.0,0.0,1.0,9,9,10,0.9,0.25308795482678703,0.3333333333333333,0.6981432437896729,0.95,0.7069419773083382
52,ACCESSORIES FOR LAPTOP COMPUTER PR0015012-DELL Dock-WD192 90W Power Delivery - 130w AC,5.0,EA,2023-01-06,ROUND ROCK,TX,DELL,PR0015012-DELL,2045405,COMPUTER_HARDWARE,4,ACCESSORIES FOR LAPTOP COMPUTER PR0014652- Dell Dock- WD19S 90w Power Delivery - 130w AC,218.0,0.04746,218.0,0.0,True,0.99496806,1.0,1.0,0.0,0.0,0.5,0.4,218.0,0.0,1.0,9,9,10,0.9,0.15913702744653566,0.25,0.75,0.95,0.7213705541169804
52,ACCESSORIES FOR LAPTOP COMPUTER PR0015012-DELL Dock-WD192 90W Power Delivery - 130w AC,5.0,EA,2023-01-06,ROUND ROCK,TX,DELL,PR0015012-DELL,2045405,COMPUTER_HARDWARE,5,ACCESSORIES FOR LAPTOP COMPUTER DELL Dock - WD19S 90w Power Delivery - 130w AC DIR-TSO-3763,218.0,0.026141,218.0,0.0,True,0.96494895,0.8741019368171692,1.0,0.0,0.0,0.5,0.4,218.0,0.0,1.0,9,9,10,0.9,0.13942829039024576,0.2,0.6870509684085846,0.95,0.6837922761832584
52,ACCESSORIES FOR LAPTOP COMPUTER PR0015012-DELL Dock-WD192 90W Power Delivery - 130w AC,5.0,EA,2023-01-06,ROUND ROCK,TX,DELL,PR0015012-DELL,2045405,COMPUTER_HARDWARE,6,ACCESSORIES FOR LAPTOP COMPUTER Dell Dock- WD19S 90w Power Delivery - 130w AC,218.0,-0.006259,218.0,0.0,True,0.9702386,0.8962864875793457,1.0,0.0,0.0,0.5,0.4,218.0,0.0,1.0,9,9,10,0.9,0.10947552146938669,0.16666666666666666,0.6981432437896729,0.95,0.6854001123047281
52,ACCESSORIES FOR LAPTOP COMPUTER PR0015012-DELL Dock-WD192 90W Power Delivery - 130w AC,5.0,EA,2023-01-06,ROUND ROCK,TX,DELL,PR0015012-DELL,2045405,COMPUTER_HARDWARE,7,ACCESSORIES FOR LAPTOP COMPUTER Dell Dock- WD19S 90w Power Delivery - 130w AC,218.0,-0.030692,218.0,0.0,True,0.9702386,0.8962864875793457,1.0,0.0,0.0,0.5,0.4,218.0,0.0,1.0,9,9,10,0.9,0.08688799051125863,0.14285714285714285,0.6981432437896729,0.95,0.6820119826610089
52,ACCESSORIES FOR LAPTOP COMPUTER PR0015012-DELL Dock-WD192 90W Power Delivery - 130w AC,5.0,EA,2023-01-06,ROUND ROCK,TX,DELL,PR0015012-DELL,2045405,COMPUTER_HARDWARE,8,ACCESSORIES FOR LAPTOP COMPUTER PR0014551 DIR-TSO-3763 e-quote 3000128711385 Docking station,218.0,-0.079873,218.0,0.0,True,0.75652826,0.0,0.0,0.0,0.0,0.0,0.0,218.0,0.0,1.0,9,9,10,0.9,0.04142172111938304,0.125,0.0,0.95,0.29121325816790744
52,ACCESSORIES FOR LAPTOP COMPUTER PR0015012-DELL Dock-WD192 90W Power Delivery - 130w AC,5.0,EA,2023-01-06,ROUND ROCK,TX,DELL,PR0015012-DELL,2045405,COMPUTER_HARDWARE,9,ACCESSORIES FOR LAPTOP COMPUTER PR0014639 DIR-TSO-3763 eQuote 3000127641858.3 Dell Dock- WD19S 90w Power Delivery - 130w AC,175.99,-0.089376,218.0,19.2706,False,0.96713537,0.8832716345787048,1.0,0.0,0.0,0.5,0.4,218.0,0.1927064220183486,0.8384292911811085,1,1,1,0.1,0.03263650003744096,0.1111111111111111,0.6916358172893524,0.46921464559055426,0.5260595681919263
52,ACCESSORIES FOR LAPTOP COMPUTER PR0015012-DELL Dock-WD192 90W Power Delivery - 130w AC,5.0,EA,2023-01-06,ROUND ROCK,TX,DELL,PR0015012-DELL,2045405,COMPUTER_HARDWARE,10,ACCESSORIES FOR LAPTOP COMPUTER PR0014567 DIR-TSO-3763 e-quote 3000128724332 Docking station,218.0,-0.124679,218.0,0.0,True,0.75736034,0.0034896894358098507,0.0,0.0,0.0,0.0,0.0,218.0,0.0,1.0,9,9,10,0.9,0.0,0.1,0.0017448447179049253,0.95,0.2859596645948477
53,ACCESSORIES FOR LAPTOP COMPUTER PR0015019-DELL Dock-WD192 90W Power Delivery - 130w AC,4.0,EA,2023-01-06,ROUND ROCK,TX,DELL,PR0015019-DELL,2045405,COMPUTER_HARDWARE,1,ACCESSORIES FOR LAPTOP COMPUTER Dell Dock- WD19S 90w Power Delivery - 130w AC,218.0,0.972349,218.0,0.0,True,0.9721455,0.9035244584083557,1.0,0.0,0.0,0.5,0.4,218.0,0.0,1.0,9,9,10,0.9,1.0,1.0,0.7017622292041779,0.95,0.8209692260622978
53,ACCESSORIES FOR LAPTOP COMPUTER PR0015019-DELL Dock-WD192 90W Power Delivery - 130w AC,4.0,EA,2023-01-06,ROUND ROCK,TX,DELL,PR0015019-DELL,2045405,COMPUTER_HARDWARE,2,ACCESSORIES FOR LAPTOP COMPUTER Dell Dock- WD19S 90w Power Delivery - 130w AC 2 @ $218.00,218.0,0.940983,218.0,0.0,True,0.97464085,0.9141146540641785,1.0,0.0,0.0,0.5,0.4,218.0,0.0,1.0,9,9,10,0.9,0.9720027420639029,0.5,0.7070573270320892,0.95,0.8196819411772345
53,ACCESSORIES FOR LAPTOP COMPUTER PR0015019-DELL Dock-WD192 90W Power Delivery - 130w AC,4.0,EA,2023-01-06,ROUND ROCK,TX,DELL,PR0015019-DELL,2045405,COMPUTER_HARDWARE,3,ACCESSORIES FOR LAPTOP COMPUTER Dell Dock - WD19S 90w Power Delivery - 130w AC,218.0,0.20737,218.0,0.0,True,0.9721455,0.9035244584083557,1.0,0.0,0.0,0.5,0.4,218.0,0.0,1.0,9,9,10,0.9,0.3171805656220879,0.3333333333333333,0.7017622292041779,0.95,0.7185463109056109
53,ACCESSORIES FOR LAPTOP COMPUTER PR0015019-DELL Dock-WD192 90W Power Delivery - 130w AC,4.0,EA,2023-01-06,ROUND ROCK,TX,DELL,PR0015019-DELL,2045405,COMPUTER_HARDWARE,4,ACCESSORIES FOR LAPTOP COMPUTER Dell Dock- WD19S 90w Power Delivery - 130w AC,218.0,0.053016,218.0,0.0,True,0.9721455,0.9035244584083557,1.0,0.0,0.0,0.5,0.4,218.0,0.0,1.0,9,9,10,0.9,0.17940435088420847,0.25,0.7017622292041779,0.95,0.6978798786949291
53,ACCESSORIES FOR LAPTOP COMPUTER PR0015019-DELL Dock-WD192 90W Power Delivery - 130w AC,4.0,EA,2023-01-06,ROUND ROCK,TX,DELL,PR0015019-DELL,2045405,COMPUTER_HARDWARE,5,ACCESSORIES FOR LAPTOP COMPUTER PR0014652- Dell Dock- WD19S 90w Power Delivery - 130w AC,218.0,0.015677,218.0,0.0,True,0.9948778,1.0,1.0,0.0,0.0,0.5,0.4,218.0,0.0,1.0,9,9,10,0.9,0.14607559955869906,0.2,0.75,0.95,0.7194113399338049
53,ACCESSORIES FOR LAPTOP COMPUTER PR0015019-DELL Dock-WD192 90W Power Delivery - 130w AC,4.0,EA,2023-01-06,ROUND ROCK,TX,DELL,PR0015019-DELL,2045405,COMPUTER_HARDWARE,6,ACCESSORIES FOR LAPTOP COMPUTER Dell Dock- WD19S 90w Power Delivery - 130w AC,218.0,-0.026374,218.0,0.0,True,0.9721455,0.9035244584083557,1.0,0.0,0.0,0.5,0.4,218.0,0.0,1.0,9,9,10,0.9,0.10854092209039526,0.16666666666666666,0.7017622292041779,0.95,0.6872503643758571
53,ACCESSORIES FOR LAPTOP COMPUTER PR0015019-DELL Dock-WD192 90W Power Delivery - 130w AC,4.0,EA,2023-01-06,ROUND ROCK,TX,DELL,PR0015019-DELL,2045405,COMPUTER_HARDWARE,7,ACCESSORIES FOR LAPTOP COMPUTER DELL Dock - WD19S 90w Power Delivery - 130w AC DIR-TSO-3763,218.0,-0.028675,218.0,0.0,True,0.9677513,0.8848756551742554,1.0,0.0,0.0,0.5,0.4,218.0,0.0,1.0,9,9,10,0.9,0.1064870519599687,0.14285714285714285,0.6924378275871277,0.95,0.6818138629669155
53,ACCESSORIES FOR LAPTOP COMPUTER PR0015019-DELL Dock-WD192 90W Power Delivery - 130w AC,4.0,EA,2023-01-06,ROUND ROCK,TX,DELL,PR0015019-DELL,2045405,COMPUTER_HARDWARE,8,ACCESSORIES FOR LAPTOP COMPUTER PR0014639 DIR-TSO-3763 eQuote 3000127641858.3 Dell Dock- WD19S 90w Power Delivery - 130w AC,175.99,-0.118161,218.0,19.2706,False,0.96877736,0.8892301321029663,1.0,0.0,0.0,0.5,0.4,218.0,0.1927064220183486,0.8384292911811085,1,1,1,0.1,0.02661194440179804,0.125,0.6946150660514832,0.46921464559055426,0.5267944716657518
53,ACCESSORIES FOR LAPTOP COMPUTER PR0015019-DELL Dock-WD192 90W Power Delivery - 130w AC,4.0,EA,2023-01-06,ROUND ROCK,TX,DELL,PR0015019-DELL,2045405,COMPUTER_HARDWARE,9,ACCESSORIES FOR LAPTOP COMPUTER PR0014793-Dell Dock- WD19S 90w Power Delivery - 130w AC TX DIR-TSO-3763,218.0,-0.146337,218.0,0.0,True,0.9632027,0.8655714392662048,1.0,0.0,0.0,0.5,0.4,218.0,0.0,1.0,9,9,10,0.9,0.001462077041998565,0.1111111111111111,0.6827857196331024,0.95,0.6607514573545061
53,ACCESSORIES FOR LAPTOP COMPUTER PR0015019-DELL Dock-WD192 90W Power Delivery - 130w AC,4.0,EA,2023-01-06,ROUND ROCK,TX,DELL,PR0015019-DELL,2045405,COMPUTER_HARDWARE,10,ACCESSORIES FOR LAPTOP COMPUTER PR0014551 DIR-TSO-3763 e-quote 3000128711385 Docking station,218.0,-0.147975,218.0,0.0,True,0.7592501,0.0,0.0,0.0,0.0,0.0,0.0,218.0,0.0,1.0,9,9,10,0.9,0.0,0.1,0.0,0.95,0.285
54,"Microcomputers, Handheld, Laptop, and Notebook PR0015015 eQuote No. 3000140699544 TX- DIR-TSO-3763 Mobile Precision 7670",1.0,EA,2023-01-06,ROUND ROCK,TX,,PR0015015,20454,COMPUTER_HARDWARE,1,"Microcomputers, Handheld, Laptop, and Notebook EQuote No. 3000139241496 Mobile Precision 7670 Bundle *********************************** TX DIR-TSO-3763",2676.06,1.779721,2676.06,0.0,True,0.89424074,0.7399464845657349,0.0,0.0,0.0,0.5,0.0,2612.88,0.024180214935243804,0.9763906638864601,6,7,10,0.7,1.0,1.0,0.4199732422828674,0.83819533194323,0.6324438828385461
54,"Microcomputers, Handheld, Laptop, and Notebook PR0015015 eQuote No. 3000140699544 TX- DIR-TSO-3763 Mobile Precision 7670",1.0,EA,2023-01-06,ROUND ROCK,TX,,PR0015015,20454,COMPUTER_HARDWARE,2,"Microcomputers, Handheld, Laptop, and Notebook PR0014708-Mobile Precision 7670 Bundle",2676.06,0.917476,2676.06,0.0,True,0.816435,0.2819039523601532,0.0,0.0,0.0,0.25,0.0,2612.88,0.024180214935243804,0.9763906638864601,6,7,10,0.7,0.423453043162538,0.5,0.1659519761800766,0.83819533194323,0.40625014295639184
54,"Microcomputers, Handheld, Laptop, and Notebook PR0015015 eQuote No. 3000140699544 TX- DIR-TSO-3763 Mobile Precision 7670",1.0,EA,2023-01-06,ROUND ROCK,TX,,PR0015015,20454,COMPUTER_HARDWARE,3,"Microcomputers, Handheld, Laptop, and Notebook Mobile Precision 7670 Bundle",2676.0,0.863417,2676.06,0.0022,True,0.76854914,0.0,0.0,0.0,0.0,0.25,0.0,2612.88,0.024157251768163822,0.9764125560538117,6,7,10,0.7,0.3873060641256328,0.3333333333333333,0.025,0.8382062780269058,0.32330779302691665
54,"Microcomputers, Handheld, Laptop, and Notebook PR0015015 eQuote No. 3000140699544 TX- DIR-TSO-3763 Mobile Precision 7670",1.0,EA,2023-01-06,ROUND ROCK,TX,,PR0015015,20454,COMPUTER_HARDWARE,4,"Microcomputers, Handheld, Laptop, and Notebook PR0014261 DIR-TSO-3763 eQuote 3000122439445 SI# B1BX26 Mobile Precision 7670",2676.06,0.845692,2676.06,0.0,True,0.9254724,0.9238072037696838,0.0,0.0,0.0,0.5,0.0,2612.88,0.024180214935243804,0.9763906638864601,6,7,10,0.7,0.3754541023166991,0.25,0.511903601884842,0.83819533194323,0.589323695967137
54,"Microcomputers, Handheld, Laptop, and Notebook PR0015015 eQuote No. 3000140699544 TX- DIR-TSO-3763 Mobile Precision 7670",1.0,EA,2023-01-06,ROUND ROCK,TX,,PR0015015,20454,COMPUTER_HARDWARE,5,"Microcomputers, Handheld, Laptop, and Notebook PR0014234 DIR-TSO-3763 e-Quote 3000116653563.1 SI# B1BX26 Mobile Precision 7560",2316.97,0.648315,2676.06,13.4186,False,0.8975226,0.7592669725418091,0.0,0.0,0.0,0.25,0.0,2612.88,0.1132505128440649,0.8982704148460355,1,4,10,0.4,0.2434764060706116,0.2,0.40463348627090456,0.6491352074230178,0.45381044058649456
54,"Microcomputers, Handheld, Laptop, and Notebook PR0015015 eQuote No. 3000140699544 TX- DIR-TSO-3763 Mobile Precision 7670",1.0,EA,2023-01-06,ROUND ROCK,TX,,PR0015015,20454,COMPUTER_HARDWARE,6,"Microcomputers, Handheld, Laptop, and Notebook PR0013811 DIR-TSO-3763 e-Quote 3000112138255.1 SI# B1BX26 Mobile Precision 7560",2150.0,0.544056,2676.06,19.658,False,0.8937286,0.7369316220283508,0.0,0.0,0.0,0.25,0.0,2612.88,0.1771531796332017,0.8495071136889744,2,3,5,0.3,0.17376279894860228,0.16666666666666666,0.39346581101417544,0.5747535568444871,0.414896682953433
54,"Microcomputers, Handheld, Laptop, and Notebook PR0015015 eQuote No. 3000140699544 TX- DIR-TSO-3763 Mobile Precision 7670",1.0,EA,2023-01-06,ROUND ROCK,TX,,PR0015015,20454,COMPUTER_HARDWARE,7,"Microcomputers, Handheld, Laptop, and Notebook PR0013964 DIR-TSO-3763 e-Quote 3000115220717.2 SI# B1BX26 Mobile Precision 7560",2150.0,0.490799,2676.06,19.658,False,0.8992432,0.7693958282470703,0.0,0.0,0.0,0.25,0.0,2612.88,0.1771531796332017,0.8495071136889744,2,3,5,0.3,0.1381520835715427,0.14285714285714285,0.4096979141235352,0.5747535568444871,0.41848273235702194
54,"Microcomputers, Handheld, Laptop, and Notebook PR0015015 eQuote No. 3000140699544 TX- DIR-TSO-3763 Mobile Precision 7670",1.0,EA,2023-01-06,ROUND ROCK,TX,,PR0015015,20454,COMPUTER_HARDWARE,8,"Microcomputers, Handheld, Laptop, and Notebook PR0014173 DIR-TSO-3763 e-Quote 3000121020762.1 SI# B1BX26 Mobile Precision 7560",2486.79,0.462805,2676.06,7.0727,True,0.8926214,0.7304134368896484,0.0,0.0,0.0,0.25,0.0,2612.88,0.048257095618627774,0.9539644464890087,2,7,10,0.7,0.11943367347962233,0.125,0.39020671844482424,0.8269822232445043,0.48062341313994794
54,"Microcomputers, Handheld, Laptop, and Notebook PR0015015 eQuote No. 3000140699544 TX- DIR-TSO-3763 Mobile Precision 7670",1.0,EA,2023-01-06,ROUND ROCK,TX,,PR0015015,20454,COMPUTER_HARDWARE,9,"Microcomputers, Handheld, Laptop, and Notebook PR0013665 DIR-TSO-3763 e-Quote 3000107161268.1 Laptop (Mobile Precision 7560)",2549.76,0.316201,2676.06,4.7196,True,0.91605794,0.8683844208717346,0.0,0.0,0.0,0.25,0.0,2612.88,0.024157251768163822,0.9764125560538117,6,8,10,0.8,0.02140574631251869,0.1111111111111111,0.45919221043586733,0.8882062780269059,0.5222284610946766
54,"Microcomputers, Handheld, Laptop, and Notebook PR0015015 eQuote No. 3000140699544 TX- DIR-TSO-3763 Mobile Precision 7670",1.0,EA,2023-01-06,ROUND ROCK,TX,,PR0015015,20454,COMPUTER_HARDWARE,10,"Microcomputers, Handheld, Laptop, and Notebook PR0013811 DIR-TSO-3763 e-Quote 3000112138255.1 Mobile Precision 7760",2741.91,0.284188,2676.06,2.4607,True,0.93841493,1.0,0.0,0.0,0.0,0.25,0.0,2612.88,0.049382290805547804,0.9529415626333468,5,7,8,0.7,0.0,0.1,0.525,0.8264707813166734,0.5366912343950021
55,"Microcomputers, Handheld, Laptop, and Notebook PR0015015 eQuote No. 3000140699544 TX- DIR-TSO-3763 Dell Dock- WD19S 90w Power Delivery - 13",24.0,EA,2023-01-06,ROUND ROCK,TX,DELL,PR0015015,20454,COMPUTER_HARDWARE,1,"Microcomputers, Handheld, Laptop, and Notebook PR0014173 DIR-TSO-3763 e-Quote 3000121020762.1 Dell Dock- WD19S 90w Power Delivery - 130w AC",126.0,0.074476,218.0,42.2018,False,0.8950628,0.8747410774230957,1.0,0.0,0.0,0.5,0.4,126.0,0.0,1.0,7,7,7,0.7,1.0,1.0,0.6873705387115479,0.85,0.7830537962913514
55,"Microcomputers, Handheld, Laptop, and Notebook PR0015015 eQuote No. 3000140699544 TX- DIR-TSO-3763 Dell Dock- WD19S 90w Power Delivery - 13",24.0,EA,2023-01-06,ROUND ROCK,TX,DELL,PR0015015,20454,COMPUTER_HARDWARE,2,"Microcomputers, Handheld, Laptop, and Notebook Dell Dock- WD19S 90w Power Delivery - 130w AC",218.0,-0.011751,218.0,0.0,True,0.79463744,0.4116308391094208,1.0,0.0,0.0,0.3333333333333333,0.4,126.0,0.7301587301587301,0.5779816513761468,2,2,2,0.2,0.7030576858838155,0.5,0.4391487528880437,0.3889908256880734,0.4636877146774184
55,"Microcomputers, Handheld, Laptop, and Notebook PR0015015 eQuote No. 3000140699544 TX- DIR-TSO-3763 Dell Dock- WD19S 90w Power Delivery - 13",24.0,EA,2023-01-06,ROUND ROCK,TX,DELL,PR0015015,20454,COMPUTER_HARDWARE,3,"Microcomputers, Handheld, Laptop, and Notebook Dell Performance Dock- WD19DCS",322.0,-0.132056,218.0,47.7064,False,0.7053754,0.0,1.0,0.0,0.0,0.0,0.4,126.0,1.5555555555555556,0.391304347826087,1,1,1,0.1,0.2887600169431405,0.3333333333333333,0.2,0.2456521739130435,0.22700965471538415
55,"Microcomputers, Handheld, Laptop, and Notebook PR0015015 eQuote No. 3000140699544 TX- DIR-TSO-3763 Dell Dock- WD19S 90w Power Delivery - 13",24.0,EA,2023-01-06,ROUND ROCK,TX,DELL,PR0015015,20454,COMPUTER_HARDWARE,4,"Microcomputers, Handheld, Laptop, and Notebook PR0013887 DIR-TSO-3763 eQuote 3000113920726 Dell Dock- WD19S 90 PD",126.0,-0.137953,218.0,42.2018,False,0.8635746,0.7295337319374084,1.0,0.0,0.0,0.3333333333333333,0.4,126.0,0.0,1.0,7,7,7,0.7,0.2684523543044875,0.25,0.5981001993020375,0.85,0.6242229627617938
55,"Microcomputers, Handheld, Laptop, and Notebook PR0015015 eQuote No. 3000140699544 TX- DIR-TSO-3763 Dell Dock- WD19S 90w Power Delivery - 13",24.0,EA,2023-01-06,ROUND ROCK,TX,DELL,PR0015015,20454,COMPUTER_HARDWARE,5,ACCESSORIES FOR LAPTOP COMPUTER EQuote Number:3000136740492 Dell Dock- WD19S 90w Power Delivery - 130w AC ********************************************************** TX- DIR-TSO-3763,218.0,-0.169245,218.0,0.0,True,0.78258836,0.35606667399406433,1.0,0.0,0.0,0.5,0.4,126.0,0.7301587301587301,0.5779816513761468,2,2,2,0.2,0.16069122503727828,0.2,0.42803333699703217,0.3889908256880734,0.3762192668103815
55,"Microcomputers, Handheld, Laptop, and Notebook PR0015015 eQuote No. 3000140699544 TX- DIR-TSO-3763 Dell Dock- WD19S 90w Power Delivery - 13",24.0,EA,2023-01-06,ROUND ROCK,TX,DELL,PR0015015,20454,COMPUTER_HARDWARE,6,"Microcomputers, Handheld, Laptop, and Notebook PR0014028 DIR-TSO-3763 eQuote 3000115641765 Dell Dock- WD19S 90w Power",126.0,-0.179652,218.0,42.2018,False,0.9222252,1.0,1.0,0.0,0.0,0.5,0.4,126.0,0.0,1.0,7,7,7,0.7,0.12485235017201414,0.16666666666666666,0.75,0.85,0.6862278525258021
55,"Microcomputers, Handheld, Laptop, and Notebook PR0015015 eQuote No. 3000140699544 TX- DIR-TSO-3763 Dell Dock- WD19S 90w Power Delivery - 13",24.0,EA,2023-01-06,ROUND ROCK,TX,DELL,PR0015015,20454,COMPUTER_HARDWARE,7,"Microcomputers, Handheld, Laptop, and Notebook PR0012523 eQuote 3000080857781 DIR-TSO-3763 -------------------------------------------------- WD19 90w Power Delivery - 130w AC",126.0,-0.183802,218.0,42.2018,False,0.8075894,0.47135868668556213,0.0,0.0,0.0,0.3333333333333333,0.0,126.0,0.0,1.0,7,7,7,0.7,0.11056087994131886,0.14285714285714285,0.2690126766761144,0.85,0.4195411041630608
55,"Microcomputers, Handheld, Laptop, and Notebook PR0015015 eQuote No. 3000140699544 TX- DIR-TSO-3763 Dell Dock- WD19S 90w Power Delivery - 13",24.0,EA,2023-01-06,ROUND ROCK,TX,DELL,PR0015015,20454,COMPUTER_HARDWARE,8,"Microcomputers, Handheld, Laptop, and Notebook PR0013871 DIR-TSO-3763 eQuote - #3000113362987 Dell Dock WD19S",126.0,-0.195554,218.0,42.2018,False,0.85432875,0.6868965029716492,1.0,0.0,0.0,0.3333333333333333,0.4,126.0,0.0,1.0,7,7,7,0.7,0.07009019123020281,0.125,0.5767815848191579,0.85,0.5827434003350672
55,"Microcomputers, Handheld, Laptop, and Notebook PR0015015 eQuote No. 3000140699544 TX- DIR-TSO-3763 Dell Dock- WD19S 90w Power Delivery - 13",24.0,EA,2023-01-06,ROUND ROCK,TX,DELL,PR0015015,20454,COMPUTER_HARDWARE,9,"Microcomputers, Handheld, Laptop, and Notebook PR0014082 DIR-TSO-3763 eQuote 3000116476314 Dell Dock- WD19S 90w Power Delivery - 130w AC",126.0,-0.206274,218.0,42.2018,False,0.90563524,0.9234957098960876,1.0,0.0,0.0,0.5,0.4,126.0,0.0,1.0,7,7,7,0.7,0.033173429574045225,0.1111111111111111,0.7117478549480438,0.85,0.651437334657531
55,"Microcomputers, Handheld, Laptop, and Notebook PR0015015 eQuote No. 3000140699544 TX- DIR-TSO-3763 Dell Dock- WD19S 90w Power Delivery - 13",24.0,EA,2023-01-06,ROUND ROCK,TX,DELL,PR0015015,20454,COMPUTER_HARDWARE,10,"Microcomputers, Handheld, Laptop, and Notebook PR0013876 DIR-TSO-3763 eQuote 3000114062109 Dell Dock- WD19S 90w Power Delivery - 130w AC",126.0,-0.215907,218.0,42.2018,False,0.900925,0.9017744064331055,1.0,0.0,0.0,0.5,0.4,126.0,0.0,1.0,7,7,7,0.7,0.0,0.1,0.7008872032165527,0.85,0.640487961769104
56,"Microcomputers, Handheld, Laptop, and Notebook PR0015015 eQuote No. 3000140699544 TX- DIR-TSO-3763 Dell Essential Backpack 15 (ES1520P)",24.0,EA,2023-01-06,ROUND ROCK,TX,DELL,PR0015015,20454,COMPUTER_HARDWARE,1,"Microcomputers, Handheld, Laptop, and Notebook PR0014565 DIR-TSO-3763 eQuote 3000128282021 Dell Wired combo KM300",25.99,-0.007303,19.49,33.3504,False,0.7440566,0.7200782895088196,1.0,0.0,0.0,0.2,0.4,64.92,0.5996611213801603,0.6251324025036109,1,1,2,0.1,1.0,1.0,0.5800391447544098,0.36256620125180544,0.5777913899904671
56,"Microcomputers, Handheld, Laptop, and Notebook PR0015015 eQuote No. 3000140699544 TX- DIR-TSO-3763 Dell Essential Backpack 15 (ES1520P)",24.0,EA,2023-01-06,ROUND ROCK,TX,DELL,PR0015015,20454,COMPUTER_HARDWARE,2,"Microcomputers, Handheld, Laptop, and Notebook Dell EcoLoop Urban Backpack (Gray) - CP4523G",42.74,-0.083368,19.49,119.2919,False,0.7905618,0.8374184966087341,1.0,0.0,0.0,0.0,0.4,64.92,0.34165126309303756,0.7453501722158439,1,1,1,0.1,0.674091878968611,0.5,0.618709248304367,0.4226750861079219,0.5682063942450701
56,"Microcomputers, Handheld, Laptop, and Notebook PR0015015 eQuote No. 3000140699544 TX- DIR-TSO-3763 Dell Essential Backpack 15 (ES1520P)",24.0,EA,2023-01-06,ROUND ROCK,TX,DELL,PR0015015,20454,COMPUTER_HARDWARE,3,"Microcomputers, Handheld, Laptop, and Notebook Dell Dock- WD19S 90w Power Delivery - 130w AC",218.0,-0.093874,19.49,1018.5223,False,0.45866942,0.0,1.0,0.0,0.0,0.0,0.4,64.92,2.357979051139864,0.2977981651376147,1,1,1,0.1,0.6290778683256638,0.3333333333333333,0.2,0.19889908256880734,0.2640314050194918
56,"Microcomputers, Handheld, Laptop, and Notebook PR0015015 eQuote No. 3000140699544 TX- DIR-TSO-3763 Dell Essential Backpack 15 (ES1520P)",24.0,EA,2023-01-06,ROUND ROCK,TX,DELL,PR0015015,20454,COMPUTER_HARDWARE,4,"Microcomputers, Handheld, Laptop, and Notebook #60 - SI# B1BX31 Dell Latitude 7320 Detachable Quote# 3000116477504.1",1600.0,-0.166874,19.49,8109.3381,False,0.6341343,0.4427264332771301,1.0,0.0,0.0,0.0,0.4,64.92,23.645717806531113,0.040575,1,1,1,0.1,0.3163020471820184,0.25,0.4213632166385651,0.0702875,0.30028132622851356
56,"Microcomputers, Handheld, Laptop, and Notebook PR0015015 eQuote No. 3000140699544 TX- DIR-TSO-3763 Dell Essential Backpack 15 (ES1520P)",24.0,EA,2023-01-06,ROUND ROCK,TX,DELL,PR0015015,20454,COMPUTER_HARDWARE,5,"Microcomputers, Handheld, Laptop, and Notebook Dell USB-C Mobile Adapter - DA310 AW-837",70.0,-0.195686,19.49,259.1585,False,0.56579965,0.2703070044517517,1.0,0.0,0.0,0.0,0.4,64.92,0.07825015403573626,0.9274285714285714,1,1,2,0.1,0.1928541436369401,0.2,0.33515350222587587,0.5137142857142857,0.3673768334840585
56,"Microcomputers, Handheld, Laptop, and Notebook PR0015015 eQuote No. 3000140699544 TX- DIR-TSO-3763 Dell Essential Backpack 15 (ES1520P)",24.0,EA,2023-01-06,ROUND ROCK,TX,DELL,PR0015015,20454,COMPUTER_HARDWARE,6,"Microcomputers, Handheld, Laptop, and Notebook PR0012359 eQuote 3000077811578 DIR-TSO-3763 ------------------------------------------------ Dell Latitude 5420",1102.09,-0.199048,19.49,5554.6434,False,0.7214738,0.6630982756614685,1.0,0.0,0.0,0.2,0.4,64.92,15.97612446087492,0.058906259924325605,1,1,1,0.1,0.17844931746317383,0.16666666666666666,0.5515491378307342,0.0794531299621628,0.35395536241502873
56,"Microcomputers, Handheld, Laptop, and Notebook PR0015015 eQuote No. 3000140699544 TX- DIR-TSO-3763 Dell Essential Backpack 15 (ES1520P)",24.0,EA,2023-01-06,ROUND ROCK,TX,DELL,PR0015015,20454,COMPUTER_HARDWARE,7,"Microcomputers, Handheld, Laptop, and Notebook PR0014817 DIR-TSO-3763 EQuote 3000132338557.4 Dell USB-C 90 W AC Adapter with 1meter Power Cord - US",59.84,-0.223261,19.49,207.0292,False,0.5960531,0.3466414511203766,1.0,0.0,0.0,0.2,0.4,64.92,0.07825015403573626,0.9274285714285714,1,1,2,0.1,0.07470629065014528,0.14285714285714285,0.3933207255601883,0.5137142857142857,0.38164662836991115
56,"Microcomputers, Handheld, Laptop, and Notebook PR0015015 eQuote No. 3000140699544 TX- DIR-TSO-3763 Dell Essential Backpack 15 (ES1520P)",24.0,EA,2023-01-06,ROUND ROCK,TX,DELL,PR0015015,20454,COMPUTER_HARDWARE,8,"Microcomputers, Handheld, Laptop, and Notebook Purchase Request- PR0011863 TX- DIR-TSO-3763 Dell eQuote 3000070326071 Dell Urban Backpack 15 Sku: 460-BBYL",21.0,-0.230059,19.49,7.7476,True,0.847021,0.9798741936683655,1.0,0.0,0.0,0.4,0.4,64.92,0.6765249537892791,0.5964718853362734,1,2,2,0.2,0.04557957788117938,0.125,0.7299370968341827,0.39823594266813667,0.5277731227414184
56,"Microcomputers, Handheld, Laptop, and Notebook PR0015015 eQuote No. 3000140699544 TX- DIR-TSO-3763 Dell Essential Backpack 15 (ES1520P)",24.0,EA,2023-01-06,ROUND ROCK,TX,DELL,PR0015015,20454,COMPUTER_HARDWARE,9,"Microcomputers, Handheld, Laptop, and Notebook PR0014275 DIR-TSO 3837 eQuote MSPF453 AppleCare+ - extended service agreement - 2 years - carry-in",111.0,-0.240145,19.49,469.5228,False,0.46267778,0.010113726370036602,0.0,0.0,0.0,0.0,0.0,64.92,0.7097966728280961,0.5848648648648648,1,1,1,0.1,0.0023650993598807036,0.1111111111111111,0.005056863185018301,0.3424324324324324,0.10586576938547189
56,"Microcomputers, Handheld, Laptop, and Notebook PR0015015 eQuote No. 3000140699544 TX- DIR-TSO-3763 Dell Essential Backpack 15 (ES1520P)",24.0,EA,2023-01-06,ROUND ROCK,TX,DELL,PR0015015,20454,COMPUTER_HARDWARE,10,"Microcomputers, Handheld, Laptop, and Notebook EQuote Number : 3000137599009 Dell Essential Backpack 15 ES1520P ****************************************** DIR-TSO-3763",19.49,-0.240697,19.49,0.0,True,0.8549974,1.0,1.0,0.0,0.0,0.6,0.4,64.92,0.6997843499691929,0.5883099229723606,1,2,2,0.2,0.0,0.1,0.76,0.39415496148618034,0.5362464884458541
57,"Microcomputers, Handheld, Laptop, and Notebook PR0015015 eQuote No. 3000140699544 TX- DIR-TSO-3763 Dell Latitude 7320 Detachable Travel Keyboard",4.0,EA,2023-01-06,ROUND ROCK,TX,DELL,PR0015015,20454,COMPUTER_HARDWARE,1,"Microcomputers, Handheld, Laptop, and Notebook PR0013887 DIR-TSO-3763 eQuote 3000113920726 Latitude 7320 Dtchbl Travel Kybrd Eng",117.0,1.225551,117.0,0.0,True,0.69868267,0.2789519429206848,0.0,0.0,0.0,0.5,0.0,973.2588,0.8797853150672771,0.531975642103689,2,2,2,0.2,1.0,1.0,0.1894759714603424,0.36598782105184446,0.36400813061874165
57,"Microcomputers, Handheld, Laptop, and Notebook PR0015015 eQuote No. 3000140699544 TX- DIR-TSO-3763 Dell Latitude 7320 Detachable Travel Keyboard",4.0,EA,2023-01-06,ROUND ROCK,TX,DELL,PR0015015,20454,COMPUTER_HARDWARE,2,"Microcomputers, Handheld, Laptop, and Notebook, ECO Certifie PR0014377 DIR-TSO-3763 e-quote 3000120438659.1 Dell Latitude 7320 w/Keyboard, Dock and Backpack In agreement to, (or) in accordance with the use of Texas DIR-TSO-3763 Master Lease Agreement Appendix (F).",596.6576,1.213669,117.0,409.9638,False,0.66060245,0.06031480059027672,1.0,0.0,0.0,0.5,0.4,973.2588,0.3869486718229519,0.7210072155630955,1,1,1,0.1,0.9881413851884085,0.5,0.28015740029513836,0.41050360778154776,0.42545886027505175
57,"Microcomputers, Handheld, Laptop, and Notebook PR0015015 eQuote No. 3000140699544 TX- DIR-TSO-3763 Dell Latitude 7320 Detachable Travel Keyboard",4.0,EA,2023-01-06,ROUND ROCK,TX,DELL,PR0015015,20454,COMPUTER_HARDWARE,3,"Microcomputers, Handheld, Laptop, and Notebook Quote Number : 3000135332349.1 SI# B1BX26 Dell Latitude 7320 Detachable Contract # C000000982501",1405.61,1.051309,117.0,1101.3761,False,0.69887877,0.28007784485816956,1.0,0.0,0.0,0.25,0.4,973.2588,0.44423045545542456,0.6924102702741158,3,3,5,0.3,0.826100928968075,0.3333333333333333,0.3650389224290848,0.4962051351370579,0.4735480872223253
57,"Microcomputers, Handheld, Laptop, and Notebook PR0015015 eQuote No. 3000140699544 TX- DIR-TSO-3763 Dell Latitude 7320 Detachable Travel Keyboard",4.0,EA,2023-01-06,ROUND ROCK,TX,DELL,PR0015015,20454,COMPUTER_HARDWARE,4,"Microcomputers, Handheld, Laptop, and Notebook Dell Latitude 7320 Detachable",1349.86,0.954031,117.0,1053.7265,False,0.7333751,0.4781379997730255,1.0,0.0,0.0,0.25,0.4,973.2588,0.3869486718229519,0.7210072155630955,3,3,5,0.3,0.7290143836354708,0.25,0.4640689998865128,0.5105036077815478,0.5177411898173669
57,"Microcomputers, Handheld, Laptop, and Notebook PR0015015 eQuote No. 3000140699544 TX- DIR-TSO-3763 Dell Latitude 7320 Detachable Travel Keyboard",4.0,EA,2023-01-06,ROUND ROCK,TX,DELL,PR0015015,20454,COMPUTER_HARDWARE,5,"Microcomputers, Handheld, Laptop, and Notebook Dell Latitude 7320 Detachable",1349.96,0.935935,117.0,1053.812,False,0.7333751,0.4781379997730255,1.0,0.0,0.0,0.25,0.4,973.2588,0.3870514194169116,0.7209538060386974,3,3,5,0.3,0.7109539987145349,0.2,0.4640689998865128,0.5104769030193487,0.5150241206505668
57,"Microcomputers, Handheld, Laptop, and Notebook PR0015015 eQuote No. 3000140699544 TX- DIR-TSO-3763 Dell Latitude 7320 Detachable Travel Keyboard",4.0,EA,2023-01-06,ROUND ROCK,TX,DELL,PR0015015,20454,COMPUTER_HARDWARE,6,Keyboards PR0014966-Dell Latitude 7320 Detachable Travel Keyboard,117.0,0.851513,117.0,0.0,True,0.8242682,1.0,1.0,0.0,0.0,0.25,0.4,973.2588,0.8797853150672771,0.531975642103689,2,2,2,0.2,0.6266981512457434,0.16666666666666666,0.725,0.36598782105184446,0.6025510690024147
57,"Microcomputers, Handheld, Laptop, and Notebook PR0015015 eQuote No. 3000140699544 TX- DIR-TSO-3763 Dell Latitude 7320 Detachable Travel Keyboard",4.0,EA,2023-01-06,ROUND ROCK,TX,DELL,PR0015015,20454,COMPUTER_HARDWARE,7,"Microcomputers, Handheld, Laptop, and Notebook PR0014096 DIR-TSO-3763 eQuote 3000118219859-3000118157265 Dell Latitude 7320 Detachable 2 in 1 (Intel Core i7-1180GY) 16GB",1570.0,0.822642,117.0,1241.8803,False,0.67733127,0.1563631296157837,1.0,0.0,0.0,0.5,0.4,973.2588,0.6131372251655984,0.6199100636942675,2,2,5,0.2,0.5978839728056272,0.14285714285714285,0.32818156480789185,0.4099550318471338,0.3931689661193248
57,"Microcomputers, Handheld, Laptop, and Notebook PR0015015 eQuote No. 3000140699544 TX- DIR-TSO-3763 Dell Latitude 7320 Detachable Travel Keyboard",4.0,EA,2023-01-06,ROUND ROCK,TX,DELL,PR0015015,20454,COMPUTER_HARDWARE,8,"Microcomputers, Handheld, Laptop, and Notebook Quote Number : 3000135332349.1 Dell Latitude 7320 Detachable Travel Keyboard and Pen Contract # C000000982501",148.49,0.722163,117.0,26.9145,False,0.81156814,0.9270825982093811,1.0,0.0,0.0,0.25,0.4,973.2588,0.8474300977294015,0.5412924695927915,1,1,1,0.1,0.4976027274215247,0.125,0.6885412991046905,0.32064623479639576,0.5495319940597272
57,"Microcomputers, Handheld, Laptop, and Notebook PR0015015 eQuote No. 3000140699544 TX- DIR-TSO-3763 Dell Latitude 7320 Detachable Travel Keyboard",4.0,EA,2023-01-06,ROUND ROCK,TX,DELL,PR0015015,20454,COMPUTER_HARDWARE,9,"Peripherals, Miscellaneous: Joy Sticks, Graphic Di PR0013439 eQuote number 3000103509874 DIR-TSO-3763 - Dell Commercial Grade Case for Latitude 7320 Detachable",51.29,0.498399,117.0,56.1624,False,0.65009737,0.0,1.0,0.0,0.0,0.5,0.4,973.2588,0.9473007590581252,0.5135313563394708,1,1,1,0.1,0.2742791215722594,0.1111111111111111,0.25,0.3067656781697354,0.27067157168675954
57,"Microcomputers, Handheld, Laptop, and Notebook PR0015015 eQuote No. 3000140699544 TX- DIR-TSO-3763 Dell Latitude 7320 Detachable Travel Keyboard",4.0,EA,2023-01-06,ROUND ROCK,TX,DELL,PR0015015,20454,COMPUTER_HARDWARE,10,"Microcomputers, Handheld, Laptop, and Notebook #60 - SI# B1BX31 Dell Latitude 7320 Detachable Quote# 3000116477504.1",1600.0,0.223579,117.0,1267.5214,False,0.79686046,0.8426386117935181,1.0,0.0,0.0,0.25,0.4,973.2588,0.643961503353476,0.60828675,2,2,5,0.2,0.0,0.1,0.646319305896759,0.40414337499999997,0.47671863074321746
58,"Microcomputers, Handheld, Laptop, and Notebook PR0015015 eQuote No. 3000140699544 TX- DIR-TSO-3763 Dell Performance Dock- WD19DCS",1.0,EA,2023-01-06,ROUND ROCK,TX,DELL,PR0015015,20454,COMPUTER_HARDWARE,1,"Microcomputers, Handheld, Laptop, and Notebook PR0014173 DIR-TSO-3763 e-Quote 3000121020762.1 Dell Performance Dock- WD19DCS",286.2,0.220253,322.0,11.118,False,0.9721751,0.9548317790031433,1.0,0.0,0.0,0.5,0.4,214.0,0.3373831775700934,0.7477288609364082,1,1,2,0.1,1.0,1.0,0.7274158895015717,0.4238644304682041,0.6772380683663257
58,"Microcomputers, Handheld, Laptop, and Notebook PR0015015 eQuote No. 3000140699544 TX- DIR-TSO-3763 Dell Performance Dock- WD19DCS",1.0,EA,2023-01-06,ROUND ROCK,TX,DELL,PR0015015,20454,COMPUTER_HARDWARE,2,"Microcomputers, Handheld, Laptop, and Notebook PR0013964 DIR-TSO-3763 e-Quote 3000115220717.2 Dell Performance Dock- WD19DCS",214.0,0.118172,322.0,33.5404,False,0.96889055,0.9231088757514954,1.0,0.0,0.0,0.5,0.4,214.0,0.0,1.0,8,8,8,0.8,0.6070104521568401,0.5,0.7115544378757477,0.9,0.7524065086551872
58,"Microcomputers, Handheld, Laptop, and Notebook PR0015015 eQuote No. 3000140699544 TX- DIR-TSO-3763 Dell Performance Dock- WD19DCS",1.0,EA,2023-01-06,ROUND ROCK,TX,DELL,PR0015015,20454,COMPUTER_HARDWARE,3,"Microcomputers, Handheld, Laptop, and Notebook PR0013857 DIR-TSO-3763 eQuote 3000113562903 Dell Performance Dock- WD19DCS",214.0,0.094677,322.0,33.5404,False,0.9731569,0.9643142223358154,1.0,0.0,0.0,0.5,0.4,214.0,0.0,1.0,8,8,8,0.8,0.5165598352293507,0.3333333333333333,0.7321571111679077,0.9,0.7501703864267519
58,"Microcomputers, Handheld, Laptop, and Notebook PR0015015 eQuote No. 3000140699544 TX- DIR-TSO-3763 Dell Performance Dock- WD19DCS",1.0,EA,2023-01-06,ROUND ROCK,TX,DELL,PR0015015,20454,COMPUTER_HARDWARE,4,"Microcomputers, Handheld, Laptop, and Notebook PR0013855 DIR-TSO-3763 eQuote 3000113694392 Dell Performance DockWD19DCS",214.0,0.085649,322.0,33.5404,False,0.93293154,0.5758117437362671,1.0,0.0,0.0,0.25,0.4,214.0,0.0,1.0,8,8,8,0.8,0.4818040076225674,0.25,0.5129058718681335,0.9,0.6243688306708586
58,"Microcomputers, Handheld, Laptop, and Notebook PR0015015 eQuote No. 3000140699544 TX- DIR-TSO-3763 Dell Performance Dock- WD19DCS",1.0,EA,2023-01-06,ROUND ROCK,TX,DELL,PR0015015,20454,COMPUTER_HARDWARE,5,"Microcomputers, Handheld, Laptop, and Notebook EQuote No. 3000139241496 Dell Performance Dock ********************************* TX DIR-TSO-3763",322.0,0.04209,322.0,0.0,True,0.87331223,0.0,1.0,0.0,0.0,0.25,0.4,214.0,0.5046728971962616,0.6645962732919255,1,1,2,0.1,0.3141113741795153,0.2,0.225,0.38229813664596274,0.28555614712071614
58,"Microcomputers, Handheld, Laptop, and Notebook PR0015015 eQuote No. 3000140699544 TX- DIR-TSO-3763 Dell Performance Dock- WD19DCS",1.0,EA,2023-01-06,ROUND ROCK,TX,DELL,PR0015015,20454,COMPUTER_HARDWARE,6,"Microcomputers, Handheld, Laptop, and Notebook PR0013631 DIR-TSO-3763 e-Quote 3000108219669.1 Dell Performance Dock- WD19DCS",214.0,0.020093,322.0,33.5404,False,0.97195894,0.9527438282966614,1.0,0.0,0.0,0.5,0.4,214.0,0.0,1.0,8,8,8,0.8,0.22942772997632385,0.16666666666666666,0.7263719141483307,0.9,0.7039187122780305
58,"Microcomputers, Handheld, Laptop, and Notebook PR0015015 eQuote No. 3000140699544 TX- DIR-TSO-3763 Dell Performance Dock- WD19DCS",1.0,EA,2023-01-06,ROUND ROCK,TX,DELL,PR0015015,20454,COMPUTER_HARDWARE,7,"Microcomputers, Handheld, Laptop, and Notebook PR0013792 DIR-TSO-3763 eQuote 3000110181815 Dell Performance Dock- WD19DCS",214.0,0.009755,322.0,33.5404,False,0.9768518,1.0,1.0,0.0,0.0,0.5,0.4,214.0,0.0,1.0,8,8,8,0.8,0.18962868857192355,0.14285714285714285,0.75,0.9,0.7109443032857886
58,"Microcomputers, Handheld, Laptop, and Notebook PR0015015 eQuote No. 3000140699544 TX- DIR-TSO-3763 Dell Performance Dock- WD19DCS",1.0,EA,2023-01-06,ROUND ROCK,TX,DELL,PR0015015,20454,COMPUTER_HARDWARE,8,"Microcomputers, Handheld, Laptop, and Notebook PR0013832 DIR-TSO-3763 eQuote 3000111019928 Dell Performance Dock-WD19DCS",214.0,-0.029105,322.0,33.5404,False,0.97305644,0.963343620300293,1.0,0.0,0.0,0.5,0.4,214.0,0.0,1.0,8,8,8,0.8,0.04002617851436932,0.125,0.7316718101501465,0.9,0.6784234223597361
58,"Microcomputers, Handheld, Laptop, and Notebook PR0015015 eQuote No. 3000140699544 TX- DIR-TSO-3763 Dell Performance Dock- WD19DCS",1.0,EA,2023-01-06,ROUND ROCK,TX,DELL,PR0015015,20454,COMPUTER_HARDWARE,9,"Microcomputers, Handheld, Laptop, and Notebook PR0013811 DIR-TSO-3763 e-Quote 3000112138255.1 Dell Performance Dock- WD19DCS",214.0,-0.038346,322.0,33.5404,False,0.97293556,0.9621761441230774,1.0,0.0,0.0,0.5,0.4,214.0,0.0,1.0,8,8,8,0.8,0.004450347442782638,0.1111111111111111,0.7310880720615387,0.9,0.6727659917502637
58,"Microcomputers, Handheld, Laptop, and Notebook PR0015015 eQuote No. 3000140699544 TX- DIR-TSO-3763 Dell Performance Dock- WD19DCS",1.0,EA,2023-01-06,ROUND ROCK,TX,DELL,PR0015015,20454,COMPUTER_HARDWARE,10,"Microcomputers, Handheld, Laptop, and Notebook PR001393 DIR-TSO-3763 e-Quote 3000115512983 Dell Performance Dock- WD19DCS",214.0,-0.039502,322.0,33.5404,False,0.9696172,0.9301269054412842,1.0,0.0,0.0,0.5,0.4,214.0,0.0,1.0,8,8,8,0.8,0.0,0.1,0.7150634527206421,0.9,0.6632848989963531
59,"Microcomputers, Handheld, Laptop, and Notebook PR0015015 eQuote No. 3000140699544 TX- DIR-TSO-3763 Latitude 7320",4.0,EA,2023-01-06,ROUND ROCK,TX,,PR0015015,20454,COMPUTER_HARDWARE,1,"Microcomputers, Handheld, Laptop, and Notebook PR0013106 DIR-TSO-3763 e-Quote 3000091477929 Laptop (Latitude 7320 Detachable)",1349.96,1.024775,1405.51,3.9523,True,0.7909765,0.5304616093635559,0.0,0.0,0.0,0.5,0.0,1355.48,0.0040723581314368205,0.9959441587068333,8,8,10,0.8,1.0,1.0,0.31523080468177794,0.8979720793534167,0.5927685663810028
59,"Microcomputers, Handheld, Laptop, and Notebook PR0015015 eQuote No. 3000140699544 TX- DIR-TSO-3763 Latitude 7320",4.0,EA,2023-01-06,ROUND ROCK,TX,,PR0015015,20454,COMPUTER_HARDWARE,2,"Microcomputers, Handheld, Laptop, and Notebook PR0013194 DIR-TSO-3763 e-Quote 3000094245346 Laptop (Latitude 7320 Detachable)",1349.96,1.001991,1405.51,3.9523,True,0.79868585,0.5540893077850342,0.0,0.0,0.0,0.5,0.0,1355.48,0.0040723581314368205,0.9959441587068333,8,8,10,0.8,0.9790766506845731,0.5,0.3270446538925171,0.8979720793534167,0.5961276810495953
59,"Microcomputers, Handheld, Laptop, and Notebook PR0015015 eQuote No. 3000140699544 TX- DIR-TSO-3763 Latitude 7320",4.0,EA,2023-01-06,ROUND ROCK,TX,,PR0015015,20454,COMPUTER_HARDWARE,3,"Microcomputers, Handheld, Laptop, and Notebook PR0012819 e-Quote 3000086682484.1 DIR-TSO-3763 Latitude 7420",1292.72,0.549682,1405.51,8.0248,True,0.9160987,0.9139381647109985,0.0,0.0,0.0,0.25,0.0,1355.48,0.046300941363944866,0.9557479693140795,5,8,9,0.8,0.563705372352784,0.3333333333333333,0.4819690823554993,0.8778739846570398,0.6130009965455542
59,"Microcomputers, Handheld, Laptop, and Notebook PR0015015 eQuote No. 3000140699544 TX- DIR-TSO-3763 Latitude 7320",4.0,EA,2023-01-06,ROUND ROCK,TX,,PR0015015,20454,COMPUTER_HARDWARE,4,"Microcomputers, Handheld, Laptop, and Notebook PR0014064 DIR-TSO-3763 e-quote 3000118001012.2 Laptop (Latitude 7320 Detachable",1361.0,0.48251,1405.51,3.1668,True,0.78590626,0.5149222016334534,0.0,0.0,0.0,0.5,0.0,1355.48,0.0040723581314368205,0.9959441587068333,6,9,10,0.9,0.5020189599486466,0.25,0.3074611008167267,0.9479720793534167,0.5287980732475217
59,"Microcomputers, Handheld, Laptop, and Notebook PR0015015 eQuote No. 3000140699544 TX- DIR-TSO-3763 Latitude 7320",4.0,EA,2023-01-06,ROUND ROCK,TX,,PR0015015,20454,COMPUTER_HARDWARE,5,"Microcomputers, Handheld, Laptop, and Notebook Quote Number : 3000135332349.1 SI# B1BX26 Dell Latitude 7320 Detachable Contract # C000000982501",1405.61,0.469685,1405.51,0.0071,True,0.6178955,0.0,0.0,0.0,0.0,0.25,0.0,1355.48,0.03698320890016812,0.9643357688121174,6,9,10,0.9,0.4902413109418722,0.2,0.025,0.9321678844060587,0.3669365619630984
59,"Microcomputers, Handheld, Laptop, and Notebook PR0015015 eQuote No. 3000140699544 TX- DIR-TSO-3763 Latitude 7320",4.0,EA,2023-01-06,ROUND ROCK,TX,,PR0015015,20454,COMPUTER_HARDWARE,6,"Microcomputers, Handheld, Laptop, and Notebook PR0014788-Dell Latitude 7430 TX- DIR-TSO-3763",1490.0,0.159826,1405.51,6.0113,True,0.88686043,0.8243281841278076,0.0,0.0,0.0,0.25,0.0,1355.48,0.0992415970726237,0.9097181208053692,1,8,10,0.8,0.20568688259176238,0.16666666666666666,0.43716409206390383,0.8548590604026847,0.5277510011447168
59,"Microcomputers, Handheld, Laptop, and Notebook PR0015015 eQuote No. 3000140699544 TX- DIR-TSO-3763 Latitude 7320",4.0,EA,2023-01-06,ROUND ROCK,TX,,PR0015015,20454,COMPUTER_HARDWARE,7,"Microcomputers, Handheld, Laptop, and Notebook PR0014788-Latitude 5431 TX- DIR-TSO-3763",1285.0,0.145117,1405.51,8.5741,True,0.9441793,1.0,0.0,0.0,0.0,0.25,0.0,1355.48,0.05199634077965003,0.9505736486296951,2,8,9,0.8,0.19217909005837855,0.14285714285714285,0.525,0.8752868243148475,0.580162910803211
59,"Microcomputers, Handheld, Laptop, and Notebook PR0015015 eQuote No. 3000140699544 TX- DIR-TSO-3763 Latitude 7320",4.0,EA,2023-01-06,ROUND ROCK,TX,,PR0015015,20454,COMPUTER_HARDWARE,8,"Microcomputers, Handheld, Laptop, and Notebook PR0014096 DIR-TSO-3763 eQuote 3000118219859-3000118157265 Dell Latitude 7320 Detachable 2 in 1 (Intel Core i7-1180GY) 16GB",1570.0,0.119196,1405.51,11.7032,False,0.66625583,0.14821559190750122,0.0,0.0,0.0,0.5,0.0,1355.48,0.15826128013692564,0.8633630573248408,1,2,10,0.2,0.16837492320421849,0.125,0.12410779595375061,0.5316815286624204,0.25301998485392174
59,"Microcomputers, Handheld, Laptop, and Notebook PR0015015 eQuote No. 3000140699544 TX- DIR-TSO-3763 Latitude 7320",4.0,EA,2023-01-06,ROUND ROCK,TX,,PR0015015,20454,COMPUTER_HARDWARE,9,"Microcomputers, Handheld, Laptop, and Notebook PR0012799 DIR-TSO-3763 e-Quote 3000086686665 Laptop (Latitude 7320 detachable)",1349.96,0.100242,1405.51,3.9523,True,0.7980628,0.552179753780365,0.0,0.0,0.0,0.5,0.0,1355.48,0.0040723581314368205,0.9959441587068333,8,8,10,0.8,0.15096879772473268,0.1111111111111111,0.3260898768901825,0.8979720793534167,0.4713863757543353
59,"Microcomputers, Handheld, Laptop, and Notebook PR0015015 eQuote No. 3000140699544 TX- DIR-TSO-3763 Latitude 7320",4.0,EA,2023-01-06,ROUND ROCK,TX,,PR0015015,20454,COMPUTER_HARDWARE,10,"Microcomputers, Handheld, Laptop, and Notebook PR0014766- Latitude 5330 Bundle - 2 DIR-TSO-3763",1400.0,-0.064152,1405.51,0.392,True,0.85317737,0.7210958003997803,0.0,0.0,0.0,0.25,0.0,1355.48,0.03284445362528402,0.9682,6,9,10,0.9,0.0,0.1,0.38554790019989016,0.9340999999999999,0.4922813451099396
60,"Microcomputers, Handheld, Laptop, and Notebook PR0015015 eQuote No. 3000140699544 TX- DIR-TSO-3763 Latitude 5431",20.0,EA,2023-01-06,ROUND ROCK,TX,,PR0015015,20454,COMPUTER_HARDWARE,1,"Microcomputers, Handheld, Laptop, and Notebook PR0014324 DIR-TSO-3763 eQuote 3000125860384 Latitude 5431",1285.0,1.801822,1285.0,0.0,True,0.9338779,0.956541895866394,0.0,0.0,0.0,0.5,0.0,1285.0,0.0,1.0,10,10,10,1.0,1.0,1.0,0.5282709479331971,1.0,0.7405490213632584
60,"Microcomputers, Handheld, Laptop, and Notebook PR0015015 eQuote No. 3000140699544 TX- DIR-TSO-3763 Latitude 5431",20.0,EA,2023-01-06,ROUND ROCK,TX,,PR0015015,20454,COMPUTER_HARDWARE,2,"Microcomputers, Handheld, Laptop, and Notebook PR0014285 DIR-TSO-3763 eQuote 3000124537287 Latitude 5431",1285.0,1.765822,1285.0,0.0,True,0.9257606,0.9269909858703613,0.0,0.0,0.0,0.5,0.0,1285.0,0.0,1.0,10,10,10,1.0,0.9683535958226747,0.5,0.5134954929351807,1.0,0.7276755604877506
60,"Microcomputers, Handheld, Laptop, and Notebook PR0015015 eQuote No. 3000140699544 TX- DIR-TSO-3763 Latitude 5431",20.0,EA,2023-01-06,ROUND ROCK,TX,,PR0015015,20454,COMPUTER_HARDWARE,3,"Microcomputers, Handheld, Laptop, and Notebook EQuote Number:3000136740492 Latitude 5431 Bundle ************************************** TX DIR-TSO-3763",1285.0,1.604683,1285.0,0.0,True,0.8415182,0.6203059554100037,0.0,0.0,0.0,0.5,0.0,1285.0,0.0,1.0,10,10,10,1.0,0.8267016535246182,0.3333333333333333,0.3601529777050018,1.0,0.6220893857664438
60,"Microcomputers, Handheld, Laptop, and Notebook PR0015015 eQuote No. 3000140699544 TX- DIR-TSO-3763 Latitude 5431",20.0,EA,2023-01-06,ROUND ROCK,TX,,PR0015015,20454,COMPUTER_HARDWARE,4,"Microcomputers, Handheld, Laptop, and Notebook PR0014788-Latitude 5431 TX- DIR-TSO-3763",1285.0,1.504771,1285.0,0.0,True,0.94581527,1.0,0.0,0.0,0.0,0.5,0.0,1285.0,0.0,1.0,10,10,10,1.0,0.738872333131148,0.25,0.55,1.0,0.7133308499696722
60,"Microcomputers, Handheld, Laptop, and Notebook PR0015015 eQuote No. 3000140699544 TX- DIR-TSO-3763 Latitude 5431",20.0,EA,2023-01-06,ROUND ROCK,TX,,PR0015015,20454,COMPUTER_HARDWARE,5,"Microcomputers, Handheld, Laptop, and Notebook Latitude 5431 Bundle",1285.0,1.4852,1285.0,0.0,True,0.6711282,0.0,0.0,0.0,0.0,0.25,0.0,1285.0,0.0,1.0,10,10,10,1.0,0.7216681171268581,0.2,0.025,1.0,0.42200021756902867
60,"Microcomputers, Handheld, Laptop, and Notebook PR0015015 eQuote No. 3000140699544 TX- DIR-TSO-3763 Latitude 5431",20.0,EA,2023-01-06,ROUND ROCK,TX,,PR0015015,20454,COMPUTER_HARDWARE,6,"Microcomputers, Handheld, Laptop, and Notebook Latitude 5431 Bundle 20 $1,285.00 $25,700.00 DIR - TSO-3763 equote- 3000138961379",1285.0,1.212666,1285.0,0.0,True,0.8574256,0.6782167553901672,0.0,0.0,0.0,0.5,0.0,1285.0,0.0,1.0,10,10,10,1.0,0.4820925305695474,0.16666666666666666,0.3891083776950836,1.0,0.5863234873177281
60,"Microcomputers, Handheld, Laptop, and Notebook PR0015015 eQuote No. 3000140699544 TX- DIR-TSO-3763 Latitude 5431",20.0,EA,2023-01-06,ROUND ROCK,TX,,PR0015015,20454,COMPUTER_HARDWARE,7,"Microcomputers, Handheld, Laptop, and Notebook PR0014184 DIR-TSO-3763 eQuote 3000121161324 Laptop (Latitude 5431)",1285.0,1.146493,1285.0,0.0,True,0.92568135,0.9267023801803589,0.0,0.0,0.0,0.5,0.0,1285.0,0.0,1.0,10,10,10,1.0,0.4239220443577098,0.14285714285714285,0.5133511900901795,1.0,0.6459314612032552
60,"Microcomputers, Handheld, Laptop, and Notebook PR0015015 eQuote No. 3000140699544 TX- DIR-TSO-3763 Latitude 5431",20.0,EA,2023-01-06,ROUND ROCK,TX,,PR0015015,20454,COMPUTER_HARDWARE,8,"Microcomputers, Handheld, Laptop, and Notebook PR0014182 DIR-TSO-3763 eQuote 3000121171171 SI# B1BX26 Dell Latitude 5431",1285.0,0.7932,1285.0,0.0,True,0.87538934,0.7436139583587646,0.0,0.0,0.0,0.5,0.0,1285.0,0.0,1.0,10,10,10,1.0,0.11335390349604862,0.125,0.4218069791793823,1.0,0.5489969240730675
60,"Microcomputers, Handheld, Laptop, and Notebook PR0015015 eQuote No. 3000140699544 TX- DIR-TSO-3763 Latitude 5431",20.0,EA,2023-01-06,ROUND ROCK,TX,,PR0015015,20454,COMPUTER_HARDWARE,9,"Microcomputers, Handheld, Laptop, and Notebook PR0014304 eQuote 3000124864145 DIR-TSO-3763 Latitude 5431 Bundle",1285.0,0.776848,1285.0,0.0,True,0.89728355,0.8233199715614319,0.0,0.0,0.0,0.5,0.0,1285.0,0.0,1.0,10,10,10,1.0,0.09897940346528127,0.1111111111111111,0.46165998578071593,1.0,0.5687599026991859
60,"Microcomputers, Handheld, Laptop, and Notebook PR0015015 eQuote No. 3000140699544 TX- DIR-TSO-3763 Latitude 5431",20.0,EA,2023-01-06,ROUND ROCK,TX,,PR0015015,20454,COMPUTER_HARDWARE,10,"Microcomputers, Handheld, Laptop, and Notebook PR0014274 DIR-TSO-3763 eQuote 3000123269808 Latitude 5431 Bundle",1285.0,0.664252,1285.0,0.0,True,0.8939606,0.8112227320671082,0.0,0.0,0.0,0.5,0.0,1285.0,0.0,1.0,10,10,10,1.0,0.0,0.1,0.45561136603355407,1.0,0.5505862513184547
61,"Monitors, Color and Monochrome, Environmentally Certified PR0015020-Dell 24 inch color monitors",6.0,EA,2023-01-06,ROUND ROCK,TX,DELL,PR0015020-DELL,20560,OTHER_GOODS,1,"Monitors, Color and Monochrome, Environmentally Certified PR0014679- Dell 24 inch standard color monitor",227.0,0.656591,227.0,0.0,True,0.9736805,1.0,1.0,0.0,0.0,0.5,0.4,230.495,0.015163018720579641,0.9850634642506091,6,6,7,0.6,1.0,1.0,0.75,0.7925317321253045,0.8002595196375913
61,"Monitors, Color and Monochrome, Environmentally Certified PR0015020-Dell 24 inch color monitors",6.0,EA,2023-01-06,ROUND ROCK,TX,DELL,PR0015020-DELL,20560,OTHER_GOODS,2,"Monitors, Color and Monochrome, Environmentally Certified Dell UltraSharp 27",506.99,0.173017,227.0,123.3436,False,0.8926516,0.5379527807235718,1.0,0.0,0.0,0.0,0.4,230.495,1.199570489598473,0.4546342136925777,1,2,3,0.2,0.3527102365893651,0.5,0.4689763903617859,0.3273171068462889,0.4090386822412737
61,"Monitors, Color and Monochrome, Environmentally Certified PR0015020-Dell 24 inch color monitors",6.0,EA,2023-01-06,ROUND ROCK,TX,DELL,PR0015020-DELL,20560,OTHER_GOODS,3,"Monitors, Color and Monochrome, Environmentally Certified Dell UltraSharp 34 Curved USB-C Hub Monitor - U3421WE, 86.72cm (34.14""), Spkr",565.49,0.151954,227.0,149.1145,False,0.79831123,0.0,1.0,0.0,0.0,0.0,0.4,230.495,1.4533720905008785,0.40760225645015824,1,2,3,0.2,0.32451628015928785,0.3333333333333333,0.2,0.3038011282250791,0.24981778049141692
61,"Monitors, Color and Monochrome, Environmentally Certified PR0015020-Dell 24 inch color monitors",6.0,EA,2023-01-06,ROUND ROCK,TX,DELL,PR0015020-DELL,20560,OTHER_GOODS,4,"Monitors, Color and Monochrome, Environmentally Certified Dell 34 Curved USB-C Monitor - P3421WM",532.99,0.067489,227.0,134.7974,False,0.85125446,0.30189570784568787,1.0,0.0,0.0,0.0,0.4,230.495,1.3123712011106532,0.4324565188840316,2,3,3,0.3,0.2114553425024261,0.25,0.35094785392284394,0.36622825944201576,0.33460809886553283
61,"Monitors, Color and Monochrome, Environmentally Certified PR0015020-Dell 24 inch color monitors",6.0,EA,2023-01-06,ROUND ROCK,TX,DELL,PR0015020-DELL,20560,OTHER_GOODS,5,"Monitors, Color and Monochrome, Environmentally Certified Dell 24 Monitor - P2422H, 60.5cm (23.8 inches)",227.0,0.049842,227.0,0.0,True,0.85066044,0.2985084652900696,1.0,0.0,0.0,0.5,0.4,230.495,0.015163018720579641,0.9850634642506091,6,6,7,0.6,0.18783388548673158,0.2,0.3992542326450348,0.7925317321253045,0.4855244304153702
61,"Monitors, Color and Monochrome, Environmentally Certified PR0015020-Dell 24 inch color monitors",6.0,EA,2023-01-06,ROUND ROCK,TX,DELL,PR0015020-DELL,20560,OTHER_GOODS,6,"Monitors, Color and Monochrome, Environmentally Certified Dell 24 Monitor - P2422H, 60.5cm (23.8"") (6) DIR-TSO-3763 Quote number # 3000139991582",227.0,0.003799,227.0,0.0,True,0.85568404,0.3271543085575104,1.0,0.0,0.0,0.5,0.4,230.495,0.015163018720579641,0.9850634642506091,6,6,7,0.6,0.12620285781213397,0.16666666666666666,0.4135771542787552,0.7925317321253045,0.4841573831627268
61,"Monitors, Color and Monochrome, Environmentally Certified PR0015020-Dell 24 inch color monitors",6.0,EA,2023-01-06,ROUND ROCK,TX,DELL,PR0015020-DELL,20560,OTHER_GOODS,7,"Monitors, Color and Monochrome, Environmentally Certified PR0014709- Dell 27 Monitor - P2722H (TX- DIR-TSO-3763)",265.0,-0.061174,227.0,16.7401,False,0.91526526,0.6669015288352966,1.0,0.0,0.0,0.0,0.4,230.495,0.1496995596433762,0.8697924528301888,1,1,7,0.1,0.03923300873406284,0.14285714285714285,0.5334507644176483,0.4848962264150944,0.4447517396643443
61,"Monitors, Color and Monochrome, Environmentally Certified PR0015020-Dell 24 inch color monitors",6.0,EA,2023-01-06,ROUND ROCK,TX,DELL,PR0015020-DELL,20560,OTHER_GOODS,8,"Monitors, Color and Monochrome, Environmentally Certified 6) Dell 24inch monitors EQuote Number : 3000136321868 rcrc971497-6697509 | Dell 24 Monitor - P2422H, 60.5cm (23.8"") ******************************************************* TX- DIR-TSO-3763",227.0,-0.068117,227.0,0.0,True,0.8121904,0.07914260029792786,1.0,0.0,0.0,0.5,0.4,230.495,0.015163018720579641,0.9850634642506091,6,6,7,0.6,0.029939430445403738,0.125,0.28957130014896393,0.7925317321253045,0.40151464928633207
61,"Monitors, Color and Monochrome, Environmentally Certified PR0015020-Dell 24 inch color monitors",6.0,EA,2023-01-06,ROUND ROCK,TX,DELL,PR0015020-DELL,20560,OTHER_GOODS,9,"Monitors, Color and Monochrome, Environmentally Certified 23388-Dell 24 inch Monitor P2414H",233.99,-0.074416,227.0,3.0793,True,0.9371098,0.7914648056030273,1.0,0.0,0.0,0.5,0.4,230.495,0.015163018720579641,0.9850634642506091,6,6,7,0.6,0.021507880734865974,0.1111111111111111,0.6457324028015137,0.7925317321253045,0.5961385232886537
61,"Monitors, Color and Monochrome, Environmentally Certified PR0015020-Dell 24 inch color monitors",6.0,EA,2023-01-06,ROUND ROCK,TX,DELL,PR0015020-DELL,20560,OTHER_GOODS,10,"Monitors, Color and Monochrome, Environmentally Certified Dell 24 Monitor - P2422H, 60.5cm (23.8"") - GRVIA79 -[210-BBCC]",227.0,-0.090484,227.0,0.0,True,0.86028755,0.3534046411514282,1.0,0.0,0.0,0.5,0.4,230.495,0.015163018720579641,0.9850634642506091,6,6,7,0.6,0.0,0.1,0.4267023205757141,0.7925317321253045,0.4724457959542341
62,COMPUTER ACCESSORIES AND SUPPLIES PR0015021-Dell USB-C 130 W AC Adapter with 1meter ...,3.0,EA,2023-01-06,ROUND ROCK,TX,DELL,PR0015021-DELL,20710,COMPUTER_HARDWARE,1,COMPUTER ACCESSORIES AND SUPPLIES PR0014966-Dell 6-in-1 USB-C Multiport Adapter - DA305,119.69,0.203904,76.94,55.5628,False,0.7059474,1.0,1.0,0.0,0.0,0.0,0.4,146.49,0.182947641477234,0.8453459518725835,1,2,5,0.2,1.0,1.0,0.7,0.5226729759362918,0.6918018927808876
62,COMPUTER ACCESSORIES AND SUPPLIES PR0015021-Dell USB-C 130 W AC Adapter with 1meter ...,3.0,EA,2023-01-06,ROUND ROCK,TX,DELL,PR0015021-DELL,20710,COMPUTER_HARDWARE,2,COMPUTER ACCESSORIES AND SUPPLIES Dell business dock - WD15 with 130W adapter REQ 28648,129.99,0.022857,76.94,68.9498,False,0.6429349,0.5540682077407837,1.0,0.0,0.0,0.0,0.4,146.49,0.11263567479008806,0.8987667955089269,2,3,5,0.3,0.6317907812957599,0.5,0.47703410387039186,0.5993833977544635,0.5369523936494186
62,COMPUTER ACCESSORIES AND SUPPLIES PR0015021-Dell USB-C 130 W AC Adapter with 1meter ...,3.0,EA,2023-01-06,ROUND ROCK,TX,DELL,PR0015021-DELL,20710,COMPUTER_HARDWARE,3,COMPUTER ACCESSORIES AND SUPPLIES 26073-CTM AWU Dell Dock WD15 with 180w adapter,149.99,0.007433,76.94,94.9441,False,0.6078747,0.30595120787620544,1.0,0.0,0.0,0.0,0.4,146.49,0.023892415864564132,0.9766651110074005,2,2,4,0.2,0.6004218053431388,0.3333333333333333,0.35297560393810273,0.5883325555037002,0.4606996196185374
62,COMPUTER ACCESSORIES AND SUPPLIES PR0015021-Dell USB-C 130 W AC Adapter with 1meter ...,3.0,EA,2023-01-06,ROUND ROCK,TX,DELL,PR0015021-DELL,20710,COMPUTER_HARDWARE,4,COMPUTER ACCESSORIES AND SUPPLIES 1037873 Dell Single Channel 320SCSI PCIe adapter(341-4963),200.09,-0.039257,76.94,160.0598,False,0.623232,0.4146330952644348,1.0,0.0,0.0,0.0,0.4,146.49,0.3658952829544678,0.7321205457544104,1,4,4,0.4,0.5054647587127005,0.25,0.4073165476322174,0.5660602728772053,0.4696618968677862
62,COMPUTER ACCESSORIES AND SUPPLIES PR0015021-Dell USB-C 130 W AC Adapter with 1meter ...,3.0,EA,2023-01-06,ROUND ROCK,TX,DELL,PR0015021-DELL,20710,COMPUTER_HARDWARE,5,ACCESSORIES FOR LAPTOP COMPUTER PR0014706 Quote No. 3000133782849.1 DIR-TSO-3763 --------------------------------------- Dell Dock- WD19S 130w Power Delivery 180w Power Supply,181.0,-0.121895,76.94,135.2482,False,0.6848741,0.8508669137954712,1.0,0.0,0.0,0.0,0.4,146.49,0.23557922042460228,0.8093370165745857,2,2,5,0.2,0.33739749764081867,0.2,0.6254334568977356,0.5046685082872928,0.5459985784260653
62,COMPUTER ACCESSORIES AND SUPPLIES PR0015021-Dell USB-C 130 W AC Adapter with 1meter ...,3.0,EA,2023-01-06,ROUND ROCK,TX,DELL,PR0015021-DELL,20710,COMPUTER_HARDWARE,6,COMPUTER ACCESSORIES AND SUPPLIES Quote # 1020442347495 27722 -Austin Public Health hybrid adapter,97.49,-0.14233,76.94,26.7091,False,0.5646422,0.0,0.0,0.0,0.0,0.0,0.0,146.49,0.33449382210389794,0.7493477927259705,1,1,1,0.1,0.29583726530213783,0.16666666666666666,0.0,0.42467389636298525,0.17177775870421624
62,COMPUTER ACCESSORIES AND SUPPLIES PR0015021-Dell USB-C 130 W AC Adapter with 1meter ...,3.0,EA,2023-01-06,ROUND ROCK,TX,DELL,PR0015021-DELL,20710,COMPUTER_HARDWARE,7,COMPUTER ACCESSORIES AND SUPPLIES Dell Business Dock - WD15 with 130W adapter 29425 - Quote #3000030991813.4,142.99,-0.161971,76.94,85.8461,False,0.6940043,0.9154800772666931,1.0,0.0,0.0,0.0,0.4,146.49,0.023892415864564132,0.9766651110074005,2,4,5,0.4,0.25589185187595587,0.14285714285714285,0.6577400386333465,0.6883325555037003,0.606640565680844
62,COMPUTER ACCESSORIES AND SUPPLIES PR0015021-Dell USB-C 130 W AC Adapter with 1meter ...,3.0,EA,2023-01-06,ROUND ROCK,TX,DELL,PR0015021-DELL,20710,COMPUTER_HARDWARE,8,COMPUTER ACCESSORIES AND SUPPLIES 19736-Dell E-Port plus Replicator w/130 Watt Power Adapter Cord,186.99,-0.173001,76.94,143.0335,False,0.6852125,0.8532615303993225,1.0,0.0,0.0,0.5,0.4,146.49,0.2764693835756707,0.7834108775870368,2,3,5,0.3,0.23345929192021087,0.125,0.6766307651996613,0.5417054387935184,0.5696774462859008
62,COMPUTER ACCESSORIES AND SUPPLIES PR0015021-Dell USB-C 130 W AC Adapter with 1meter ...,3.0,EA,2023-01-06,ROUND ROCK,TX,DELL,PR0015021-DELL,20710,COMPUTER_HARDWARE,9,COMPUTER ACCESSORIES AND SUPPLIES Dell Business Dock - WD15 with 130W adapter 29277 - Quote #3000030391894.1,132.99,-0.279075,76.94,72.849,False,0.70594704,0.9999974966049194,1.0,0.0,0.0,0.0,0.4,146.49,0.09215646119189022,0.9156197262328897,2,3,5,0.3,0.01772843382903252,0.1111111111111111,0.6999987483024597,0.6078098631164448,0.5700015355756411
62,COMPUTER ACCESSORIES AND SUPPLIES PR0015021-Dell USB-C 130 W AC Adapter with 1meter ...,3.0,EA,2023-01-06,ROUND ROCK,TX,DELL,PR0015021-DELL,20710,COMPUTER_HARDWARE,10,"Microcomputers, Handheld, Laptop, and Notebook Dell Dock- WD19S 130w Power Delivery 180w Power Supply",210.45,-0.287792,76.94,173.5248,False,0.56823087,0.02539663203060627,1.0,0.0,0.0,0.0,0.4,146.49,0.43661683391357753,0.69607982893799,2,2,4,0.2,0.0,0.1,0.21269831601530315,0.44803991446899505,0.25139604814911526
63,"Peripherals, Miscellaneous: Joy Sticks, Graphic Di Dell 19 Monitor - P1917S",3.0,EA,2023-01-06,ROUND ROCK,TX,DELL,P1917S,20468,COMPUTER_HARDWARE,1,"Peripherals, Miscellaneous: Joy Sticks, Graphic Di 30741 - Quote # 3000041020655.2 Dell 27 Monitor - P2719H",204.59,0.387724,155.99,31.1558,False,0.890046,1.0,1.0,0.0,0.0,0.0,0.4,171.99,0.18954590383161807,0.8406569236033042,1,2,5,0.2,1.0,1.0,0.7,0.5203284618016522,0.6910985385404956
63,"Peripherals, Miscellaneous: Joy Sticks, Graphic Di Dell 19 Monitor - P1917S",3.0,EA,2023-01-06,ROUND ROCK,TX,DELL,P1917S,20468,COMPUTER_HARDWARE,2,"Monitors, Color and Monochrome, Environmentally Certified Dell 19 Monitor - P1917S 26655 - Quote #3000016806387.2 - Contract #DIR-SDD-1951",174.99,0.219767,155.99,12.1803,False,0.6687125,0.2791396379470825,1.0,1.0,0.0,1.0,0.8,171.99,0.017442874585731728,0.9828561632093262,3,4,5,0.4,0.6943724660994126,0.5,0.6395698189735413,0.6914280816046632,0.6633476948317586
63,"Peripherals, Miscellaneous: Joy Sticks, Graphic Di Dell 19 Monitor - P1917S",3.0,EA,2023-01-06,ROUND ROCK,TX,DELL,P1917S,20468,COMPUTER_HARDWARE,3,"Peripherals, Miscellaneous: Joy Sticks, Graphic Di Quote # 3000011336948.2 25747-ACCD Dell Dual Monitor Stand -MDS14A",130.89,0.058966,155.99,16.0908,False,0.8470533,0.8599771857261658,1.0,0.0,0.0,0.0,0.4,171.99,0.2389673818245248,0.8071237505279458,2,3,3,0.3,0.40176654268598916,0.3333333333333333,0.6299885928630828,0.5535618752639729,0.5728272700567858
63,"Peripherals, Miscellaneous: Joy Sticks, Graphic Di Dell 19 Monitor - P1917S",3.0,EA,2023-01-06,ROUND ROCK,TX,DELL,P1917S,20468,COMPUTER_HARDWARE,4,"Peripherals, Miscellaneous: Joy Sticks, Graphic Di Chief X-Large FUSION XSM1U - Wall mount for LCD display - lockable - black - screen size: 55-inch-100-inch",189.19,0.001207,155.99,21.2834,False,0.6815014,0.32079175114631653,0.0,0.0,0.0,0.0,0.0,171.99,0.10000581429152851,0.9090861039166975,1,5,5,0.5,0.2966638037077744,0.25,0.16039587557315826,0.7045430519583488,0.34408021770890784
63,"Peripherals, Miscellaneous: Joy Sticks, Graphic Di Dell 19 Monitor - P1917S",3.0,EA,2023-01-06,ROUND ROCK,TX,DELL,P1917S,20468,COMPUTER_HARDWARE,5,"Peripherals, Miscellaneous: Joy Sticks, Graphic Di Logitech Brio Webcam - 4K UHD - Black",171.99,-0.065049,155.99,10.2571,False,0.67801106,0.30942410230636597,0.0,0.0,0.0,0.0,0.0,171.99,0.0,1.0,3,3,5,0.3,0.17609926703399884,0.2,0.15471205115318298,0.65,0.3065065181893505
63,"Peripherals, Miscellaneous: Joy Sticks, Graphic Di Dell 19 Monitor - P1917S",3.0,EA,2023-01-06,ROUND ROCK,TX,DELL,P1917S,20468,COMPUTER_HARDWARE,6,"Peripherals, Miscellaneous: Joy Sticks, Graphic Di Logitech Brio Webcam - 4K UHD - Black",171.99,-0.070288,155.99,10.2571,False,0.67801106,0.30942410230636597,0.0,0.0,0.0,0.0,0.0,171.99,0.0,1.0,3,3,5,0.3,0.16656597785816704,0.16666666666666666,0.15471205115318298,0.65,0.3050765248129757
63,"Peripherals, Miscellaneous: Joy Sticks, Graphic Di Dell 19 Monitor - P1917S",3.0,EA,2023-01-06,ROUND ROCK,TX,DELL,P1917S,20468,COMPUTER_HARDWARE,7,"Peripherals, Miscellaneous: Joy Sticks, Graphic Di PR0013089 eQuote 3000092037110 TX- DIR-TSO-3763) Dell Memory Upgrade - 8GB - 1Rx8 DDR4 SODIMM 2666MHz",59.14,-0.082516,155.99,62.0873,False,0.7801391,0.6420445442199707,1.0,0.0,0.0,0.0,0.4,171.99,0.6561427989999419,0.6038126667602866,1,1,1,0.1,0.14431496429793209,0.14285714285714285,0.5210222721099853,0.35190633338014327,0.4137813943192247
63,"Peripherals, Miscellaneous: Joy Sticks, Graphic Di Dell 19 Monitor - P1917S",3.0,EA,2023-01-06,ROUND ROCK,TX,DELL,P1917S,20468,COMPUTER_HARDWARE,8,"Peripherals, Miscellaneous: Joy Sticks, Graphic Di Logitech Rally Mic Pod - Microphone",307.99,-0.128641,155.99,97.4421,False,0.58300525,0.0,0.0,0.0,0.0,0.0,0.0,171.99,0.790743647886505,0.558427221663041,1,1,1,0.1,0.06038235058629999,0.125,0.0,0.3292136108315205,0.10782143583740116
63,"Peripherals, Miscellaneous: Joy Sticks, Graphic Di Dell 19 Monitor - P1917S",3.0,EA,2023-01-06,ROUND ROCK,TX,DELL,P1917S,20468,COMPUTER_HARDWARE,9,"Peripherals, Miscellaneous: Joy Sticks, Graphic Di PR0012787 DIR-TSO-3763 e-Quote 3000084774784 Dell memory upgrade",118.29,-0.130459,155.99,24.1682,False,0.78022015,0.6423085331916809,1.0,0.0,0.0,0.0,0.4,171.99,0.3122274550845979,0.7620630067792104,1,1,3,0.1,0.05707417732390983,0.1111111111111111,0.5211542665958404,0.43103150338960516,0.42450542424318033
63,"Peripherals, Miscellaneous: Joy Sticks, Graphic Di Dell 19 Monitor - P1917S",3.0,EA,2023-01-06,ROUND ROCK,TX,DELL,P1917S,20468,COMPUTER_HARDWARE,10,"Peripherals, Miscellaneous: Joy Sticks, Graphic Di Logitech Rally Mounting Kit",131.99,-0.161824,155.99,15.3856,False,0.6753145,0.30064165592193604,0.0,0.0,0.0,0.0,0.0,171.99,0.2325716611430897,0.8113118543327515,2,2,3,0.2,0.0,0.1,0.15032082796096802,0.5056559271663758,0.23437323352844514
64,"BREATHING APPARATUS, SELF-CONTAINED, INCLUDING PARTS AND ACC 201215-05",200.0,EA,2023-01-06,HOUSTON,TX,,,3400710,OTHER_GOODS,1,"BREATHING APPARATUS, SELF-CONTAINED, INCLUDING PARTS AND ACC 201215-05",320.53,2.23438,320.53,0.0,True,1.0000001,1.0,0.0,0.0,0.0,1.0,0.0,320.53,0.0,1.0,3,3,4,0.3,1.0,1.0,0.6,0.65,0.675
64,"BREATHING APPARATUS, SELF-CONTAINED, INCLUDING PARTS AND ACC 201215-05",200.0,EA,2023-01-06,HOUSTON,TX,,,3400710,OTHER_GOODS,2,"BREATHING APPARATUS, SELF-CONTAINED, INCLUDING PARTS AND ACC 201215-06",320.53,1.257117,320.53,0.0,True,0.9981099,0.9965993165969849,0.0,0.0,0.0,0.5,0.0,320.53,0.0,1.0,3,3,4,0.3,0.7982220236415191,0.5,0.5482996582984925,0.65,0.6162981156103988
64,"BREATHING APPARATUS, SELF-CONTAINED, INCLUDING PARTS AND ACC 201215-05",200.0,EA,2023-01-06,HOUSTON,TX,,,3400710,OTHER_GOODS,3,"BREATHING APPARATUS, SELF-CONTAINED, INCLUDING PARTS AND ACC PR223126-SCBA Masks for Cadets 201215-04",320.53,1.073485,320.53,0.0,True,0.79524577,0.6316311359405518,0.0,0.0,0.0,0.5,0.0,320.53,0.0,1.0,3,3,4,0.3,0.7603070577063915,0.3333333333333333,0.36581556797027587,0.65,0.5102446210396104
64,"BREATHING APPARATUS, SELF-CONTAINED, INCLUDING PARTS AND ACC 201215-05",200.0,EA,2023-01-06,HOUSTON,TX,,,3400710,OTHER_GOODS,4,"BREATHING APPARATUS, SELF-CONTAINED, INCLUDING PARTS AND ACC PR223414-ASSET-SCBA Cylinders and Pak Tracker Accessories 1. ITEM# 200129-01",1205.24,-0.70904,320.53,276.0147,False,0.83844763,0.7093546390533447,0.0,0.0,0.0,0.0,0.0,320.53,2.760147256107073,0.2659470312966712,1,1,4,0.1,0.3922645887820577,0.25,0.35467731952667236,0.18297351564833558,0.30880426875147915
64,"BREATHING APPARATUS, SELF-CONTAINED, INCLUDING PARTS AND ACC 201215-05",200.0,EA,2023-01-06,HOUSTON,TX,,,3400710,OTHER_GOODS,5,"BREATHING APPARATUS, SELF-CONTAINED, INCLUDING PARTS AND ACC PR 222648 - SCBA Mask for AFD Operations & Cadet Class 1. Item #201215-05; AV-3000 HT (M), KVLR, w/ R BRKT; Qty. 100 each @ $280.47 each Reference Quote # QT1573316 dated 04/13/2022",280.47,-0.749258,320.53,12.4981,False,0.7774104,0.5995439291000366,0.0,0.0,0.0,1.0,0.0,320.53,0.12498050104514383,0.8889042957375413,1,1,4,0.1,0.3839606760654345,0.2,0.3997719645500183,0.4944521478687706,0.42580432627295645
64,"BREATHING APPARATUS, SELF-CONTAINED, INCLUDING PARTS AND ACC 201215-05",200.0,EA,2023-01-06,HOUSTON,TX,,,3400710,OTHER_GOODS,6,"BREATHING APPARATUS, SELF-CONTAINED, INCLUDING PARTS AND ACC 2. ITEM#200129-01 - Snap-Change Cylinder, Carbon-Wrapped, Pressure 4500, 45 Minutes (at 40 lpm) Ref Quote#QT1444346 - Dated 02/09/2021 by Jason Herron",1045.62,-2.028569,320.53,226.216,False,0.8494481,0.7291452884674072,0.0,0.0,0.0,0.0,0.0,320.53,2.262159548248214,0.3065453989020868,3,3,4,0.3,0.11981808117220241,0.16666666666666666,0.3645726442337036,0.3032726994510434,0.30946947633968036
64,"BREATHING APPARATUS, SELF-CONTAINED, INCLUDING PARTS AND ACC 201215-05",200.0,EA,2023-01-06,HOUSTON,TX,,,3400710,OTHER_GOODS,7,"BREATHING APPARATUS, SELF-CONTAINED, INCLUDING PARTS AND ACC PR212028-Restock Air Cylinders Ref Quote#1518524, Dated 10/21/2021",1056.6,-2.100752,320.53,229.6415,False,0.8927948,0.8071293234825134,0.0,0.0,0.0,0.0,0.0,320.53,2.296415312139269,0.30335983342797657,3,3,4,0.3,0.10491427363269237,0.14285714285714285,0.4035646617412567,0.3016799167139883,0.32820168001679156
64,"BREATHING APPARATUS, SELF-CONTAINED, INCLUDING PARTS AND ACC 201215-05",200.0,EA,2023-01-06,HOUSTON,TX,,,3400710,OTHER_GOODS,8,"CAR SEATS, INFANT AND TODDLER, INCLUDING PARTS AND ACCESSORI QTY 200",80.69,-2.30732,320.53,74.8261,False,0.4500519,0.010600767098367214,0.0,0.0,0.0,0.0,0.0,320.53,0.7482606932268431,0.5719970733622427,1,2,2,0.2,0.062263653461439944,0.125,0.005300383549183607,0.3859985366811214,0.12805431997560338
64,"BREATHING APPARATUS, SELF-CONTAINED, INCLUDING PARTS AND ACC 201215-05",200.0,EA,2023-01-06,HOUSTON,TX,,,3400710,OTHER_GOODS,9,"BREATHING APPARATUS, SELF-CONTAINED, INCLUDING PARTS AND ACC PR20857-Replacment SCBA Cylinders for AirShops 1. ITEM# 200129-01 - Snap-Change Cylinder, Carbon-Wrapped, Pressure 4500, 45 Minutes (at 40 lpm) - QTY: 75 EACH @ $1,045.62 EACH.",1045.62,-2.57678,320.53,226.216,False,0.64495444,0.36124545335769653,0.0,0.0,0.0,0.0,0.0,320.53,2.262159548248214,0.3065453989020868,3,3,4,0.3,0.006627562143589699,0.1111111111111111,0.18062272667884827,0.3032726994510434,0.191318443830218
64,"BREATHING APPARATUS, SELF-CONTAINED, INCLUDING PARTS AND ACC 201215-05",200.0,EA,2023-01-06,HOUSTON,TX,,,3400710,OTHER_GOODS,10,"CAR SEATS, INFANT AND TODDLER, INCLUDING PARTS AND ACCESSORI",76.5,-2.608879,320.53,76.1333,False,0.44415957,0.0,0.0,0.0,0.0,0.0,0.0,320.53,0.7613327925623187,0.5677518775683718,1,2,2,0.2,0.0,0.1,0.0,0.3838759387841859,0.11516278163525577
65,"BREATHING APPARATUS, SELF-CONTAINED, INCLUDING PARTS AND ACC 201215-06",100.0,EA,2023-01-06,HOUSTON,TX,,,3400710,OTHER_GOODS,1,"BREATHING APPARATUS, SELF-CONTAINED, INCLUDING PARTS AND ACC 201215-05",320.53,2.14502,320.53,0.0,True,0.99810994,0.9966081976890564,0.0,0.0,0.0,0.5,0.0,320.53,0.0,1.0,3,3,4,0.3,1.0,1.0,0.5483040988445282,0.65,0.6465672543644906
65,"BREATHING APPARATUS, SELF-CONTAINED, INCLUDING PARTS AND ACC 201215-06",100.0,EA,2023-01-06,HOUSTON,TX,,,3400710,OTHER_GOODS,2,"BREATHING APPARATUS, SELF-CONTAINED, INCLUDING PARTS AND ACC 201215-06",320.53,1.900663,320.53,0.0,True,1.0000001,1.0,0.0,0.0,0.0,1.0,0.0,320.53,0.0,1.0,3,3,4,0.3,0.9480444455500762,0.5,0.6,0.65,0.6672066668325114
65,"BREATHING APPARATUS, SELF-CONTAINED, INCLUDING PARTS AND ACC 201215-06",100.0,EA,2023-01-06,HOUSTON,TX,,,3400710,OTHER_GOODS,3,"BREATHING APPARATUS, SELF-CONTAINED, INCLUDING PARTS AND ACC PR223126-SCBA Masks for Cadets 201215-04",320.53,1.488776,320.53,0.0,True,0.79633105,0.6345291137695312,0.0,0.0,0.0,0.5,0.0,320.53,0.0,1.0,3,3,4,0.3,0.8604684094401397,0.3333333333333333,0.3672645568847656,0.65,0.5260657677026421
65,"BREATHING APPARATUS, SELF-CONTAINED, INCLUDING PARTS AND ACC 201215-06",100.0,EA,2023-01-06,HOUSTON,TX,,,3400710,OTHER_GOODS,4,"BREATHING APPARATUS, SELF-CONTAINED, INCLUDING PARTS AND ACC PR 222648 - SCBA Mask for AFD Operations & Cadet Class 1. Item #201215-05; AV-3000 HT (M), KVLR, w/ R BRKT; Qty. 100 each @ $280.47 each Reference Quote # QT1573316 dated 04/13/2022",280.47,-0.509229,320.53,12.4981,False,0.78127515,0.6075122952461243,0.0,0.0,0.0,0.5,0.0,320.53,0.12498050104514383,0.8889042957375413,1,1,4,0.1,0.4356495682826539,0.25,0.3537561476230621,0.4944521478687706,0.4082489607957134
65,"BREATHING APPARATUS, SELF-CONTAINED, INCLUDING PARTS AND ACC 201215-06",100.0,EA,2023-01-06,HOUSTON,TX,,,3400710,OTHER_GOODS,5,"BREATHING APPARATUS, SELF-CONTAINED, INCLUDING PARTS AND ACC PR223414-ASSET-SCBA Cylinders and Pak Tracker Accessories 1. ITEM# 200129-01",1205.24,-0.795975,320.53,276.0147,False,0.8422321,0.716895580291748,0.0,0.0,0.0,0.0,0.0,320.53,2.760147256107073,0.2659470312966712,1,1,4,0.1,0.3746812006226408,0.2,0.358447790145874,0.18297351564833558,0.3082405193681275
65,"BREATHING APPARATUS, SELF-CONTAINED, INCLUDING PARTS AND ACC 201215-06",100.0,EA,2023-01-06,HOUSTON,TX,,,3400710,OTHER_GOODS,6,"BREATHING APPARATUS, SELF-CONTAINED, INCLUDING PARTS AND ACC PR212028-Restock Air Cylinders Ref Quote#1518524, Dated 10/21/2021",1056.6,-2.007773,320.53,229.6415,False,0.89365256,0.8091661930084229,0.0,0.0,0.0,0.0,0.0,320.53,2.296415312139269,0.30335983342797657,3,3,4,0.3,0.11702687939874042,0.16666666666666666,0.4045830965042114,0.3016799167139883,0.3305787100013239
65,"BREATHING APPARATUS, SELF-CONTAINED, INCLUDING PARTS AND ACC 201215-06",100.0,EA,2023-01-06,HOUSTON,TX,,,3400710,OTHER_GOODS,7,"BREATHING APPARATUS, SELF-CONTAINED, INCLUDING PARTS AND ACC 2. ITEM#200129-01 - Snap-Change Cylinder, Carbon-Wrapped, Pressure 4500, 45 Minutes (at 40 lpm) Ref Quote#QT1444346 - Dated 02/09/2021 by Jason Herron",1045.62,-2.031494,320.53,226.216,False,0.85079515,0.7322614192962646,0.0,0.0,0.0,0.0,0.0,320.53,2.262159548248214,0.3065453989020868,3,3,4,0.3,0.11198328454732775,0.14285714285714285,0.3661307096481323,0.3032726994510434,0.309151192823885
65,"BREATHING APPARATUS, SELF-CONTAINED, INCLUDING PARTS AND ACC 201215-06",100.0,EA,2023-01-06,HOUSTON,TX,,,3400710,OTHER_GOODS,8,"CAR SEATS, INFANT AND TODDLER, INCLUDING PARTS AND ACCESSORI QTY 100",68.69,-2.458242,320.53,78.5699,False,0.44272152,0.0,0.0,0.0,0.0,0.0,0.0,320.53,0.7856986865504009,0.5600048919405279,1,1,2,0.1,0.021247480169323308,0.125,0.0,0.33000244597026396,0.10218785581647767
65,"BREATHING APPARATUS, SELF-CONTAINED, INCLUDING PARTS AND ACC 201215-06",100.0,EA,2023-01-06,HOUSTON,TX,,,3400710,OTHER_GOODS,9,"BREATHING APPARATUS, SELF-CONTAINED, INCLUDING PARTS AND ACC PR20857-Replacment SCBA Cylinders for AirShops 1. ITEM# 200129-01 - Snap-Change Cylinder, Carbon-Wrapped, Pressure 4500, 45 Minutes (at 40 lpm) - QTY: 75 EACH @ $1,045.62 EACH.",1045.62,-2.518132,320.53,226.216,False,0.64429295,0.3617067337036133,0.0,0.0,0.0,0.0,0.0,320.53,2.262159548248214,0.3065453989020868,3,3,4,0.3,0.008513577903352039,0.1111111111111111,0.18085336685180664,0.3032726994510434,0.19172819828930948
65,"BREATHING APPARATUS, SELF-CONTAINED, INCLUDING PARTS AND ACC 201215-06",100.0,EA,2023-01-06,HOUSTON,TX,,,3400710,OTHER_GOODS,10,"CAR SEATS, INFANT AND TODDLER, INCLUDING PARTS AND ACCESSORI",76.5,-2.558173,320.53,76.1333,False,0.44451976,0.0032268280629068613,0.0,0.0,0.0,0.0,0.0,320.53,0.7613327925623187,0.5677518775683718,1,1,2,0.1,0.0,0.1,0.0016134140314534307,0.33387593878418587,0.10105015935255514
66,"BOOKS, FIELD, ENGINEERING",5.0,EA,2023-01-06,Meridian,ID,,,3054811,OTHER_GOODS,1,"BOOKS, FIELD, ENGINEERING",602.0,2.855354,662.0,9.0634,True,0.9999999,0.0,0.0,0.0,0.0,0.0,0.0,602.0,0.0,1.0,10,10,10,1.0,1.0,1.0,0.0,1.0,0.44999999999999996
66,"BOOKS, FIELD, ENGINEERING",5.0,EA,2023-01-06,Meridian,ID,,,3054811,OTHER_GOODS,2,"BOOKS, FIELD, ENGINEERING",602.0,2.202712,662.0,9.0634,True,0.9999999,0.0,0.0,0.0,0.0,0.0,0.0,602.0,0.0,1.0,10,10,10,1.0,0.5298909872518328,0.5,0.0,1.0,0.3794836480877749
66,"BOOKS, FIELD, ENGINEERING",5.0,EA,2023-01-06,Meridian,ID,,,3054811,OTHER_GOODS,3,"BOOKS, FIELD, ENGINEERING",602.0,2.106641,662.0,9.0634,True,1.0,1.0,0.0,0.0,0.0,0.0,0.0,602.0,0.0,1.0,10,10,10,1.0,0.4606894296387324,0.3333333333333333,0.5,1.0,0.6441034144458098
66,"BOOKS, FIELD, ENGINEERING",5.0,EA,2023-01-06,Meridian,ID,,,3054811,OTHER_GOODS,4,"BOOKS, FIELD, ENGINEERING",602.0,1.998058,662.0,9.0634,True,1.0,1.0,0.0,0.0,0.0,0.0,0.0,602.0,0.0,1.0,10,10,10,1.0,0.3824752679218426,0.25,0.5,1.0,0.6323712901882763
66,"BOOKS, FIELD, ENGINEERING",5.0,EA,2023-01-06,Meridian,ID,,,3054811,OTHER_GOODS,5,"BOOKS, FIELD, ENGINEERING",602.0,1.771239,662.0,9.0634,True,1.0,1.0,0.0,0.0,0.0,0.0,0.0,602.0,0.0,1.0,10,10,10,1.0,0.21909372618452497,0.2,0.5,1.0,0.6078640589276787
66,"BOOKS, FIELD, ENGINEERING",5.0,EA,2023-01-06,Meridian,ID,,,3054811,OTHER_GOODS,6,"BOOKS, FIELD, ENGINEERING",602.0,1.746865,662.0,9.0634,True,1.0,1.0,0.0,0.0,0.0,0.0,0.0,602.0,0.0,1.0,10,10,10,1.0,0.2015367239126456,0.16666666666666666,0.5,1.0,0.6052305085868968
66,"BOOKS, FIELD, ENGINEERING",5.0,EA,2023-01-06,Meridian,ID,,,3054811,OTHER_GOODS,7,"BOOKS, FIELD, ENGINEERING",602.0,1.664964,662.0,9.0634,True,1.0,1.0,0.0,0.0,0.0,0.0,0.0,602.0,0.0,1.0,10,10,10,1.0,0.14254205569777814,0.14285714285714285,0.5,1.0,0.5963813083546666
66,"BOOKS, FIELD, ENGINEERING",5.0,EA,2023-01-06,Meridian,ID,,,3054811,OTHER_GOODS,8,"BOOKS, FIELD, ENGINEERING",602.0,1.627851,662.0,9.0634,True,1.0,1.0,0.0,0.0,0.0,0.0,0.0,602.0,0.0,1.0,10,10,10,1.0,0.11580893740302727,0.125,0.5,1.0,0.592371340610454
66,"BOOKS, FIELD, ENGINEERING",5.0,EA,2023-01-06,Meridian,ID,,,3054811,OTHER_GOODS,9,"BOOKS, FIELD, ENGINEERING",602.0,1.503941,662.0,9.0634,True,0.9999999,0.0,0.0,0.0,0.0,0.0,0.0,602.0,0.0,1.0,10,10,10,1.0,0.026554479722361028,0.1111111111111111,0.0,1.0,0.3039831719583541
66,"BOOKS, FIELD, ENGINEERING",5.0,EA,2023-01-06,Meridian,ID,,,3054811,OTHER_GOODS,10,"BOOKS, FIELD, ENGINEERING",602.0,1.467076,662.0,9.0634,True,0.9999999,0.0,0.0,0.0,0.0,0.0,0.0,602.0,0.0,1.0,10,10,10,1.0,0.0,0.1,0.0,1.0,0.3
67,Flexible Base WR190013??A ??A Slaughter Ln Sub??A ??A Surface Rock &amp; Base??A ??A ??A Luis Sierra,477.07,TON,2023-01-06,CEDAR CREEK,TX,,WR190013,75052,OTHER_GOODS,1,"Flexible Base WR#163721, 811 Laydown Yard, 8405 North Lamar BLVD., Tim Smith.",23.25,0.574638,23.21,0.1723,True,0.48877615,0.4005542993545532,0.0,0.0,0.0,0.0,0.0,16.99,0.3684520306062391,0.730752688172043,1,1,3,0.1,1.0,1.0,0.2002771496772766,0.4153763440860215,0.3847653355483086
67,Flexible Base WR190013??A ??A Slaughter Ln Sub??A ??A Surface Rock &amp; Base??A ??A ??A Luis Sierra,477.07,TON,2023-01-06,CEDAR CREEK,TX,,WR190013,75052,OTHER_GOODS,2,Flexible Base,19.5,0.347022,23.21,15.9845,False,0.60524434,1.0,0.0,0.0,0.0,0.0,0.0,16.99,0.1477339611536199,0.8712820512820512,2,2,8,0.2,0.6939732016811467,0.5,0.5,0.5356410256410256,0.5397882879444797
67,Flexible Base WR190013??A ??A Slaughter Ln Sub??A ??A Surface Rock &amp; Base??A ??A ??A Luis Sierra,477.07,TON,2023-01-06,CEDAR CREEK,TX,,WR190013,75052,OTHER_GOODS,3,"Flexible Base PR 2023 2000786 Lazaro Cardenas Flexible base for 6301 Harold Court, Zone 1",18.74,0.332839,23.21,19.2589,False,0.4109512,0.0,0.0,0.0,0.0,0.0,0.0,16.99,0.10300176574455563,0.9066168623265741,2,7,7,0.7,0.6749043397357812,0.3333333333333333,0.0,0.803308431163287,0.34222818030935326
67,Flexible Base WR190013??A ??A Slaughter Ln Sub??A ??A Surface Rock &amp; Base??A ??A ??A Luis Sierra,477.07,TON,2023-01-06,CEDAR CREEK,TX,,WR190013,75052,OTHER_GOODS,4,"Flexible Base ROAD BASE - SOUTH 250 TONS -- INCREASED TWICE TO ""FILL BIN""",14.07,-0.00509,23.21,39.3796,False,0.49840963,0.4501364827156067,0.0,0.0,0.0,0.0,0.0,16.99,0.17186580341377272,0.8533400301356102,1,2,2,0.2,0.22056312501848668,0.25,0.22506824135780334,0.5266700150678051,0.31487300601990637
67,Flexible Base WR190013??A ??A Slaughter Ln Sub??A ??A Surface Rock &amp; Base??A ??A ??A Luis Sierra,477.07,TON,2023-01-06,CEDAR CREEK,TX,,WR190013,75052,OTHER_GOODS,5,Flexible Base South - 500 Tons Road Base Delivery Fill up bin,16.99,-0.049438,23.21,26.7988,False,0.4180682,0.036630235612392426,0.0,0.0,0.0,0.0,0.0,16.99,0.0,1.0,5,5,8,0.5,0.1609378067111423,0.2,0.018315117806196213,0.75,0.25921398580007926
67,Flexible Base WR190013??A ??A Slaughter Ln Sub??A ??A Surface Rock &amp; Base??A ??A ??A Luis Sierra,477.07,TON,2023-01-06,CEDAR CREEK,TX,,WR190013,75052,OTHER_GOODS,6,Flexible Base South - 500 Tons Road Base Delivery Fill up bin,16.99,-0.067479,23.21,26.7988,False,0.4180682,0.036630235612392426,0.0,0.0,0.0,0.0,0.0,16.99,0.0,1.0,5,5,8,0.5,0.1366819131515049,0.16666666666666666,0.018315117806196213,0.75,0.25557560176613364
67,Flexible Base WR190013??A ??A Slaughter Ln Sub??A ??A Surface Rock &amp; Base??A ??A ??A Luis Sierra,477.07,TON,2023-01-06,CEDAR CREEK,TX,,WR190013,75052,OTHER_GOODS,7,Flexible Base South - 600 Tons Road Base Delivery Fill up bin,16.99,-0.070023,23.21,26.7988,False,0.4332235,0.11463239789009094,0.0,0.0,0.0,0.0,0.0,16.99,0.0,1.0,5,5,8,0.5,0.13326153771689941,0.14285714285714285,0.05731619894504547,0.75,0.27651314007730987
67,Flexible Base WR190013??A ??A Slaughter Ln Sub??A ??A Surface Rock &amp; Base??A ??A ??A Luis Sierra,477.07,TON,2023-01-06,CEDAR CREEK,TX,,WR190013,75052,OTHER_GOODS,8,Flexible Base Timothy Louviere Service Center - Flexible Base March 25 2020,13.3,-0.075279,23.21,42.6971,False,0.46247703,0.2651963531970978,0.0,0.0,0.0,0.0,0.0,16.99,0.21718658034137717,0.8215667311411994,1,2,2,0.2,0.12619491299823335,0.125,0.1325981765985489,0.5107833655705997,0.2450932437501168
67,Flexible Base WR190013??A ??A Slaughter Ln Sub??A ??A Surface Rock &amp; Base??A ??A ??A Luis Sierra,477.07,TON,2023-01-06,CEDAR CREEK,TX,,WR190013,75052,OTHER_GOODS,9,Flexible Base South - 400 Tons Road Base Delivery Fill up bin,16.99,-0.103624,23.21,26.7988,False,0.42382616,0.06626565009355545,0.0,0.0,0.0,0.0,0.0,16.99,0.0,1.0,5,5,8,0.5,0.08808542333868441,0.1111111111111111,0.033132825046777725,0.75,0.2564358672765304
67,Flexible Base WR190013??A ??A Slaughter Ln Sub??A ??A Surface Rock &amp; Base??A ??A ??A Luis Sierra,477.07,TON,2023-01-06,CEDAR CREEK,TX,,WR190013,75052,OTHER_GOODS,10,Flexible Base South - 500 Tons Road Base Delivery Fill up bin,16.99,-0.16914,23.21,26.7988,False,0.4180682,0.036630235612392426,0.0,0.0,0.0,0.0,0.0,16.99,0.0,1.0,5,5,8,0.5,0.0,0.1,0.018315117806196213,0.75,0.2350733147934079
68,Flexible Base,260.44999,TON,2023-01-06,CEDAR CREEK,TX,,,75052,OTHER_GOODS,1,Flexible Base,14.14,1.266772,19.3,26.7358,False,1.0000001,1.0,0.0,0.0,0.0,0.0,0.0,15.27,0.07400130975769477,0.9310975609756098,4,9,9,0.9,1.0,1.0,0.5,0.9155487804878049,0.6996646341463415
68,Flexible Base,260.44999,TON,2023-01-06,CEDAR CREEK,TX,,,75052,OTHER_GOODS,2,Flexible Base,15.27,1.249895,19.3,20.8808,False,1.0000001,1.0,0.0,0.0,0.0,0.0,0.0,15.27,0.0,1.0,5,9,9,0.9,0.9835923251319264,0.5,0.5,0.95,0.707538848769789
68,Flexible Base,260.44999,TON,2023-01-06,CEDAR CREEK,TX,,,75052,OTHER_GOODS,3,Flexible Base,19.5,1.137016,19.3,1.0363,True,1.0000001,1.0,0.0,0.0,0.0,0.0,0.0,15.27,0.27701375245579574,0.7830769230769231,1,1,1,0.1,0.8738523280096131,0.3333333333333333,0.5,0.44153846153846155,0.5385393876629805
68,Flexible Base,260.44999,TON,2023-01-06,CEDAR CREEK,TX,,,75052,OTHER_GOODS,4,Flexible Base,15.27,1.031362,19.3,20.8808,False,1.0000001,1.0,0.0,0.0,0.0,0.0,0.0,15.27,0.0,1.0,5,9,9,0.9,0.7711364140135561,0.25,0.5,0.95,0.6756704621020335
68,Flexible Base,260.44999,TON,2023-01-06,CEDAR CREEK,TX,,,75052,OTHER_GOODS,5,Flexible Base,14.14,0.671916,19.3,26.7358,False,1.0000001,1.0,0.0,0.0,0.0,0.0,0.0,15.27,0.07400130975769477,0.9310975609756098,4,9,9,0.9,0.4216860910515611,0.2,0.5,0.9155487804878049,0.6129175478040756
68,Flexible Base,260.44999,TON,2023-01-06,CEDAR CREEK,TX,,,75052,OTHER_GOODS,6,Flexible Base,15.27,0.447159,19.3,20.8808,False,1.0000001,1.0,0.0,0.0,0.0,0.0,0.0,15.27,0.0,1.0,5,9,9,0.9,0.20317926043453066,0.16666666666666666,0.5,0.95,0.5904768890651797
68,Flexible Base,260.44999,TON,2023-01-06,CEDAR CREEK,TX,,,75052,OTHER_GOODS,7,Flexible Base,14.14,0.421958,19.3,26.7358,False,1.0000001,1.0,0.0,0.0,0.0,0.0,0.0,15.27,0.07400130975769477,0.9310975609756098,4,9,9,0.9,0.17867906405186057,0.14285714285714285,0.5,0.9155487804878049,0.5764664937541205
68,Flexible Base,260.44999,TON,2023-01-06,CEDAR CREEK,TX,,,75052,OTHER_GOODS,8,Flexible Base Base 90.20 tons - Delivered to TLSC,15.27,0.287655,19.3,20.8808,False,0.6668595,0.0,0.0,0.0,0.0,0.0,0.0,15.27,0.0,1.0,5,9,9,0.9,0.04811083760125374,0.125,0.0,0.95,0.292216625640188
68,Flexible Base,260.44999,TON,2023-01-06,CEDAR CREEK,TX,,,75052,OTHER_GOODS,9,Flexible Base Flexible Base 114.50 tons - delivered to TLSC,15.27,0.273107,19.3,20.8808,False,0.7092878,0.1273585855960846,0.0,0.0,0.0,0.0,0.0,15.27,0.0,1.0,5,9,9,0.9,0.03396739658799693,0.1111111111111111,0.0636792927980423,0.95,0.32511872052712276
68,Flexible Base,260.44999,TON,2023-01-06,CEDAR CREEK,TX,,,75052,OTHER_GOODS,10,Flexible Base,14.14,0.238168,19.3,26.7358,False,1.0000001,1.0,0.0,0.0,0.0,0.0,0.0,15.27,0.07400130975769477,0.9310975609756098,4,9,9,0.9,0.0,0.1,0.5,0.9155487804878049,0.5496646341463415
69,"FLOWMETERS, BRAND LISTED OR EQUAL Additel Digital Pressure Test Gauge +/-300""H2O,Differential,0.02%FS - Model# ADT681-02-DP300-H2O",3.0,EA,2023-01-09,MONTGOMERY,TX,,ADT681-02-DP300-H2O,2201530,OTHER_GOODS,1,"FLOWMETERS, BRAND LISTED OR EQUAL part # FL901.97.UX",2400.0,-0.039112,2100.0,14.2857,False,0.74282396,0.8229696154594421,0.0,0.0,0.0,0.0,0.0,3184.8999999999996,0.24644415837231928,0.8022822308428637,2,2,2,0.2,1.0,1.0,0.41148480772972107,0.5011411154214318,0.5266589788777761
69,"FLOWMETERS, BRAND LISTED OR EQUAL Additel Digital Pressure Test Gauge +/-300""H2O,Differential,0.02%FS - Model# ADT681-02-DP300-H2O",3.0,EA,2023-01-09,MONTGOMERY,TX,,ADT681-02-DP300-H2O,2201530,OTHER_GOODS,2,"FLOWMETERS, BRAND LISTED OR EQUAL Flow meter and components in accordance to quote 6265-1",3887.9,-0.084329,2100.0,85.1381,False,0.7505214,0.848554253578186,0.0,0.0,0.0,0.0,0.0,3184.8999999999996,0.22072906527677494,0.8191825921448596,3,4,4,0.4,0.6602090581861084,0.5,0.424277126789093,0.6095912960724298,0.5152611672836463
69,"FLOWMETERS, BRAND LISTED OR EQUAL Additel Digital Pressure Test Gauge +/-300""H2O,Differential,0.02%FS - Model# ADT681-02-DP300-H2O",3.0,EA,2023-01-09,MONTGOMERY,TX,,ADT681-02-DP300-H2O,2201530,OTHER_GOODS,3,"FLOWMETERS, BRAND LISTED OR EQUAL",8600.0,-0.108701,2100.0,309.5238,False,0.75852346,0.8751513361930847,0.0,0.0,0.0,0.0,0.0,3184.8999999999996,1.7002417658325226,0.3703372093023255,1,1,1,0.1,0.4770614625055421,0.3333333333333333,0.43757566809654236,0.23516860465116274,0.38277641822427844
69,"FLOWMETERS, BRAND LISTED OR EQUAL Additel Digital Pressure Test Gauge +/-300""H2O,Differential,0.02%FS - Model# ADT681-02-DP300-H2O",3.0,EA,2023-01-09,MONTGOMERY,TX,,ADT681-02-DP300-H2O,2201530,OTHER_GOODS,4,"FLOWMETERS, BRAND LISTED OR EQUAL for Davis WTP. Alpha Quote #QT150820AVF-03a.",4152.0,-0.108863,2100.0,97.7143,False,0.73371094,0.7926799058914185,0.0,0.0,0.0,0.0,0.0,3184.8999999999996,0.30365160601588764,0.7670761078998073,2,4,4,0.4,0.4758440855770893,0.25,0.39633995294570923,0.5835380539499037,0.46442500314167456
69,"FLOWMETERS, BRAND LISTED OR EQUAL Additel Digital Pressure Test Gauge +/-300""H2O,Differential,0.02%FS - Model# ADT681-02-DP300-H2O",3.0,EA,2023-01-09,MONTGOMERY,TX,,ADT681-02-DP300-H2O,2201530,OTHER_GOODS,5,"FLOWMETERS, BRAND LISTED OR EQUAL Part No. 70FP1-12D",1020.0,-0.112361,2100.0,51.4286,False,0.76025605,0.8809100389480591,0.0,0.0,0.0,0.0,0.0,3184.8999999999996,0.6797387673082357,0.5953306665669745,1,1,1,0.1,0.44955776152938615,0.2,0.44045501947402954,0.34766533328348725,0.4139835249251703
69,"FLOWMETERS, BRAND LISTED OR EQUAL Additel Digital Pressure Test Gauge +/-300""H2O,Differential,0.02%FS - Model# ADT681-02-DP300-H2O",3.0,EA,2023-01-09,MONTGOMERY,TX,,ADT681-02-DP300-H2O,2201530,OTHER_GOODS,6,"FLOWMETERS, BRAND LISTED OR EQUAL",2516.95,-0.118208,2100.0,19.8548,False,0.75852346,0.8751513361930847,0.0,0.0,0.0,0.0,0.0,3184.8999999999996,0.20972401017300382,0.8266348287631234,2,2,2,0.2,0.4056194720191174,0.16666666666666666,0.43757566809654236,0.5133174143815618,0.45550476257043443
69,"FLOWMETERS, BRAND LISTED OR EQUAL Additel Digital Pressure Test Gauge +/-300""H2O,Differential,0.02%FS - Model# ADT681-02-DP300-H2O",3.0,EA,2023-01-09,MONTGOMERY,TX,,ADT681-02-DP300-H2O,2201530,OTHER_GOODS,7,"FLOWMETERS, BRAND LISTED OR EQUAL",3852.85,-0.124888,2100.0,83.469,False,0.75852346,0.8751513361930847,0.0,0.0,0.0,0.0,0.0,3184.8999999999996,0.20972401017300396,0.8266348287631233,2,4,4,0.4,0.35542146040143385,0.14285714285714285,0.43757566809654236,0.6133174143815616,0.4779750608277819
69,"FLOWMETERS, BRAND LISTED OR EQUAL Additel Digital Pressure Test Gauge +/-300""H2O,Differential,0.02%FS - Model# ADT681-02-DP300-H2O",3.0,EA,2023-01-09,MONTGOMERY,TX,,ADT681-02-DP300-H2O,2201530,OTHER_GOODS,8,"FLOWMETERS, BRAND LISTED OR EQUAL part # 9088800",650.0,-0.158911,2100.0,69.0476,False,0.75833786,0.8745343685150146,0.0,0.0,0.0,0.0,0.0,3184.8999999999996,0.7959119595591698,0.5568201685373615,1,1,2,0.1,0.09974976140915143,0.125,0.4372671842575073,0.32841008426868074,0.35398244083360597
69,"FLOWMETERS, BRAND LISTED OR EQUAL Additel Digital Pressure Test Gauge +/-300""H2O,Differential,0.02%FS - Model# ADT681-02-DP300-H2O",3.0,EA,2023-01-09,MONTGOMERY,TX,,ADT681-02-DP300-H2O,2201530,OTHER_GOODS,9,"METERS, AMP - BRAND LISTED OR EQUAL PML Part No. S8600A0C0H6C1A0A",4068.21,-0.16397,2100.0,93.7243,False,0.49522352,0.0,0.0,0.0,0.0,0.0,0.0,3184.8999999999996,0.2773430876950612,0.7828750236590539,3,4,4,0.4,0.06173303374839374,0.1111111111111111,0.0,0.591437511829527,0.18669120861111715
69,"FLOWMETERS, BRAND LISTED OR EQUAL Additel Digital Pressure Test Gauge +/-300""H2O,Differential,0.02%FS - Model# ADT681-02-DP300-H2O",3.0,EA,2023-01-09,MONTGOMERY,TX,,ADT681-02-DP300-H2O,2201530,OTHER_GOODS,10,"FLOWMETERS, BRAND LISTED OR EQUAL Part No. 70TCF-1-12D",574.0,-0.172185,2100.0,72.6667,False,0.7960857,1.0,0.0,0.0,0.0,0.0,0.0,3184.8999999999996,0.819774561210713,0.5495186169295007,1,1,2,0.1,0.0,0.1,0.5,0.3247593084647503,0.3724277925394251
70,"PUMPS, CHEMICAL Rotating Assembly 297121 XCS16C",1.0,EA,2023-01-09,Houston,TX,,XCS16C,7205530,CHEMICALS_GASES,1,"PUMPS, CHEMICAL Watson Marlow Apex 20 Pump",4950.0,0.74111,47919.2,89.6701,False,0.6481488,1.0,0.0,0.0,0.0,0.0,0.0,4950.0,0.0,1.0,2,3,4,0.3,1.0,1.0,0.5,0.65,0.62
70,"PUMPS, CHEMICAL Rotating Assembly 297121 XCS16C",1.0,EA,2023-01-09,Houston,TX,,XCS16C,7205530,CHEMICALS_GASES,2,"PUMPS, CHEMICAL Watson Marlow APEX 20 Pump",4950.0,0.610008,47919.2,89.6701,False,0.6481488,1.0,0.0,0.0,0.0,0.0,0.0,4950.0,0.0,1.0,2,3,4,0.3,0.8086546334500458,0.5,0.5,0.65,0.5912981950175069
70,"PUMPS, CHEMICAL Rotating Assembly 297121 XCS16C",1.0,EA,2023-01-09,Houston,TX,,XCS16C,7205530,CHEMICALS_GASES,3,"PUMPS, CHEMICAL Bredel 15 Pump at 68 rpm, High Lube Sensor, 1 HP DC Motor $ with SS Support and PVC Insert",5321.2,0.564718,47919.2,88.8955,False,0.56367445,0.5680925250053406,0.0,0.0,0.0,0.0,0.0,4950.0,0.07498989898989895,0.930241298955123,1,3,4,0.3,0.7425531883840102,0.3333333333333333,0.2840462625026703,0.6151206494775615,0.45214461747733864
70,"PUMPS, CHEMICAL Rotating Assembly 297121 XCS16C",1.0,EA,2023-01-09,Houston,TX,,XCS16C,7205530,CHEMICALS_GASES,4,"PUMPS, CHEMICAL Bredel 15 Pump at 68 rpm, High Lube Sensor, 1 HP DC Motor $ with SS Support and PVC Insert",7450.0,0.548148,47919.2,84.453,False,0.56367445,0.5680925250053406,0.0,0.0,0.0,0.0,0.0,4950.0,0.5050505050505051,0.6644295302013422,1,1,2,0.1,0.7183690209133937,0.25,0.2840462625026703,0.3822147651006711,0.3786452270436791
70,"PUMPS, CHEMICAL Rotating Assembly 297121 XCS16C",1.0,EA,2023-01-09,Houston,TX,,XCS16C,7205530,CHEMICALS_GASES,5,"PUMPS, CHEMICAL Bredel 10 with Leak Detector, SS hardware & stand, CSM Hose, Mounted VFD with hardware.",10795.0,0.541478,47919.2,77.4725,False,0.45256448,0.0,0.0,0.0,0.0,0.0,0.0,4950.0,1.1808080808080808,0.45854562297359885,1,1,1,0.1,0.7086340542852096,0.2,0.0,0.27927281148679944,0.19007695158882126
70,"PUMPS, CHEMICAL Rotating Assembly 297121 XCS16C",1.0,EA,2023-01-09,Houston,TX,,XCS16C,7205530,CHEMICALS_GASES,6,"PUMPS, CHEMICAL Summit Pump",8488.0,0.208083,47919.2,82.2868,False,0.6393806,0.9551692008972168,0.0,0.0,0.0,0.0,0.0,4950.0,0.7147474747474748,0.5831762488218661,1,1,2,0.1,0.2220389719758479,0.16666666666666666,0.4775846004486084,0.34158812441093306,0.39845381336639174
70,"PUMPS, CHEMICAL Rotating Assembly 297121 XCS16C",1.0,EA,2023-01-09,Houston,TX,,XCS16C,7205530,CHEMICALS_GASES,7,"PUMPS, CHEMICAL",3700.0,0.116247,47919.2,92.2787,False,0.62791044,0.8965237140655518,0.0,0.0,0.0,0.0,0.0,4950.0,0.25252525252525254,0.7983870967741935,1,1,2,0.1,0.08800293070659511,0.14285714285714285,0.4482618570327759,0.44919354838709674,0.39450252549014503
70,"PUMPS, CHEMICAL Rotating Assembly 297121 XCS16C",1.0,EA,2023-01-09,Houston,TX,,XCS16C,7205530,CHEMICALS_GASES,8,"PUMPS, CHEMICAL LMI Diaphragm Pump, Model P751-85HV 1.0gph @ 110 psi, 115 VAC, 60 HZ, Single Phase",828.0,0.086055,47919.2,98.2721,False,0.51037776,0.29559269547462463,0.0,0.0,0.0,0.0,0.0,4950.0,0.8327272727272728,0.5456349206349206,1,1,2,0.1,0.043937246682886746,0.125,0.14779634773731232,0.3228174603174603,0.18472381635319288
70,"PUMPS, CHEMICAL Rotating Assembly 297121 XCS16C",1.0,EA,2023-01-09,Houston,TX,,XCS16C,7205530,CHEMICALS_GASES,9,"PUMPS, CHEMICAL",950.0,0.067119,47919.2,98.0175,False,0.62791044,0.8965237140655518,0.0,0.0,0.0,0.0,0.0,4950.0,0.8080808080808081,0.553072625698324,1,1,2,0.1,0.016299866162452797,0.1111111111111111,0.4482618570327759,0.326536312849162,0.3469498951471433
70,"PUMPS, CHEMICAL Rotating Assembly 297121 XCS16C",1.0,EA,2023-01-09,Houston,TX,,XCS16C,7205530,CHEMICALS_GASES,10,"PUMPS, CHEMICAL Carbon Pumps",4375.0,0.055951,47919.2,90.87,False,0.60181004,0.7630753517150879,0.0,0.0,0.0,0.0,0.0,4950.0,0.11616161616161616,0.8959276018099548,1,1,4,0.1,0.0,0.1,0.38153767585754395,0.4979638009049774,0.3592348619931424
71,"DECALS AND STAMPS 3"" x 5 1/4"" .020 Mil BG RVM Hang Tag/ 2 Sided Printing/ 8 Versions CMYK Color/ Consecutively Numbered/ Holograhic Security Film District = Pink, Red, Green, Blue, Purple, Teal CVL (Yellow)/ 500 each 4000 Total Qty= $1,760.00 ($0.44 Each)",4000.0,EA,2023-01-09,Uniontown,OH,,,25500,OTHER_GOODS,1,"DECALS AND STAMPS ***3"" x 5 "" .020 Mil Hang Tag / 2 Sided Printing / 6 Districts / CMYK Color / Consecutively Numbered / Holographic Security Film",0.4,1.205809,0.44,9.0909,True,0.82545125,0.9704211950302124,0.0,0.0,0.0,0.36363636363636365,0.0,0.49,0.18367346938775503,0.8448275862068966,3,3,5,0.3,1.0,1.0,0.5215742338787426,0.5724137931034483,0.6085899665643429
71,"DECALS AND STAMPS 3"" x 5 1/4"" .020 Mil BG RVM Hang Tag/ 2 Sided Printing/ 8 Versions CMYK Color/ Consecutively Numbered/ Holograhic Security Film District = Pink, Red, Green, Blue, Purple, Teal CVL (Yellow)/ 500 each 4000 Total Qty= $1,760.00 ($0.44 Each)",4000.0,EA,2023-01-09,Uniontown,OH,,,25500,OTHER_GOODS,2,"DECALS AND STAMPS **2 "" x 4"" (#100) Polyflat INTERIOR Decal / 2 Sided Printing / 7 Districts / CMYK Color / Consecutively Numbered / Bar coded / Silver Iridescent Reflective Foil Stamp / No Printed Zone Number / Blank Space for Expiration Year",0.59,0.927692,0.44,34.0909,False,0.689769,0.5875878930091858,0.0,0.0,0.0,0.18181818181818182,0.0,0.49,0.20408163265306117,0.8305084745762712,1,1,6,0.1,0.7825034272580607,0.5,0.3119757646864111,0.4652542372881356,0.42853845585267586
71,"DECALS AND STAMPS 3"" x 5 1/4"" .020 Mil BG RVM Hang Tag/ 2 Sided Printing/ 8 Versions CMYK Color/ Consecutively Numbered/ Holograhic Security Film District = Pink, Red, Green, Blue, Purple, Teal CVL (Yellow)/ 500 each 4000 Total Qty= $1,760.00 ($0.44 Each)",4000.0,EA,2023-01-09,Uniontown,OH,,,25500,OTHER_GOODS,3,"DECALS AND STAMPS 2 1/2"" x 3 1/2"" round corner rectangle exterior bumper decal / white vinyl stock / 1 version / no printing on liner / full bleed / delivered in singles / uv resistant, weather resistant laminate",0.48,0.324541,0.44,9.0909,True,0.6450432,0.46139201521873474,0.0,0.0,0.0,0.2727272727272727,0.0,0.49,0.02040816326530614,0.98,3,5,9,0.5,0.3108196562340905,0.3333333333333333,0.25796873488209465,0.74,0.4105057526202656
71,"DECALS AND STAMPS 3"" x 5 1/4"" .020 Mil BG RVM Hang Tag/ 2 Sided Printing/ 8 Versions CMYK Color/ Consecutively Numbered/ Holograhic Security Film District = Pink, Red, Green, Blue, Purple, Teal CVL (Yellow)/ 500 each 4000 Total Qty= $1,760.00 ($0.44 Each)",4000.0,EA,2023-01-09,Uniontown,OH,,,25500,OTHER_GOODS,4,"DECALS AND STAMPS 250 - 3"" x 5 "" .020 Mil Hang Tag / 2 Sided Printing / 1 District / CMYK Color / Consecutively Numbered / Holographic Security Film Districts (Full Flood Versions) = Green",0.4,0.110172,0.44,9.0909,True,0.83593446,1.0,0.0,0.0,0.0,0.45454545454545453,0.0,0.49,0.18367346938775503,0.8448275862068966,3,3,5,0.3,0.1431761004567853,0.25,0.5454545454545454,0.5724137931034483,0.4932005529995523
71,"DECALS AND STAMPS 3"" x 5 1/4"" .020 Mil BG RVM Hang Tag/ 2 Sided Printing/ 8 Versions CMYK Color/ Consecutively Numbered/ Holograhic Security Film District = Pink, Red, Green, Blue, Purple, Teal CVL (Yellow)/ 500 each 4000 Total Qty= $1,760.00 ($0.44 Each)",4000.0,EA,2023-01-09,Uniontown,OH,,,25500,OTHER_GOODS,5,"DECALS AND STAMPS ***3 "" x 7 "" 10 pt Thick Card Stock Scratch Off Day Pass Permit / Per Your Artwork (Full CMYK Color Front & Black Ink on Backer) / 7 Versions / Years 21 - 24",0.53,0.102857,0.44,20.4545,False,0.6935644,0.5982967615127563,0.0,0.0,0.0,0.09090909090909091,0.0,0.49,0.08163265306122457,0.9245283018867924,3,5,7,0.5,0.13745553166880292,0.2,0.30823928984728727,0.7122641509433962,0.40382918444934734
71,"DECALS AND STAMPS 3"" x 5 1/4"" .020 Mil BG RVM Hang Tag/ 2 Sided Printing/ 8 Versions CMYK Color/ Consecutively Numbered/ Holograhic Security Film District = Pink, Red, Green, Blue, Purple, Teal CVL (Yellow)/ 500 each 4000 Total Qty= $1,760.00 ($0.44 Each)",4000.0,EA,2023-01-09,Uniontown,OH,,,25500,OTHER_GOODS,6,"DECALS AND STAMPS PR 2019-1074 3 1/4"" x 7 1/2"" 10 pt Thick Card Stock Scratch Offs - Refer to Quote for Details",0.52,0.083044,0.44,18.1818,False,0.66052544,0.5050758123397827,0.0,0.0,0.0,0.36363636363636365,0.0,0.49,0.06122448979591842,0.9423076923076923,4,5,7,0.5,0.12196111890102518,0.16666666666666666,0.28890154253352773,0.7211538461538461,0.39353617007474784
71,"DECALS AND STAMPS 3"" x 5 1/4"" .020 Mil BG RVM Hang Tag/ 2 Sided Printing/ 8 Versions CMYK Color/ Consecutively Numbered/ Holograhic Security Film District = Pink, Red, Green, Blue, Purple, Teal CVL (Yellow)/ 500 each 4000 Total Qty= $1,760.00 ($0.44 Each)",4000.0,EA,2023-01-09,Uniontown,OH,,,25500,OTHER_GOODS,7,DECALS AND STAMPS 2 Sided Printing / 1 Version / CMYK Color / Consecutively Numbered / Holographic Security Film District = Orange / Inverse Version (White Background) 500 Total Qty = $200.00 ($0.40 Each),0.4,0.072995,0.44,9.0909,True,0.8017974,0.9036808013916016,0.0,0.0,0.0,0.2727272727272727,0.0,0.49,0.18367346938775503,0.8448275862068966,3,3,5,0.3,0.11410247286542236,0.14285714285714285,0.47911312796852806,0.5724137931034483,0.45235172924353834
71,"DECALS AND STAMPS 3"" x 5 1/4"" .020 Mil BG RVM Hang Tag/ 2 Sided Printing/ 8 Versions CMYK Color/ Consecutively Numbered/ Holograhic Security Film District = Pink, Red, Green, Blue, Purple, Teal CVL (Yellow)/ 500 each 4000 Total Qty= $1,760.00 ($0.44 Each)",4000.0,EA,2023-01-09,Uniontown,OH,,,25500,OTHER_GOODS,8,"DECALS AND STAMPS 2 "" x 3 "" Round Corner Rectangle EXTERIOR Bumper Decal / White Vinyl Stock / 1 Version / No Printing on Liner / Full Bleed / Delivered in Singles / UV Resistant, Weather Resistant Laminate",0.5,0.044159,0.44,13.6364,False,0.643989,0.4584176242351532,0.0,0.0,0.0,0.2727272727272727,0.0,0.49,0.02040816326530614,0.98,4,6,10,0.6,0.09155177955438216,0.125,0.2564815393903039,0.79,0.39179761359782445
71,"DECALS AND STAMPS 3"" x 5 1/4"" .020 Mil BG RVM Hang Tag/ 2 Sided Printing/ 8 Versions CMYK Color/ Consecutively Numbered/ Holograhic Security Film District = Pink, Red, Green, Blue, Purple, Teal CVL (Yellow)/ 500 each 4000 Total Qty= $1,760.00 ($0.44 Each)",4000.0,EA,2023-01-09,Uniontown,OH,,,25500,OTHER_GOODS,9,DECALS AND STAMPS PR 2020-1498 Day Pass for Residential Parking Permit,0.52,-0.046638,0.44,18.1818,False,0.4815185,0.0,0.0,0.0,0.0,0.0,0.0,0.49,0.06122448979591842,0.9423076923076923,4,5,7,0.5,0.020545561612832847,0.1111111111111111,0.0,0.7211538461538461,0.21942798808807876
71,"DECALS AND STAMPS 3"" x 5 1/4"" .020 Mil BG RVM Hang Tag/ 2 Sided Printing/ 8 Versions CMYK Color/ Consecutively Numbered/ Holograhic Security Film District = Pink, Red, Green, Blue, Purple, Teal CVL (Yellow)/ 500 each 4000 Total Qty= $1,760.00 ($0.44 Each)",4000.0,EA,2023-01-09,Uniontown,OH,,,25500,OTHER_GOODS,10,DECALS AND STAMPS PMS 185 Red + Black / Expires 3/21 / #0001-0400,0.46,-0.07291,0.44,4.5455,True,0.6145401,0.3753261864185333,0.0,0.0,0.0,0.09090909090909091,0.0,0.49,0.06122448979591831,0.9423076923076924,2,3,9,0.3,0.0,0.1,0.19675400230017576,0.6211538461538462,0.2945608551112505
72,"Microcomputers, Desktop or Towerbased, Environmentally Certi 20 Desktops - OptiPlex 5400 AIO PR0014935",20.0,EA,2023-01-09,ROUND ROCK,TX,,PR0014935,20553,COMPUTER_HARDWARE,1,"Microcomputers, Desktop or Towerbased, Environmentally Certi PR0014591 DIR-TSO-3763 e-quote 3000129225364.1 OptiPlex 5400 AIO",1160.24,0.77658,1133.74,2.3374,True,0.789813,0.7767993807792664,0.0,0.0,0.0,0.3333333333333333,0.0,908.785,0.27669360739888976,0.7832732882851824,1,1,4,0.1,1.0,1.0,0.4217330237229665,0.4416366441425912,0.514444156290409
72,"Microcomputers, Desktop or Towerbased, Environmentally Certi 20 Desktops - OptiPlex 5400 AIO PR0014935",20.0,EA,2023-01-09,ROUND ROCK,TX,,PR0014935,20553,COMPUTER_HARDWARE,2,"Microcomputers, Desktop or Towerbased, Environmentally Certi PR0014944- OptiPlex 5000SFF",954.93,0.680558,1133.74,15.7717,False,0.8443067,1.0,0.0,0.0,0.0,0.0,0.0,908.785,0.0507765863212971,0.9516770862785755,3,4,4,0.4,0.8673109821988718,0.5,0.5,0.6758385431392877,0.6078482102716171
72,"Microcomputers, Desktop or Towerbased, Environmentally Certi 20 Desktops - OptiPlex 5400 AIO PR0014935",20.0,EA,2023-01-09,ROUND ROCK,TX,,PR0014935,20553,COMPUTER_HARDWARE,3,"Microcomputers, Desktop or Towerbased, Environmentally Certi PR0014564 DIR-TSO-3763 e-quote #3000128813800 OptiPlex 5000SFF",955.0,0.454198,1133.74,15.7655,False,0.7751506,0.7167437672615051,0.0,0.0,0.0,0.0,0.0,908.785,0.05085361224051897,0.9516073298429318,3,4,4,0.4,0.5545130185086408,0.3333333333333333,0.35837188363075256,0.6758036649214659,0.48302258824964983
72,"Microcomputers, Desktop or Towerbased, Environmentally Certi 20 Desktops - OptiPlex 5400 AIO PR0014935",20.0,EA,2023-01-09,ROUND ROCK,TX,,PR0014935,20553,COMPUTER_HARDWARE,4,"Microcomputers, Desktop or Towerbased, Environmentally Certi OptiPlex 5070 SFF MLK PRL0011096",688.0,0.333328,1133.74,39.3159,False,0.79248035,0.7877246141433716,0.0,0.0,0.0,0.0,0.0,908.785,0.2429452510769874,0.8045406659171189,1,4,4,0.4,0.3874875287081538,0.25,0.3938623070716858,0.6022703329585595,0.4554284980832181
72,"Microcomputers, Desktop or Towerbased, Environmentally Certi 20 Desktops - OptiPlex 5400 AIO PR0014935",20.0,EA,2023-01-09,ROUND ROCK,TX,,PR0014935,20553,COMPUTER_HARDWARE,5,"Microcomputers, Desktop or Towerbased, Environmentally Certi PR0010351- OptiPlex 5070 SFF MLK",749.0,0.303577,1133.74,33.9355,False,0.76911086,0.6920056343078613,0.0,0.0,0.0,0.0,0.0,908.785,0.17582266432654586,0.8504683829791216,2,3,5,0.3,0.3463757942243754,0.2,0.34600281715393066,0.5752341914895608,0.4148281760151864
72,"Microcomputers, Desktop or Towerbased, Environmentally Certi 20 Desktops - OptiPlex 5400 AIO PR0014935",20.0,EA,2023-01-09,ROUND ROCK,TX,,PR0014935,20553,COMPUTER_HARDWARE,6,"Microcomputers, Desktop or Towerbased, Environmentally Certi PR0010150- OptiPlex 5070 MFF MLK",749.0,0.294352,1133.74,33.9355,False,0.7796774,0.7352850437164307,0.0,0.0,0.0,0.0,0.0,908.785,0.17582266432654586,0.8504683829791216,2,3,5,0.3,0.3336281302597069,0.16666666666666666,0.36764252185821533,0.5752341914895608,0.42481786400784277
72,"Microcomputers, Desktop or Towerbased, Environmentally Certi 20 Desktops - OptiPlex 5400 AIO PR0014935",20.0,EA,2023-01-09,ROUND ROCK,TX,,PR0014935,20553,COMPUTER_HARDWARE,7,"Microcomputers, Desktop or Towerbased, Environmentally Certi",1901.72,0.27397,1133.74,67.7386,False,0.67153406,0.2923412024974823,0.0,0.0,0.0,0.0,0.0,908.785,1.0925961586073716,0.47787529184107014,1,1,1,0.1,0.30546304766589927,0.14285714285714285,0.14617060124874115,0.28893764592053506,0.21289458161285305
72,"Microcomputers, Desktop or Towerbased, Environmentally Certi 20 Desktops - OptiPlex 5400 AIO PR0014935",20.0,EA,2023-01-09,ROUND ROCK,TX,,PR0014935,20553,COMPUTER_HARDWARE,8,"Microcomputers, Desktop or Towerbased, Environmentally Certi PR0014507 DIR-TSO-3763 e-Quote 3000128287307 OptiPlex 5000SFF",955.0,0.181497,1133.74,15.7655,False,0.7794674,0.7344249486923218,0.0,0.0,0.0,0.0,0.0,908.785,0.05085361224051897,0.9516073298429318,3,4,4,0.4,0.17767825310711352,0.125,0.3672124743461609,0.6758036649214659,0.43135969833289534
72,"Microcomputers, Desktop or Towerbased, Environmentally Certi 20 Desktops - OptiPlex 5400 AIO PR0014935",20.0,EA,2023-01-09,ROUND ROCK,TX,,PR0014935,20553,COMPUTER_HARDWARE,9,"Microcomputers, Desktop or Towerbased, Environmentally Certi PR0014677 Quote: 3000134844990.1 DIR-TSO-3763 ----------------------------------- SI# B1BX26 OptiPlex 5000 Small Form Factor",862.64,0.123522,1133.74,23.912,False,0.6001599,0.0,0.0,0.0,0.0,0.0,0.0,908.785,0.0507765863212971,0.9516770862785755,1,1,6,0.1,0.09756488526411501,0.1111111111111111,0.0,0.5258385431392878,0.17238629573140357
72,"Microcomputers, Desktop or Towerbased, Environmentally Certi 20 Desktops - OptiPlex 5400 AIO PR0014935",20.0,EA,2023-01-09,ROUND ROCK,TX,,PR0014935,20553,COMPUTER_HARDWARE,10,"Microcomputers, Desktop or Towerbased, Environmentally Certi PR0010355- SI# B1BX23 OptiPlex 5070 MFF MLK",650.0,0.052918,1133.74,42.6676,False,0.72835517,0.5250745415687561,0.0,0.0,0.0,0.0,0.0,908.785,0.28475932151168865,0.7783559015733532,1,2,4,0.2,0.0,0.1,0.26253727078437805,0.4891779507866766,0.2911488841674109
73,Trucks (One Ton and Less Capacity) EMS - 5032 TXSMART BUY 070-A1,1.0,EA,2023-01-09,SILSBEE,TX,,,0704800,OTHER_GOODS,1,Trucks (One Ton and Less Capacity) WPD- 3853 SMARTBUY 070-A1,90611.67,1.659388,87502.24,3.5535,True,0.6980477,0.02689567394554615,0.0,0.0,0.0,0.6666666666666666,0.0,85560.0,0.05904242636746141,0.94424923412183,3,4,8,0.4,1.0,1.0,0.08011450363943974,0.672124617060915,0.3957003621199663
73,Trucks (One Ton and Less Capacity) EMS - 5032 TXSMART BUY 070-A1,1.0,EA,2023-01-09,SILSBEE,TX,,,0704800,OTHER_GOODS,2,"Trucks (One Ton and Less Capacity) WPD- 3852, 3854 SMARTBUY 070-A1",86634.0,1.574055,87502.24,0.9922,True,0.6928297,0.0,0.0,0.0,0.0,0.6666666666666666,0.0,85560.0,0.012552594670406732,0.9876030195996952,3,6,8,0.6,0.9117567371926123,0.5,0.06666666666666667,0.7938015097998476,0.41157063018551276
73,Trucks (One Ton and Less Capacity) EMS - 5032 TXSMART BUY 070-A1,1.0,EA,2023-01-09,SILSBEE,TX,,,0704800,OTHER_GOODS,3,Trucks (One Ton and Less Capacity) APH 2274 TX SMARTBUY 070-A1,341857.0,1.173138,87502.24,290.6837,False,0.77303195,0.4133969843387604,0.0,0.0,0.0,0.6666666666666666,0.0,85560.0,2.9955236091631603,0.25028008787299955,1,1,1,0.1,0.49716655291514134,0.3333333333333333,0.27336515883604684,0.1751400439364998,0.27746783347804693
73,Trucks (One Ton and Less Capacity) EMS - 5032 TXSMART BUY 070-A1,1.0,EA,2023-01-09,SILSBEE,TX,,,0704800,OTHER_GOODS,4,Trucks (One Ton and Less Capacity) AE - 4068 TX SMARTBUY 070-A1,60552.54,0.918909,87502.24,30.7989,False,0.7862512,0.4815346598625183,0.0,0.0,0.0,0.6666666666666666,0.0,85560.0,0.2922798036465638,0.7738262233753042,1,1,1,0.1,0.23426712994560606,0.25,0.3074339965979258,0.43691311168765207,0.33530270112699573
73,Trucks (One Ton and Less Capacity) EMS - 5032 TXSMART BUY 070-A1,1.0,EA,2023-01-09,SILSBEE,TX,,,0704800,OTHER_GOODS,5,Trucks (One Ton and Less Capacity) EMS - 4246 TX SMARTBUY 070-A1,75246.0,0.896998,87502.24,14.0068,False,0.8868375,1.0,0.0,0.0,0.0,0.6666666666666666,0.0,85560.0,0.12054698457223001,0.8924213029601352,1,3,6,0.3,0.2116088602097164,0.2,0.5666666666666667,0.5962106514800676,0.5222711911421444
73,Trucks (One Ton and Less Capacity) EMS - 5032 TXSMART BUY 070-A1,1.0,EA,2023-01-09,SILSBEE,TX,,,0704800,OTHER_GOODS,6,Trucks (One Ton and Less Capacity) AE - 4065 TX SMARTBUY 070-A1,100579.0,0.721744,87502.24,14.9445,False,0.78884786,0.4949190616607666,0.0,0.0,0.0,0.6666666666666666,0.0,85560.0,0.17553763440860215,0.8506745941001601,1,3,5,0.3,0.030377861884966252,0.16666666666666666,0.31412619749704995,0.5753372970500801,0.34992727702114645
73,Trucks (One Ton and Less Capacity) EMS - 5032 TXSMART BUY 070-A1,1.0,EA,2023-01-09,SILSBEE,TX,,,0704800,OTHER_GOODS,7,Trucks (One Ton and Less Capacity) AE - 4066 TX SMARTBUY 070-A1,79790.0,0.715764,87502.24,8.8138,True,0.7938758,0.520835280418396,0.0,0.0,0.0,0.6666666666666666,0.0,85560.0,0.0674380551659654,0.9368225117705026,2,5,7,0.5,0.02419391532750095,0.14285714285714285,0.32708430687586465,0.7184112558852513,0.3990488328464261
73,Trucks (One Ton and Less Capacity) EMS - 5032 TXSMART BUY 070-A1,1.0,EA,2023-01-09,SILSBEE,TX,,,0704800,OTHER_GOODS,8,Trucks (One Ton and Less Capacity) AE - 3464 TX SMARTBUY 070-A1,92347.67,0.709405,87502.24,5.5375,True,0.79508793,0.5270830988883972,0.0,0.0,0.0,0.6666666666666666,0.0,85560.0,0.07933228143992518,0.9264987411160456,2,5,8,0.5,0.017618043060122816,0.125,0.33020821611086526,0.7132493705580227,0.39823203648740113
73,Trucks (One Ton and Less Capacity) EMS - 5032 TXSMART BUY 070-A1,1.0,EA,2023-01-09,SILSBEE,TX,,,0704800,OTHER_GOODS,9,Trucks (One Ton and Less Capacity) AE - 4067 TX SMARTBUY 070-A1,79790.0,0.693533,87502.24,8.8138,True,0.79824513,0.5433566570281982,0.0,0.0,0.0,0.6666666666666666,0.0,85560.0,0.0674380551659654,0.9368225117705026,2,5,7,0.5,0.0012047320634526394,0.1111111111111111,0.3383449951807658,0.7184112558852513,0.4017938339245145
73,Trucks (One Ton and Less Capacity) EMS - 5032 TXSMART BUY 070-A1,1.0,EA,2023-01-09,SILSBEE,TX,,,0704800,OTHER_GOODS,10,Trucks (One Ton and Less Capacity) AE - 3320 TX SMARTBUY 070-A1,84486.0,0.692368,87502.24,3.447,True,0.8036064,0.5709909200668335,0.0,0.0,0.0,0.6666666666666666,0.0,85560.0,0.012552594670406732,0.9876030195996952,2,6,8,0.6,0.0,0.1,0.3521621267000834,0.7938015097998476,0.43182962262500013
74,Trucks (One Ton and Less Capacity) EMS - 5031 TXSMART BUY 070-A1,1.0,EA,2023-01-09,SILSBEE,TX,,,0704800,OTHER_GOODS,1,Trucks (One Ton and Less Capacity) WPD- 3853 SMARTBUY 070-A1,90611.67,1.659388,87502.24,3.5535,True,0.71175355,0.0,0.0,0.0,0.0,0.6666666666666666,0.0,83212.0,0.08892551555064171,0.9183364571031525,3,3,7,0.3,1.0,1.0,0.06666666666666667,0.6091682285515763,0.3694171352321395
74,Trucks (One Ton and Less Capacity) EMS - 5031 TXSMART BUY 070-A1,1.0,EA,2023-01-09,SILSBEE,TX,,,0704800,OTHER_GOODS,2,"Trucks (One Ton and Less Capacity) WPD- 3852, 3854 SMARTBUY 070-A1",86634.0,1.574055,87502.24,0.9922,True,0.714332,0.013807184994220734,0.0,0.0,0.0,0.6666666666666666,0.0,83212.0,0.04112387636398596,0.9605004963409284,2,5,7,0.5,0.9116502994755941,0.5,0.07357025916377703,0.7302502481704642,0.3962862619125558
74,Trucks (One Ton and Less Capacity) EMS - 5031 TXSMART BUY 070-A1,1.0,EA,2023-01-09,SILSBEE,TX,,,0704800,OTHER_GOODS,3,Trucks (One Ton and Less Capacity) APH 2274 TX SMARTBUY 070-A1,341857.0,1.24378,87502.24,290.6837,False,0.787115,0.40355029702186584,0.0,0.0,0.0,0.6666666666666666,0.0,83212.0,3.1082656347642166,0.2434117189351103,1,1,1,0.1,0.5696993855185303,0.3333333333333333,0.2684418151775996,0.17170585946755515,0.28460966401572585
74,Trucks (One Ton and Less Capacity) EMS - 5031 TXSMART BUY 070-A1,1.0,EA,2023-01-09,SILSBEE,TX,,,0704800,OTHER_GOODS,4,Trucks (One Ton and Less Capacity) AE - 4068 TX SMARTBUY 070-A1,60552.54,0.898719,87502.24,30.7989,False,0.786662,0.4011245667934418,0.0,0.0,0.0,0.6666666666666666,0.0,83212.0,0.2723100033648993,0.7859719701607969,1,1,1,0.1,0.21243975544983468,0.25,0.26722895006338754,0.44298598508039844,0.3117376813764579
74,Trucks (One Ton and Less Capacity) EMS - 5031 TXSMART BUY 070-A1,1.0,EA,2023-01-09,SILSBEE,TX,,,0704800,OTHER_GOODS,5,Trucks (One Ton and Less Capacity) EMS - 4246 TX SMARTBUY 070-A1,75246.0,0.896998,87502.24,14.0068,False,0.8984996,1.0,0.0,0.0,0.0,0.6666666666666666,0.0,83212.0,0.09573138489640917,0.9126324332624097,1,3,5,0.3,0.21065791449027027,0.2,0.5666666666666667,0.6063162166312048,0.5251602188295686
74,Trucks (One Ton and Less Capacity) EMS - 5031 TXSMART BUY 070-A1,1.0,EA,2023-01-09,SILSBEE,TX,,,0704800,OTHER_GOODS,6,Trucks (One Ton and Less Capacity) AE - 4065 TX SMARTBUY 070-A1,100579.0,0.717402,87502.24,14.9445,False,0.7899048,0.4184892773628235,0.0,0.0,0.0,0.6666666666666666,0.0,83212.0,0.2087078786713455,0.8273297606856302,1,3,4,0.3,0.024712819211993545,0.16666666666666666,0.2759113053480784,0.5636648803428151,0.3245576049260867
74,Trucks (One Ton and Less Capacity) EMS - 5031 TXSMART BUY 070-A1,1.0,EA,2023-01-09,SILSBEE,TX,,,0704800,OTHER_GOODS,7,Trucks (One Ton and Less Capacity) AE - 4066 TX SMARTBUY 070-A1,79790.0,0.715764,87502.24,8.8138,True,0.7959657,0.45094457268714905,0.0,0.0,0.0,0.6666666666666666,0.0,83212.0,0.04112387636398596,0.9605004963409284,2,4,6,0.4,0.023016912476510446,0.14285714285714285,0.2921389530102412,0.6802502481704642,0.3682040354782485
74,Trucks (One Ton and Less Capacity) EMS - 5031 TXSMART BUY 070-A1,1.0,EA,2023-01-09,SILSBEE,TX,,,0704800,OTHER_GOODS,8,Trucks (One Ton and Less Capacity) AE - 3464 TX SMARTBUY 070-A1,92347.67,0.709405,87502.24,5.5375,True,0.79972327,0.4710659980773926,0.0,0.0,0.0,0.6666666666666666,0.0,83212.0,0.10978789116954284,0.9010730860886906,2,4,7,0.4,0.01643310848936952,0.125,0.30219966570536294,0.6505365430443453,0.3638357453246586
74,Trucks (One Ton and Less Capacity) EMS - 5031 TXSMART BUY 070-A1,1.0,EA,2023-01-09,SILSBEE,TX,,,0704800,OTHER_GOODS,9,Trucks (One Ton and Less Capacity) AE - 3974 TX SMARTBUY 070-A1,46412.16,0.70019,87502.24,46.9589,False,0.8226205,0.5936776399612427,0.0,0.0,0.0,0.6666666666666666,0.0,83212.0,0.44224198432918327,0.6933649213277624,1,1,1,0.1,0.0068923389121555755,0.1111111111111111,0.363505486647288,0.3966824606638812,0.3199666066919961
74,Trucks (One Ton and Less Capacity) EMS - 5031 TXSMART BUY 070-A1,1.0,EA,2023-01-09,SILSBEE,TX,,,0704800,OTHER_GOODS,10,Trucks (One Ton and Less Capacity) AE - 4067 TX SMARTBUY 070-A1,79790.0,0.693533,87502.24,8.8138,True,0.8030187,0.4887125492095947,0.0,0.0,0.0,0.6666666666666666,0.0,83212.0,0.04112387636398596,0.9605004963409284,2,4,6,0.4,0.0,0.1,0.311022941271464,0.6802502481704642,0.37513769215044446
75,N040.21 EZ-IO Driver. G3 Model. Used by paramedics for i N040.21 EZ IO Driver G3 Model,10.0,EA,2023-01-09,MORRISVILLE,NC,,N040,47521315200,OTHER_GOODS,1,N040.21 EZ-IO Driver. G3 Model. Used by paramedics for i N040.21 EZ IO Driver G3 Model,75.0,2.640241,75.0,0.0,True,1.0000001,1.0,0.0,1.0,0.0,1.0,0.4,75.0,0.0,1.0,8,8,8,0.8,1.0,1.0,0.7999999999999999,0.9,0.86
75,N040.21 EZ-IO Driver. G3 Model. Used by paramedics for i N040.21 EZ IO Driver G3 Model,10.0,EA,2023-01-09,MORRISVILLE,NC,,N040,47521315200,OTHER_GOODS,2,N040.21 EZ-IO Driver. G3 Model. Used by paramedics for i N040.21 EZ IO Driver G3 Model,75.0,2.014443,75.0,0.0,True,1.0000001,1.0,0.0,1.0,0.0,1.0,0.4,75.0,0.0,1.0,8,8,8,0.8,0.8274148213028927,0.5,0.7999999999999999,0.9,0.8341122231954339
75,N040.21 EZ-IO Driver. G3 Model. Used by paramedics for i N040.21 EZ IO Driver G3 Model,10.0,EA,2023-01-09,MORRISVILLE,NC,,N040,47521315200,OTHER_GOODS,3,N040.21 EZ-IO Driver. G3 Model. Used by paramedics for i N040.21 EZ IO Driver G3 Model,75.0,1.954403,75.0,0.0,True,1.0000001,1.0,0.0,1.0,0.0,1.0,0.4,75.0,0.0,1.0,8,8,8,0.8,0.8108567400546713,0.3333333333333333,0.7999999999999999,0.9,0.8316285110082007
75,N040.21 EZ-IO Driver. G3 Model. Used by paramedics for i N040.21 EZ IO Driver G3 Model,10.0,EA,2023-01-09,MORRISVILLE,NC,,N040,47521315200,OTHER_GOODS,4,N040.21 EZ-IO Driver. G3 Model. Used by paramedics for i N040.21 EZ IO Driver G3 Model,75.0,1.937029,75.0,0.0,True,1.0000001,1.0,0.0,1.0,0.0,1.0,0.4,75.0,0.0,1.0,8,8,8,0.8,0.8060652659772798,0.25,0.7999999999999999,0.9,0.8309097898965919
75,N040.21 EZ-IO Driver. G3 Model. Used by paramedics for i N040.21 EZ IO Driver G3 Model,10.0,EA,2023-01-09,MORRISVILLE,NC,,N040,47521315200,OTHER_GOODS,5,N040.21 EZ-IO Driver. G3 Model. Used by paramedics for i N040.21 EZ IO Driver G3 Model,75.0,1.826446,75.0,0.0,True,1.0000001,1.0,0.0,1.0,0.0,1.0,0.4,75.0,0.0,1.0,8,8,8,0.8,0.7755682256929353,0.2,0.7999999999999999,0.9,0.8263352338539403
75,N040.21 EZ-IO Driver. G3 Model. Used by paramedics for i N040.21 EZ IO Driver G3 Model,10.0,EA,2023-01-09,MORRISVILLE,NC,,N040,47521315200,OTHER_GOODS,6,N040.21 EZ-IO Driver. G3 Model. Used by paramedics for i N040.21 EZ IO Driver G3 Model,75.0,1.512365,75.0,0.0,True,1.0000001,1.0,0.0,1.0,0.0,1.0,0.4,75.0,0.0,1.0,8,8,8,0.8,0.6889496594617134,0.16666666666666666,0.7999999999999999,0.9,0.813342448919257
75,N040.21 EZ-IO Driver. G3 Model. Used by paramedics for i N040.21 EZ IO Driver G3 Model,10.0,EA,2023-01-09,MORRISVILLE,NC,,N040,47521315200,OTHER_GOODS,7,N040.21 EZ-IO Driver. G3 Model. Used by paramedics for i N040.21 EZ IO Driver G3 Model,75.0,1.205402,75.0,0.0,True,1.0000001,1.0,0.0,1.0,0.0,1.0,0.4,75.0,0.0,1.0,8,8,8,0.8,0.6042941249147826,0.14285714285714285,0.7999999999999999,0.9,0.8006441187372173
75,N040.21 EZ-IO Driver. G3 Model. Used by paramedics for i N040.21 EZ IO Driver G3 Model,10.0,EA,2023-01-09,MORRISVILLE,NC,,N040,47521315200,OTHER_GOODS,8,N040.21 EZ-IO Driver. G3 Model. Used by paramedics for i N040.21 EZ IO Driver G3 Model,75.0,1.127394,75.0,0.0,True,1.0000001,1.0,0.0,1.0,0.0,1.0,0.4,75.0,0.0,1.0,8,8,8,0.8,0.5827807537953417,0.125,0.7999999999999999,0.9,0.7974171130693012
75,N040.21 EZ-IO Driver. G3 Model. Used by paramedics for i N040.21 EZ IO Driver G3 Model,10.0,EA,2023-01-09,MORRISVILLE,NC,,N040,47521315200,OTHER_GOODS,9,N040.21 EZ-IO Driver. G3 Model. Used by paramedics for i N040.21 EZ IO Driver G3 Model,308.5,-0.74209,75.0,311.3333,False,1.0000001,1.0,0.0,1.0,0.0,1.0,0.4,75.0,3.1133333333333333,0.24311183144246354,1,1,1,0.1,0.06720667044674826,0.1111111111111111,0.7999999999999999,0.17155591572123177,0.5015477752833818
75,N040.21 EZ-IO Driver. G3 Model. Used by paramedics for i N040.21 EZ IO Driver G3 Model,10.0,EA,2023-01-09,MORRISVILLE,NC,,N040,47521315200,OTHER_GOODS,10,"INSECTICIDES, DRY Treat Bees for SR#429282 at 3604 Balcones Drive",95.0,-0.985783,75.0,26.6667,False,0.123070315,0.0,0.0,0.0,0.0,0.0,0.0,75.0,0.26666666666666666,0.7894736842105263,1,1,1,0.1,0.0,0.1,0.0,0.44473684210526315,0.13342105263157894
76,"Transformers, Power Distribution (Incl. Fluid Fill TRANSFORMER, 50 KVA, PADMOUNT, REDUCED SIZE, COMPARTMENTAL TYPE, SINGLE PHASE, DISTRIBUTION CLASS. IN ACCORDANCE WITH ELECTRIC DEPARTMENT ALL UNITS MUST HAVE A COPPER GROUNDING STRAP CONNECTED FROM THE X2 COPPER STUD TO A COPPER LUG LOCATED IN THE LOWER RIGHT HAND CORNER?. . SPECIFICATION E-0762-APRIL 15, 2019, LATEST REVISION. ON QUALIFIED PRODUCTS LIST EL-206.",4.0,EA,2023-01-09,AUSTIN,TX,,,28586,TRANSFORMER_POWER,1,"Transformers, Power Distribution (Incl. Fluid Fill TRANSFORMER, 50 KVA, PADMOUNT, REDUCED SIZE, COMPARTMENTAL TYPE, SINGLE PHASE, DISTRIBUTION CLASS. IN ACCORDANCE WITH ELECTRIC DEPARTMENT ALL UNITS MUST HAVE A COPPER GROUNDING STRAP CONNECTED FROM THE X2 COPPER STUD TO A COPPER LUG LOCATED IN THE LOWER RIGHT HAND CORNER?. . SPECIFICATION E-0762-APRIL 15, 2019, LATEST REVISION. ON QUALIFIED PRODUCTS LIST EL-206.",4400.0,0.656143,6500.0,32.3077,False,1.0,0.9999997019767761,0.0,0.0,0.0,1.0,0.0,4400.0,0.0,1.0,4,5,5,0.5,1.0,1.0,0.599999850988388,0.75,0.7049999180436134
76,"Transformers, Power Distribution (Incl. Fluid Fill TRANSFORMER, 50 KVA, PADMOUNT, REDUCED SIZE, COMPARTMENTAL TYPE, SINGLE PHASE, DISTRIBUTION CLASS. IN ACCORDANCE WITH ELECTRIC DEPARTMENT ALL UNITS MUST HAVE A COPPER GROUNDING STRAP CONNECTED FROM THE X2 COPPER STUD TO A COPPER LUG LOCATED IN THE LOWER RIGHT HAND CORNER?. . SPECIFICATION E-0762-APRIL 15, 2019, LATEST REVISION. ON QUALIFIED PRODUCTS LIST EL-206.",4.0,EA,2023-01-09,AUSTIN,TX,,,28586,TRANSFORMER_POWER,2,"Transformers, Power Distribution (Incl. Fluid Fill TRANSFORMER, 50 KVA, PADMOUNT, REDUCED SIZE, COMPARTMENTAL TYPE, SINGLE PHASE, DISTRIBUTION CLASS. IN ACCORDANCE WITH ELECTRIC DEPARTMENT ALL UNITS MUST HAVE A COPPER GROUNDING STRAP CONNECTED FROM THE X2 COPPER STUD TO A COPPER LUG LOCATED IN THE LOWER RIGHT HAND CORNER?. . SPECIFICATION E-0762-APRIL 15, 2019, LATEST REVISION. ON QUALIFIED PRODUCTS LIST EL-206.",3390.0,0.431405,6500.0,47.8462,False,1.0,0.9999997019767761,0.0,0.0,0.0,1.0,0.0,4400.0,0.22954545454545455,0.8133086876155269,4,4,4,0.4,0.8610824710405617,0.5,0.599999850988388,0.6066543438077634,0.6411585918420267
76,"Transformers, Power Distribution (Incl. Fluid Fill TRANSFORMER, 50 KVA, PADMOUNT, REDUCED SIZE, COMPARTMENTAL TYPE, SINGLE PHASE, DISTRIBUTION CLASS. IN ACCORDANCE WITH ELECTRIC DEPARTMENT ALL UNITS MUST HAVE A COPPER GROUNDING STRAP CONNECTED FROM THE X2 COPPER STUD TO A COPPER LUG LOCATED IN THE LOWER RIGHT HAND CORNER?. . SPECIFICATION E-0762-APRIL 15, 2019, LATEST REVISION. ON QUALIFIED PRODUCTS LIST EL-206.",4.0,EA,2023-01-09,AUSTIN,TX,,,28586,TRANSFORMER_POWER,3,"Transformers, Power Distribution (Incl. Fluid Fill TRANSFORMER, 50 KVA, PADMOUNT, REDUCED SIZE, COMPARTMENTAL TYPE, SINGLE PHASE, DISTRIBUTION CLASS. IN ACCORDANCE WITH ELECTRIC DEPARTMENT ALL UNITS MUST HAVE A COPPER GROUNDING STRAP CONNECTED FROM THE X2 COPPER STUD TO A COPPER LUG LOCATED IN THE LOWER RIGHT HAND CORNER?. . SPECIFICATION E-0762-APRIL 15, 2019, LATEST REVISION. ON QUALIFIED PRODUCTS LIST EL-206.",4400.0,0.407481,6500.0,32.3077,False,1.0,0.9999997019767761,0.0,0.0,0.0,1.0,0.0,4400.0,0.0,1.0,4,5,5,0.5,0.8462943045407904,0.3333333333333333,0.599999850988388,0.75,0.6819440637247319
76,"Transformers, Power Distribution (Incl. Fluid Fill TRANSFORMER, 50 KVA, PADMOUNT, REDUCED SIZE, COMPARTMENTAL TYPE, SINGLE PHASE, DISTRIBUTION CLASS. IN ACCORDANCE WITH ELECTRIC DEPARTMENT ALL UNITS MUST HAVE A COPPER GROUNDING STRAP CONNECTED FROM THE X2 COPPER STUD TO A COPPER LUG LOCATED IN THE LOWER RIGHT HAND CORNER?. . SPECIFICATION E-0762-APRIL 15, 2019, LATEST REVISION. ON QUALIFIED PRODUCTS LIST EL-206.",4.0,EA,2023-01-09,AUSTIN,TX,,,28586,TRANSFORMER_POWER,4,"Transformers, Power Distribution (Incl. Fluid Fill TRANSFORMER, DISTRIBUTION, SINGLE PHASE, POLE MOUNT, DOE, 75KVA, 277/480 VOLT, 2 WIRE, 2 HV BUSHINGS WITH TANK MOUNTED ARRESTER, E-1579 11May 18.",4560.0,0.296259,6500.0,29.8462,False,0.6538582,0.12071533501148224,0.0,0.0,0.0,0.0,0.0,4400.0,0.03636363636363636,0.9649122807017544,5,5,6,0.5,0.7775445363399226,0.25,0.06035766750574112,0.7324561403508771,0.36956523968440913
76,"Transformers, Power Distribution (Incl. Fluid Fill TRANSFORMER, 50 KVA, PADMOUNT, REDUCED SIZE, COMPARTMENTAL TYPE, SINGLE PHASE, DISTRIBUTION CLASS. IN ACCORDANCE WITH ELECTRIC DEPARTMENT ALL UNITS MUST HAVE A COPPER GROUNDING STRAP CONNECTED FROM THE X2 COPPER STUD TO A COPPER LUG LOCATED IN THE LOWER RIGHT HAND CORNER?. . SPECIFICATION E-0762-APRIL 15, 2019, LATEST REVISION. ON QUALIFIED PRODUCTS LIST EL-206.",4.0,EA,2023-01-09,AUSTIN,TX,,,28586,TRANSFORMER_POWER,5,"Transformers, Power Distribution (Incl. Fluid Fill TRANSFORMER, 50 KVA, PADMOUNT, REDUCED SIZE, COMPARTMENTAL TYPE, SINGLE PHASE, DISTRIBUTION CLASS. IN ACCORDANCE WITH ELECTRIC DEPARTMENT ALL UNITS MUST HAVE A COPPER GROUNDING STRAP CONNECTED FROM THE X2 COPPER STUD TO A COPPER LUG LOCATED IN THE LOWER RIGHT HAND CORNER?. . SPECIFICATION E-0762-APRIL 15, 2019, LATEST REVISION. ON QUALIFIED PRODUCTS LIST EL-206.",3390.0,0.159011,6500.0,47.8462,False,1.0000001,1.0,0.0,0.0,0.0,1.0,0.0,4400.0,0.22954545454545455,0.8133086876155269,4,4,4,0.4,0.6927072902372388,0.2,0.6,0.6066543438077634,0.6159023966779148
76,"Transformers, Power Distribution (Incl. Fluid Fill TRANSFORMER, 50 KVA, PADMOUNT, REDUCED SIZE, COMPARTMENTAL TYPE, SINGLE PHASE, DISTRIBUTION CLASS. IN ACCORDANCE WITH ELECTRIC DEPARTMENT ALL UNITS MUST HAVE A COPPER GROUNDING STRAP CONNECTED FROM THE X2 COPPER STUD TO A COPPER LUG LOCATED IN THE LOWER RIGHT HAND CORNER?. . SPECIFICATION E-0762-APRIL 15, 2019, LATEST REVISION. ON QUALIFIED PRODUCTS LIST EL-206.",4.0,EA,2023-01-09,AUSTIN,TX,,,28586,TRANSFORMER_POWER,6,"Transformers, Power Distribution (Incl. Fluid Fill TRANSFORMER, DISTRIBUTION, SINGLE PHASE, POLE MOUNT, DOE, 75KVA, 120/240 VOLT, 3 WIRE, 2 HV BUSHINGS WITH TANK MOUNTED ARRESTER, SPEC E-1579 11May 18.",4576.47,0.068661,6500.0,29.5928,False,0.6610594,0.13900811970233917,0.0,0.0,0.0,0.0,0.0,4400.0,0.040106818181818236,0.9614397122673152,5,5,6,0.5,0.636859152665999,0.16666666666666666,0.06950405985116959,0.7307198561336576,0.3529720626581404
76,"Transformers, Power Distribution (Incl. Fluid Fill TRANSFORMER, 50 KVA, PADMOUNT, REDUCED SIZE, COMPARTMENTAL TYPE, SINGLE PHASE, DISTRIBUTION CLASS. IN ACCORDANCE WITH ELECTRIC DEPARTMENT ALL UNITS MUST HAVE A COPPER GROUNDING STRAP CONNECTED FROM THE X2 COPPER STUD TO A COPPER LUG LOCATED IN THE LOWER RIGHT HAND CORNER?. . SPECIFICATION E-0762-APRIL 15, 2019, LATEST REVISION. ON QUALIFIED PRODUCTS LIST EL-206.",4.0,EA,2023-01-09,AUSTIN,TX,,,28586,TRANSFORMER_POWER,7,"Transformers, Power Distribution (Incl. Fluid Fill TRANSFORMER, 50 KVA, PADMOUNT, REDUCED SIZE, COMPARTMENTAL TYPE, SINGLE PHASE, DISTRIBUTION CLASS. IN ACCORDANCE WITH ELECTRIC DEPARTMENT ALL UNITS MUST HAVE A COPPER GROUNDING STRAP CONNECTED FROM THE X2 COPPER STUD TO A COPPER LUG LOCATED IN THE LOWER RIGHT HAND CORNER?. . SPECIFICATION E-0762-APRIL 15, 2019, LATEST REVISION. ON QUALIFIED PRODUCTS LIST EL-206.",3400.0,-0.4096,6500.0,47.6923,False,1.0,0.9999997019767761,0.0,0.0,0.0,1.0,0.0,4400.0,0.22727272727272727,0.8148148148148148,4,4,4,0.4,0.3412311933637453,0.14285714285714285,0.599999850988388,0.6074074074074074,0.5634068192703975
76,"Transformers, Power Distribution (Incl. Fluid Fill TRANSFORMER, 50 KVA, PADMOUNT, REDUCED SIZE, COMPARTMENTAL TYPE, SINGLE PHASE, DISTRIBUTION CLASS. IN ACCORDANCE WITH ELECTRIC DEPARTMENT ALL UNITS MUST HAVE A COPPER GROUNDING STRAP CONNECTED FROM THE X2 COPPER STUD TO A COPPER LUG LOCATED IN THE LOWER RIGHT HAND CORNER?. . SPECIFICATION E-0762-APRIL 15, 2019, LATEST REVISION. ON QUALIFIED PRODUCTS LIST EL-206.",4.0,EA,2023-01-09,AUSTIN,TX,,,28586,TRANSFORMER_POWER,8,"Transformers, Power Distribution (Incl. Fluid Fill TRANSFORMER, DISTRIBUTION, SINGLE PHASE, PAD MOUNT, 50 KVA, 120/240 VOLT, WITH BAYONET FUSING, PER SPEC E-1581 11May 18",4644.0,-0.437635,6500.0,28.5538,False,0.606337,0.0,0.0,0.0,0.0,0.16666666666666666,0.0,4400.0,0.05545454545454546,0.9474590869939707,3,5,6,0.5,0.32390189024465627,0.125,0.016666666666666666,0.7237295434969854,0.2748708132524607
76,"Transformers, Power Distribution (Incl. Fluid Fill TRANSFORMER, 50 KVA, PADMOUNT, REDUCED SIZE, COMPARTMENTAL TYPE, SINGLE PHASE, DISTRIBUTION CLASS. IN ACCORDANCE WITH ELECTRIC DEPARTMENT ALL UNITS MUST HAVE A COPPER GROUNDING STRAP CONNECTED FROM THE X2 COPPER STUD TO A COPPER LUG LOCATED IN THE LOWER RIGHT HAND CORNER?. . SPECIFICATION E-0762-APRIL 15, 2019, LATEST REVISION. ON QUALIFIED PRODUCTS LIST EL-206.",4.0,EA,2023-01-09,AUSTIN,TX,,,28586,TRANSFORMER_POWER,9,"Transformers, Power Distribution (Incl. Fluid Fill TRANSFORMER, 50 KVA, PADMOUNT, REDUCED SIZE, COMPARTMENTAL TYPE, SINGLE PHASE, DISTRIBUTION CLASS. IN ACCORDANCE WITH ELECTRIC DEPARTMENT ALL UNITS MUST HAVE A COPPER GROUNDING STRAP CONNECTED FROM THE X2 COPPER STUD TO A COPPER LUG LOCATED IN THE LOWER RIGHT HAND CORNER?. . SPECIFICATION E-0762-APRIL 15, 2019, LATEST REVISION. ON QUALIFIED PRODUCTS LIST EL-206.",3390.0,-0.5768,6500.0,47.8462,False,1.0,0.9999997019767761,0.0,0.0,0.0,1.0,0.0,4400.0,0.22954545454545455,0.8133086876155269,4,4,4,0.4,0.23787968697845194,0.1111111111111111,0.599999850988388,0.6066543438077634,0.5476781742327103
76,"Transformers, Power Distribution (Incl. Fluid Fill TRANSFORMER, 50 KVA, PADMOUNT, REDUCED SIZE, COMPARTMENTAL TYPE, SINGLE PHASE, DISTRIBUTION CLASS. IN ACCORDANCE WITH ELECTRIC DEPARTMENT ALL UNITS MUST HAVE A COPPER GROUNDING STRAP CONNECTED FROM THE X2 COPPER STUD TO A COPPER LUG LOCATED IN THE LOWER RIGHT HAND CORNER?. . SPECIFICATION E-0762-APRIL 15, 2019, LATEST REVISION. ON QUALIFIED PRODUCTS LIST EL-206.",4.0,EA,2023-01-09,AUSTIN,TX,,,28586,TRANSFORMER_POWER,10,"Transformers, Power Distribution (Incl. Fluid Fill TRANSFORMER, DISTRIBUTION, SINGLE PHASE, POLE MOUNT, DOE, 75KVA, 120/240 VOLT, 3 WIRE, 2 HV BUSHINGS WITH TANK MOUNTED ARRESTER, SPEC E-1579 11May 18.",5425.0,-0.961637,6500.0,16.5385,False,0.66105926,0.1390078216791153,0.0,0.0,0.0,0.0,0.0,4400.0,0.23295454545454544,0.8110599078341014,1,1,6,0.1,0.0,0.1,0.06950391083955765,0.4555299539170507,0.17488613713687193
77,"Transformers, Power Distribution (Incl. Fluid Fill TRANSFORMER, DISTRIBUTION, SINGLE PHASE, PAD MOUNT, 50 KVA, 120/240 VOLT, WITH BAYONET FUSING, PER SPEC E-1581 11May 18",7.0,EA,2023-01-09,AUSTIN,TX,,11MAY,28586,TRANSFORMER_POWER,1,"Transformers, Power Distribution (Incl. Fluid Fill TRANSFORMER, DISTRIBUTION, SINGLE PHASE, PAD MOUNT, 50 KVA, 120/240 VOLT, WITH BAYONET FUSING, PER SPEC E-1581 11May 18",4644.0,2.351095,4990.0,6.9339,True,1.0,1.0,0.0,1.0,0.0,1.0,0.4,4414.705,0.05193891777593295,0.9506255383290267,5,7,9,0.7,1.0,1.0,0.7999999999999999,0.8253127691645133,0.837593830749354
77,"Transformers, Power Distribution (Incl. Fluid Fill TRANSFORMER, DISTRIBUTION, SINGLE PHASE, PAD MOUNT, 50 KVA, 120/240 VOLT, WITH BAYONET FUSING, PER SPEC E-1581 11May 18",7.0,EA,2023-01-09,AUSTIN,TX,,11MAY,28586,TRANSFORMER_POWER,2,"Transformers, Power Distribution (Incl. Fluid Fill TRANSFORMER, DISTRIBUTION, SINGLE PHASE, PAD MOUNT, 50 KVA, 120/240 VOLT, WITH BAYONET FUSING, PER SPEC E-1581 11May 18",4876.0,2.216926,4990.0,2.2846,True,1.0,1.0,0.0,1.0,0.0,1.0,0.4,4414.705,0.10449056052442918,0.905394790812141,2,7,7,0.7,0.9301204216868412,0.5,0.7999999999999999,0.8026973954060705,0.8203272818748473
77,"Transformers, Power Distribution (Incl. Fluid Fill TRANSFORMER, DISTRIBUTION, SINGLE PHASE, PAD MOUNT, 50 KVA, 120/240 VOLT, WITH BAYONET FUSING, PER SPEC E-1581 11May 18",7.0,EA,2023-01-09,AUSTIN,TX,,11MAY,28586,TRANSFORMER_POWER,3,"Transformers, Power Distribution (Incl. Fluid Fill TRANSFORMER, DISTRIBUTION, SINGLE PHASE, PAD MOUNT, 50 KVA, 120/240 VOLT, WITH BAYONET FUSING, PER SPEC E-1581 11May 18",4429.41,1.038364,4990.0,11.2343,False,1.0,1.0,0.0,1.0,0.0,1.0,0.4,4414.705,0.0033309133905889358,0.9966801447596858,6,6,9,0.6,0.31628700580155344,0.3333333333333333,0.7999999999999999,0.7983400723798428,0.726945072584186
77,"Transformers, Power Distribution (Incl. Fluid Fill TRANSFORMER, DISTRIBUTION, SINGLE PHASE, PAD MOUNT, 50 KVA, 120/240 VOLT, WITH BAYONET FUSING, PER SPEC E-1581 11May 18",7.0,EA,2023-01-09,AUSTIN,TX,,11MAY,28586,TRANSFORMER_POWER,4,"Transformers, Power Distribution (Incl. Fluid Fill TRANSFORMER, DISTRIBUTION, SINGLE PHASE, PAD MOUNT, 50 KVA, 120/240 VOLT, WITH BAYONET FUSING, PER SPEC E-1581 11May 18",4429.41,0.960887,4990.0,11.2343,False,1.0,1.0,0.0,1.0,0.0,1.0,0.4,4414.705,0.0033309133905889358,0.9966801447596858,6,6,9,0.6,0.2759344646857323,0.25,0.7999999999999999,0.7983400723798428,0.7208921914168127
77,"Transformers, Power Distribution (Incl. Fluid Fill TRANSFORMER, DISTRIBUTION, SINGLE PHASE, PAD MOUNT, 50 KVA, 120/240 VOLT, WITH BAYONET FUSING, PER SPEC E-1581 11May 18",7.0,EA,2023-01-09,AUSTIN,TX,,11MAY,28586,TRANSFORMER_POWER,5,"Transformers, Power Distribution (Incl. Fluid Fill TRANSFORMER, DISTRIBUTION, SINGLE PHASE, PAD MOUNT, 50 KVA, 120/240 VOLT, WITH BAYONET FUSING, PER SPEC E-1581 11May 18",4400.0,0.7133,4990.0,11.8236,False,1.0,1.0,0.0,1.0,0.0,1.0,0.4,4414.705,0.0033309133905889358,0.9966801447596858,5,6,10,0.6,0.14698310367223388,0.2,0.7999999999999999,0.7983400723798428,0.7015494872647879
77,"Transformers, Power Distribution (Incl. Fluid Fill TRANSFORMER, DISTRIBUTION, SINGLE PHASE, PAD MOUNT, 50 KVA, 120/240 VOLT, WITH BAYONET FUSING, PER SPEC E-1581 11May 18",7.0,EA,2023-01-09,AUSTIN,TX,,11MAY,28586,TRANSFORMER_POWER,6,"Transformers, Power Distribution (Incl. Fluid Fill TRANSFORMER, DISTRIBUTION, SINGLE PHASE, PAD MOUNT, 50 KVA, 120/240 VOLT, WITH BAYONET FUSING, PER SPEC E-1581 11May 18",3765.0,0.692154,4990.0,24.5491,False,1.0,1.0,0.0,1.0,0.0,1.0,0.4,4414.705,0.14716838384444714,0.8717116110267534,2,3,8,0.3,0.1359695792141992,0.16666666666666666,0.7999999999999999,0.5858558055133767,0.6361521785361429
77,"Transformers, Power Distribution (Incl. Fluid Fill TRANSFORMER, DISTRIBUTION, SINGLE PHASE, PAD MOUNT, 50 KVA, 120/240 VOLT, WITH BAYONET FUSING, PER SPEC E-1581 11May 18",7.0,EA,2023-01-09,AUSTIN,TX,,11MAY,28586,TRANSFORMER_POWER,7,"Transformers, Power Distribution (Incl. Fluid Fill TRANSFORMER, DISTRIBUTION, SINGLE PHASE, PAD MOUNT, 50 KVA, 120/240 VOLT, WITH BAYONET FUSING, PER SPEC E-1581 11May 18",4400.0,0.68067,4990.0,11.8236,False,1.0,1.0,0.0,1.0,0.0,1.0,0.4,4414.705,0.0033309133905889358,0.9966801447596858,5,6,10,0.6,0.12998833855988767,0.14285714285714285,0.7999999999999999,0.7983400723798428,0.6990002724979361
77,"Transformers, Power Distribution (Incl. Fluid Fill TRANSFORMER, DISTRIBUTION, SINGLE PHASE, PAD MOUNT, 50 KVA, 120/240 VOLT, WITH BAYONET FUSING, PER SPEC E-1581 11May 18",7.0,EA,2023-01-09,AUSTIN,TX,,11MAY,28586,TRANSFORMER_POWER,8,"Transformers, Power Distribution (Incl. Fluid Fill TRANSFORMER, DISTRIBUTION, SINGLE PHASE, PAD MOUNT, 50 KVA, 120/240 VOLT, WITH BAYONET FUSING, PER SPEC E-1581 11May 18",3765.0,0.643888,4990.0,24.5491,False,1.0,1.0,0.0,1.0,0.0,1.0,0.4,4414.705,0.14716838384444714,0.8717116110267534,2,3,8,0.3,0.11083107682644248,0.125,0.7999999999999999,0.5858558055133767,0.6323814031779794
77,"Transformers, Power Distribution (Incl. Fluid Fill TRANSFORMER, DISTRIBUTION, SINGLE PHASE, PAD MOUNT, 50 KVA, 120/240 VOLT, WITH BAYONET FUSING, PER SPEC E-1581 11May 18",7.0,EA,2023-01-09,AUSTIN,TX,,11MAY,28586,TRANSFORMER_POWER,9,"Transformers, Power Distribution (Incl. Fluid Fill TRANSFORMER, DISTRIBUTION, SINGLE PHASE, PAD MOUNT, 50 KVA, 120/240 VOLT, WITH BAYONET FUSING, PER SPEC E-1581 11May 18",4429.41,0.485146,4990.0,11.2343,False,1.0,1.0,0.0,1.0,0.0,1.0,0.4,4414.705,0.0033309133905889358,0.9966801447596858,6,6,9,0.6,0.028153081010810946,0.1111111111111111,0.7999999999999999,0.7983400723798428,0.6837249838655746
77,"Transformers, Power Distribution (Incl. Fluid Fill TRANSFORMER, DISTRIBUTION, SINGLE PHASE, PAD MOUNT, 50 KVA, 120/240 VOLT, WITH BAYONET FUSING, PER SPEC E-1581 11May 18",7.0,EA,2023-01-09,AUSTIN,TX,,11MAY,28586,TRANSFORMER_POWER,10,"Transformers, Power Distribution (Incl. Fluid Fill TRANSFORMER, DISTRIBUTION, SINGLE PHASE, PAD MOUNT, 25 KVA, 120/240 VOLT, WITH BAYONET FUSING, PER SPEC E-1581 11May 18",3540.0,0.431092,4990.0,29.0581,False,0.9935069,0.0,0.0,1.0,0.0,0.8,0.4,4414.705,0.19813441668242837,0.8346308945610191,1,3,3,0.3,0.0,0.1,0.28,0.5673154472805095,0.32419463418415284
78,"Transformers, Power Distribution (Incl. Fluid Fill TRANSFORMER, 50 KVA, PADMOUNT, REDUCED SIZE, COMPARTMENTAL TYPE, SINGLE PHASE, DISTRIBUTION CLASS. IN ACCORDANCE WITH ELECTRIC DEPARTMENT ALL UNITS MUST HAVE A COPPER GROUNDING STRAP CONNECTED FROM THE X2 COPPER STUD TO A COPPER LUG LOCATED IN THE LOWER RIGHT HAND CORNER?. . SPECIFICATION E-0762-APRIL 15, 2019, LATEST REVISION. ON QUALIFIED PRODUCTS LIST EL-206.",1.0,EA,2023-01-09,AUSTIN,TX,,,28586,TRANSFORMER_POWER,1,"Transformers, Power Distribution (Incl. Fluid Fill TRANSFORMER, 50 KVA, PADMOUNT, REDUCED SIZE, COMPARTMENTAL TYPE, SINGLE PHASE, DISTRIBUTION CLASS. IN ACCORDANCE WITH ELECTRIC DEPARTMENT ALL UNITS MUST HAVE A COPPER GROUNDING STRAP CONNECTED FROM THE X2 COPPER STUD TO A COPPER LUG LOCATED IN THE LOWER RIGHT HAND CORNER?. . SPECIFICATION E-0762-APRIL 15, 2019, LATEST REVISION. ON QUALIFIED PRODUCTS LIST EL-206.",4400.0,0.4434,6500.0,32.3077,False,1.0,0.9999997019767761,0.0,0.0,0.0,1.0,0.0,3585.0,0.22733612273361228,0.8147727272727272,2,3,5,0.3,1.0,1.0,0.599999850988388,0.5573863636363636,0.6472158271345225
78,"Transformers, Power Distribution (Incl. Fluid Fill TRANSFORMER, 50 KVA, PADMOUNT, REDUCED SIZE, COMPARTMENTAL TYPE, SINGLE PHASE, DISTRIBUTION CLASS. IN ACCORDANCE WITH ELECTRIC DEPARTMENT ALL UNITS MUST HAVE A COPPER GROUNDING STRAP CONNECTED FROM THE X2 COPPER STUD TO A COPPER LUG LOCATED IN THE LOWER RIGHT HAND CORNER?. . SPECIFICATION E-0762-APRIL 15, 2019, LATEST REVISION. ON QUALIFIED PRODUCTS LIST EL-206.",1.0,EA,2023-01-09,AUSTIN,TX,,,28586,TRANSFORMER_POWER,2,"Transformers, Power Distribution (Incl. Fluid Fill TRANSFORMER, 50 KVA, PADMOUNT, REDUCED SIZE, COMPARTMENTAL TYPE, SINGLE PHASE, DISTRIBUTION CLASS. IN ACCORDANCE WITH ELECTRIC DEPARTMENT ALL UNITS MUST HAVE A COPPER GROUNDING STRAP CONNECTED FROM THE X2 COPPER STUD TO A COPPER LUG LOCATED IN THE LOWER RIGHT HAND CORNER?. . SPECIFICATION E-0762-APRIL 15, 2019, LATEST REVISION. ON QUALIFIED PRODUCTS LIST EL-206.",3390.0,0.423407,6500.0,47.8462,False,1.0,0.9999997019767761,0.0,0.0,0.0,1.0,0.0,3585.0,0.05439330543933055,0.9484126984126984,5,5,7,0.5,0.9863184496660874,0.5,0.599999850988388,0.7242063492063492,0.6952095902554313
78,"Transformers, Power Distribution (Incl. Fluid Fill TRANSFORMER, 50 KVA, PADMOUNT, REDUCED SIZE, COMPARTMENTAL TYPE, SINGLE PHASE, DISTRIBUTION CLASS. IN ACCORDANCE WITH ELECTRIC DEPARTMENT ALL UNITS MUST HAVE A COPPER GROUNDING STRAP CONNECTED FROM THE X2 COPPER STUD TO A COPPER LUG LOCATED IN THE LOWER RIGHT HAND CORNER?. . SPECIFICATION E-0762-APRIL 15, 2019, LATEST REVISION. ON QUALIFIED PRODUCTS LIST EL-206.",1.0,EA,2023-01-09,AUSTIN,TX,,,28586,TRANSFORMER_POWER,3,"Transformers, Power Distribution (Incl. Fluid Fill TRANSFORMER, 50 KVA, PADMOUNT, REDUCED SIZE, COMPARTMENTAL TYPE, SINGLE PHASE, DISTRIBUTION CLASS. IN ACCORDANCE WITH ELECTRIC DEPARTMENT ALL UNITS MUST HAVE A COPPER GROUNDING STRAP CONNECTED FROM THE X2 COPPER STUD TO A COPPER LUG LOCATED IN THE LOWER RIGHT HAND CORNER?. . SPECIFICATION E-0762-APRIL 15, 2019, LATEST REVISION. ON QUALIFIED PRODUCTS LIST EL-206.",4400.0,0.393099,6500.0,32.3077,False,1.0000001,1.0,0.0,0.0,0.0,1.0,0.0,3585.0,0.22733612273361228,0.8147727272727272,2,3,5,0.3,0.9655781691919106,0.3333333333333333,0.6,0.5573863636363636,0.6420526344696956
78,"Transformers, Power Distribution (Incl. Fluid Fill TRANSFORMER, 50 KVA, PADMOUNT, REDUCED SIZE, COMPARTMENTAL TYPE, SINGLE PHASE, DISTRIBUTION CLASS. IN ACCORDANCE WITH ELECTRIC DEPARTMENT ALL UNITS MUST HAVE A COPPER GROUNDING STRAP CONNECTED FROM THE X2 COPPER STUD TO A COPPER LUG LOCATED IN THE LOWER RIGHT HAND CORNER?. . SPECIFICATION E-0762-APRIL 15, 2019, LATEST REVISION. ON QUALIFIED PRODUCTS LIST EL-206.",1.0,EA,2023-01-09,AUSTIN,TX,,,28586,TRANSFORMER_POWER,4,"Transformers, Power Distribution (Incl. Fluid Fill TRANSFORMER, 50 KVA, PADMOUNT, REDUCED SIZE, COMPARTMENTAL TYPE, SINGLE PHASE, DISTRIBUTION CLASS. IN ACCORDANCE WITH ELECTRIC DEPARTMENT ALL UNITS MUST HAVE A COPPER GROUNDING STRAP CONNECTED FROM THE X2 COPPER STUD TO A COPPER LUG LOCATED IN THE LOWER RIGHT HAND CORNER?. . SPECIFICATION E-0762-APRIL 15, 2019, LATEST REVISION. ON QUALIFIED PRODUCTS LIST EL-206.",3390.0,0.277528,6500.0,47.8462,False,1.0000001,1.0,0.0,0.0,0.0,1.0,0.0,3585.0,0.05439330543933055,0.9484126984126984,5,5,7,0.5,0.8864909659887594,0.25,0.6,0.7242063492063492,0.6802355496602186
78,"Transformers, Power Distribution (Incl. Fluid Fill TRANSFORMER, 50 KVA, PADMOUNT, REDUCED SIZE, COMPARTMENTAL TYPE, SINGLE PHASE, DISTRIBUTION CLASS. IN ACCORDANCE WITH ELECTRIC DEPARTMENT ALL UNITS MUST HAVE A COPPER GROUNDING STRAP CONNECTED FROM THE X2 COPPER STUD TO A COPPER LUG LOCATED IN THE LOWER RIGHT HAND CORNER?. . SPECIFICATION E-0762-APRIL 15, 2019, LATEST REVISION. ON QUALIFIED PRODUCTS LIST EL-206.",1.0,EA,2023-01-09,AUSTIN,TX,,,28586,TRANSFORMER_POWER,5,"Transformers, Power Distribution (Incl. Fluid Fill TRANSFORMER, 50 KVA, PADMOUNT, REDUCED SIZE, COMPARTMENTAL TYPE, SINGLE PHASE, DISTRIBUTION CLASS. IN ACCORDANCE WITH ELECTRIC DEPARTMENT ALL UNITS MUST HAVE A COPPER GROUNDING STRAP CONNECTED FROM THE X2 COPPER STUD TO A COPPER LUG LOCATED IN THE LOWER RIGHT HAND CORNER?. . SPECIFICATION E-0762-APRIL 15, 2019, LATEST REVISION. ON QUALIFIED PRODUCTS LIST EL-206.",3400.0,-0.333306,6500.0,47.6923,False,1.0,0.9999997019767761,0.0,0.0,0.0,1.0,0.0,3585.0,0.05160390516039052,0.9509283819628648,5,5,7,0.5,0.4684868587179594,0.2,0.599999850988388,0.7254641909814323,0.6179122041457371
78,"Transformers, Power Distribution (Incl. Fluid Fill TRANSFORMER, 50 KVA, PADMOUNT, REDUCED SIZE, COMPARTMENTAL TYPE, SINGLE PHASE, DISTRIBUTION CLASS. IN ACCORDANCE WITH ELECTRIC DEPARTMENT ALL UNITS MUST HAVE A COPPER GROUNDING STRAP CONNECTED FROM THE X2 COPPER STUD TO A COPPER LUG LOCATED IN THE LOWER RIGHT HAND CORNER?. . SPECIFICATION E-0762-APRIL 15, 2019, LATEST REVISION. ON QUALIFIED PRODUCTS LIST EL-206.",1.0,EA,2023-01-09,AUSTIN,TX,,,28586,TRANSFORMER_POWER,6,"Transformers, Power Distribution (Incl. Fluid Fill TRANSFORMER, DISTRIBUTION, SINGLE PHASE, PAD MOUNT, 50 KVA, 120/240 VOLT, WITH BAYONET FUSING, PER SPEC E-1581 11May 18",4644.0,-0.404967,6500.0,28.5538,False,0.606337,0.0,0.0,0.0,0.0,0.16666666666666666,0.0,3585.0,0.295397489539749,0.7719638242894056,1,3,5,0.3,0.4194480161991526,0.16666666666666666,0.016666666666666666,0.5359819121447028,0.2328784427399504
78,"Transformers, Power Distribution (Incl. Fluid Fill TRANSFORMER, 50 KVA, PADMOUNT, REDUCED SIZE, COMPARTMENTAL TYPE, SINGLE PHASE, DISTRIBUTION CLASS. IN ACCORDANCE WITH ELECTRIC DEPARTMENT ALL UNITS MUST HAVE A COPPER GROUNDING STRAP CONNECTED FROM THE X2 COPPER STUD TO A COPPER LUG LOCATED IN THE LOWER RIGHT HAND CORNER?. . SPECIFICATION E-0762-APRIL 15, 2019, LATEST REVISION. ON QUALIFIED PRODUCTS LIST EL-206.",1.0,EA,2023-01-09,AUSTIN,TX,,,28586,TRANSFORMER_POWER,7,"Transformers, Power Distribution (Incl. Fluid Fill TRANSFORMER, 50 KVA, PADMOUNT, REDUCED SIZE, COMPARTMENTAL TYPE, SINGLE PHASE, DISTRIBUTION CLASS. IN ACCORDANCE WITH ELECTRIC DEPARTMENT ALL UNITS MUST HAVE A COPPER GROUNDING STRAP CONNECTED FROM THE X2 COPPER STUD TO A COPPER LUG LOCATED IN THE LOWER RIGHT HAND CORNER?. . SPECIFICATION E-0762-APRIL 15, 2019, LATEST REVISION. ON QUALIFIED PRODUCTS LIST EL-206.",3390.0,-0.596561,6500.0,47.8462,False,1.0000001,1.0,0.0,0.0,0.0,1.0,0.0,3585.0,0.05439330543933055,0.9484126984126984,5,5,7,0.5,0.2883369796025623,0.14285714285714285,0.6,0.7242063492063492,0.590512451702289
78,"Transformers, Power Distribution (Incl. Fluid Fill TRANSFORMER, 50 KVA, PADMOUNT, REDUCED SIZE, COMPARTMENTAL TYPE, SINGLE PHASE, DISTRIBUTION CLASS. IN ACCORDANCE WITH ELECTRIC DEPARTMENT ALL UNITS MUST HAVE A COPPER GROUNDING STRAP CONNECTED FROM THE X2 COPPER STUD TO A COPPER LUG LOCATED IN THE LOWER RIGHT HAND CORNER?. . SPECIFICATION E-0762-APRIL 15, 2019, LATEST REVISION. ON QUALIFIED PRODUCTS LIST EL-206.",1.0,EA,2023-01-09,AUSTIN,TX,,,28586,TRANSFORMER_POWER,8,"Transformers, Power Distribution (Incl. Fluid Fill TRANSFORMER, DISTRIBUTION, SINGLE PHASE, POLE MOUNT, DOE, 50KVA, 277/480 VOLT, 2 WIRE, 2 HV BUSHINGS WITH TANK MOUNTED ARRESTER, SPEC E-1579 11May 18.",3770.0,-0.923397,6500.0,42.0,False,0.6517067,0.11525002866983414,0.0,0.0,0.0,0.0,0.0,3585.0,0.05160390516039052,0.9509283819628648,2,4,9,0.4,0.06467753955181339,0.125,0.05762501433491707,0.6754641909814324,0.24403464611140613
78,"Transformers, Power Distribution (Incl. Fluid Fill TRANSFORMER, 50 KVA, PADMOUNT, REDUCED SIZE, COMPARTMENTAL TYPE, SINGLE PHASE, DISTRIBUTION CLASS. IN ACCORDANCE WITH ELECTRIC DEPARTMENT ALL UNITS MUST HAVE A COPPER GROUNDING STRAP CONNECTED FROM THE X2 COPPER STUD TO A COPPER LUG LOCATED IN THE LOWER RIGHT HAND CORNER?. . SPECIFICATION E-0762-APRIL 15, 2019, LATEST REVISION. ON QUALIFIED PRODUCTS LIST EL-206.",1.0,EA,2023-01-09,AUSTIN,TX,,,28586,TRANSFORMER_POWER,9,"Transformers, Power Distribution (Incl. Fluid Fill TRANSFORMER, 50 KVA, PADMOUNT, REDUCED SIZE, COMPARTMENTAL TYPE, SINGLE PHASE, DISTRIBUTION CLASS. IN ACCORDANCE WITH ELECTRIC DEPARTMENT ALL UNITS MUST HAVE A COPPER GROUNDING STRAP CONNECTED FROM THE X2 COPPER STUD TO A COPPER LUG LOCATED IN THE LOWER RIGHT HAND CORNER?. . SPECIFICATION E-0762-APRIL 15, 2019, LATEST REVISION. ON QUALIFIED PRODUCTS LIST EL-206.",3400.0,-0.991867,6500.0,47.6923,False,1.0,0.9999997019767761,0.0,0.0,0.0,1.0,0.0,3585.0,0.05160390516039052,0.9509283819628648,5,5,7,0.5,0.017822352668254708,0.1111111111111111,0.599999850988388,0.7254641909814323,0.5503125282382814
78,"Transformers, Power Distribution (Incl. Fluid Fill TRANSFORMER, 50 KVA, PADMOUNT, REDUCED SIZE, COMPARTMENTAL TYPE, SINGLE PHASE, DISTRIBUTION CLASS. IN ACCORDANCE WITH ELECTRIC DEPARTMENT ALL UNITS MUST HAVE A COPPER GROUNDING STRAP CONNECTED FROM THE X2 COPPER STUD TO A COPPER LUG LOCATED IN THE LOWER RIGHT HAND CORNER?. . SPECIFICATION E-0762-APRIL 15, 2019, LATEST REVISION. ON QUALIFIED PRODUCTS LIST EL-206.",1.0,EA,2023-01-09,AUSTIN,TX,,,28586,TRANSFORMER_POWER,10,"Transformers, Power Distribution (Incl. Fluid Fill TRANSFORMER, DISTRIBUTION, SINGLE PHASE, POLE MOUNT, DOE, 50KVA, 277/480 VOLT, 2 WIRE, 2 HV BUSHINGS WITH TANK MOUNTED ARRESTER, SPEC E-1579 11May 18.",3770.0,-1.017911,6500.0,42.0,False,0.6517067,0.11525002866983414,0.0,0.0,0.0,0.0,0.0,3585.0,0.05160390516039052,0.9509283819628648,2,4,9,0.4,0.0,0.1,0.05762501433491707,0.6754641909814324,0.2343330151786341
79,"Transformers, Power Distribution (Incl. Fluid Fill TRANSFORMER, DISTRIBUTION, SINGLE PHASE, PAD MOUNT, 50 KVA, 120/240 VOLT, WITH BAYONET FUSING, PER SPEC E-1581 11May 18",7.0,EA,2023-01-09,AUSTIN,TX,,11MAY,28586,TRANSFORMER_POWER,1,"Transformers, Power Distribution (Incl. Fluid Fill TRANSFORMER, DISTRIBUTION, SINGLE PHASE, PAD MOUNT, 50 KVA, 120/240 VOLT, WITH BAYONET FUSING, PER SPEC E-1581 11May 18",4644.0,2.351095,4990.0,6.9339,True,1.0,1.0,0.0,1.0,0.0,1.0,0.4,4414.705,0.05193891777593295,0.9506255383290267,5,7,9,0.7,1.0,1.0,0.7999999999999999,0.8253127691645133,0.837593830749354
79,"Transformers, Power Distribution (Incl. Fluid Fill TRANSFORMER, DISTRIBUTION, SINGLE PHASE, PAD MOUNT, 50 KVA, 120/240 VOLT, WITH BAYONET FUSING, PER SPEC E-1581 11May 18",7.0,EA,2023-01-09,AUSTIN,TX,,11MAY,28586,TRANSFORMER_POWER,2,"Transformers, Power Distribution (Incl. Fluid Fill TRANSFORMER, DISTRIBUTION, SINGLE PHASE, PAD MOUNT, 50 KVA, 120/240 VOLT, WITH BAYONET FUSING, PER SPEC E-1581 11May 18",4876.0,2.216926,4990.0,2.2846,True,1.0,1.0,0.0,1.0,0.0,1.0,0.4,4414.705,0.10449056052442918,0.905394790812141,2,7,7,0.7,0.9301204216868412,0.5,0.7999999999999999,0.8026973954060705,0.8203272818748473
79,"Transformers, Power Distribution (Incl. Fluid Fill TRANSFORMER, DISTRIBUTION, SINGLE PHASE, PAD MOUNT, 50 KVA, 120/240 VOLT, WITH BAYONET FUSING, PER SPEC E-1581 11May 18",7.0,EA,2023-01-09,AUSTIN,TX,,11MAY,28586,TRANSFORMER_POWER,3,"Transformers, Power Distribution (Incl. Fluid Fill TRANSFORMER, DISTRIBUTION, SINGLE PHASE, PAD MOUNT, 50 KVA, 120/240 VOLT, WITH BAYONET FUSING, PER SPEC E-1581 11May 18",4429.41,1.038364,4990.0,11.2343,False,1.0,1.0,0.0,1.0,0.0,1.0,0.4,4414.705,0.0033309133905889358,0.9966801447596858,6,6,9,0.6,0.31628700580155344,0.3333333333333333,0.7999999999999999,0.7983400723798428,0.726945072584186
79,"Transformers, Power Distribution (Incl. Fluid Fill TRANSFORMER, DISTRIBUTION, SINGLE PHASE, PAD MOUNT, 50 KVA, 120/240 VOLT, WITH BAYONET FUSING, PER SPEC E-1581 11May 18",7.0,EA,2023-01-09,AUSTIN,TX,,11MAY,28586,TRANSFORMER_POWER,4,"Transformers, Power Distribution (Incl. Fluid Fill TRANSFORMER, DISTRIBUTION, SINGLE PHASE, PAD MOUNT, 50 KVA, 120/240 VOLT, WITH BAYONET FUSING, PER SPEC E-1581 11May 18",4429.41,0.960887,4990.0,11.2343,False,1.0,1.0,0.0,1.0,0.0,1.0,0.4,4414.705,0.0033309133905889358,0.9966801447596858,6,6,9,0.6,0.2759344646857323,0.25,0.7999999999999999,0.7983400723798428,0.7208921914168127
79,"Transformers, Power Distribution (Incl. Fluid Fill TRANSFORMER, DISTRIBUTION, SINGLE PHASE, PAD MOUNT, 50 KVA, 120/240 VOLT, WITH BAYONET FUSING, PER SPEC E-1581 11May 18",7.0,EA,2023-01-09,AUSTIN,TX,,11MAY,28586,TRANSFORMER_POWER,5,"Transformers, Power Distribution (Incl. Fluid Fill TRANSFORMER, DISTRIBUTION, SINGLE PHASE, PAD MOUNT, 50 KVA, 120/240 VOLT, WITH BAYONET FUSING, PER SPEC E-1581 11May 18",4400.0,0.7133,4990.0,11.8236,False,1.0,1.0,0.0,1.0,0.0,1.0,0.4,4414.705,0.0033309133905889358,0.9966801447596858,5,6,10,0.6,0.14698310367223388,0.2,0.7999999999999999,0.7983400723798428,0.7015494872647879
79,"Transformers, Power Distribution (Incl. Fluid Fill TRANSFORMER, DISTRIBUTION, SINGLE PHASE, PAD MOUNT, 50 KVA, 120/240 VOLT, WITH BAYONET FUSING, PER SPEC E-1581 11May 18",7.0,EA,2023-01-09,AUSTIN,TX,,11MAY,28586,TRANSFORMER_POWER,6,"Transformers, Power Distribution (Incl. Fluid Fill TRANSFORMER, DISTRIBUTION, SINGLE PHASE, PAD MOUNT, 50 KVA, 120/240 VOLT, WITH BAYONET FUSING, PER SPEC E-1581 11May 18",3765.0,0.692154,4990.0,24.5491,False,1.0,1.0,0.0,1.0,0.0,1.0,0.4,4414.705,0.14716838384444714,0.8717116110267534,2,3,8,0.3,0.1359695792141992,0.16666666666666666,0.7999999999999999,0.5858558055133767,0.6361521785361429
79,"Transformers, Power Distribution (Incl. Fluid Fill TRANSFORMER, DISTRIBUTION, SINGLE PHASE, PAD MOUNT, 50 KVA, 120/240 VOLT, WITH BAYONET FUSING, PER SPEC E-1581 11May 18",7.0,EA,2023-01-09,AUSTIN,TX,,11MAY,28586,TRANSFORMER_POWER,7,"Transformers, Power Distribution (Incl. Fluid Fill TRANSFORMER, DISTRIBUTION, SINGLE PHASE, PAD MOUNT, 50 KVA, 120/240 VOLT, WITH BAYONET FUSING, PER SPEC E-1581 11May 18",4400.0,0.68067,4990.0,11.8236,False,1.0,1.0,0.0,1.0,0.0,1.0,0.4,4414.705,0.0033309133905889358,0.9966801447596858,5,6,10,0.6,0.12998833855988767,0.14285714285714285,0.7999999999999999,0.7983400723798428,0.6990002724979361
79,"Transformers, Power Distribution (Incl. Fluid Fill TRANSFORMER, DISTRIBUTION, SINGLE PHASE, PAD MOUNT, 50 KVA, 120/240 VOLT, WITH BAYONET FUSING, PER SPEC E-1581 11May 18",7.0,EA,2023-01-09,AUSTIN,TX,,11MAY,28586,TRANSFORMER_POWER,8,"Transformers, Power Distribution (Incl. Fluid Fill TRANSFORMER, DISTRIBUTION, SINGLE PHASE, PAD MOUNT, 50 KVA, 120/240 VOLT, WITH BAYONET FUSING, PER SPEC E-1581 11May 18",3765.0,0.643888,4990.0,24.5491,False,1.0,1.0,0.0,1.0,0.0,1.0,0.4,4414.705,0.14716838384444714,0.8717116110267534,2,3,8,0.3,0.11083107682644248,0.125,0.7999999999999999,0.5858558055133767,0.6323814031779794
79,"Transformers, Power Distribution (Incl. Fluid Fill TRANSFORMER, DISTRIBUTION, SINGLE PHASE, PAD MOUNT, 50 KVA, 120/240 VOLT, WITH BAYONET FUSING, PER SPEC E-1581 11May 18",7.0,EA,2023-01-09,AUSTIN,TX,,11MAY,28586,TRANSFORMER_POWER,9,"Transformers, Power Distribution (Incl. Fluid Fill TRANSFORMER, DISTRIBUTION, SINGLE PHASE, PAD MOUNT, 50 KVA, 120/240 VOLT, WITH BAYONET FUSING, PER SPEC E-1581 11May 18",4429.41,0.485146,4990.0,11.2343,False,1.0,1.0,0.0,1.0,0.0,1.0,0.4,4414.705,0.0033309133905889358,0.9966801447596858,6,6,9,0.6,0.028153081010810946,0.1111111111111111,0.7999999999999999,0.7983400723798428,0.6837249838655746
79,"Transformers, Power Distribution (Incl. Fluid Fill TRANSFORMER, DISTRIBUTION, SINGLE PHASE, PAD MOUNT, 50 KVA, 120/240 VOLT, WITH BAYONET FUSING, PER SPEC E-1581 11May 18",7.0,EA,2023-01-09,AUSTIN,TX,,11MAY,28586,TRANSFORMER_POWER,10,"Transformers, Power Distribution (Incl. Fluid Fill TRANSFORMER, DISTRIBUTION, SINGLE PHASE, PAD MOUNT, 25 KVA, 120/240 VOLT, WITH BAYONET FUSING, PER SPEC E-1581 11May 18",3540.0,0.431092,4990.0,29.0581,False,0.9935069,0.0,0.0,1.0,0.0,0.8,0.4,4414.705,0.19813441668242837,0.8346308945610191,1,3,3,0.3,0.0,0.1,0.28,0.5673154472805095,0.32419463418415284
80,PERSONAL PROTECTIVE EQUIPMENT ENSEMBLE Purchase of rubber glove replacement Size 10 -- Class 0 Size 11 -- Class 0 Size 9 -- Class 0 Size 10 -- Class 2 Supervisor -- Maness,4.0,EA,2023-01-09,AUSTIN,TX,,,2003158,SAFETY_EQUIPMENT,1,PERSONAL PROTECTIVE EQUIPMENT ENSEMBLE Purchase of replacement rubber gloves that failed 2 each size 10 class 0 2 each size 11 class 0 2 each size 9 class 0 supervisor Tucker,95.0,1.528611,140.0,32.1429,False,0.89905405,0.8725577592849731,0.0,0.0,0.0,1.0,0.0,95.0,0.0,1.0,5,5,7,0.5,1.0,1.0,0.5362788796424866,0.75,0.6699533838033677
80,PERSONAL PROTECTIVE EQUIPMENT ENSEMBLE Purchase of rubber glove replacement Size 10 -- Class 0 Size 11 -- Class 0 Size 9 -- Class 0 Size 10 -- Class 2 Supervisor -- Maness,4.0,EA,2023-01-09,AUSTIN,TX,,,2003158,SAFETY_EQUIPMENT,2,PERSONAL PROTECTIVE EQUIPMENT ENSEMBLE Purchase of replacement gloves Supervisor Norris E. 1 pair Size 9 class 2 1 pair Size 10 Class 2,276.0,1.213156,140.0,97.1429,False,0.87112486,0.7802122235298157,0.0,0.0,0.0,0.6,0.0,95.0,1.9052631578947368,0.3442028985507246,2,2,2,0.2,0.7614624024729783,0.5,0.45010611176490783,0.2721014492753623,0.4434081566242547
80,PERSONAL PROTECTIVE EQUIPMENT ENSEMBLE Purchase of rubber glove replacement Size 10 -- Class 0 Size 11 -- Class 0 Size 9 -- Class 0 Size 10 -- Class 2 Supervisor -- Maness,4.0,EA,2023-01-09,AUSTIN,TX,,,2003158,SAFETY_EQUIPMENT,3,PERSONAL PROTECTIVE EQUIPMENT ENSEMBLE replaced of rubber gloves 6 each of size 9 class 0 14 each of size 10 class 0 supervisor Cobler,95.0,0.595133,140.0,32.1429,False,0.8848696,0.8256579637527466,0.0,0.0,0.0,0.6,0.0,95.0,0.0,1.0,5,5,7,0.5,0.29413196980764544,0.3333333333333333,0.4728289818763733,0.75,0.5291757355031521
80,PERSONAL PROTECTIVE EQUIPMENT ENSEMBLE Purchase of rubber glove replacement Size 10 -- Class 0 Size 11 -- Class 0 Size 9 -- Class 0 Size 10 -- Class 2 Supervisor -- Maness,4.0,EA,2023-01-09,AUSTIN,TX,,,2003158,SAFETY_EQUIPMENT,4,PERSONAL PROTECTIVE EQUIPMENT ENSEMBLE,95.0,0.489751,140.0,32.1429,False,0.6351559,0.0,0.0,0.0,0.0,0.0,0.0,95.0,0.0,1.0,5,5,7,0.5,0.21444526614914394,0.25,0.0,0.75,0.2571667899223716
80,PERSONAL PROTECTIVE EQUIPMENT ENSEMBLE Purchase of rubber glove replacement Size 10 -- Class 0 Size 11 -- Class 0 Size 9 -- Class 0 Size 10 -- Class 2 Supervisor -- Maness,4.0,EA,2023-01-09,AUSTIN,TX,,,2003158,SAFETY_EQUIPMENT,5,PERSONAL PROTECTIVE EQUIPMENT ENSEMBLE,95.0,0.489751,140.0,32.1429,False,0.6351559,0.0,0.0,0.0,0.0,0.0,0.0,95.0,0.0,1.0,5,5,7,0.5,0.21444526614914394,0.2,0.0,0.75,0.2571667899223716
80,PERSONAL PROTECTIVE EQUIPMENT ENSEMBLE Purchase of rubber glove replacement Size 10 -- Class 0 Size 11 -- Class 0 Size 9 -- Class 0 Size 10 -- Class 2 Supervisor -- Maness,4.0,EA,2023-01-09,AUSTIN,TX,,,2003158,SAFETY_EQUIPMENT,6,PERSONAL PROTECTIVE EQUIPMENT ENSEMBLE Purchase of replacement rubber gloves Class 0 -- size 10 -- Pair 1ea Class 0 -- Size 9 -- Pair 2ea Supervisor -- N. Eason,78.0,0.457254,140.0,44.2857,False,0.93759793,1.0,0.0,0.0,0.0,0.6,0.0,95.0,0.17894736842105263,0.8482142857142856,2,2,3,0.2,0.1898720106710706,0.16666666666666666,0.56,0.5241071428571428,0.49371294445780345
80,PERSONAL PROTECTIVE EQUIPMENT ENSEMBLE Purchase of rubber glove replacement Size 10 -- Class 0 Size 11 -- Class 0 Size 9 -- Class 0 Size 10 -- Class 2 Supervisor -- Maness,4.0,EA,2023-01-09,AUSTIN,TX,,,2003158,SAFETY_EQUIPMENT,7,PERSONAL PROTECTIVE EQUIPMENT ENSEMBLE Purchase of replacement rubber gloves 1ea SIZE 10 CL 0 3ea size 9 RH CL 0 1ea size 10 LH CL 2 2ea size 9 PR CL 0 1ea size 10 CL 2 1ea size 10 CL 2,92.8,0.370874,140.0,33.7143,False,0.84075534,0.6797978281974792,0.0,0.0,0.0,0.8,0.0,95.0,0.023157894736842134,0.977366255144033,5,5,7,0.5,0.12455404876086425,0.14285714285714285,0.41989891409873964,0.7386831275720165,0.4712324483400414
80,PERSONAL PROTECTIVE EQUIPMENT ENSEMBLE Purchase of rubber glove replacement Size 10 -- Class 0 Size 11 -- Class 0 Size 9 -- Class 0 Size 10 -- Class 2 Supervisor -- Maness,4.0,EA,2023-01-09,AUSTIN,TX,,,2003158,SAFETY_EQUIPMENT,8,PERSONAL PROTECTIVE EQUIPMENT ENSEMBLE Purchase of replacement rubber gloves CL-0 Size 10.5 2 pr. CL-0 Size 8 1 pr. CL-2 Size 10.5 2 pr. Supervisor : N/A,143.2,0.259124,140.0,2.2857,True,0.88555396,0.8279207944869995,0.0,0.0,0.0,0.4,0.0,95.0,0.5073684210526315,0.6634078212290503,1,1,1,0.1,0.040052054740656394,0.125,0.4539603972434998,0.38170391061452513,0.37019719987938093
80,PERSONAL PROTECTIVE EQUIPMENT ENSEMBLE Purchase of rubber glove replacement Size 10 -- Class 0 Size 11 -- Class 0 Size 9 -- Class 0 Size 10 -- Class 2 Supervisor -- Maness,4.0,EA,2023-01-09,AUSTIN,TX,,,2003158,SAFETY_EQUIPMENT,9,PERSONAL PROTECTIVE EQUIPMENT ENSEMBLE Replacement of failed rubber gloves 2ea class 0 size 10 1ea class O size 9 Super -- Wilhite / Hernandez,78.0,0.23452,140.0,44.2857,False,0.83715284,0.6678864359855652,0.0,0.0,0.0,0.6,0.0,95.0,0.17894736842105263,0.8482142857142856,2,2,3,0.2,0.021447248826802292,0.1111111111111111,0.3939432179927826,0.5241071428571428,0.3771180000771936
80,PERSONAL PROTECTIVE EQUIPMENT ENSEMBLE Purchase of rubber glove replacement Size 10 -- Class 0 Size 11 -- Class 0 Size 9 -- Class 0 Size 10 -- Class 2 Supervisor -- Maness,4.0,EA,2023-01-09,AUSTIN,TX,,,2003158,SAFETY_EQUIPMENT,10,PERSONAL PROTECTIVE EQUIPMENT ENSEMBLE Purchase of class 2 gloves 2 each of size 10 1 each of class 2 size 9 supervisor Schuffield,276.0,0.206157,140.0,97.1429,False,0.8402805,0.6782277226448059,0.0,0.0,0.0,0.6,0.0,95.0,1.9052631578947368,0.3442028985507246,2,2,2,0.2,0.0,0.1,0.39911386132240295,0.2721014492753623,0.30114305850993034
81,PERSONAL PROTECTIVE EQUIPMENT ENSEMBLE Purchase of rubber glove replacement Size 10 -- Class 0 Size 10 -- Class 0 Supervisor -- Hern / Wilhite,4.0,EA,2023-01-09,AUSTIN,TX,,,2003158,SAFETY_EQUIPMENT,1,PERSONAL PROTECTIVE EQUIPMENT ENSEMBLE Purchase of replacement rubber gloves that failed 2 each size 10 class 0 2 each size 11 class 0 2 each size 9 class 0 supervisor Tucker,95.0,1.60359,60.0,58.3333,False,0.8529644,0.846751868724823,0.0,0.0,0.0,1.0,0.0,95.0,0.0,1.0,3,3,6,0.3,1.0,1.0,0.5233759343624115,0.65,0.6328567638993263
81,PERSONAL PROTECTIVE EQUIPMENT ENSEMBLE Purchase of rubber glove replacement Size 10 -- Class 0 Size 10 -- Class 0 Supervisor -- Hern / Wilhite,4.0,EA,2023-01-09,AUSTIN,TX,,,2003158,SAFETY_EQUIPMENT,2,PERSONAL PROTECTIVE EQUIPMENT ENSEMBLE Purchase of replacement gloves Supervisor Norris E. 1 pair Size 9 class 2 1 pair Size 10 Class 2,276.0,1.182859,60.0,360.0,False,0.8213072,0.7458428144454956,0.0,0.0,0.0,0.5,0.0,95.0,1.9052631578947368,0.3442028985507246,2,2,2,0.2,0.7052150048309789,0.5,0.4229214072227478,0.2721014492753623,0.4200194594797668
81,PERSONAL PROTECTIVE EQUIPMENT ENSEMBLE Purchase of rubber glove replacement Size 10 -- Class 0 Size 10 -- Class 0 Supervisor -- Hern / Wilhite,4.0,EA,2023-01-09,AUSTIN,TX,,,2003158,SAFETY_EQUIPMENT,3,PERSONAL PROTECTIVE EQUIPMENT ENSEMBLE replaced of rubber gloves 6 each of size 9 class 0 14 each of size 10 class 0 supervisor Cobler,95.0,0.581568,60.0,58.3333,False,0.8581202,0.863186240196228,0.0,0.0,0.0,1.0,0.0,95.0,0.0,1.0,3,3,6,0.3,0.28392072290220255,0.3333333333333333,0.531593120098114,0.65,0.5299643244892931
81,PERSONAL PROTECTIVE EQUIPMENT ENSEMBLE Purchase of rubber glove replacement Size 10 -- Class 0 Size 10 -- Class 0 Supervisor -- Hern / Wilhite,4.0,EA,2023-01-09,AUSTIN,TX,,,2003158,SAFETY_EQUIPMENT,4,PERSONAL PROTECTIVE EQUIPMENT ENSEMBLE Purchase of replacement rubber gloves Class 0 -- size 10 -- Pair 1ea Class 0 -- Size 9 -- Pair 2ea Supervisor -- N. Eason,78.0,0.395231,60.0,30.0,False,0.90104145,1.0,0.0,0.0,0.0,1.0,0.0,95.0,0.17894736842105263,0.8482142857142856,3,3,4,0.3,0.15336378356374192,0.25,0.6,0.5741071428571428,0.525236710391704
81,PERSONAL PROTECTIVE EQUIPMENT ENSEMBLE Purchase of rubber glove replacement Size 10 -- Class 0 Size 10 -- Class 0 Supervisor -- Hern / Wilhite,4.0,EA,2023-01-09,AUSTIN,TX,,,2003158,SAFETY_EQUIPMENT,5,PERSONAL PROTECTIVE EQUIPMENT ENSEMBLE Purchase of replacement rubber gloves 1ea SIZE 10 CL 0 3ea size 9 RH CL 0 1ea size 10 LH CL 2 2ea size 9 PR CL 0 1ea size 10 CL 2 1ea size 10 CL 2,92.8,0.357725,60.0,54.6667,False,0.7861593,0.6338070034980774,0.0,0.0,0.0,1.0,0.0,95.0,0.023157894736842134,0.977366255144033,3,3,6,0.3,0.1270852207081185,0.2,0.4169035017490387,0.6386831275720165,0.439964647339794
81,PERSONAL PROTECTIVE EQUIPMENT ENSEMBLE Purchase of rubber glove replacement Size 10 -- Class 0 Size 10 -- Class 0 Supervisor -- Hern / Wilhite,4.0,EA,2023-01-09,AUSTIN,TX,,,2003158,SAFETY_EQUIPMENT,6,PERSONAL PROTECTIVE EQUIPMENT ENSEMBLE Replacement of failed rubber gloves 2ea class 0 size 10 1ea class O size 9 Super -- Wilhite / Hernandez,78.0,0.303327,60.0,30.0,False,0.86064434,0.8712320923805237,0.0,0.0,0.0,1.0,0.0,95.0,0.17894736842105263,0.8482142857142856,3,3,4,0.3,0.08897128527858178,0.16666666666666666,0.5356160461902618,0.5741071428571428,0.48016666105357414
81,PERSONAL PROTECTIVE EQUIPMENT ENSEMBLE Purchase of rubber glove replacement Size 10 -- Class 0 Size 10 -- Class 0 Supervisor -- Hern / Wilhite,4.0,EA,2023-01-09,AUSTIN,TX,,,2003158,SAFETY_EQUIPMENT,7,PERSONAL PROTECTIVE EQUIPMENT ENSEMBLE Purchase of class 2 gloves 2 each of size 10 1 each of class 2 size 9 supervisor Schuffield,276.0,0.292091,60.0,360.0,False,0.7730373,0.5919800400733948,0.0,0.0,0.0,0.5,0.0,95.0,1.9052631578947368,0.3442028985507246,2,2,2,0.2,0.08109878668513577,0.14285714285714285,0.3459900200366974,0.2721014492753623,0.2840897638055626
81,PERSONAL PROTECTIVE EQUIPMENT ENSEMBLE Purchase of rubber glove replacement Size 10 -- Class 0 Size 10 -- Class 0 Supervisor -- Hern / Wilhite,4.0,EA,2023-01-09,AUSTIN,TX,,,2003158,SAFETY_EQUIPMENT,8,PERSONAL PROTECTIVE EQUIPMENT ENSEMBLE Purchase of replacement rubber gloves CL-0 Size 10.5 2 pr. CL-0 Size 8 1 pr. CL-2 Size 10.5 2 pr. Supervisor : N/A,143.2,0.268862,60.0,138.6667,False,0.85810757,0.8631460070610046,0.0,0.0,0.0,0.5,0.0,95.0,0.5073684210526315,0.6634078212290503,1,2,2,0.2,0.06482339777207448,0.125,0.4815730035305023,0.4317039106145252,0.404099834791945
81,PERSONAL PROTECTIVE EQUIPMENT ENSEMBLE Purchase of rubber glove replacement Size 10 -- Class 0 Size 10 -- Class 0 Supervisor -- Hern / Wilhite,4.0,EA,2023-01-09,AUSTIN,TX,,,2003158,SAFETY_EQUIPMENT,9,PERSONAL PROTECTIVE EQUIPMENT ENSEMBLE,156.0,0.204041,60.0,160.0,False,0.58732116,0.0,0.0,0.0,0.0,0.0,0.0,95.0,0.6421052631578947,0.6089743589743589,1,2,2,0.2,0.019406591851305343,0.1111111111111111,0.0,0.4044871794871795,0.12425714262384964
81,PERSONAL PROTECTIVE EQUIPMENT ENSEMBLE Purchase of rubber glove replacement Size 10 -- Class 0 Size 10 -- Class 0 Supervisor -- Hern / Wilhite,4.0,EA,2023-01-09,AUSTIN,TX,,,2003158,SAFETY_EQUIPMENT,10,PERSONAL PROTECTIVE EQUIPMENT ENSEMBLE Purchase of Rubber Gloves 2 Pair Class 0 Size 10 Supervisor Vasquez,78.0,0.176343,60.0,30.0,False,0.83576393,0.7919244766235352,0.0,0.0,0.0,1.0,0.0,95.0,0.17894736842105263,0.8482142857142856,3,3,4,0.3,0.0,0.1,0.49596223831176756,0.5741071428571428,0.445011373928615
82,PERSONAL PROTECTIVE EQUIPMENT ENSEMBLE Purchase of rubber glove replacements. Size 9 -- Class 0 Supervisor -- Tucker,2.0,EA,2023-01-09,AUSTIN,TX,,,2003158,SAFETY_EQUIPMENT,1,PERSONAL PROTECTIVE EQUIPMENT ENSEMBLE Purchase of replacement rubber gloves that failed 2 each size 10 class 0 2 each size 11 class 0 2 each size 9 class 0 supervisor Tucker,95.0,1.455779,120.0,20.8333,False,0.8877317,1.0,0.0,0.0,0.0,1.0,0.0,95.0,0.0,1.0,7,7,7,0.7,1.0,1.0,0.6,0.85,0.735
82,PERSONAL PROTECTIVE EQUIPMENT ENSEMBLE Purchase of rubber glove replacements. Size 9 -- Class 0 Supervisor -- Tucker,2.0,EA,2023-01-09,AUSTIN,TX,,,2003158,SAFETY_EQUIPMENT,2,PERSONAL PROTECTIVE EQUIPMENT ENSEMBLE Purchase of replacement gloves Supervisor Norris E. 1 pair Size 9 class 2 1 pair Size 10 Class 2,276.0,1.201515,120.0,130.0,False,0.8386556,0.8544749021530151,0.0,0.0,0.0,0.5,0.0,95.0,1.9052631578947368,0.3442028985507246,1,1,1,0.1,0.7200577359450299,0.5,0.47723745107650756,0.2221014492753623,0.4371196932664424
82,PERSONAL PROTECTIVE EQUIPMENT ENSEMBLE Purchase of rubber glove replacements. Size 9 -- Class 0 Supervisor -- Tucker,2.0,EA,2023-01-09,AUSTIN,TX,,,2003158,SAFETY_EQUIPMENT,3,PERSONAL PROTECTIVE EQUIPMENT ENSEMBLE purchase of class 0 secondary gloves supervisor Maness,95.0,0.991134,120.0,20.8333,False,0.7506427,0.593490719795227,0.0,0.0,0.0,0.5,0.0,95.0,0.0,1.0,7,7,7,0.7,0.48843024068754654,0.3333333333333333,0.3467453598976135,0.85,0.5189744840468195
82,PERSONAL PROTECTIVE EQUIPMENT ENSEMBLE Purchase of rubber glove replacements. Size 9 -- Class 0 Supervisor -- Tucker,2.0,EA,2023-01-09,AUSTIN,TX,,,2003158,SAFETY_EQUIPMENT,4,PERSONAL PROTECTIVE EQUIPMENT ENSEMBLE purchase of secondary gloves size 10 supervisor Cobler,95.0,0.991134,120.0,20.8333,False,0.76856005,0.6466209292411804,0.0,0.0,0.0,0.0,0.0,95.0,0.0,1.0,7,7,7,0.7,0.48843024068754654,0.25,0.3233104646205902,0.85,0.5060852916444566
82,PERSONAL PROTECTIVE EQUIPMENT ENSEMBLE Purchase of rubber glove replacements. Size 9 -- Class 0 Supervisor -- Tucker,2.0,EA,2023-01-09,AUSTIN,TX,,,2003158,SAFETY_EQUIPMENT,5,PERSONAL PROTECTIVE EQUIPMENT ENSEMBLE purchase of class 0 and class 2 size 10 supervisor Tucker,165.0,0.738111,120.0,37.5,False,0.6453717,0.281330943107605,0.0,0.0,0.0,0.5,0.0,95.0,0.7368421052631579,0.5757575757575757,1,2,2,0.2,0.20985430591903528,0.2,0.19066547155380248,0.3878787878787878,0.252707791606083
82,PERSONAL PROTECTIVE EQUIPMENT ENSEMBLE Purchase of rubber glove replacements. Size 9 -- Class 0 Supervisor -- Tucker,2.0,EA,2023-01-09,AUSTIN,TX,,,2003158,SAFETY_EQUIPMENT,6,PERSONAL PROTECTIVE EQUIPMENT ENSEMBLE,95.0,0.732002,120.0,20.8333,False,0.5504972,0.0,0.0,0.0,0.0,0.0,0.0,95.0,0.0,1.0,7,7,7,0.7,0.2031283545806162,0.16666666666666666,0.0,0.85,0.28546925318709243
82,PERSONAL PROTECTIVE EQUIPMENT ENSEMBLE Purchase of rubber glove replacements. Size 9 -- Class 0 Supervisor -- Tucker,2.0,EA,2023-01-09,AUSTIN,TX,,,2003158,SAFETY_EQUIPMENT,7,PERSONAL PROTECTIVE EQUIPMENT ENSEMBLE Purchase of replacement rubber gloves 1pr -- class 0 1pr -- class 2 Super -- L. Vest,150.5,0.715387,120.0,25.4167,False,0.8004253,0.7411107420921326,0.0,0.0,0.0,0.5,0.0,95.0,0.5842105263157895,0.6312292358803987,1,2,2,0.2,0.18483539640614657,0.14285714285714285,0.4205553710460663,0.4156146179401994,0.38371514891831826
82,PERSONAL PROTECTIVE EQUIPMENT ENSEMBLE Purchase of rubber glove replacements. Size 9 -- Class 0 Supervisor -- Tucker,2.0,EA,2023-01-09,AUSTIN,TX,,,2003158,SAFETY_EQUIPMENT,8,PERSONAL PROTECTIVE EQUIPMENT ENSEMBLE,95.0,0.619784,120.0,20.8333,False,0.5504972,0.0,0.0,0.0,0.0,0.0,0.0,95.0,0.0,1.0,7,7,7,0.7,0.07957739578298591,0.125,0.0,0.85,0.2669366093674479
82,PERSONAL PROTECTIVE EQUIPMENT ENSEMBLE Purchase of rubber glove replacements. Size 9 -- Class 0 Supervisor -- Tucker,2.0,EA,2023-01-09,AUSTIN,TX,,,2003158,SAFETY_EQUIPMENT,9,PERSONAL PROTECTIVE EQUIPMENT ENSEMBLE,95.0,0.615805,120.0,20.8333,False,0.5504972,0.0,0.0,0.0,0.0,0.0,0.0,95.0,0.0,1.0,7,7,7,0.7,0.07519655433993964,0.1111111111111111,0.0,0.85,0.2662794831509909
82,PERSONAL PROTECTIVE EQUIPMENT ENSEMBLE Purchase of rubber glove replacements. Size 9 -- Class 0 Supervisor -- Tucker,2.0,EA,2023-01-09,AUSTIN,TX,,,2003158,SAFETY_EQUIPMENT,10,PERSONAL PROTECTIVE EQUIPMENT ENSEMBLE replaced of rubber gloves 6 each of size 9 class 0 14 each of size 10 class 0 supervisor Cobler,95.0,0.547506,120.0,20.8333,False,0.86873597,0.9436721205711365,0.0,0.0,0.0,1.0,0.0,95.0,0.0,1.0,7,7,7,0.7,0.0,0.1,0.5718360602855682,0.85,0.5695098331570625
83,"Unmanned Aerial Vehicles (UAV), Drones 1 @ $3,446.60 [101-144-1001] DJI Mavic 3 Enterprise w/Care Enterprise Basic 1-Year Plan.",1.0,EA,2023-01-09,Fayetteville,AR,,101-144-1001,03596,OTHER_GOODS,1,"SOFTWARE, AVIATION, MICROCOMPUTER B) Detachable sensor drone license includes: (i) Unlimited users at AFD each with subscriptions to Pilot, AirBase, and OpsCenter Cloud apps (ii) Allows up to 20 simultaneous viewers of video per drone $199/drone per month for type (B) Qty: 4",10740.0,0.437699,3446.6,211.6114,False,0.5236572,0.5310115218162537,0.0,0.0,0.0,0.0,0.0,4582.764999999999,1.343563329125539,0.4267006517690875,1,1,2,0.1,1.0,1.0,0.26550576090812683,0.26335032588454377,0.3750332662648329
83,"Unmanned Aerial Vehicles (UAV), Drones 1 @ $3,446.60 [101-144-1001] DJI Mavic 3 Enterprise w/Care Enterprise Basic 1-Year Plan.",1.0,EA,2023-01-09,Fayetteville,AR,,101-144-1001,03596,OTHER_GOODS,2,"Application Software, Microcomputer 17947-Application Data Mgmt (ADM) capacity bundle used in a dedicated CommCell for TBbased CLA customers; it cannot be combined with other CLA backup editions in the same cell. This provides 1TB (FET) of the ADM Protection-Enterprise capacity for a CommCell o CommVault - Part#: SB-C-DP-ADM-1T-A",6468.0,0.400927,3446.6,87.6632,False,0.18525115,0.0,0.0,0.0,0.0,0.0,0.0,4582.764999999999,0.4113750105013023,0.7085289115646257,2,2,3,0.2,0.8811617527768889,0.5,0.0,0.4542644557823129,0.26845359965122717
83,"Unmanned Aerial Vehicles (UAV), Drones 1 @ $3,446.60 [101-144-1001] DJI Mavic 3 Enterprise w/Care Enterprise Basic 1-Year Plan.",1.0,EA,2023-01-09,Fayetteville,AR,,101-144-1001,03596,OTHER_GOODS,3,"Application Software, Microcomputer 17947-Application Data Mgmt (ADM) capacity bundle used in a dedicated CommCell for TBbased CLA customers; it cannot be combined with other CLA backup editions in the same cell. This provides 1TB (FET) of the ADM Protection-Enterprise capacity for a CommCell o CommVault - Part#: SB-C-DP-ADM-1T-A",6468.0,0.400927,3446.6,87.6632,False,0.18525115,0.0,0.0,0.0,0.0,0.0,0.0,4582.764999999999,0.4113750105013023,0.7085289115646257,2,2,3,0.2,0.8811617527768889,0.3333333333333333,0.0,0.4542644557823129,0.26845359965122717
83,"Unmanned Aerial Vehicles (UAV), Drones 1 @ $3,446.60 [101-144-1001] DJI Mavic 3 Enterprise w/Care Enterprise Basic 1-Year Plan.",1.0,EA,2023-01-09,Fayetteville,AR,,101-144-1001,03596,OTHER_GOODS,4,"Unmanned Aerial Vehicles (UAV), Drones",3350.0,0.38757,3446.6,2.8028,True,0.67277557,0.7650013566017151,0.0,0.0,0.0,0.0,0.0,4582.764999999999,0.26900026512378433,0.788021899981601,1,1,1,0.1,0.8379951458977666,0.25,0.38250067830085754,0.4440109499908005,0.4692779299473768
83,"Unmanned Aerial Vehicles (UAV), Drones 1 @ $3,446.60 [101-144-1001] DJI Mavic 3 Enterprise w/Care Enterprise Basic 1-Year Plan.",1.0,EA,2023-01-09,Fayetteville,AR,,101-144-1001,03596,OTHER_GOODS,5,"Unmanned Aerial Vehicles (UAV), Drones DJI FLIR Drone 1) DJI Mavic 2 Enterprise Advanced NA SP; re: Omnia contract # 159498; quote # 3058700",5815.53,0.291799,3446.6,68.7324,False,0.8225368,1.0,0.0,0.0,0.0,0.16666666666666666,0.0,4582.764999999999,0.26900026512378455,0.7880218999816009,1,1,3,0.1,0.5284863409699802,0.2,0.5166666666666667,0.44401094999080043,0.49664290280940393
83,"Unmanned Aerial Vehicles (UAV), Drones 1 @ $3,446.60 [101-144-1001] DJI Mavic 3 Enterprise w/Care Enterprise Basic 1-Year Plan.",1.0,EA,2023-01-09,Fayetteville,AR,,101-144-1001,03596,OTHER_GOODS,6,"Unmanned Aerial Vehicles (UAV), Drones MPN:CP.MA00000019.01, UPC 190021320598",1599.0,0.267621,3446.6,53.6065,False,0.65542626,0.737777590751648,0.0,0.0,0.0,0.0,0.0,4582.764999999999,0.6510840071441586,0.6056627013968093,1,1,1,0.1,0.4503488683995359,0.16666666666666666,0.368888795375824,0.35283135069840466,0.376290572926155
83,"Unmanned Aerial Vehicles (UAV), Drones 1 @ $3,446.60 [101-144-1001] DJI Mavic 3 Enterprise w/Care Enterprise Basic 1-Year Plan.",1.0,EA,2023-01-09,Fayetteville,AR,,101-144-1001,03596,OTHER_GOODS,7,"Unmanned Aerial Vehicles (UAV), Drones SKU: 128-1002 MPN: CP.MA0000067.03 UPC: 190021016132",988.0,0.161688,3446.6,71.3341,False,0.6499807,0.729232668876648,0.0,0.0,0.0,0.0,0.0,4582.764999999999,0.784409630430537,0.5604094390359925,1,1,1,0.1,0.10799892705596438,0.14285714285714285,0.364616334438324,0.33020471951799624,0.31580023885487174
83,"Unmanned Aerial Vehicles (UAV), Drones 1 @ $3,446.60 [101-144-1001] DJI Mavic 3 Enterprise w/Care Enterprise Basic 1-Year Plan.",1.0,EA,2023-01-09,Fayetteville,AR,,101-144-1001,03596,OTHER_GOODS,8,"Unmanned Aerial Vehicles (UAV), Drones 30303-Inspire 2 Professional Combo",8896.8,0.148817,3446.6,158.1327,False,0.6428244,0.7180033326148987,0.0,0.0,0.0,0.0,0.0,4582.764999999999,0.9413607287303627,0.5151026211671612,1,1,1,0.1,0.06640295512056081,0.125,0.35900166630744934,0.3075513105835806,0.29967675291225543
83,"Unmanned Aerial Vehicles (UAV), Drones 1 @ $3,446.60 [101-144-1001] DJI Mavic 3 Enterprise w/Care Enterprise Basic 1-Year Plan.",1.0,EA,2023-01-09,Fayetteville,AR,,101-144-1001,03596,OTHER_GOODS,9,"Unmanned Aerial Vehicles (UAV), Drones SKU: 101-121-1007, MPN: CP.EN.00000069.01, UPC: 190021327276",189.0,0.140211,3446.6,94.5163,False,0.6546228,0.7365168333053589,0.0,0.0,0.0,0.16666666666666666,0.0,4582.764999999999,0.9587585224204165,0.5105274532586646,1,1,1,0.1,0.03859043593199088,0.1111111111111111,0.3849250833193461,0.30526372662933227,0.30907647920423864
83,"Unmanned Aerial Vehicles (UAV), Drones 1 @ $3,446.60 [101-144-1001] DJI Mavic 3 Enterprise w/Care Enterprise Basic 1-Year Plan.",1.0,EA,2023-01-09,Fayetteville,AR,,101-144-1001,03596,OTHER_GOODS,10,"Unmanned Aerial Vehicles (UAV), Drones SKU: 101-126-1002, MPN: CP.MA.00000123.01, UPC: 190021338869",499.0,0.12827,3446.6,85.522,False,0.67049325,0.7614200115203857,0.0,0.0,0.0,0.16666666666666666,0.0,4582.764999999999,0.8911137708348562,0.528788915517514,1,1,1,0.1,0.0,0.1,0.39737667242685953,0.31439445775875696,0.31287550716239987
84,"Unmanned Aerial Vehicles (UAV), Drones 1 @ $673.55 [101-144-1201] DJI Mavic 3 Enterprise Series RTK Module",1.0,EA,2023-01-09,Fayetteville,AR,,101-144-1201,03596,OTHER_GOODS,1,"Unmanned Aerial Vehicles (UAV), Drones",3350.0,0.732923,673.55,397.3647,False,0.60549045,0.788074254989624,0.0,0.0,0.0,0.0,0.0,3174.5,0.05528429673964404,0.9476119402985074,1,1,2,0.1,1.0,1.0,0.394037127494812,0.5238059701492537,0.5238622111669228
84,"Unmanned Aerial Vehicles (UAV), Drones 1 @ $673.55 [101-144-1201] DJI Mavic 3 Enterprise Series RTK Module",1.0,EA,2023-01-09,Fayetteville,AR,,101-144-1201,03596,OTHER_GOODS,2,"Unmanned Aerial Vehicles (UAV), Drones",2495.0,0.689374,673.55,270.4254,False,0.6054904,0.7880741357803345,0.0,0.0,0.0,0.0,0.0,3174.5,0.21404945660733973,0.8236896730669435,1,1,1,0.1,0.9322397042440235,0.5,0.39403706789016724,0.46184483653347175,0.49510979393623705
84,"Unmanned Aerial Vehicles (UAV), Drones 1 @ $673.55 [101-144-1201] DJI Mavic 3 Enterprise Series RTK Module",1.0,EA,2023-01-09,Fayetteville,AR,,101-144-1201,03596,OTHER_GOODS,3,"Unmanned Aerial Vehicles (UAV), Drones (1) DJI Phantom 4 Pro V2 (6) DJI Phantom 4 Pro - Intelligent Flight Battery (1) Go Professional Cases DJI Phantom 4 Pro Compact Case (1) DJI CrystalSky 7.85"" Ultra Brightness Monitor (1) DJI CrystalSky - Remote Controller Mounting Bracket (1) DJI Phantom 4 - Battery Charging Hub",2999.0,0.455903,673.55,345.2528,False,0.6027342,0.7831703424453735,0.0,0.0,0.0,0.16666666666666666,0.0,3174.5,0.05528429673964404,0.9476119402985074,1,1,3,0.1,0.5689692729954627,0.3333333333333333,0.40825183788935343,0.5238059701492537,0.46702569283323997
84,"Unmanned Aerial Vehicles (UAV), Drones 1 @ $673.55 [101-144-1201] DJI Mavic 3 Enterprise Series RTK Module",1.0,EA,2023-01-09,Fayetteville,AR,,101-144-1201,03596,OTHER_GOODS,4,"Unmanned Aerial Vehicles (UAV), Drones MPN:CP.MA00000019.01, UPC 190021320598",1599.0,0.382462,673.55,137.3989,False,0.6582789,0.8819958567619324,0.0,0.0,0.0,0.0,0.0,3174.5,0.49629862970546545,0.6683157894736842,1,1,1,0.1,0.45469836251268103,0.25,0.4409979283809662,0.3841578947368421,0.4260009834074862
84,"Unmanned Aerial Vehicles (UAV), Drones 1 @ $673.55 [101-144-1201] DJI Mavic 3 Enterprise Series RTK Module",1.0,EA,2023-01-09,Fayetteville,AR,,101-144-1201,03596,OTHER_GOODS,5,"Unmanned Aerial Vehicles (UAV), Drones SKU: 101-126-1002, MPN: CP.MA.00000123.01, UPC: 190021338869",499.0,0.278084,673.55,25.9149,False,0.6215557,0.8166576623916626,0.0,0.0,0.0,0.16666666666666666,0.0,3174.5,0.842809891321468,0.5426495726495726,1,1,1,0.1,0.2922908640530767,0.2,0.42499549786249796,0.3213247863247863,0.3739885893297713
84,"Unmanned Aerial Vehicles (UAV), Drones 1 @ $673.55 [101-144-1201] DJI Mavic 3 Enterprise Series RTK Module",1.0,EA,2023-01-09,Fayetteville,AR,,101-144-1201,03596,OTHER_GOODS,6,"Unmanned Aerial Vehicles (UAV), Drones 30303-Inspire 2 Professional Combo",8896.8,0.271873,673.55,1220.8819,False,0.5892545,0.7591871023178101,0.0,0.0,0.0,0.0,0.0,3174.5,1.8025830839502281,0.35681368581962053,1,1,1,0.1,0.28262682591350125,0.16666666666666666,0.37959355115890503,0.22840684290981028,0.3196925298973661
84,"Unmanned Aerial Vehicles (UAV), Drones 1 @ $673.55 [101-144-1201] DJI Mavic 3 Enterprise Series RTK Module",1.0,EA,2023-01-09,Fayetteville,AR,,101-144-1201,03596,OTHER_GOODS,7,"BOARDS, CIRCUIT, PRINTED, FOR CHANGEABLE MESSAGE T",14950.0,0.24991,673.55,2119.5828,False,0.16255496,0.0,0.0,0.0,0.0,0.0,0.0,3174.5,3.709403055599307,0.21234113712374583,1,1,2,0.1,0.24845338046840473,0.14285714285714285,0.0,0.15617056856187292,0.08411917763882258
84,"Unmanned Aerial Vehicles (UAV), Drones 1 @ $673.55 [101-144-1201] DJI Mavic 3 Enterprise Series RTK Module",1.0,EA,2023-01-09,Fayetteville,AR,,101-144-1201,03596,OTHER_GOODS,8,"BOARDS, CIRCUIT, PRINTED, FOR CHANGEABLE MESSAGE T",13102.0,0.196881,673.55,1845.2156,False,0.16255496,0.0,0.0,0.0,0.0,0.0,0.0,3174.5,3.1272641360844227,0.24229125324377962,1,1,2,0.1,0.16594262881753621,0.125,0.0,0.1711456266218898,0.07623508230919737
84,"Unmanned Aerial Vehicles (UAV), Drones 1 @ $673.55 [101-144-1201] DJI Mavic 3 Enterprise Series RTK Module",1.0,EA,2023-01-09,Fayetteville,AR,,101-144-1201,03596,OTHER_GOODS,9,"Unmanned Aerial Vehicles (UAV), Drones SKU: 128-1002 MPN: CP.MA0000067.03 UPC: 190021016132",988.0,0.156105,673.55,46.6855,False,0.6332489,0.837462306022644,0.0,0.0,0.0,0.0,0.0,3174.5,0.6887698850212632,0.5921469875023316,1,1,1,0.1,0.10249699700634204,0.1111111111111111,0.418731153011322,0.3460734937511658,0.34949873183252816
84,"Unmanned Aerial Vehicles (UAV), Drones 1 @ $673.55 [101-144-1201] DJI Mavic 3 Enterprise Series RTK Module",1.0,EA,2023-01-09,Fayetteville,AR,,101-144-1201,03596,OTHER_GOODS,10,"Unmanned Aerial Vehicles (UAV), Drones DJI FLIR Drone 1) DJI Mavic 2 Enterprise Advanced NA SP; re: Omnia contract # 159498; quote # 3058700",5815.53,0.090231,673.55,763.4147,False,0.7246029,1.0,0.0,0.0,0.0,0.16666666666666666,0.0,3174.5,0.8319514884233736,0.5458659829800552,1,1,1,0.1,0.0,0.1,0.5166666666666667,0.3229329914900276,0.381046564113675
85,"Tear Gas, Tear Gas Guns, and Ammunition",370.0,EA,2023-01-09,Dallas,TX,,,68092,CHEMICALS_GASES,1,"Tear Gas, Tear Gas Guns, and Ammunition Manufacturer: Combined Tactical Systems Item #4431",23.8,1.1098,11.18,112.8801,False,0.8153507,0.5195755958557129,0.0,0.0,0.0,0.0,0.0,20.240000000000002,0.17588932806324103,0.850420168067227,1,1,3,0.1,1.0,1.0,0.25978779792785645,0.4752100840336135,0.4354463140704051
85,"Tear Gas, Tear Gas Guns, and Ammunition",370.0,EA,2023-01-09,Dallas,TX,,,68092,CHEMICALS_GASES,2,"Tear Gas, Tear Gas Guns, and Ammunition",6.0,0.253234,11.18,46.3327,False,1.0,1.0,0.0,0.0,0.0,0.0,0.0,20.240000000000002,0.7035573122529645,0.5870069605568445,2,2,2,0.2,0.4243786590971405,0.5,0.5,0.3935034802784223,0.45670784294809774
85,"Tear Gas, Tear Gas Guns, and Ammunition",370.0,EA,2023-01-09,Dallas,TX,,,68092,CHEMICALS_GASES,3,"Tear Gas, Tear Gas Guns, and Ammunition Manufacturer: Combined Tactical Systems Item #4557",19.09,0.036092,11.18,70.7513,False,0.81556225,0.5201259851455688,0.0,0.0,0.0,0.0,0.0,20.240000000000002,0.05681818181818192,0.9462365591397849,1,2,3,0.2,0.27845695638383094,0.3333333333333333,0.2600629925727844,0.5731182795698925,0.35673867324357383
85,"Tear Gas, Tear Gas Guns, and Ammunition",370.0,EA,2023-01-09,Dallas,TX,,,68092,CHEMICALS_GASES,4,"Tear Gas, Tear Gas Guns, and Ammunition Manufacturer: Combined Tactical Systems Item #6330",36.71,0.033689,11.18,228.3542,False,0.81377107,0.5154656767845154,0.0,0.0,0.0,0.0,0.0,20.240000000000002,0.8137351778656126,0.551348406428766,2,2,3,0.2,0.2768421151664705,0.25,0.2577328383922577,0.37567420321438305,0.2959816393550272
85,"Tear Gas, Tear Gas Guns, and Ammunition",370.0,EA,2023-01-09,Dallas,TX,,,68092,CHEMICALS_GASES,5,"Tear Gas, Tear Gas Guns, and Ammunition Manufacturer: Combined Tactical Systems Item #6340",36.71,-0.046638,11.18,228.3542,False,0.8119566,0.5107446908950806,0.0,0.0,0.0,0.0,0.0,20.240000000000002,0.8137351778656126,0.551348406428766,2,2,3,0.2,0.22286152820562447,0.2,0.2553723454475403,0.37567420321438305,0.2865862801913057
85,"Tear Gas, Tear Gas Guns, and Ammunition",370.0,EA,2023-01-09,Dallas,TX,,,68092,CHEMICALS_GASES,6,"Tear Gas, Tear Gas Guns, and Ammunition Manufacturer: Combined Tactical Systems Item #8230",21.39,-0.147231,11.18,91.3238,False,0.81299293,0.5134410858154297,0.0,0.0,0.0,0.0,0.0,20.240000000000002,0.05681818181818174,0.9462365591397851,1,1,4,0.1,0.15526197657102614,0.16666666666666666,0.25672054290771484,0.5231182795698925,0.32142107895586486
85,"Tear Gas, Tear Gas Guns, and Ammunition",370.0,EA,2023-01-09,Dallas,TX,,,68092,CHEMICALS_GASES,7,"Tear Gas, Tear Gas Guns, and Ammunition Manufacturer: Combined Tactical Systems Item #201FB",13.62,-0.156658,11.18,21.8247,False,0.80924344,0.5036855936050415,0.0,0.0,0.0,0.0,0.0,20.240000000000002,0.32707509881422936,0.753536857781087,1,1,1,0.1,0.14892693364299578,0.14285714285714285,0.25184279680252075,0.4267684288905435,0.28888310695499886
85,"Tear Gas, Tear Gas Guns, and Ammunition",370.0,EA,2023-01-09,Dallas,TX,,,68092,CHEMICALS_GASES,8,"Tear Gas, Tear Gas Guns, and Ammunition DT-3105 DEF-TEC 12 GA TIK ROUNDS OFF OF BUYBOARD CONTRACT 284-08",5.94,-0.188354,11.18,46.8694,False,0.7141311,0.2562203109264374,0.0,0.0,0.0,0.0,0.0,20.240000000000002,0.7065217391304347,0.5859872611464969,2,2,2,0.2,0.12762688902149896,0.125,0.1281101554632187,0.39299363057324843,0.20750270802996967
85,"Tear Gas, Tear Gas Guns, and Ammunition",370.0,EA,2023-01-09,Dallas,TX,,,68092,CHEMICALS_GASES,9,"Tear Gas, Tear Gas Guns, and Ammunition CTS Mini Distraction Device (aka flash bang) with minimum 1466 of 174db @ 5ft and 6-8 million candela 7290M",31.88,-0.347186,11.18,185.1521,False,0.6156538,0.0,0.0,0.0,0.0,0.0,0.0,20.240000000000002,0.5750988142292488,0.6348808030112925,1,1,3,0.1,0.02089011822008613,0.1111111111111111,0.0,0.3674404015056462,0.11336563818470678
85,"Tear Gas, Tear Gas Guns, and Ammunition",370.0,EA,2023-01-09,Dallas,TX,,,68092,CHEMICALS_GASES,10,"Tear Gas, Tear Gas Guns, and Ammunition 40MM POWDER CS MUNITIONS # DT-1292",17.67,-0.378272,11.18,58.0501,False,0.83405125,0.5682310461997986,0.0,0.0,0.0,0.0,0.0,20.240000000000002,0.12697628458498023,0.8873301183691363,1,2,2,0.2,0.0,0.1,0.2841155230998993,0.5436650591845682,0.31936305546031507
86,Intravenous and Arterial Infusion Equipment and Supplies (No,2.0,CASE,2023-01-09,MELVILLE,NY,,,46555,OTHER_GOODS,1,Intravenous and Arterial Infusion Equipment and Supplies (No,121.0,2.10623,124.62,2.9048,True,1.0,1.0,0.0,0.0,0.0,0.0,0.0,261.14,0.5366470092670598,0.6507675438596491,1,3,3,0.3,1.0,1.0,0.5,0.4753837719298245,0.5676151315789474
86,Intravenous and Arterial Infusion Equipment and Supplies (No,2.0,CASE,2023-01-09,MELVILLE,NY,,,46555,OTHER_GOODS,2,Intravenous and Arterial Infusion Equipment and Supplies (No,150.5,1.522767,124.62,20.7671,False,1.0,1.0,0.0,0.0,0.0,0.0,0.0,261.14,0.423680784253657,0.7024046479100544,1,1,2,0.1,0.7154422020854264,0.5,0.5,0.4012023239550272,0.5026770274993222
86,Intravenous and Arterial Infusion Equipment and Supplies (No,2.0,CASE,2023-01-09,MELVILLE,NY,,,46555,OTHER_GOODS,3,Intravenous and Arterial Infusion Equipment and Supplies (No,114.15,1.165065,124.62,8.4015,True,1.0,1.0,0.0,0.0,0.0,0.0,0.0,261.14,0.5628781496515278,0.6398451473795115,2,3,3,0.3,0.5409891631958331,0.3333333333333333,0.5,0.46992257368975576,0.4971251465863017
86,Intravenous and Arterial Infusion Equipment and Supplies (No,2.0,CASE,2023-01-09,MELVILLE,NY,,,46555,OTHER_GOODS,4,ICU Medical Dial-A-Flow #SPF9800 .19 inch Extension Set w,331.0,0.333711,124.62,165.6074,False,0.2797703,0.18671192228794098,0.0,0.0,0.0,0.0,0.0,261.14,0.26751933828597696,0.788942598187311,1,2,3,0.2,0.1355336955355488,0.25,0.09335596114397049,0.4944712990936555,0.22001722268761276
86,Intravenous and Arterial Infusion Equipment and Supplies (No,2.0,CASE,2023-01-09,MELVILLE,NY,,,46555,OTHER_GOODS,5,"Hazardous Material Equipment, Tools and Supplies 2 cs @ $301.00 = $602.00 Manufacturer: The Safety Zone Part Number: BN70-2X Yellow Heavy Weight Latex Nuke Boots; 50 pairs/cs",301.0,0.181135,124.62,141.5343,False,0.14925344,0.03933143615722656,0.0,0.0,0.0,0.0,0.0,261.14,0.15263843149268597,0.8675747508305647,1,2,4,0.2,0.061121623862428184,0.2,0.01966571807861328,0.5337873754152823,0.1801206011471862
86,Intravenous and Arterial Infusion Equipment and Supplies (No,2.0,CASE,2023-01-09,MELVILLE,NY,,,46555,OTHER_GOODS,6,"Hazardous Material Equipment, Tools and Supplies 4 cs @ $842.19 = $3,368.76 Manufacturer: Kappler Part Number: L1H459-99 Lantex 100 Coverall, Large/XLarge; 6ea/cs",842.19,0.159125,124.62,575.8065,False,0.1144224,0.0,0.0,0.0,0.0,0.0,0.0,261.14,2.2250516964080576,0.3100725489497619,2,2,2,0.2,0.050387237736658826,0.16666666666666666,0.0,0.255036274474881,0.08406896800296312
86,Intravenous and Arterial Infusion Equipment and Supplies (No,2.0,CASE,2023-01-09,MELVILLE,NY,,,46555,OTHER_GOODS,7,"Hazardous Material Equipment, Tools and Supplies 4 cs @ $s @ $836.86 = $3,347.44 Manufacturer: Kappler Part Number: Z3H437-92 Zytron 300 Coveralls: Large/X-Large, NFPA certified; 6ea/cs",836.86,0.136818,124.62,571.5294,False,0.14223868,0.03141031786799431,0.0,0.0,0.0,0.0,0.0,261.14,2.204641188634449,0.31204741533828834,2,2,2,0.2,0.03950800323836092,0.14285714285714285,0.015705158933997154,0.2560237076691442,0.09137115020019582
86,Intravenous and Arterial Infusion Equipment and Supplies (No,2.0,CASE,2023-01-09,MELVILLE,NY,,,46555,OTHER_GOODS,8,"Surgical Instruments, Floor Grade",268.13,0.090051,124.62,115.1581,False,0.3010035,0.21068856120109558,0.0,0.0,0.0,0.0,0.0,261.14,0.02676725128283683,0.9739305560735465,1,2,3,0.2,0.016699505467172585,0.125,0.10534428060054779,0.5869652780367732,0.23653386356140912
86,Intravenous and Arterial Infusion Equipment and Supplies (No,2.0,CASE,2023-01-09,MELVILLE,NY,,,46555,OTHER_GOODS,9,NG Salem Sump Tube Kendall Argyle # 264945 14fr. Sterile,113.5,0.086086,124.62,8.9231,True,0.24420425,0.1465505063533783,0.0,0.0,0.0,0.0,0.0,261.14,0.5653672359653825,0.6388277312980087,2,3,3,0.3,0.014765755308668468,0.1111111111111111,0.07327525317668915,0.46941386564900434,0.1833404122381806
86,Intravenous and Arterial Infusion Equipment and Supplies (No,2.0,CASE,2023-01-09,MELVILLE,NY,,,46555,OTHER_GOODS,10,"CONTAINERS, HAZARDOUS WASTE, POLYETHYLENE 3 CASE CONTAINER - SYRINGE, DISPOSAL, RED BOX @ $254.15 = $762.45",254.15,0.05581,124.62,103.94,False,0.3203147,0.23249492049217224,0.0,0.0,0.0,0.0,0.0,261.14,0.02676725128283672,0.9739305560735465,1,2,3,0.2,0.0,0.1,0.11624746024608612,0.5869652780367732,0.24002568654637932
87,Flexible Base,138.74,TON,2023-01-10,CEDAR CREEK,TX,,,75052,OTHER_GOODS,1,Flexible Base,14.14,1.872772,14.14,0.0,True,1.0000001,1.0,0.0,0.0,0.0,0.0,0.0,14.705,0.038422305338320265,0.9629993451211525,5,10,10,1.0,1.0,1.0,0.5,0.9814996725605762,0.7194499017681729
87,Flexible Base,138.74,TON,2023-01-10,CEDAR CREEK,TX,,,75052,OTHER_GOODS,2,Flexible Base,15.27,1.817444,14.14,7.9915,True,1.0000001,1.0,0.0,0.0,0.0,0.0,0.0,14.705,0.038422305338320265,0.9629993451211525,5,10,10,1.0,0.9465461972326296,0.5,0.5,0.9814996725605762,0.7114318313530673
87,Flexible Base,138.74,TON,2023-01-10,CEDAR CREEK,TX,,,75052,OTHER_GOODS,3,Flexible Base,15.27,1.803188,14.14,7.9915,True,1.0000001,1.0,0.0,0.0,0.0,0.0,0.0,14.705,0.038422305338320265,0.9629993451211525,5,10,10,1.0,0.9327731092436974,0.3333333333333333,0.5,0.9814996725605762,0.7093658681547275
87,Flexible Base,138.74,TON,2023-01-10,CEDAR CREEK,TX,,,75052,OTHER_GOODS,4,Flexible Base,14.14,1.756621,14.14,0.0,True,1.0000001,1.0,0.0,0.0,0.0,0.0,0.0,14.705,0.038422305338320265,0.9629993451211525,5,10,10,1.0,0.8877835337400077,0.25,0.5,0.9814996725605762,0.702617431829174
87,Flexible Base,138.74,TON,2023-01-10,CEDAR CREEK,TX,,,75052,OTHER_GOODS,5,Flexible Base,14.14,1.523675,14.14,0.0,True,1.0000001,1.0,0.0,0.0,0.0,0.0,0.0,14.705,0.038422305338320265,0.9629993451211525,5,10,10,1.0,0.6627284162687838,0.2,0.5,0.9814996725605762,0.6688591642084905
87,Flexible Base,138.74,TON,2023-01-10,CEDAR CREEK,TX,,,75052,OTHER_GOODS,6,Flexible Base,14.14,1.058461,14.14,0.0,True,1.0000001,1.0,0.0,0.0,0.0,0.0,0.0,14.705,0.038422305338320265,0.9629993451211525,5,10,10,1.0,0.21327321455139897,0.16666666666666666,0.5,0.9814996725605762,0.6014408839508827
87,Flexible Base,138.74,TON,2023-01-10,CEDAR CREEK,TX,,,75052,OTHER_GOODS,7,Flexible Base,15.27,0.990289,14.14,7.9915,True,1.0000001,1.0,0.0,0.0,0.0,0.0,0.0,14.705,0.038422305338320265,0.9629993451211525,5,10,10,1.0,0.14741049328446026,0.14285714285714285,0.5,0.9814996725605762,0.591561475760842
87,Flexible Base,138.74,TON,2023-01-10,CEDAR CREEK,TX,,,75052,OTHER_GOODS,8,Flexible Base,14.14,0.933321,14.14,0.0,True,1.0000001,1.0,0.0,0.0,0.0,0.0,0.0,14.705,0.038422305338320265,0.9629993451211525,5,10,10,1.0,0.09237224436797022,0.125,0.5,0.9814996725605762,0.5833057384233684
87,Flexible Base,138.74,TON,2023-01-10,CEDAR CREEK,TX,,,75052,OTHER_GOODS,9,Flexible Base Flexible Base 114.50 tons - delivered to TLSC,15.27,0.92062,14.14,7.9915,True,0.7092878,0.12735842168331146,0.0,0.0,0.0,0.0,0.0,14.705,0.038422305338320265,0.9629993451211525,5,10,10,1.0,0.08010148184359973,0.1111111111111111,0.06367921084165573,0.9814996725605762,0.3414886900076235
87,Flexible Base,138.74,TON,2023-01-10,CEDAR CREEK,TX,,,75052,OTHER_GOODS,10,Flexible Base Base 90.20 tons - Delivered to TLSC,15.27,0.83771,14.14,7.9915,True,0.66685957,0.0,0.0,0.0,0.0,0.0,0.0,14.705,0.038422305338320265,0.9629993451211525,5,10,10,1.0,0.0,0.1,0.0,0.9814996725605762,0.2944499017681729
88,"Laboratory Gases: Argon, Carbon Dioxide, Helium, H WQL INSTRUMENT GASES ULTRA ZERO AIR",2.0,CYLINDER,2023-01-10,HORSESHOE BAY,TX,,,43042,CHEMICALS_GASES,1,"Laboratory Gases: Argon, Carbon Dioxide, Helium, H air, zero-grade, 300 CF",71.5,0.974856,71.5,0.0,True,0.887589,0.5465089678764343,0.0,0.0,0.0,0.0,0.0,65.0,0.1,0.9090909090909091,2,8,8,0.8,1.0,1.0,0.27325448393821716,0.8545454545454545,0.5566536025296558
88,"Laboratory Gases: Argon, Carbon Dioxide, Helium, H WQL INSTRUMENT GASES ULTRA ZERO AIR",2.0,CYLINDER,2023-01-10,HORSESHOE BAY,TX,,,43042,CHEMICALS_GASES,2,"Laboratory Gases: Argon, Carbon Dioxide, Helium, H",30.8,0.950679,71.5,56.9231,False,0.8750926,0.4377475082874298,0.0,0.0,0.0,0.0,0.0,65.0,0.5261538461538462,0.655241935483871,1,1,1,0.1,0.9456790622746178,0.5,0.2188737541437149,0.3776209677419355,0.37551871444281654
88,"Laboratory Gases: Argon, Carbon Dioxide, Helium, H WQL INSTRUMENT GASES ULTRA ZERO AIR",2.0,CYLINDER,2023-01-10,HORSESHOE BAY,TX,,,43042,CHEMICALS_GASES,3,"Laboratory Gases: Argon, Carbon Dioxide, Helium, H WQL Monthly Gas Order November: air, zero-grade, 300 CF",71.5,0.949372,71.5,0.0,True,0.84236085,0.15286800265312195,0.0,0.0,0.0,0.0,0.0,65.0,0.1,0.9090909090909091,2,8,8,0.8,0.9427424917486189,0.3333333333333333,0.07643400132656097,0.8545454545454545,0.43981371085553767
88,"Laboratory Gases: Argon, Carbon Dioxide, Helium, H WQL INSTRUMENT GASES ULTRA ZERO AIR",2.0,CYLINDER,2023-01-10,HORSESHOE BAY,TX,,,43042,CHEMICALS_GASES,4,"Laboratory Gases: Argon, Carbon Dioxide, Helium, H WQL GAS INSTRUSTMENT GASES",65.0,0.872584,71.5,9.0909,True,0.8895981,0.5639950037002563,0.0,0.0,0.0,0.0,0.0,65.0,0.0,1.0,6,8,8,0.8,0.7702150414422675,0.25,0.2819975018501282,0.9,0.5406308822339106
88,"Laboratory Gases: Argon, Carbon Dioxide, Helium, H WQL INSTRUMENT GASES ULTRA ZERO AIR",2.0,CYLINDER,2023-01-10,HORSESHOE BAY,TX,,,43042,CHEMICALS_GASES,5,"Laboratory Gases: Argon, Carbon Dioxide, Helium, H",39.6,0.793463,71.5,44.6154,False,0.8750926,0.4377475082874298,0.0,0.0,0.0,0.0,0.0,65.0,0.39076923076923076,0.7190265486725663,1,1,1,0.1,0.5924458015129968,0.2,0.2188737541437149,0.40951327433628315,0.33210141730687764
88,"Laboratory Gases: Argon, Carbon Dioxide, Helium, H WQL INSTRUMENT GASES ULTRA ZERO AIR",2.0,CYLINDER,2023-01-10,HORSESHOE BAY,TX,,,43042,CHEMICALS_GASES,6,"Laboratory Gases: Argon, Carbon Dioxide, Helium, H WQL INSTRUMENT GASES FOR LABORATORY",65.0,0.744807,71.5,9.0909,True,0.9370485,0.9769776463508606,0.0,0.0,0.0,0.0,0.0,65.0,0.0,1.0,6,8,8,0.8,0.48312539178614045,0.16666666666666666,0.4884888231754303,0.9,0.6111376615144077
88,"Laboratory Gases: Argon, Carbon Dioxide, Helium, H WQL INSTRUMENT GASES ULTRA ZERO AIR",2.0,CYLINDER,2023-01-10,HORSESHOE BAY,TX,,,43042,CHEMICALS_GASES,7,"Laboratory Gases: Argon, Carbon Dioxide, Helium, H WQL LABORATORY INSTRUMENT GASES",65.0,0.58583,71.5,9.0909,True,0.9396937,1.0,0.0,0.0,0.0,0.0,0.0,65.0,0.0,1.0,6,8,8,0.8,0.12593551228214436,0.14285714285714285,0.5,0.9,0.5638903268423217
88,"Laboratory Gases: Argon, Carbon Dioxide, Helium, H WQL INSTRUMENT GASES ULTRA ZERO AIR",2.0,CYLINDER,2023-01-10,HORSESHOE BAY,TX,,,43042,CHEMICALS_GASES,8,"Laboratory Gases: Argon, Carbon Dioxide, Helium, H WQL LABORATORY GASES",65.0,0.565136,71.5,9.0909,True,0.9235582,0.859565258026123,0.0,0.0,0.0,0.0,0.0,65.0,0.0,1.0,6,8,8,0.8,0.07944018675420203,0.125,0.4297826290130615,0.9,0.5182964739703142
88,"Laboratory Gases: Argon, Carbon Dioxide, Helium, H WQL INSTRUMENT GASES ULTRA ZERO AIR",2.0,CYLINDER,2023-01-10,HORSESHOE BAY,TX,,,43042,CHEMICALS_GASES,9,"Laboratory Gases: Argon, Carbon Dioxide, Helium, H HOR LABORATORY GAS ORDER",65.0,0.561662,71.5,9.0909,True,0.8247968,0.0,0.0,0.0,0.0,0.0,0.0,65.0,0.0,1.0,6,8,8,0.8,0.07163479577691051,0.1111111111111111,0.0,0.9,0.28074521936653657
88,"Laboratory Gases: Argon, Carbon Dioxide, Helium, H WQL INSTRUMENT GASES ULTRA ZERO AIR",2.0,CYLINDER,2023-01-10,HORSESHOE BAY,TX,,,43042,CHEMICALS_GASES,10,"Laboratory Gases: Argon, Carbon Dioxide, Helium, H WQ Laboratory Instrument Gases",65.0,0.529779,71.5,9.0909,True,0.9284433,0.9020828604698181,0.0,0.0,0.0,0.0,0.0,65.0,0.0,1.0,6,8,8,0.8,0.0,0.1,0.45104143023490906,0.9,0.5180727866292001
89,LABORATORY SUPPLIES PER PRICE AGREEMENT WQL LABORATORY CHEMICALS AND SUPPLIES,3.0,EA,2023-01-10,WESTBROOK,ME,,,4759903,OTHER_GOODS,1,LABORATORY SUPPLIES PER PRICE AGREEMENT WQL LAB SUPPLIES AND CHEMICALS,86.1,1.690184,86.1,0.0,True,0.9917016,0.8572142124176025,0.0,0.0,0.0,0.0,0.0,86.1,0.0,1.0,4,6,6,0.6,1.0,1.0,0.42860710620880127,0.8,0.6257339084148407
89,LABORATORY SUPPLIES PER PRICE AGREEMENT WQL LABORATORY CHEMICALS AND SUPPLIES,3.0,EA,2023-01-10,WESTBROOK,ME,,,4759903,OTHER_GOODS,2,LABORATORY SUPPLIES PER PRICE AGREEMENT WQL LABORATORY CHEMICALS AND SUPPLIES,86.1,1.342202,86.1,0.0,True,0.9999999,1.0,0.0,0.0,0.0,0.0,0.0,86.1,0.0,1.0,4,6,6,0.6,0.6231477239869134,0.5,0.5,0.8,0.608472158598037
89,LABORATORY SUPPLIES PER PRICE AGREEMENT WQL LABORATORY CHEMICALS AND SUPPLIES,3.0,EA,2023-01-10,WESTBROOK,ME,,,4759903,OTHER_GOODS,3,LABORATORY SUPPLIES PER PRICE AGREEMENT WQL LABORATORY CHEMICALS AND SUPPLIES,13.65,1.08908,86.1,84.1463,False,0.9999999,1.0,0.0,0.0,0.0,0.0,0.0,86.1,0.8414634146341463,0.543046357615894,1,1,1,0.1,0.3490254940756409,0.3333333333333333,0.5,0.321523178807947,0.4238107777537303
89,LABORATORY SUPPLIES PER PRICE AGREEMENT WQL LABORATORY CHEMICALS AND SUPPLIES,3.0,EA,2023-01-10,WESTBROOK,ME,,,4759903,OTHER_GOODS,4,LABORATORY SUPPLIES PER PRICE AGREEMENT WQL LABORATORY CHEMICALS AND SUPPLIES,80.85,0.990221,86.1,6.0976,True,0.9999999,1.0,0.0,0.0,0.0,0.0,0.0,86.1,0.06097560975609757,0.9425287356321839,2,6,6,0.6,0.24196467152051523,0.25,0.5,0.771264367816092,0.5426740110729049
89,LABORATORY SUPPLIES PER PRICE AGREEMENT WQL LABORATORY CHEMICALS AND SUPPLIES,3.0,EA,2023-01-10,WESTBROOK,ME,,,4759903,OTHER_GOODS,5,LABORATORY SUPPLIES PER PRICE AGREEMENT WQL LAB SUPPLIES AND CHEMICALS,80.85,0.919767,86.1,6.0976,True,0.9917016,0.8572142124176025,0.0,0.0,0.0,0.0,0.0,86.1,0.06097560975609757,0.9425287356321839,2,6,6,0.6,0.16566546565864304,0.2,0.42860710620880127,0.771264367816092,0.49196303860846474
89,LABORATORY SUPPLIES PER PRICE AGREEMENT WQL LABORATORY CHEMICALS AND SUPPLIES,3.0,EA,2023-01-10,WESTBROOK,ME,,,4759903,OTHER_GOODS,6,LABORATORY SUPPLIES PER PRICE AGREEMENT WQL SUPPLIES AND CHEMICALS,86.1,0.909423,86.1,0.0,True,0.99146944,0.8532195091247559,0.0,0.0,0.0,0.0,0.0,86.1,0.0,1.0,4,6,6,0.6,0.15446327720326497,0.16666666666666666,0.42660975456237793,0.8,0.4978048565897976
89,LABORATORY SUPPLIES PER PRICE AGREEMENT WQL LABORATORY CHEMICALS AND SUPPLIES,3.0,EA,2023-01-10,WESTBROOK,ME,,,4759903,OTHER_GOODS,7,LABORATORY SUPPLIES PER PRICE AGREEMENT WQL LABORATORY CHEMICALS AND SUPPLIES,648.9,0.891901,86.1,653.6585,False,0.9999999,1.0,0.0,0.0,0.0,0.0,0.0,86.1,6.536585365853658,0.13268608414239483,2,2,2,0.2,0.13548756702198755,0.14285714285714285,0.5,0.16634304207119743,0.34522604767465737
89,LABORATORY SUPPLIES PER PRICE AGREEMENT WQL LABORATORY CHEMICALS AND SUPPLIES,3.0,EA,2023-01-10,WESTBROOK,ME,,,4759903,OTHER_GOODS,8,LABORATORY SUPPLIES PER PRICE AGREEMENT WQL LAB SUPPLIES AND CHEMICALS,160.65,0.850144,86.1,86.5854,False,0.9917016,0.8572142124176025,0.0,0.0,0.0,0.0,0.0,86.1,0.8658536585365856,0.5359477124183005,1,1,1,0.1,0.09026620359089493,0.125,0.42860710620880127,0.31797385620915025,0.34466599581622004
89,LABORATORY SUPPLIES PER PRICE AGREEMENT WQL LABORATORY CHEMICALS AND SUPPLIES,3.0,EA,2023-01-10,WESTBROOK,ME,,,4759903,OTHER_GOODS,9,LABORATORY SUPPLIES PER PRICE AGREEMENT WQL SUPPLY,86.1,0.808964,86.1,0.0,True,0.9418829,0.0,0.0,0.0,0.0,0.0,0.0,86.1,0.0,1.0,4,6,6,0.6,0.04566971088087286,0.1111111111111111,0.0,0.8,0.24685045663213093
89,LABORATORY SUPPLIES PER PRICE AGREEMENT WQL LABORATORY CHEMICALS AND SUPPLIES,3.0,EA,2023-01-10,WESTBROOK,ME,,,4759903,OTHER_GOODS,10,LABORATORY SUPPLIES PER PRICE AGREEMENT WQL LAB SUPPLIES AND CHEMICALS,648.9,0.766793,86.1,653.6585,False,0.9917016,0.8572142124176025,0.0,0.0,0.0,0.0,0.0,86.1,6.536585365853658,0.13268608414239483,2,2,2,0.2,0.0,0.1,0.42860710620880127,0.16634304207119743,0.2856368210361999
90,LABORATORY SUPPLIES PER PRICE AGREEMENT 98-21675-00,6.0,EA,2023-01-10,WESTBROOK,ME,,,4759903,OTHER_GOODS,1,LABORATORY SUPPLIES PER PRICE AGREEMENT 98-21675-00,80.85,2.233163,80.85,0.0,True,1.0000001,1.0,0.0,0.0,0.0,1.0,0.0,86.1,0.06097560975609757,0.9425287356321839,3,8,8,0.8,1.0,1.0,0.6,0.871264367816092,0.7413793103448276
90,LABORATORY SUPPLIES PER PRICE AGREEMENT 98-21675-00,6.0,EA,2023-01-10,WESTBROOK,ME,,,4759903,OTHER_GOODS,2,LABORATORY SUPPLIES PER PRICE AGREEMENT 98-09221-00,86.1,1.985258,80.85,6.4935,True,0.9902954,0.943450391292572,0.0,0.0,0.0,0.6666666666666666,0.0,86.1,0.0,1.0,5,8,8,0.8,0.7778394131279115,0.5,0.5383918623129527,0.9,0.6827914362413108
90,LABORATORY SUPPLIES PER PRICE AGREEMENT 98-21675-00,6.0,EA,2023-01-10,WESTBROOK,ME,,,4759903,OTHER_GOODS,3,LABORATORY SUPPLIES PER PRICE AGREEMENT 98-21675-00,80.85,1.813507,80.85,0.0,True,1.0000001,1.0,0.0,0.0,0.0,1.0,0.0,86.1,0.06097560975609757,0.9425287356321839,3,8,8,0.8,0.6239243934394498,0.3333333333333333,0.6,0.871264367816092,0.6849679693607451
90,LABORATORY SUPPLIES PER PRICE AGREEMENT 98-21675-00,6.0,EA,2023-01-10,WESTBROOK,ME,,,4759903,OTHER_GOODS,4,LABORATORY SUPPLIES PER PRICE AGREEMENT 98-09221-00,86.1,1.55251,80.85,6.4935,True,0.9902954,0.943450391292572,0.0,0.0,0.0,0.6666666666666666,0.0,86.1,0.0,1.0,5,8,8,0.8,0.39003138324661585,0.25,0.5383918623129527,0.9,0.6246202317591164
90,LABORATORY SUPPLIES PER PRICE AGREEMENT 98-21675-00,6.0,EA,2023-01-10,WESTBROOK,ME,,,4759903,OTHER_GOODS,5,LABORATORY SUPPLIES PER PRICE AGREEMENT 98-08877-00,648.9,1.477967,80.85,702.5974,False,0.9903003,0.9434788823127747,0.0,0.0,0.0,0.6666666666666666,0.0,86.1,6.536585365853658,0.13268608414239483,2,2,2,0.2,0.3232295170994784,0.2,0.538406107823054,0.16634304207119743,0.39451069948896067
90,LABORATORY SUPPLIES PER PRICE AGREEMENT 98-21675-00,6.0,EA,2023-01-10,WESTBROOK,ME,,,4759903,OTHER_GOODS,6,LABORATORY SUPPLIES PER PRICE AGREEMENT 98-21675-00,80.85,1.368393,80.85,0.0,True,1.0000001,1.0,0.0,0.0,0.0,1.0,0.0,86.1,0.06097560975609757,0.9425287356321839,3,8,8,0.8,0.22503454666353614,0.16666666666666666,0.6,0.871264367816092,0.625134492344358
90,LABORATORY SUPPLIES PER PRICE AGREEMENT 98-21675-00,6.0,EA,2023-01-10,WESTBROOK,ME,,,4759903,OTHER_GOODS,7,LABORATORY SUPPLIES PER PRICE AGREEMENT WQL SUPPLY,86.1,1.366257,80.85,6.4935,True,0.828386,0.0,0.0,0.0,0.0,0.0,0.0,86.1,0.0,1.0,5,8,8,0.8,0.2231203657734421,0.14285714285714285,0.0,0.9,0.30346805486601636
90,LABORATORY SUPPLIES PER PRICE AGREEMENT 98-21675-00,6.0,EA,2023-01-10,WESTBROOK,ME,,,4759903,OTHER_GOODS,8,LABORATORY SUPPLIES PER PRICE AGREEMENT 98-08877-00,648.9,1.150599,80.85,702.5974,False,0.9903003,0.9434788823127747,0.0,0.0,0.0,0.6666666666666666,0.0,86.1,6.536585365853658,0.13268608414239483,2,2,2,0.2,0.02985799573790057,0.125,0.538406107823054,0.16634304207119743,0.35050497128472397
90,LABORATORY SUPPLIES PER PRICE AGREEMENT 98-21675-00,6.0,EA,2023-01-10,WESTBROOK,ME,,,4759903,OTHER_GOODS,9,LABORATORY SUPPLIES PER PRICE AGREEMENT 98-09221-00,86.1,1.144898,80.85,6.4935,True,0.9902954,0.943450391292572,0.0,0.0,0.0,0.6666666666666666,0.0,86.1,0.0,1.0,5,8,8,0.8,0.024749032603805784,0.1111111111111111,0.5383918623129527,0.9,0.569827879162695
90,LABORATORY SUPPLIES PER PRICE AGREEMENT 98-21675-00,6.0,EA,2023-01-10,WESTBROOK,ME,,,4759903,OTHER_GOODS,10,LABORATORY SUPPLIES PER PRICE AGREEMENT 98-09221-00,86.1,1.117281,80.85,6.4935,True,0.9902954,0.943450391292572,0.0,0.0,0.0,0.6666666666666666,0.0,86.1,0.0,1.0,5,8,8,0.8,0.0,0.1,0.5383918623129527,0.9,0.5661155242721241
91,LABORATORY SUPPLIES PER PRICE AGREEMENT WQL LABORATORY CHEMICALS AND SUPPLIES,3.0,EA,2023-01-10,WESTBROOK,ME,,,4759903,OTHER_GOODS,1,LABORATORY SUPPLIES PER PRICE AGREEMENT WQL LAB SUPPLIES AND CHEMICALS,86.1,1.690184,648.9,86.7314,False,0.9917016,0.8572142124176025,0.0,0.0,0.0,0.0,0.0,86.1,0.0,1.0,4,6,6,0.6,1.0,1.0,0.42860710620880127,0.8,0.6257339084148407
91,LABORATORY SUPPLIES PER PRICE AGREEMENT WQL LABORATORY CHEMICALS AND SUPPLIES,3.0,EA,2023-01-10,WESTBROOK,ME,,,4759903,OTHER_GOODS,2,LABORATORY SUPPLIES PER PRICE AGREEMENT WQL LABORATORY CHEMICALS AND SUPPLIES,86.1,1.342202,648.9,86.7314,False,0.9999999,1.0,0.0,0.0,0.0,0.0,0.0,86.1,0.0,1.0,4,6,6,0.6,0.6231477239869134,0.5,0.5,0.8,0.608472158598037
91,LABORATORY SUPPLIES PER PRICE AGREEMENT WQL LABORATORY CHEMICALS AND SUPPLIES,3.0,EA,2023-01-10,WESTBROOK,ME,,,4759903,OTHER_GOODS,3,LABORATORY SUPPLIES PER PRICE AGREEMENT WQL LABORATORY CHEMICALS AND SUPPLIES,13.65,1.08908,648.9,97.8964,False,0.9999999,1.0,0.0,0.0,0.0,0.0,0.0,86.1,0.8414634146341463,0.543046357615894,1,1,1,0.1,0.3490254940756409,0.3333333333333333,0.5,0.321523178807947,0.4238107777537303
91,LABORATORY SUPPLIES PER PRICE AGREEMENT WQL LABORATORY CHEMICALS AND SUPPLIES,3.0,EA,2023-01-10,WESTBROOK,ME,,,4759903,OTHER_GOODS,4,LABORATORY SUPPLIES PER PRICE AGREEMENT WQL LABORATORY CHEMICALS AND SUPPLIES,80.85,0.990221,648.9,87.5405,False,0.9999999,1.0,0.0,0.0,0.0,0.0,0.0,86.1,0.06097560975609757,0.9425287356321839,2,6,6,0.6,0.24196467152051523,0.25,0.5,0.771264367816092,0.5426740110729049
91,LABORATORY SUPPLIES PER PRICE AGREEMENT WQL LABORATORY CHEMICALS AND SUPPLIES,3.0,EA,2023-01-10,WESTBROOK,ME,,,4759903,OTHER_GOODS,5,LABORATORY SUPPLIES PER PRICE AGREEMENT WQL LAB SUPPLIES AND CHEMICALS,80.85,0.919767,648.9,87.5405,False,0.9917016,0.8572142124176025,0.0,0.0,0.0,0.0,0.0,86.1,0.06097560975609757,0.9425287356321839,2,6,6,0.6,0.16566546565864304,0.2,0.42860710620880127,0.771264367816092,0.49196303860846474
91,LABORATORY SUPPLIES PER PRICE AGREEMENT WQL LABORATORY CHEMICALS AND SUPPLIES,3.0,EA,2023-01-10,WESTBROOK,ME,,,4759903,OTHER_GOODS,6,LABORATORY SUPPLIES PER PRICE AGREEMENT WQL SUPPLIES AND CHEMICALS,86.1,0.909423,648.9,86.7314,False,0.99146944,0.8532195091247559,0.0,0.0,0.0,0.0,0.0,86.1,0.0,1.0,4,6,6,0.6,0.15446327720326497,0.16666666666666666,0.42660975456237793,0.8,0.4978048565897976
91,LABORATORY SUPPLIES PER PRICE AGREEMENT WQL LABORATORY CHEMICALS AND SUPPLIES,3.0,EA,2023-01-10,WESTBROOK,ME,,,4759903,OTHER_GOODS,7,LABORATORY SUPPLIES PER PRICE AGREEMENT WQL LABORATORY CHEMICALS AND SUPPLIES,648.9,0.891901,648.9,0.0,True,0.9999999,1.0,0.0,0.0,0.0,0.0,0.0,86.1,6.536585365853658,0.13268608414239483,2,2,2,0.2,0.13548756702198755,0.14285714285714285,0.5,0.16634304207119743,0.34522604767465737
91,LABORATORY SUPPLIES PER PRICE AGREEMENT WQL LABORATORY CHEMICALS AND SUPPLIES,3.0,EA,2023-01-10,WESTBROOK,ME,,,4759903,OTHER_GOODS,8,LABORATORY SUPPLIES PER PRICE AGREEMENT WQL LAB SUPPLIES AND CHEMICALS,160.65,0.850144,648.9,75.2427,False,0.9917016,0.8572142124176025,0.0,0.0,0.0,0.0,0.0,86.1,0.8658536585365856,0.5359477124183005,1,1,1,0.1,0.09026620359089493,0.125,0.42860710620880127,0.31797385620915025,0.34466599581622004
91,LABORATORY SUPPLIES PER PRICE AGREEMENT WQL LABORATORY CHEMICALS AND SUPPLIES,3.0,EA,2023-01-10,WESTBROOK,ME,,,4759903,OTHER_GOODS,9,LABORATORY SUPPLIES PER PRICE AGREEMENT WQL SUPPLY,86.1,0.808964,648.9,86.7314,False,0.9418829,0.0,0.0,0.0,0.0,0.0,0.0,86.1,0.0,1.0,4,6,6,0.6,0.04566971088087286,0.1111111111111111,0.0,0.8,0.24685045663213093
91,LABORATORY SUPPLIES PER PRICE AGREEMENT WQL LABORATORY CHEMICALS AND SUPPLIES,3.0,EA,2023-01-10,WESTBROOK,ME,,,4759903,OTHER_GOODS,10,LABORATORY SUPPLIES PER PRICE AGREEMENT WQL LAB SUPPLIES AND CHEMICALS,648.9,0.766793,648.9,0.0,True,0.9917016,0.8572142124176025,0.0,0.0,0.0,0.0,0.0,86.1,6.536585365853658,0.13268608414239483,2,2,2,0.2,0.0,0.1,0.42860710620880127,0.16634304207119743,0.2856368210361999
92,LABORATORY SUPPLIES PER PRICE AGREEMENT 98-21904-00,12.0,EA,2023-01-10,WESTBROOK,ME,,,4759903,OTHER_GOODS,1,LABORATORY SUPPLIES PER PRICE AGREEMENT 98-21675-00,80.85,2.156963,13.65,492.3077,False,0.9916184,0.27425822615623474,0.0,0.0,0.0,0.6666666666666666,0.0,86.1,0.06097560975609757,0.9425287356321839,3,6,6,0.6,1.0,1.0,0.20379577974478402,0.771264367816092,0.49346698920445886
92,LABORATORY SUPPLIES PER PRICE AGREEMENT 98-21904-00,12.0,EA,2023-01-10,WESTBROOK,ME,,,4759903,OTHER_GOODS,2,LABORATORY SUPPLIES PER PRICE AGREEMENT 98-21675-00,80.85,1.690633,13.65,492.3077,False,0.9916184,0.27425822615623474,0.0,0.0,0.0,0.6666666666666666,0.0,86.1,0.06097560975609757,0.9425287356321839,3,6,6,0.6,0.5875248216599664,0.5,0.20379577974478402,0.771264367816092,0.4315957124534538
92,LABORATORY SUPPLIES PER PRICE AGREEMENT 98-21904-00,12.0,EA,2023-01-10,WESTBROOK,ME,,,4759903,OTHER_GOODS,3,LABORATORY SUPPLIES PER PRICE AGREEMENT 98-08877-00,648.9,1.468972,13.65,4653.8462,False,0.98845106,5.161050466995221e-06,0.0,0.0,0.0,0.6666666666666666,0.0,86.1,6.536585365853658,0.13268608414239483,3,3,3,0.3,0.39146267574177507,0.3333333333333333,0.06666924719190016,0.21634304207119742,0.16029039993817057
92,LABORATORY SUPPLIES PER PRICE AGREEMENT 98-21904-00,12.0,EA,2023-01-10,WESTBROOK,ME,,,4759903,OTHER_GOODS,4,LABORATORY SUPPLIES PER PRICE AGREEMENT 98-09221-00,86.1,1.443115,13.65,530.7692,False,0.9922673,0.3304465711116791,0.0,0.0,0.0,0.6666666666666666,0.0,86.1,0.0,1.0,3,6,6,0.6,0.3685918102895454,0.25,0.2318899522225062,0.8,0.4228282452658102
92,LABORATORY SUPPLIES PER PRICE AGREEMENT 98-21904-00,12.0,EA,2023-01-10,WESTBROOK,ME,,,4759903,OTHER_GOODS,5,LABORATORY SUPPLIES PER PRICE AGREEMENT 98-08877-00,648.9,1.33055,13.65,4653.8462,False,0.988451,0.0,0.0,0.0,0.0,0.6666666666666666,0.0,86.1,6.536585365853658,0.13268608414239483,3,3,3,0.3,0.2690265486725663,0.2,0.06666666666666667,0.21634304207119742,0.14192356158891084
92,LABORATORY SUPPLIES PER PRICE AGREEMENT 98-21904-00,12.0,EA,2023-01-10,WESTBROOK,ME,,,4759903,OTHER_GOODS,6,LABORATORY SUPPLIES PER PRICE AGREEMENT 98-09221-00,86.1,1.306123,13.65,530.7692,False,0.9922673,0.3304465711116791,0.0,0.0,0.0,0.6666666666666666,0.0,86.1,0.0,1.0,3,6,6,0.6,0.24742053751885112,0.16666666666666666,0.2318899522225062,0.8,0.40465255435020603
92,LABORATORY SUPPLIES PER PRICE AGREEMENT 98-21904-00,12.0,EA,2023-01-10,WESTBROOK,ME,,,4759903,OTHER_GOODS,7,LABORATORY SUPPLIES PER PRICE AGREEMENT 98-21675-00,80.85,1.215188,13.65,492.3077,False,0.99161834,0.27425307035446167,0.0,0.0,0.0,0.6666666666666666,0.0,86.1,0.06097560975609757,0.9425287356321839,3,6,6,0.6,0.16698730280877258,0.14285714285714285,0.2037932018438975,0.771264367816092,0.3685136667802871
92,LABORATORY SUPPLIES PER PRICE AGREEMENT 98-21904-00,12.0,EA,2023-01-10,WESTBROOK,ME,,,4759903,OTHER_GOODS,8,LABORATORY SUPPLIES PER PRICE AGREEMENT 98-21904-00,13.65,1.152282,13.65,0.0,True,0.99999994,1.0,0.0,0.0,0.0,1.0,0.0,86.1,0.8414634146341463,0.543046357615894,1,1,1,0.1,0.11134609686307295,0.125,0.6,0.321523178807947,0.4431588681718451
92,LABORATORY SUPPLIES PER PRICE AGREEMENT 98-21904-00,12.0,EA,2023-01-10,WESTBROOK,ME,,,4759903,OTHER_GOODS,9,LABORATORY SUPPLIES PER PRICE AGREEMENT 98-11682-00,648.9,1.078477,13.65,4653.8462,False,0.9927504,0.3722769021987915,0.0,0.0,0.0,0.6666666666666666,0.0,86.1,6.536585365853658,0.13268608414239483,3,3,3,0.3,0.04606457833030385,0.1111111111111111,0.2528051177660624,0.21634304207119742,0.21085541414223916
92,LABORATORY SUPPLIES PER PRICE AGREEMENT 98-21904-00,12.0,EA,2023-01-10,WESTBROOK,ME,,,4759903,OTHER_GOODS,10,LABORATORY SUPPLIES PER PRICE AGREEMENT 98-09221-00,86.1,1.026398,13.65,530.7692,False,0.9922673,0.3304465711116791,0.0,0.0,0.0,0.6666666666666666,0.0,86.1,0.0,1.0,3,6,6,0.6,0.0,0.1,0.2318899522225062,0.8,0.3675394737223784
93,Flexible Base South - 300 Tons Road Base Delivery Fill up bin,312.971,TON,2023-01-10,CEDAR CREEK,TX,,,75052,OTHER_GOODS,1,Flexible Base South - 300 Tons Road Base Delivery Fill up bin,16.99,2.570449,16.99,0.0,True,0.99999994,1.0,0.0,0.0,0.0,1.0,0.0,16.99,0.0,1.0,8,8,10,0.8,1.0,1.0,0.6,0.9,0.7500000000000001
93,Flexible Base South - 300 Tons Road Base Delivery Fill up bin,312.971,TON,2023-01-10,CEDAR CREEK,TX,,,75052,OTHER_GOODS,2,Flexible Base South - 300 Tons Road Base Delivery Fill up bin,16.99,2.496148,16.99,0.0,True,0.99999994,1.0,0.0,0.0,0.0,1.0,0.0,16.99,0.0,1.0,8,8,10,0.8,0.9444793156476553,0.5,0.6,0.9,0.7416718973471483
93,Flexible Base South - 300 Tons Road Base Delivery Fill up bin,312.971,TON,2023-01-10,CEDAR CREEK,TX,,,75052,OTHER_GOODS,3,Flexible Base South - 300 Tons Road Base Delivery Fill up bin,16.99,1.89303,16.99,0.0,True,0.99999994,1.0,0.0,0.0,0.0,1.0,0.0,16.99,0.0,1.0,8,8,10,0.8,0.4938053798295994,0.3333333333333333,0.6,0.9,0.67407080697444
93,Flexible Base South - 300 Tons Road Base Delivery Fill up bin,312.971,TON,2023-01-10,CEDAR CREEK,TX,,,75052,OTHER_GOODS,4,Flexible Base South - 300 Tons Road Base Delivery Fill up bin,16.99,1.849031,16.99,0.0,True,0.99999994,1.0,0.0,0.0,0.0,1.0,0.0,16.99,0.0,1.0,8,8,10,0.8,0.46092756404221014,0.25,0.6,0.9,0.6691391346063316
93,Flexible Base South - 300 Tons Road Base Delivery Fill up bin,312.971,TON,2023-01-10,CEDAR CREEK,TX,,,75052,OTHER_GOODS,5,Flexible Base South - 300 Tons Road Base Delivery Fill up bin,16.99,1.740291,16.99,0.0,True,0.99999994,1.0,0.0,0.0,0.0,1.0,0.0,16.99,0.0,1.0,8,8,10,0.8,0.3796726789602603,0.2,0.6,0.9,0.6569509018440391
93,Flexible Base South - 300 Tons Road Base Delivery Fill up bin,312.971,TON,2023-01-10,CEDAR CREEK,TX,,,75052,OTHER_GOODS,6,Flexible Base South - 300 Tons Road Base Delivery Fill up bin,16.99,1.573539,16.99,0.0,True,0.99999994,1.0,0.0,0.0,0.0,1.0,0.0,16.99,0.0,1.0,8,8,10,0.8,0.25506890300674456,0.16666666666666666,0.6,0.9,0.6382603354510118
93,Flexible Base South - 300 Tons Road Base Delivery Fill up bin,312.971,TON,2023-01-10,CEDAR CREEK,TX,,,75052,OTHER_GOODS,7,Flexible Base South - 300 Tons Road Base Delivery Fill up bin,16.99,1.468876,16.99,0.0,True,0.99999994,1.0,0.0,0.0,0.0,1.0,0.0,16.99,0.0,1.0,8,8,10,0.8,0.17686051568531633,0.14285714285714285,0.6,0.9,0.6265290773527975
93,Flexible Base South - 300 Tons Road Base Delivery Fill up bin,312.971,TON,2023-01-10,CEDAR CREEK,TX,,,75052,OTHER_GOODS,8,Flexible Base South - 300 Tons Road Base Delivery Fill up bin,16.99,1.407481,16.99,0.0,True,0.99999994,1.0,0.0,0.0,0.0,1.0,0.0,16.99,0.0,1.0,8,8,10,0.8,0.13098371166098013,0.125,0.6,0.9,0.6196475567491471
93,Flexible Base South - 300 Tons Road Base Delivery Fill up bin,312.971,TON,2023-01-10,CEDAR CREEK,TX,,,75052,OTHER_GOODS,9,Flexible Base South - 300 Tons Road Base Delivery Fill up bin,14.07,1.238996,16.99,17.1866,False,0.99999994,1.0,0.0,0.0,0.0,1.0,0.0,16.99,0.17186580341377272,0.8533400301356102,2,2,2,0.2,0.005084968668223878,0.1111111111111111,0.6,0.5266700150678051,0.48876374982057513
93,Flexible Base South - 300 Tons Road Base Delivery Fill up bin,312.971,TON,2023-01-10,CEDAR CREEK,TX,,,75052,OTHER_GOODS,10,Flexible Base South - 300 Tons Road Base Delivery Fill up bin,14.07,1.232191,16.99,17.1866,False,0.99999994,1.0,0.0,0.0,0.0,1.0,0.0,16.99,0.17186580341377272,0.8533400301356102,2,2,2,0.2,0.0,0.1,0.6,0.5266700150678051,0.48800100452034156
94,ACCESSORIES FOR LAPTOP COMPUTER Dell Essential Backpack 15 (ES1520P) 1 $19.49 DIR-TSO-3763 PR0015031,1.0,EA,2023-01-10,ROUND ROCK,TX,DELL,ES1520P,2045405,COMPUTER_HARDWARE,1,ACCESSORIES FOR LAPTOP COMPUTER PR0014639 DIR-TSO-3763 eQuote 3000127641858.3 Dell Performance Dock- WD19DCS,252.99,0.319621,19.49,1198.0503,False,0.7064084,0.9699620008468628,1.0,0.0,0.0,0.16666666666666666,0.4,218.0,0.16050458715596336,0.8616941381082256,1,1,7,0.1,1.0,1.0,0.7016476670900981,0.4808470690541128,0.6801603376157878
94,ACCESSORIES FOR LAPTOP COMPUTER Dell Essential Backpack 15 (ES1520P) 1 $19.49 DIR-TSO-3763 PR0015031,1.0,EA,2023-01-10,ROUND ROCK,TX,DELL,ES1520P,2045405,COMPUTER_HARDWARE,2,ACCESSORIES FOR LAPTOP COMPUTER PR0014811 - Dell Performance Docks WD19DCS DIR-TSO-3763,380.61,0.221238,19.49,1852.8476,False,0.6793797,0.7708852887153625,1.0,0.0,0.0,0.16666666666666666,0.4,218.0,0.7459174311926606,0.5727647723391398,1,1,3,0.1,0.6845232560003848,0.5,0.602109311024348,0.3363823861695699,0.5347533253143201
94,ACCESSORIES FOR LAPTOP COMPUTER Dell Essential Backpack 15 (ES1520P) 1 $19.49 DIR-TSO-3763 PR0015031,1.0,EA,2023-01-10,ROUND ROCK,TX,DELL,ES1520P,2045405,COMPUTER_HARDWARE,3,ACCESSORIES FOR LAPTOP COMPUTER PR0014573 DIR-TSO-3763 e-quote 3000128804337.3 Dell Thunderbolt 4 Dock- WD22TB4,337.99,0.18657,19.49,1634.1714,False,0.71048665,1.0,1.0,0.0,0.0,0.16666666666666666,0.4,218.0,0.5504128440366973,0.6449894967306725,2,2,3,0.2,0.573356207211685,0.3333333333333333,0.7166666666666667,0.4224947483653363,0.6069185222580205
94,ACCESSORIES FOR LAPTOP COMPUTER Dell Essential Backpack 15 (ES1520P) 1 $19.49 DIR-TSO-3763 PR0015031,1.0,EA,2023-01-10,ROUND ROCK,TX,DELL,ES1520P,2045405,COMPUTER_HARDWARE,4,ACCESSORIES FOR LAPTOP COMPUTER Dell Dock- WD19S 90w Power Delivery - 130w AC DIR-TSO-3763,218.0,0.039619,19.49,1018.5223,False,0.64003503,0.48109662532806396,1.0,0.0,0.0,0.16666666666666666,0.4,218.0,0.0,1.0,6,6,7,0.6,0.10214041782238541,0.25,0.45721497933069866,0.8,0.506789301305242
94,ACCESSORIES FOR LAPTOP COMPUTER Dell Essential Backpack 15 (ES1520P) 1 $19.49 DIR-TSO-3763 PR0015031,1.0,EA,2023-01-10,ROUND ROCK,TX,DELL,ES1520P,2045405,COMPUTER_HARDWARE,5,ACCESSORIES FOR LAPTOP COMPUTER Dell Dock- WD19S 90w Power Delivery - 130w AC @ $218.00,218.0,0.036133,19.49,1018.5223,False,0.57471645,0.0,1.0,0.0,0.0,0.0,0.4,218.0,0.0,1.0,6,6,7,0.6,0.09096214586907377,0.2,0.2,0.8,0.36364432188036105
94,ACCESSORIES FOR LAPTOP COMPUTER Dell Essential Backpack 15 (ES1520P) 1 $19.49 DIR-TSO-3763 PR0015031,1.0,EA,2023-01-10,ROUND ROCK,TX,DELL,ES1520P,2045405,COMPUTER_HARDWARE,6,ACCESSORIES FOR LAPTOP COMPUTER Dell Dock- WD19S 90w Power Delivery - 130w AC DIR-TSO-3763 Quote number # 3000138962956,218.0,0.03438,19.49,1018.5223,False,0.6342906,0.43878647685050964,1.0,0.0,0.0,0.16666666666666666,0.4,218.0,0.0,1.0,6,6,7,0.6,0.08534094370781292,0.16666666666666666,0.4360599050919215,0.8,0.4926340893567288
94,ACCESSORIES FOR LAPTOP COMPUTER Dell Essential Backpack 15 (ES1520P) 1 $19.49 DIR-TSO-3763 PR0015031,1.0,EA,2023-01-10,ROUND ROCK,TX,DELL,ES1520P,2045405,COMPUTER_HARDWARE,7,ACCESSORIES FOR LAPTOP COMPUTER PR0014261 DIR-TSO-3763 eQuote 3000122439445 Dell Performance Dock WD19DCS,322.0,0.028506,19.49,1552.1293,False,0.6895156,0.8455400466918945,1.0,0.0,0.0,0.16666666666666666,0.4,218.0,0.47706422018348627,0.6770186335403726,2,2,3,0.2,0.06650526687082138,0.14285714285714285,0.6394366900126139,0.43850931677018634,0.4932187645686168
94,ACCESSORIES FOR LAPTOP COMPUTER Dell Essential Backpack 15 (ES1520P) 1 $19.49 DIR-TSO-3763 PR0015031,1.0,EA,2023-01-10,ROUND ROCK,TX,DELL,ES1520P,2045405,COMPUTER_HARDWARE,8,ACCESSORIES FOR LAPTOP COMPUTER PR0014822 -Dell Dock- WD19S 90w Power Delivery - 130w AC TX DIR-TSO-3763,218.0,0.016483,19.49,1018.5223,False,0.67667365,0.7509542107582092,1.0,0.0,0.0,0.16666666666666666,0.4,218.0,0.0,1.0,6,6,7,0.6,0.027952093120200097,0.125,0.5921437720457713,0.8,0.5698718885932044
94,ACCESSORIES FOR LAPTOP COMPUTER Dell Essential Backpack 15 (ES1520P) 1 $19.49 DIR-TSO-3763 PR0015031,1.0,EA,2023-01-10,ROUND ROCK,TX,DELL,ES1520P,2045405,COMPUTER_HARDWARE,9,ACCESSORIES FOR LAPTOP COMPUTER PR0014766-Dell Dock - WD19S 90w DIR-TSO-3763,218.0,0.010335,19.49,1018.5223,False,0.6998678,0.9217879772186279,1.0,0.0,0.0,0.16666666666666666,0.4,218.0,0.0,1.0,6,6,7,0.6,0.008237802825030864,0.1111111111111111,0.6775606552759806,0.8,0.6138940308255441
94,ACCESSORIES FOR LAPTOP COMPUTER Dell Essential Backpack 15 (ES1520P) 1 $19.49 DIR-TSO-3763 PR0015031,1.0,EA,2023-01-10,ROUND ROCK,TX,DELL,ES1520P,2045405,COMPUTER_HARDWARE,10,ACCESSORIES FOR LAPTOP COMPUTER (1X) Dell Dock- WD19S 90w Power Delivery - 130w AC DIR-TSO-3763,218.0,0.007766,19.49,1018.5223,False,0.63417894,0.43796420097351074,1.0,0.0,0.0,0.16666666666666666,0.4,218.0,0.0,1.0,6,6,7,0.6,0.0,0.1,0.43564876715342205,0.8,0.47960682193438214
95,ACCESSORIES FOR LAPTOP COMPUTER Dell Dock- WD19S 90w Power Delivery - 130w AC 1 $218.00 $218.00 TX- DIR-TSO-3763 PR0015031,1.0,EA,2023-01-10,ROUND ROCK,TX,DELL,WD19S,2045405,COMPUTER_HARDWARE,1,ACCESSORIES FOR LAPTOP COMPUTER Dell Dock- WD19S 90w Power Delivery - 130w AC DIR-TSO-3763 Quote number # 3000139992384,218.0,2.61913,218.0,0.0,True,0.98115647,0.900540292263031,1.0,1.0,0.0,0.5714285714285714,0.8,218.0,0.0,1.0,10,10,10,1.0,1.0,1.0,0.9074130032743726,1.0,0.949077151800905
95,ACCESSORIES FOR LAPTOP COMPUTER Dell Dock- WD19S 90w Power Delivery - 130w AC 1 $218.00 $218.00 TX- DIR-TSO-3763 PR0015031,1.0,EA,2023-01-10,ROUND ROCK,TX,DELL,WD19S,2045405,COMPUTER_HARDWARE,2,ACCESSORIES FOR LAPTOP COMPUTER Dell Dock- WD19S 90w Power Delivery - 130w AC DIR-TSO-3763,218.0,2.488028,218.0,0.0,True,0.98916084,1.0,1.0,1.0,0.0,0.5714285714285714,0.8,218.0,0.0,1.0,10,10,10,1.0,0.8383936748914934,0.5,0.9571428571428571,1.0,0.9521876226622955
95,ACCESSORIES FOR LAPTOP COMPUTER Dell Dock- WD19S 90w Power Delivery - 130w AC 1 $218.00 $218.00 TX- DIR-TSO-3763 PR0015031,1.0,EA,2023-01-10,ROUND ROCK,TX,DELL,WD19S,2045405,COMPUTER_HARDWARE,3,ACCESSORIES FOR LAPTOP COMPUTER Dell Dock- WD19S 90w Power Delivery - 130w AC DIR-TSO-3763 Quote number # 3000139992206,218.0,2.40541,218.0,0.0,True,0.9827766,0.920671284198761,1.0,1.0,0.0,0.5714285714285714,0.8,218.0,0.0,1.0,10,10,10,1.0,0.736552426338347,0.3333333333333333,0.9174784992422376,1.0,0.9150960385339828
95,ACCESSORIES FOR LAPTOP COMPUTER Dell Dock- WD19S 90w Power Delivery - 130w AC 1 $218.00 $218.00 TX- DIR-TSO-3763 PR0015031,1.0,EA,2023-01-10,ROUND ROCK,TX,DELL,WD19S,2045405,COMPUTER_HARDWARE,4,ACCESSORIES FOR LAPTOP COMPUTER Dell Dock- WD19S 90w Power Delivery - 130w AC (2) DIR-TSO-3763 Quote number # 3000139991822,218.0,2.396953,218.0,0.0,True,0.9805558,0.8930762410163879,1.0,1.0,0.0,0.5714285714285714,0.8,218.0,0.0,1.0,10,10,10,1.0,0.7261276830739984,0.25,0.903680977651051,1.0,0.9059436901691779
95,ACCESSORIES FOR LAPTOP COMPUTER Dell Dock- WD19S 90w Power Delivery - 130w AC 1 $218.00 $218.00 TX- DIR-TSO-3763 PR0015031,1.0,EA,2023-01-10,ROUND ROCK,TX,DELL,WD19S,2045405,COMPUTER_HARDWARE,5,ACCESSORIES FOR LAPTOP COMPUTER Dell Dock- WD19S 90w Power Delivery - 130w AC DIR-TSO-3763 Quote number # 3000139991582,218.0,2.276718,218.0,0.0,True,0.98155284,0.9054654836654663,1.0,1.0,0.0,0.5714285714285714,0.8,218.0,0.0,1.0,10,10,10,1.0,0.5779168510544925,0.2,0.9098755989755902,1.0,0.8871191070947485
95,ACCESSORIES FOR LAPTOP COMPUTER Dell Dock- WD19S 90w Power Delivery - 130w AC 1 $218.00 $218.00 TX- DIR-TSO-3763 PR0015031,1.0,EA,2023-01-10,ROUND ROCK,TX,DELL,WD19S,2045405,COMPUTER_HARDWARE,6,ACCESSORIES FOR LAPTOP COMPUTER Dell Dock- WD19S 90w Power Delivery - 130w AC DIR-TSO-3763 Quote number # 3000138962956,218.0,2.228721,218.0,0.0,True,0.9819894,0.9108898043632507,1.0,1.0,0.0,0.5714285714285714,0.8,218.0,0.0,1.0,10,10,10,1.0,0.5187520878454422,0.16666666666666666,0.9125877593244824,1.0,0.8797360808052817
95,ACCESSORIES FOR LAPTOP COMPUTER Dell Dock- WD19S 90w Power Delivery - 130w AC 1 $218.00 $218.00 TX- DIR-TSO-3763 PR0015031,1.0,EA,2023-01-10,ROUND ROCK,TX,DELL,WD19S,2045405,COMPUTER_HARDWARE,7,ACCESSORIES FOR LAPTOP COMPUTER (1X) Dell Dock- WD19S 90w Power Delivery - 130w AC DIR-TSO-3763,218.0,2.091811,218.0,0.0,True,0.9686326,0.7449224591255188,1.0,1.0,0.0,0.5714285714285714,0.8,218.0,0.0,1.0,10,10,10,1.0,0.3499863789271523,0.14285714285714285,0.8296040867056165,1.0,0.8087802045271619
95,ACCESSORIES FOR LAPTOP COMPUTER Dell Dock- WD19S 90w Power Delivery - 130w AC 1 $218.00 $218.00 TX- DIR-TSO-3763 PR0015031,1.0,EA,2023-01-10,ROUND ROCK,TX,DELL,WD19S,2045405,COMPUTER_HARDWARE,8,ACCESSORIES FOR LAPTOP COMPUTER DELL Dock - WD19S 90w Power Delivery - 130w AC DIR-TSO-3763,218.0,2.080511,218.0,0.0,True,0.9891608,0.9999992847442627,1.0,1.0,0.0,0.5714285714285714,0.8,218.0,0.0,1.0,10,10,10,1.0,0.3360571370107353,0.125,0.9571424995149884,1.0,0.876836945284854
95,ACCESSORIES FOR LAPTOP COMPUTER Dell Dock- WD19S 90w Power Delivery - 130w AC 1 $218.00 $218.00 TX- DIR-TSO-3763 PR0015031,1.0,EA,2023-01-10,ROUND ROCK,TX,DELL,WD19S,2045405,COMPUTER_HARDWARE,9,ACCESSORIES FOR LAPTOP COMPUTER EQuote Number : 3000137599009 Dell Dock- WD19S 90w Power Delivery- 130w AC ********************************************************* DIR-TSO-3763,218.0,1.99193,218.0,0.0,True,0.90868235,0.0,1.0,1.0,0.0,0.5714285714285714,0.8,218.0,0.0,1.0,10,10,10,1.0,0.2268654398250585,0.1111111111111111,0.4571428571428572,1.0,0.5854583874023301
95,ACCESSORIES FOR LAPTOP COMPUTER Dell Dock- WD19S 90w Power Delivery - 130w AC 1 $218.00 $218.00 TX- DIR-TSO-3763 PR0015031,1.0,EA,2023-01-10,ROUND ROCK,TX,DELL,WD19S,2045405,COMPUTER_HARDWARE,10,ACCESSORIES FOR LAPTOP COMPUTER Dell Dock- WD19S 90w Power Delivery - 130w AC 2 $218.00 $436.00 Customer Agreement # TX DIR-TSO-3763 PR0015003,218.0,1.807887,218.0,0.0,True,0.98447096,0.9417251348495483,1.0,1.0,0.0,0.7142857142857143,0.8,218.0,0.0,1.0,10,10,10,1.0,0.0,0.1,0.9422911388533455,1.0,0.8182601263693401
96,"Microcomputers, Handheld, Laptop, and Notebook, ECO Certifie Latitude 5431 Bundle 1 $1,285.00 TX DIR-TSO-3763 PR0015031",1.0,EA,2023-01-10,ROUND ROCK,TX,,PR0015031,20554,COMPUTER_HARDWARE,1,"Microcomputers, Handheld, Laptop, and Notebook, ECO Certifie PR0014793- SI# B1BX26 Dell Latitude 5431 TX DIR-TSO-3763",1285.0,2.543308,1285.0,0.0,True,0.87710005,0.0,0.0,0.0,0.0,0.4,0.0,1285.0,0.0,1.0,10,10,10,1.0,1.0,1.0,0.04000000000000001,1.0,0.472
96,"Microcomputers, Handheld, Laptop, and Notebook, ECO Certifie Latitude 5431 Bundle 1 $1,285.00 TX DIR-TSO-3763 PR0015031",1.0,EA,2023-01-10,ROUND ROCK,TX,,PR0015031,20554,COMPUTER_HARDWARE,2,"Microcomputers, Handheld, Laptop, and Notebook, ECO Certifie PR0014983 Quote:3000139092174 DIR-TSO-3763 ------------------------- Latitude 5431 Bundle (LAPTOPS) 2 @ $1,285.00",1285.0,2.273343,1285.0,0.0,True,0.9096081,0.5135976672172546,0.0,0.0,0.0,0.8,0.0,1285.0,0.0,1.0,10,10,10,1.0,0.7889495281628646,0.5,0.33679883360862733,1.0,0.6035817877091747
96,"Microcomputers, Handheld, Laptop, and Notebook, ECO Certifie Latitude 5431 Bundle 1 $1,285.00 TX DIR-TSO-3763 PR0015031",1.0,EA,2023-01-10,ROUND ROCK,TX,,PR0015031,20554,COMPUTER_HARDWARE,3,"Microcomputers, Handheld, Laptop, and Notebook, ECO Certifie PR0014780 Quote:3000134608281 DIR-TSO-3763 ------------------------------- Laptop Latitude 5431 Bundle @ $1,285.00",1285.0,1.788199,1285.0,0.0,True,0.9081625,0.49075770378112793,0.0,0.0,0.0,0.8,0.0,1285.0,0.0,1.0,10,10,10,1.0,0.40967862227152585,0.3333333333333333,0.325378851890564,1.0,0.5404101618805391
96,"Microcomputers, Handheld, Laptop, and Notebook, ECO Certifie Latitude 5431 Bundle 1 $1,285.00 TX DIR-TSO-3763 PR0015031",1.0,EA,2023-01-10,ROUND ROCK,TX,,PR0015031,20554,COMPUTER_HARDWARE,4,"Microcomputers, Handheld, Laptop, and Notebook, ECO Certifie PR0013937 DIR-TSO-3763 eQuote 3000128685363 Latitude 5431 Bundle",1285.0,1.761959,1285.0,0.0,True,0.9338356,0.8963698744773865,0.0,0.0,0.0,0.4,0.0,1285.0,0.0,1.0,10,10,10,1.0,0.3891649839072696,0.25,0.4881849372386933,1.0,0.6268764630673717
96,"Microcomputers, Handheld, Laptop, and Notebook, ECO Certifie Latitude 5431 Bundle 1 $1,285.00 TX DIR-TSO-3763 PR0015031",1.0,EA,2023-01-10,ROUND ROCK,TX,,PR0015031,20554,COMPUTER_HARDWARE,5,"Microcomputers, Handheld, Laptop, and Notebook, ECO Certifie PR0014921 Quote: 3000138435069 DIR-TSO-3763 ------------------------------ Latitude 5431 Bundle",1285.0,1.704829,1285.0,0.0,True,0.90915966,0.5065123438835144,0.0,0.0,0.0,0.4,0.0,1285.0,0.0,1.0,10,10,10,1.0,0.34450247781923754,0.2,0.29325617194175724,1.0,0.5129662662408521
96,"Microcomputers, Handheld, Laptop, and Notebook, ECO Certifie Latitude 5431 Bundle 1 $1,285.00 TX DIR-TSO-3763 PR0015031",1.0,EA,2023-01-10,ROUND ROCK,TX,,PR0015031,20554,COMPUTER_HARDWARE,6,"Microcomputers, Handheld, Laptop, and Notebook, ECO Certifie PR0014625 DIR-TSO-3763 eQuote 3000132904205 Latitude 5431 Bundle",1285.0,1.667022,1285.0,0.0,True,0.93818414,0.9650723934173584,0.0,0.0,0.0,0.4,0.0,1285.0,0.0,1.0,10,10,10,1.0,0.3149461087019573,0.16666666666666666,0.5225361967086792,1.0,0.6346368244950672
96,"Microcomputers, Handheld, Laptop, and Notebook, ECO Certifie Latitude 5431 Bundle 1 $1,285.00 TX DIR-TSO-3763 PR0015031",1.0,EA,2023-01-10,ROUND ROCK,TX,,PR0015031,20554,COMPUTER_HARDWARE,7,"Microcomputers, Handheld, Laptop, and Notebook, ECO Certifie PR0014567 DIR-TSO-3763 e-quote 3000128724332 Latitude 5431 Bundle",1285.0,1.665802,1285.0,0.0,True,0.9327589,0.8793590068817139,0.0,0.0,0.0,0.4,0.0,1285.0,0.0,1.0,10,10,10,1.0,0.3139923496011801,0.14285714285714285,0.47967950344085697,1.0,0.6109225793326483
96,"Microcomputers, Handheld, Laptop, and Notebook, ECO Certifie Latitude 5431 Bundle 1 $1,285.00 TX DIR-TSO-3763 PR0015031",1.0,EA,2023-01-10,ROUND ROCK,TX,,PR0015031,20554,COMPUTER_HARDWARE,8,"Microcomputers, Handheld, Laptop, and Notebook, ECO Certifie PR0014551 DIR-TSO-3763 e-quote 3000128711385 Latitude 5431",1285.0,1.548847,1285.0,0.0,True,0.88520837,0.12810395658016205,0.0,0.0,0.0,0.4,0.0,1285.0,0.0,1.0,10,10,10,1.0,0.22256046793610443,0.125,0.10405197829008103,1.0,0.3906126582499602
96,"Microcomputers, Handheld, Laptop, and Notebook, ECO Certifie Latitude 5431 Bundle 1 $1,285.00 TX DIR-TSO-3763 PR0015031",1.0,EA,2023-01-10,ROUND ROCK,TX,,PR0015031,20554,COMPUTER_HARDWARE,9,"Microcomputers, Handheld, Laptop, and Notebook, ECO Certifie PR0014563 DIR-TSO-3763 e-quote 3000128540067 Latitude 5431 Bundle",1285.0,1.477429,1285.0,0.0,True,0.9403949,1.0,0.0,0.0,0.0,0.4,0.0,1285.0,0.0,1.0,10,10,10,1.0,0.16672803559241345,0.1111111111111111,0.54,1.0,0.622009205338862
96,"Microcomputers, Handheld, Laptop, and Notebook, ECO Certifie Latitude 5431 Bundle 1 $1,285.00 TX DIR-TSO-3763 PR0015031",1.0,EA,2023-01-10,ROUND ROCK,TX,,PR0015031,20554,COMPUTER_HARDWARE,10,"Microcomputers, Handheld, Laptop, and Notebook, ECO Certifie PR0014498 DIR-TSO-3763 e-Quote 3000126592979 Latitude 5431",1285.0,1.264159,1285.0,0.0,True,0.88985765,0.20155832171440125,0.0,0.0,0.0,0.4,0.0,1285.0,0.0,1.0,10,10,10,1.0,0.0,0.1,0.14077916085720063,1.0,0.37742853847146035
97,"Microcomputers, Handheld, Laptop, and Notebook PR0015016 eQuote No. 3000140699617 TX- DIR-TSO-3763 Dell Essential Backpack 15 (ES1520P)",28.0,EA,2023-01-10,ROUND ROCK,TX,DELL,PR0015016,20454,COMPUTER_HARDWARE,1,"Microcomputers, Handheld, Laptop, and Notebook PR0015015 eQuote No. 3000140699544 TX- DIR-TSO-3763 Dell Essential Backpack 15 (ES1520P)",19.49,1.371482,19.49,0.0,True,0.99864554,1.0,1.0,0.0,0.0,0.6,0.4,23.494999999999997,0.1704618003830602,0.8543636363636363,2,5,5,0.5,1.0,1.0,0.76,0.6771818181818181,0.7711545454545455
97,"Microcomputers, Handheld, Laptop, and Notebook PR0015016 eQuote No. 3000140699617 TX- DIR-TSO-3763 Dell Essential Backpack 15 (ES1520P)",28.0,EA,2023-01-10,ROUND ROCK,TX,DELL,PR0015016,20454,COMPUTER_HARDWARE,2,"Microcomputers, Handheld, Laptop, and Notebook EQuote Number : 3000137599009 Dell Essential Backpack 15 ES1520P ****************************************** DIR-TSO-3763",19.49,0.019912,19.49,0.0,True,0.8614398,0.744970440864563,1.0,0.0,0.0,0.6,0.4,23.494999999999997,0.1704618003830602,0.8543636363636363,2,5,5,0.5,0.14275131181115247,0.5,0.6324852204322815,0.6771818181818181,0.5724341134639731
97,"Microcomputers, Handheld, Laptop, and Notebook PR0015016 eQuote No. 3000140699617 TX- DIR-TSO-3763 Dell Essential Backpack 15 (ES1520P)",28.0,EA,2023-01-10,ROUND ROCK,TX,DELL,PR0015016,20454,COMPUTER_HARDWARE,3,"Microcomputers, Handheld, Laptop, and Notebook Purchase Request- PR0011863 TX- DIR-TSO-3763 Dell eQuote 3000070326071 Dell Urban Backpack 15 Sku: 460-BBYL",21.0,-0.021686,19.49,7.7476,True,0.8458493,0.715991735458374,1.0,0.0,0.0,0.4,0.4,23.494999999999997,0.10619280698020846,0.9040015390534821,3,5,5,0.5,0.11636730585416934,0.3333333333333333,0.597995867729187,0.7020007695267411,0.5569530539872006
97,"Microcomputers, Handheld, Laptop, and Notebook PR0015016 eQuote No. 3000140699617 TX- DIR-TSO-3763 Dell Essential Backpack 15 (ES1520P)",28.0,EA,2023-01-10,ROUND ROCK,TX,DELL,PR0015016,20454,COMPUTER_HARDWARE,4,"Microcomputers, Handheld, Laptop, and Notebook PR0014565 DIR-TSO-3763 eQuote 3000128282021 Dell Wired combo KM300",25.99,-0.025436,19.49,33.3504,False,0.74286914,0.5245785713195801,1.0,0.0,0.0,0.2,0.4,23.494999999999997,0.10619280698020861,0.9040015390534821,1,1,4,0.1,0.11398882558255326,0.25,0.48228928565979007,0.5020007695267411,0.4329576618082899
97,"Microcomputers, Handheld, Laptop, and Notebook PR0015016 eQuote No. 3000140699617 TX- DIR-TSO-3763 Dell Essential Backpack 15 (ES1520P)",28.0,EA,2023-01-10,ROUND ROCK,TX,DELL,PR0015016,20454,COMPUTER_HARDWARE,5,"Microcomputers, Handheld, Laptop, and Notebook Dell Dock- WD19S 90w Power Delivery - 130w AC",218.0,-0.040233,19.49,1018.5223,False,0.4606462,0.0,1.0,0.0,0.0,0.0,0.4,23.494999999999997,8.27856990849117,0.10777522935779815,1,1,1,0.1,0.10460365956145898,0.2,0.2,0.10388761467889908,0.15685683333788858
97,"Microcomputers, Handheld, Laptop, and Notebook PR0015016 eQuote No. 3000140699617 TX- DIR-TSO-3763 Dell Essential Backpack 15 (ES1520P)",28.0,EA,2023-01-10,ROUND ROCK,TX,DELL,PR0015016,20454,COMPUTER_HARDWARE,6,"Microcomputers, Handheld, Laptop, and Notebook Dell EcoLoop Urban Backpack (Gray) - CP4523G",42.74,-0.057091,19.49,119.2919,False,0.7888186,0.6099866032600403,1.0,0.0,0.0,0.0,0.4,23.494999999999997,0.8191104490317092,0.5497192325690219,1,1,1,0.1,0.0939112807830845,0.16666666666666666,0.5049933016300201,0.32485961628451093,0.389290892899327
97,"Microcomputers, Handheld, Laptop, and Notebook PR0015016 eQuote No. 3000140699617 TX- DIR-TSO-3763 Dell Essential Backpack 15 (ES1520P)",28.0,EA,2023-01-10,ROUND ROCK,TX,DELL,PR0015016,20454,COMPUTER_HARDWARE,7,"Microcomputers, Handheld, Laptop, and Notebook Purchase Request- PR0011868 TX- DIR-TSO-3763 Dell eQuote 3000070410462 Dell Urban Backpack 15 Sku: 460-BBYL",21.0,-0.12323,19.49,7.7476,True,0.8526052,0.7285492420196533,1.0,0.0,0.0,0.4,0.4,23.494999999999997,0.10619280698020846,0.9040015390534821,3,5,5,0.5,0.05196186566723982,0.14285714285714285,0.6042746210098267,0.7020007695267411,0.550745552263513
97,"Microcomputers, Handheld, Laptop, and Notebook PR0015016 eQuote No. 3000140699617 TX- DIR-TSO-3763 Dell Essential Backpack 15 (ES1520P)",28.0,EA,2023-01-10,ROUND ROCK,TX,DELL,PR0015016,20454,COMPUTER_HARDWARE,8,"Microcomputers, Handheld, Laptop, and Notebook PR0012359 eQuote 3000077811578 DIR-TSO-3763 ------------------------------------------------ Dell Latitude 5420",1102.09,-0.162076,19.49,5554.6434,False,0.7203623,0.4827442765235901,1.0,0.0,0.0,0.2,0.4,23.494999999999997,45.90742711215153,0.021318585596457634,1,1,1,0.1,0.027323347098920047,0.125,0.4613721382617951,0.06065929279822882,0.276050965948294
97,"Microcomputers, Handheld, Laptop, and Notebook PR0015016 eQuote No. 3000140699617 TX- DIR-TSO-3763 Dell Essential Backpack 15 (ES1520P)",28.0,EA,2023-01-10,ROUND ROCK,TX,DELL,PR0015016,20454,COMPUTER_HARDWARE,9,"Microcomputers, Handheld, Laptop, and Notebook Dell Performance Dock- WD19DCS",322.0,-0.177144,19.49,1552.1293,False,0.47524446,0.027134327217936516,1.0,0.0,0.0,0.0,0.4,23.494999999999997,12.70504362630347,0.07296583850931676,1,1,1,0.1,0.017766296236863658,0.1111111111111111,0.21356716360896827,0.08648291925465838,0.14607176019685963
97,"Microcomputers, Handheld, Laptop, and Notebook PR0015016 eQuote No. 3000140699617 TX- DIR-TSO-3763 Dell Essential Backpack 15 (ES1520P)",28.0,EA,2023-01-10,ROUND ROCK,TX,DELL,PR0015016,20454,COMPUTER_HARDWARE,10,"Microcomputers, Handheld, Laptop, and Notebook Purchase Request- PR0011682 DIR-TSO-3763 eQuote: 3000066436022 Dell Urban Backpack 15",21.0,-0.205155,19.49,7.7476,True,0.8330947,0.692284345626831,1.0,0.0,0.0,0.4,0.4,23.494999999999997,0.10619280698020846,0.9040015390534821,3,5,5,0.5,0.0,0.1,0.5861421728134155,0.7020007695267411,0.5329784259054009
98,"Microcomputers, Handheld, Laptop, and Notebook PR0015016 eQuote No. 3000140699617 TX- DIR-TSO-3763 Latitude 5431",28.0,EA,2023-01-10,ROUND ROCK,TX,,PR0015016,20454,COMPUTER_HARDWARE,1,"Microcomputers, Handheld, Laptop, and Notebook PR0015015 eQuote No. 3000140699544 TX- DIR-TSO-3763 Latitude 5431",1285.0,2.584222,1285.0,0.0,True,0.9972944,1.0,0.0,0.0,0.0,0.5,0.0,1285.0,0.0,1.0,10,10,10,1.0,1.0,1.0,0.55,1.0,0.7525000000000001
98,"Microcomputers, Handheld, Laptop, and Notebook PR0015016 eQuote No. 3000140699617 TX- DIR-TSO-3763 Latitude 5431",28.0,EA,2023-01-10,ROUND ROCK,TX,,PR0015016,20454,COMPUTER_HARDWARE,2,"Microcomputers, Handheld, Laptop, and Notebook PR0014324 DIR-TSO-3763 eQuote 3000125860384 Latitude 5431",1285.0,1.764885,1285.0,0.0,True,0.9349122,0.8123716115951538,0.0,0.0,0.0,0.5,0.0,1285.0,0.0,1.0,10,10,10,1.0,0.5899413291747098,0.5,0.4561858057975769,1.0,0.6393933925648737
98,"Microcomputers, Handheld, Laptop, and Notebook PR0015016 eQuote No. 3000140699617 TX- DIR-TSO-3763 Latitude 5431",28.0,EA,2023-01-10,ROUND ROCK,TX,,PR0015016,20454,COMPUTER_HARDWARE,3,"Microcomputers, Handheld, Laptop, and Notebook EQuote Number:3000136740492 Latitude 5431 Bundle ************************************** TX DIR-TSO-3763",1285.0,1.493489,1285.0,0.0,True,0.84307945,0.5361641645431519,0.0,0.0,0.0,0.5,0.0,1285.0,0.0,1.0,10,10,10,1.0,0.45411408955621274,0.3333333333333333,0.3180820822715759,1.0,0.5430622586827987
98,"Microcomputers, Handheld, Laptop, and Notebook PR0015016 eQuote No. 3000140699617 TX- DIR-TSO-3763 Latitude 5431",28.0,EA,2023-01-10,ROUND ROCK,TX,,PR0015016,20454,COMPUTER_HARDWARE,4,"Microcomputers, Handheld, Laptop, and Notebook Latitude 5431 Bundle",1285.0,1.341177,1285.0,0.0,True,0.6648169,0.0,0.0,0.0,0.0,0.25,0.0,1285.0,0.0,1.0,10,10,10,1.0,0.3778855581085403,0.25,0.025,1.0,0.370432833716281
98,"Microcomputers, Handheld, Laptop, and Notebook PR0015016 eQuote No. 3000140699617 TX- DIR-TSO-3763 Latitude 5431",28.0,EA,2023-01-10,ROUND ROCK,TX,,PR0015016,20454,COMPUTER_HARDWARE,5,"Microcomputers, Handheld, Laptop, and Notebook PR0014285 DIR-TSO-3763 eQuote 3000124537287 Latitude 5431",1285.0,1.327126,1285.0,0.0,True,0.9268706,0.788184642791748,0.0,0.0,0.0,0.5,0.0,1285.0,0.0,1.0,10,10,10,1.0,0.3708533669786802,0.2,0.444092321395874,1.0,0.5998787818145327
98,"Microcomputers, Handheld, Laptop, and Notebook PR0015016 eQuote No. 3000140699617 TX- DIR-TSO-3763 Latitude 5431",28.0,EA,2023-01-10,ROUND ROCK,TX,,PR0015016,20454,COMPUTER_HARDWARE,6,"Microcomputers, Handheld, Laptop, and Notebook Latitude 5431 Bundle 20 $1,285.00 $25,700.00 DIR - TSO-3763 equote- 3000138961379",1285.0,1.143975,1285.0,0.0,True,0.850716,0.5591328144073486,0.0,0.0,0.0,0.5,0.0,1285.0,0.0,1.0,10,10,10,1.0,0.27919064990338305,0.16666666666666666,0.3295664072036743,1.0,0.5231401214475283
98,"Microcomputers, Handheld, Laptop, and Notebook PR0015016 eQuote No. 3000140699617 TX- DIR-TSO-3763 Latitude 5431",28.0,EA,2023-01-10,ROUND ROCK,TX,,PR0015016,20454,COMPUTER_HARDWARE,7,"Microcomputers, Handheld, Laptop, and Notebook PR0014184 DIR-TSO-3763 eQuote 3000121161324 Laptop (Latitude 5431)",1285.0,0.989862,1285.0,0.0,True,0.92648995,0.7870398163795471,0.0,0.0,0.0,0.5,0.0,1285.0,0.0,1.0,10,10,10,1.0,0.20206076081391444,0.14285714285714285,0.44351990818977355,1.0,0.5742450636264625
98,"Microcomputers, Handheld, Laptop, and Notebook PR0015016 eQuote No. 3000140699617 TX- DIR-TSO-3763 Latitude 5431",28.0,EA,2023-01-10,ROUND ROCK,TX,,PR0015016,20454,COMPUTER_HARDWARE,8,"Microcomputers, Handheld, Laptop, and Notebook PR0014788-Latitude 5431 TX- DIR-TSO-3763",1285.0,0.976721,1285.0,0.0,True,0.94550556,0.8442334532737732,0.0,0.0,0.0,0.5,0.0,1285.0,0.0,1.0,10,10,10,1.0,0.19548400302888194,0.125,0.4721167266368866,1.0,0.5889868001046199
98,"Microcomputers, Handheld, Laptop, and Notebook PR0015016 eQuote No. 3000140699617 TX- DIR-TSO-3763 Latitude 5431",28.0,EA,2023-01-10,ROUND ROCK,TX,,PR0015016,20454,COMPUTER_HARDWARE,9,"Microcomputers, Handheld, Laptop, and Notebook PR0014245 DIR-TSO-3763 eQuote 3000122681126 Dell Latitude 5431 notebooks; Standard Configuration",1285.0,0.663373,1285.0,0.0,True,0.8194418,0.4650686979293823,0.0,0.0,0.0,0.5,0.0,1285.0,0.0,1.0,10,10,10,1.0,0.03866078573762934,0.1111111111111111,0.28253434896469115,1.0,0.4611930097912245
98,"Microcomputers, Handheld, Laptop, and Notebook PR0015016 eQuote No. 3000140699617 TX- DIR-TSO-3763 Latitude 5431",28.0,EA,2023-01-10,ROUND ROCK,TX,,PR0015016,20454,COMPUTER_HARDWARE,10,"Microcomputers, Handheld, Laptop, and Notebook PR0014304 eQuote 3000124864145 DIR-TSO-3763 Latitude 5431 Bundle",1285.0,0.586125,1285.0,0.0,True,0.89629614,0.6962252259254456,0.0,0.0,0.0,0.5,0.0,1285.0,0.0,1.0,10,10,10,1.0,0.0,0.1,0.39811261296272277,1.0,0.5189619371294976
99,"Microcomputers, Handheld, Laptop, and Notebook PR0015016 eQuote No. 3000140699617 TX- DIR-TSO-3763 Dell Dock- WD19S 90w Power Delivery - 130w AC",28.0,EA,2023-01-10,ROUND ROCK,TX,DELL,PR0015016,20454,COMPUTER_HARDWARE,1,"Microcomputers, Handheld, Laptop, and Notebook PR0015015 eQuote No. 3000140699544 TX- DIR-TSO-3763 Dell Dock- WD19S 90w Power Delivery - 13",218.0,1.581615,218.0,0.0,True,0.9401109,0.8773775100708008,1.0,0.0,0.0,0.5,0.4,126.0,0.7301587301587301,0.5779816513761468,2,2,2,0.2,1.0,1.0,0.6886887550354004,0.3889908256880734,0.6454760629758923
99,"Microcomputers, Handheld, Laptop, and Notebook PR0015016 eQuote No. 3000140699617 TX- DIR-TSO-3763 Dell Dock- WD19S 90w Power Delivery - 130w AC",28.0,EA,2023-01-10,ROUND ROCK,TX,DELL,PR0015016,20454,COMPUTER_HARDWARE,2,"Microcomputers, Handheld, Laptop, and Notebook Dell Dock- WD19S 90w Power Delivery - 130w AC",218.0,0.054977,218.0,0.0,True,0.90085196,0.7582423686981201,1.0,0.0,0.0,0.5,0.4,126.0,0.7301587301587301,0.5779816513761468,2,2,2,0.2,0.16396749050272966,0.5,0.6291211843490601,0.3889908256880734,0.48730902267381454
99,"Microcomputers, Handheld, Laptop, and Notebook PR0015016 eQuote No. 3000140699617 TX- DIR-TSO-3763 Dell Dock- WD19S 90w Power Delivery - 130w AC",28.0,EA,2023-01-10,ROUND ROCK,TX,DELL,PR0015016,20454,COMPUTER_HARDWARE,3,"Microcomputers, Handheld, Laptop, and Notebook Dell Performance Dock- WD19DCS",322.0,-0.125386,218.0,47.7064,False,0.6509862,0.0,1.0,0.0,0.0,0.0,0.4,126.0,1.5555555555555556,0.391304347826087,1,1,1,0.1,0.06519533134616722,0.3333333333333333,0.2,0.2456521739130435,0.19347495187583816
99,"Microcomputers, Handheld, Laptop, and Notebook PR0015016 eQuote No. 3000140699617 TX- DIR-TSO-3763 Dell Dock- WD19S 90w Power Delivery - 130w AC",28.0,EA,2023-01-10,ROUND ROCK,TX,DELL,PR0015016,20454,COMPUTER_HARDWARE,4,"Microcomputers, Handheld, Laptop, and Notebook PR0013887 DIR-TSO-3763 eQuote 3000113920726 Dell Dock- WD19S 90 PD",126.0,-0.170973,218.0,42.2018,False,0.7894883,0.42029836773872375,1.0,0.0,0.0,0.3333333333333333,0.4,126.0,0.0,1.0,7,7,7,0.7,0.040230530253536165,0.25,0.4434825172026952,0.85,0.5049499639995129
99,"Microcomputers, Handheld, Laptop, and Notebook PR0015016 eQuote No. 3000140699617 TX- DIR-TSO-3763 Dell Dock- WD19S 90w Power Delivery - 130w AC",28.0,EA,2023-01-10,ROUND ROCK,TX,DELL,PR0015016,20454,COMPUTER_HARDWARE,5,"Microcomputers, Handheld, Laptop, and Notebook PR0014082 DIR-TSO-3763 eQuote 3000116476314 Dell Dock- WD19S 90w Power Delivery - 130w AC",126.0,-0.198152,218.0,42.2018,False,0.98051906,1.0,1.0,0.0,0.0,0.6666666666666666,0.4,126.0,0.0,1.0,7,7,7,0.7,0.025346499084636733,0.2,0.7666666666666666,0.85,0.6804686415293623
99,"Microcomputers, Handheld, Laptop, and Notebook PR0015016 eQuote No. 3000140699617 TX- DIR-TSO-3763 Dell Dock- WD19S 90w Power Delivery - 130w AC",28.0,EA,2023-01-10,ROUND ROCK,TX,DELL,PR0015016,20454,COMPUTER_HARDWARE,6,"Microcomputers, Handheld, Laptop, and Notebook PR0014028 DIR-TSO-3763 eQuote 3000115641765 Dell Dock- WD19S 90w Power",126.0,-0.206668,218.0,42.2018,False,0.9127563,0.7943673133850098,1.0,0.0,0.0,0.5,0.4,126.0,0.0,1.0,7,7,7,0.7,0.020682883446300235,0.16666666666666666,0.6471836566925049,0.85,0.6140534436978229
99,"Microcomputers, Handheld, Laptop, and Notebook PR0015016 eQuote No. 3000140699617 TX- DIR-TSO-3763 Dell Dock- WD19S 90w Power Delivery - 130w AC",28.0,EA,2023-01-10,ROUND ROCK,TX,DELL,PR0015016,20454,COMPUTER_HARDWARE,7,"Microcomputers, Handheld, Laptop, and Notebook PR0014173 DIR-TSO-3763 e-Quote 3000121020762.1 Dell Dock- WD19S 90w Power Delivery - 130w AC",126.0,-0.217271,218.0,42.2018,False,0.97615814,0.9867663979530334,1.0,0.0,0.0,0.6666666666666666,0.4,126.0,0.0,1.0,7,7,7,0.7,0.014876364351269485,0.14285714285714285,0.7600498656431833,0.85,0.6752588807564412
99,"Microcomputers, Handheld, Laptop, and Notebook PR0015016 eQuote No. 3000140699617 TX- DIR-TSO-3763 Dell Dock- WD19S 90w Power Delivery - 130w AC",28.0,EA,2023-01-10,ROUND ROCK,TX,DELL,PR0015016,20454,COMPUTER_HARDWARE,8,"Microcomputers, Handheld, Laptop, and Notebook PR0012523 eQuote 3000080857781 DIR-TSO-3763 -------------------------------------------------- WD19 90w Power Delivery - 130w AC",126.0,-0.227195,218.0,42.2018,False,0.87422794,0.677449107170105,0.0,0.0,0.0,0.5,0.0,126.0,0.0,1.0,7,7,7,0.7,0.009441685911291622,0.125,0.3887245535850525,0.85,0.4702147573584726
99,"Microcomputers, Handheld, Laptop, and Notebook PR0015016 eQuote No. 3000140699617 TX- DIR-TSO-3763 Dell Dock- WD19S 90w Power Delivery - 130w AC",28.0,EA,2023-01-10,ROUND ROCK,TX,DELL,PR0015016,20454,COMPUTER_HARDWARE,9,"Microcomputers, Handheld, Laptop, and Notebook PR0011340 eQuote 3000063618645 DIR-TSO-3763 Dell Dock- WD19 90 PD",126.0,-0.24295,218.0,42.2018,False,0.7777912,0.38480231165885925,1.0,0.0,0.0,0.16666666666666666,0.4,126.0,0.0,1.0,7,7,7,0.7,0.000813777928436822,0.1111111111111111,0.4090678224960963,0.85,0.4801093690621185
99,"Microcomputers, Handheld, Laptop, and Notebook PR0015016 eQuote No. 3000140699617 TX- DIR-TSO-3763 Dell Dock- WD19S 90w Power Delivery - 130w AC",28.0,EA,2023-01-10,ROUND ROCK,TX,DELL,PR0015016,20454,COMPUTER_HARDWARE,10,"Microcomputers, Handheld, Laptop, and Notebook PR0013871 DIR-TSO-3763 eQuote - #3000113362987 Dell Dock WD19S",126.0,-0.244436,218.0,42.2018,False,0.7680471,0.3552328646183014,1.0,0.0,0.0,0.3333333333333333,0.4,126.0,0.0,1.0,7,7,7,0.7,0.0,0.1,0.41094976564248403,0.85,0.4810223711033662
