query_index,baseline_unit_price,selected_candidate_rank,selected_unit_price,override,actual_unit_price,baseline_ape,selected_ape,is_baseline_within_10pct,is_selected_within_10pct,recovered,damaged
0,22.0,1,22.0,False,138.08,84.06720741599074,84.06720741599074,False,False,False,False
1,2724.0,1,2724.0,False,138.08,1872.7694090382386,1872.7694090382386,False,False,False,False
2,2724.0,1,2724.0,False,146.48,1759.6395412342981,1759.6395412342981,False,False,False,False
3,22.0,1,22.0,False,206.48,89.34521503293297,89.34521503293297,False,False,False,False
4,22.0,1,22.0,False,1660.6,98.67517764663376,98.67517764663376,False,False,False,False
5,22.0,1,22.0,False,1113.41,98.02408816159365,98.02408816159365,False,False,False,False
6,312.0,1,312.0,False,602.48,48.21404859912362,48.21404859912362,False,False,False,False
7,2724.0,1,2724.0,False,225.95,1105.5764549679134,1105.5764549679134,False,False,False,False
8,961.51,3,961.51,True,961.51,0.0,0.0,True,True,False,False
9,147.96,1,147.96,False,147.96,0.0,0.0,True,True,False,False
10,0.86,1,0.86,False,1.09,21.100917431192666,21.100917431192666,False,False,False,False
11,218.0,7,218.0,True,218.0,0.0,0.0,True,True,False,False
12,227.0,1,227.0,False,227.0,0.0,0.0,True,True,False,False
13,218.0,5,218.0,True,218.0,0.0,0.0,True,True,False,False
14,19.49,1,19.49,False,19.49,0.0,0.0,True,True,False,False
15,1285.0,7,1285.0,True,1285.0,0.0,0.0,True,True,False,False
16,89.0,2,89.0,True,111.63,20.27232822717907,20.27232822717907,False,False,False,False
17,78.0,4,78.0,True,285.0,72.63157894736842,72.63157894736842,False,False,False,False
18,78.0,4,78.0,True,95.0,17.894736842105264,17.894736842105264,False,False,False,False
19,78.0,4,78.0,True,95.0,17.894736842105264,17.894736842105264,False,False,False,False
20,78.0,4,78.0,True,280.0,72.14285714285714,72.14285714285714,False,False,False,False
21,2283.65,1,2283.65,False,103.73,2101.5328256049356,2101.5328256049356,False,False,False,False
22,8715.0,1,8715.0,False,1221.57,613.4261646897027,613.4261646897027,False,False,False,False
23,267.5,1,267.5,False,278.75,4.0358744394618835,4.0358744394618835,True,True,False,False
24,147.96,1,147.96,False,147.96,0.0,0.0,True,True,False,False
25,751.36,7,751.36,True,826.5,9.091349062310949,9.091349062310949,True,True,False,False
26,729.24,5,751.36,True,802.16,9.090455769422555,6.332901166849501,True,True,False,False
27,218.0,1,218.0,False,218.0,0.0,0.0,True,True,False,False
28,1285.0,1,1285.0,False,1285.0,0.0,0.0,True,True,False,False
29,19.49,7,19.49,True,19.49,0.0,0.0,True,True,False,False
30,61.56,1,61.56,False,61.56,0.0,0.0,True,True,False,False
31,114.98,1,114.98,False,114.98,0.0,0.0,True,True,False,False
32,416.5,2,416.5,True,3972.56,89.51557685724067,89.51557685724067,False,False,False,False
33,4.58,1,4.58,False,4.58,0.0,0.0,True,True,False,False
34,12.7,1,12.7,False,0.1,12599.999999999998,12599.999999999998,False,False,False,False
35,2671.2,3,2676.06,True,2671.2,0.0,0.18194070080863012,True,True,False,False
36,955.0,5,955.0,True,954.93,0.007330380237300118,0.007330380237300118,True,True,False,False
37,259.99,1,259.99,False,265.0,1.8905660377358455,1.8905660377358455,True,True,False,False
38,218.0,4,218.0,True,277.16,21.345071438880076,21.345071438880076,False,False,False,False
39,840.15,2,657.9,True,948.6,11.4326375711575,30.645161290322587,False,False,False,False
40,1495.38,1,1495.38,False,20.0,7376.900000000001,7376.900000000001,False,False,False,False
41,419.0,3,110.47,True,26.14,1502.9074215761286,322.6090283091048,False,False,False,False
42,3.13,4,3.13,True,9.12,65.6798245614035,65.6798245614035,False,False,False,False
43,65.2,6,25.0,True,13.29,390.59443190368705,88.11136192626036,False,False,False,False
44,54080.0,3,55303.85,True,54080.0,0.0,2.2630362426035475,True,True,False,False
45,99.4,10,95.15,True,156.48,36.47750511247443,39.193507157464204,False,False,False,False
46,99.4,10,95.15,True,132.91,25.212549845760286,28.41020239259649,False,False,False,False
47,99.4,10,95.15,True,241.74,58.88144287250765,60.63953007363283,False,False,False,False
48,1405.51,1,1405.51,False,1405.51,0.0,0.0,True,True,False,False
49,191.0,1,191.0,False,265.0,27.92452830188679,27.92452830188679,False,False,False,False
50,95.69,1,95.69,False,218.0,56.10550458715596,56.10550458715596,False,False,False,False
51,218.0,3,1102.09,True,117.0,86.32478632478633,841.9572649572649,False,False,False,False
52,218.0,2,218.0,True,218.0,0.0,0.0,True,True,False,False
53,218.0,1,218.0,False,218.0,0.0,0.0,True,True,False,False
54,2676.06,4,2676.06,True,2676.06,0.0,0.0,True,True,False,False
55,126.0,1,126.0,False,218.0,42.201834862385326,42.201834862385326,False,False,False,False
56,25.99,10,19.49,True,19.49,33.35043612108774,0.0,False,True,True,False
57,117.0,6,117.0,True,117.0,0.0,0.0,True,True,False,False
58,286.2,1,286.2,False,322.0,11.118012422360252,11.118012422360252,False,False,False,False
59,1349.96,5,1405.61,True,1405.51,3.952302011369535,0.007114855105969296,True,True,False,False
60,1285.0,1,1285.0,False,1285.0,0.0,0.0,True,True,False,False
61,227.0,1,227.0,False,227.0,0.0,0.0,True,True,False,False
62,119.69,2,129.99,True,76.94,55.56277618923837,68.94983103717183,False,False,False,False
63,204.59,2,174.99,True,155.99,31.15584332328995,12.180267965895249,False,False,False,False
64,320.53,1,320.53,False,320.53,0.0,0.0,True,True,False,False
65,320.53,1,320.53,False,320.53,0.0,0.0,True,True,False,False
66,602.0,1,602.0,False,662.0,9.06344410876133,9.06344410876133,True,True,False,False
67,23.25,1,23.25,False,23.21,0.17233950883239613,0.17233950883239613,True,True,False,False
68,14.14,9,15.27,True,19.3,26.735751295336783,20.880829015544048,False,False,False,False
69,2400.0,1,2400.0,False,2100.0,14.285714285714285,14.285714285714285,False,False,False,False
70,4950.0,3,5321.2,True,47919.2,89.67011135411276,88.89547404798077,False,False,False,False
71,0.4,1,0.4,False,0.44,9.090909090909086,9.090909090909086,True,True,False,False
72,1160.24,1,1160.24,False,1133.74,2.337396581226736,2.337396581226736,True,True,False,False
73,90611.67,1,90611.67,False,87502.24,3.553543315005413,3.553543315005413,True,True,False,False
74,90611.67,1,90611.67,False,87502.24,3.553543315005413,3.553543315005413,True,True,False,False
75,75.0,1,75.0,False,75.0,0.0,0.0,True,True,False,False
76,4400.0,1,4400.0,False,6500.0,32.30769230769231,32.30769230769231,False,False,False,False
77,4644.0,2,4876.0,True,4990.0,6.933867735470941,2.284569138276553,True,True,False,False
78,4400.0,1,4400.0,False,6500.0,32.30769230769231,32.30769230769231,False,False,False,False
79,4644.0,2,4876.0,True,4990.0,6.933867735470941,2.284569138276553,True,True,False,False
80,95.0,5,95.0,True,140.0,32.142857142857146,32.142857142857146,False,False,False,False
81,95.0,3,95.0,True,60.0,58.333333333333336,58.333333333333336,False,False,False,False
82,95.0,3,95.0,True,120.0,20.833333333333336,20.833333333333336,False,False,False,False
83,10740.0,5,5815.53,True,3446.6,211.61144316137643,68.7323739337318,False,False,False,False
84,3350.0,1,3350.0,False,673.55,397.36470937569595,397.36470937569595,False,False,False,False
85,23.8,2,6.0,True,11.18,112.88014311270128,46.332737030411444,False,False,False,False
86,121.0,9,113.5,True,124.62,2.904830685283265,8.923126303964054,True,True,False,False
87,14.14,9,15.27,True,14.14,0.0,7.991513437057984,True,True,False,False
88,71.5,4,65.0,True,71.5,0.0,9.090909090909092,True,True,False,False
89,86.1,6,86.1,True,86.1,0.0,0.0,True,True,False,False
90,80.85,1,80.85,False,80.85,0.0,0.0,True,True,False,False
91,86.1,6,86.1,True,648.9,86.7313915857605,86.7313915857605,False,False,False,False
92,80.85,1,80.85,False,13.65,492.30769230769226,492.30769230769226,False,False,False,False
93,16.99,1,16.99,False,16.99,0.0,0.0,True,True,False,False
94,252.99,1,252.99,False,19.49,1198.050282195998,1198.050282195998,False,False,False,False
95,218.0,8,218.0,True,218.0,0.0,0.0,True,True,False,False
96,1285.0,2,1285.0,True,1285.0,0.0,0.0,True,True,False,False
97,19.49,1,19.49,False,19.49,0.0,0.0,True,True,False,False
98,1285.0,1,1285.0,False,1285.0,0.0,0.0,True,True,False,False
99,218.0,1,218.0,False,218.0,0.0,0.0,True,True,False,False
100,175.7,1,175.7,False,175.7,0.0,0.0,True,True,False,False
101,1.9,1,1.9,False,3.2,40.62500000000001,40.62500000000001,False,False,False,False
102,2.7,7,2.65,True,4.3,37.20930232558139,38.372093023255815,False,False,False,False
103,1.9,1,1.9,False,1.9,0.0,0.0,True,True,False,False
104,3.2,1,3.2,False,2.7,18.51851851851852,18.51851851851852,False,False,False,False
105,2.65,8,3.2,True,1.3,103.84615384615384,146.15384615384616,False,False,False,False
106,2.7,5,2.65,True,2.65,1.8867924528301987,0.0,True,True,False,False
107,35785.0,1,35785.0,False,35785.0,0.0,0.0,True,True,False,False
108,3712.0,8,2455.0,True,1972.0,88.23529411764706,24.492900608519268,False,False,False,False
109,15.12,2,21.59,True,21.59,29.967577582213988,0.0,False,True,True,False
110,22.5,2,21.3,True,22.5,0.0,5.33333333333333,True,True,False,False
111,10643.55,1,10643.55,False,864.0,1131.892361111111,1131.892361111111,False,False,False,False
112,8896.8,1,8896.8,False,1350.0,559.0222222222221,559.0222222222221,False,False,False,False
113,6799.15,1,6799.15,False,6228.0,9.170680796403333,9.170680796403333,True,True,False,False
114,523.08,4,392.9,True,500.97,4.413437930414997,21.572150028943856,True,False,False,True
115,363.54,5,525.0,True,238.48,52.44045622274406,120.14424689701441,False,False,False,False
116,363.54,1,363.54,False,622.0,41.55305466237942,41.55305466237942,False,False,False,False
117,363.54,1,363.54,False,560.0,35.082142857142856,35.082142857142856,False,False,False,False
118,363.54,1,363.54,False,205.12,77.23283931357255,77.23283931357255,False,False,False,False
119,363.54,1,363.54,False,318.0,14.320754716981138,14.320754716981138,False,False,False,False
120,0.139,2,0.139,True,0.23,39.565217391304344,39.565217391304344,False,False,False,False
121,25.5,1,25.5,False,5.98,326.4214046822742,326.4214046822742,False,False,False,False
122,26948.0,1,26948.0,False,85534.1,68.49443672172852,68.49443672172852,False,False,False,False
123,26948.0,1,26948.0,False,45408.0,40.653629316420016,40.653629316420016,False,False,False,False
124,178.0,1,178.0,False,170.0,4.705882352941177,4.705882352941177,True,True,False,False
125,19.5,1,19.5,False,27.3,28.571428571428577,28.571428571428577,False,False,False,False
126,27315.0,1,27315.0,False,34625.0,21.11191335740072,21.11191335740072,False,False,False,False
127,23.21,2,23.25,True,22.42,3.5236396074933056,3.702051739518279,True,True,False,False
128,3.9,1,3.9,False,3.9,0.0,0.0,True,True,False,False
129,37.64,1,37.64,False,569.81,93.39428932451167,93.39428932451167,False,False,False,False
130,37.64,2,35.46,True,5.0,652.8000000000001,609.2,False,False,False,False
131,48.49,1,48.49,False,2328.43,97.91748087767294,97.91748087767294,False,False,False,False
132,48.49,1,48.49,False,238.05,79.63032976265491,79.63032976265491,False,False,False,False
133,13.82272,1,13.82272,False,17.5,21.013028571428567,21.013028571428567,False,False,False,False
134,16.99,1,16.99,False,16.99,0.0,0.0,True,True,False,False
135,214.0,1,214.0,False,244.74,12.56026803955218,12.56026803955218,False,False,False,False
136,97.2,10,169.95,True,158.4,38.63636363636363,7.291666666666656,False,True,True,False
137,64.93,1,64.93,False,94.5,31.291005291005288,31.291005291005288,False,False,False,False
138,57.5,1,57.5,False,75.6,23.941798941798936,23.941798941798936,False,False,False,False
139,57.5,1,57.5,False,75.6,23.941798941798936,23.941798941798936,False,False,False,False
140,0.227,4,0.227,True,0.23,1.3043478260869577,1.3043478260869577,True,True,False,False
141,4990.0,1,4990.0,False,4990.0,0.0,0.0,True,True,False,False
142,5032.0,1,5032.0,False,5100.0,1.3333333333333335,1.3333333333333335,True,True,False,False
143,5808.88,1,5808.88,False,5998.07,3.154181261639154,3.154181261639154,True,True,False,False
144,879.58,1,879.58,False,975.0,9.786666666666664,9.786666666666664,True,True,False,False
145,129.0,1,129.0,False,155.0,16.7741935483871,16.7741935483871,False,False,False,False
146,129.0,1,129.0,False,127.5,1.1764705882352942,1.1764705882352942,True,True,False,False
147,1900.0,1,1900.0,False,1900.0,0.0,0.0,True,True,False,False
148,12.44,1,12.44,False,80.62,84.56958571074176,84.56958571074176,False,False,False,False
149,12.44,1,12.44,False,131.12,90.51250762660159,90.51250762660159,False,False,False,False
150,365.6,3,117.61,True,25.56,1330.359937402191,360.13302034428796,False,False,False,False
151,15.6,1,15.6,False,20.25,22.962962962962965,22.962962962962965,False,False,False,False
152,3240.0,10,3072.0,True,5327.0,39.17777360615731,42.33151867843063,False,False,False,False
153,3240.0,1,3240.0,False,5327.0,39.17777360615731,39.17777360615731,False,False,False,False
154,3240.0,1,3240.0,False,5327.0,39.17777360615731,39.17777360615731,False,False,False,False
155,5156.0,1,5156.0,False,8315.0,37.99158147925436,37.99158147925436,False,False,False,False
156,247.5,3,247.5,True,247.5,0.0,0.0,True,True,False,False
157,27756.0,1,27756.0,False,39277.3,29.333228098672777,29.333228098672777,False,False,False,False
158,27756.0,1,27756.0,False,28499.0,2.6071090213691708,2.6071090213691708,True,True,False,False
159,30.0,1,30.0,False,21.99,36.42564802182811,36.42564802182811,False,False,False,False
160,532.99,1,532.99,False,664.99,19.849922555226392,19.849922555226392,False,False,False,False
161,243.9,6,3493.0,True,459.0,46.86274509803921,661.0021786492375,False,False,False,False
162,5870.59,1,5870.59,False,783.0,649.7560664112389,649.7560664112389,False,False,False,False
163,6811.76,1,6811.76,False,1544.0,341.1761658031088,341.1761658031088,False,False,False,False
164,243.9,10,4400.0,True,783.0,68.85057471264369,461.94125159642397,False,False,False,False
165,32.73,1,32.73,False,89.28,63.340053763440864,63.340053763440864,False,False,False,False
166,750.0,1,750.0,False,2399.0,68.73697373905794,68.73697373905794,False,False,False,False
167,750.0,1,750.0,False,4450.0,83.14606741573034,83.14606741573034,False,False,False,False
168,160.65,1,160.65,False,160.65,0.0,0.0,True,True,False,False
169,668.47,1,668.47,False,668.47,0.0,0.0,True,True,False,False
170,160.65,1,160.65,False,11.55,1290.9090909090908,1290.9090909090908,False,False,False,False
171,160.65,1,160.65,False,86.1,86.58536585365856,86.58536585365856,False,False,False,False
172,175.16,1,175.16,False,48.24,263.10116086235485,263.10116086235485,False,False,False,False
173,175.16,1,175.16,False,34.43,408.74237583502753,408.74237583502753,False,False,False,False
174,477.89,2,46.0,True,37.46,1175.734116390817,22.797650827549383,False,False,False,False
175,3667.0,8,3358.82,True,3800.0,3.5000000000000004,11.609999999999996,True,False,False,True
176,4876.0,1,4876.0,False,4990.0,2.284569138276553,2.284569138276553,True,True,False,False
177,3667.0,8,3358.82,True,3800.0,3.5000000000000004,11.609999999999996,True,False,False,True
178,2684.71,3,2684.71,True,3100.0,13.396451612903224,13.396451612903224,False,False,False,False
179,7500.0,1,7500.0,False,7600.0,1.3157894736842104,1.3157894736842104,True,True,False,False
180,7500.0,1,7500.0,False,7600.0,1.3157894736842104,1.3157894736842104,True,True,False,False
181,7094.0,1,7094.0,False,3797.0,86.83170924414011,86.83170924414011,False,False,False,False
182,7094.0,1,7094.0,False,1858.0,281.80839612486545,281.80839612486545,False,False,False,False
183,7094.0,1,7094.0,False,4994.0,42.050460552663196,42.050460552663196,False,False,False,False
184,7094.0,1,7094.0,False,6934.0,2.307470435535045,2.307470435535045,True,True,False,False
185,207.45,1,207.45,False,233.0,10.965665236051507,10.965665236051507,False,False,False,False
186,191.0,1,191.0,False,191.0,0.0,0.0,True,True,False,False
187,1285.0,8,1285.0,True,1285.0,0.0,0.0,True,True,False,False
188,19.49,1,19.49,False,19.49,0.0,0.0,True,True,False,False
189,76.94,1,76.94,False,59.84,28.576203208556137,28.576203208556137,False,False,False,False
190,76.94,1,76.94,False,76.94,0.0,0.0,True,True,False,False
191,13311.0,1,13311.0,False,263340.0,94.94531784005467,94.94531784005467,False,False,False,False
192,200.0,1,200.0,False,200.0,0.0,0.0,True,True,False,False
193,602.0,1,602.0,False,662.0,9.06344410876133,9.06344410876133,True,True,False,False
194,602.0,1,602.0,False,662.0,9.06344410876133,9.06344410876133,True,True,False,False
195,602.0,1,602.0,False,662.0,9.06344410876133,9.06344410876133,True,True,False,False
196,305.49,1,305.49,False,244.74,24.822260357930865,24.822260357930865,False,False,False,False
197,120.0,1,120.0,False,95.0,26.31578947368421,26.31578947368421,False,False,False,False
198,140.0,1,140.0,False,190.0,26.31578947368421,26.31578947368421,False,False,False,False
199,740.0,1,740.0,False,1081.0,31.54486586493987,31.54486586493987,False,False,False,False
200,740.0,1,740.0,False,30.0,2366.666666666667,2366.666666666667,False,False,False,False
201,740.0,1,740.0,False,123.0,501.62601626016266,501.62601626016266,False,False,False,False
202,740.0,1,740.0,False,199.0,271.85929648241205,271.85929648241205,False,False,False,False
203,1593.71,3,1058.4,True,525.93,203.02701880478398,101.24351149392507,False,False,False,False
204,76.07,7,77.55,True,106.0,28.23584905660378,26.839622641509436,False,False,False,False
205,14.27,1,14.27,False,18.0,20.722222222222225,20.722222222222225,False,False,False,False
206,1343.02,8,1230.72,True,1340.43,0.19322157815028895,8.184687003424276,True,True,False,False
207,16.99,1,16.99,False,16.99,0.0,0.0,True,True,False,False
208,218.0,1,218.0,False,218.0,0.0,0.0,True,True,False,False
209,1285.0,1,1285.0,False,1285.0,0.0,0.0,True,True,False,False
210,19.49,1,19.49,False,19.49,0.0,0.0,True,True,False,False
211,227.0,5,219.99,True,227.0,0.0,3.0881057268722425,True,True,False,False
212,218.0,3,218.0,True,218.0,0.0,0.0,True,True,False,False
213,1285.0,1,1285.0,False,1285.0,0.0,0.0,True,True,False,False
214,322.0,1,322.0,False,19.49,1552.1292970754234,1552.1292970754234,False,False,False,False
215,4644.0,1,4644.0,False,4990.0,6.933867735470941,6.933867735470941,True,True,False,False
216,2405.95,1,2405.95,False,137.5,1649.781818181818,1649.781818181818,False,False,False,False
217,13.4,4,0.9,True,1.9,605.2631578947369,52.63157894736842,False,False,False,False
218,0.95,1,0.95,False,3.9,75.64102564102565,75.64102564102565,False,False,False,False
219,25.8,9,50.0,True,166.16,84.47279730380356,69.90852190659605,False,False,False,False
220,25.8,9,50.0,True,166.16,84.47279730380356,69.90852190659605,False,False,False,False
221,500.0,1,500.0,False,437.5,14.285714285714285,14.285714285714285,False,False,False,False
222,187.31,5,1792.19,True,2296.56,91.84388825025256,21.961977914794296,False,False,False,False
223,184.34,1,184.34,False,284.05,35.10297482837529,35.10297482837529,False,False,False,False
224,187.31,2,702.0,True,888.06,78.9079566695944,20.951287075197616,False,False,False,False
225,1918.78,2,1535.81,True,2056.45,6.69454642709523,25.317415935228183,True,False,False,True
226,105.0,1,105.0,False,105.0,0.0,0.0,True,True,False,False
227,28499.0,1,28499.0,False,367445.0,92.24400930751541,92.24400930751541,False,False,False,False
228,185400.0,2,276090.0,True,210948.0,12.111041583707834,30.88059616587974,False,False,False,False
229,1.2309,2,0.1485,True,0.1485,728.8888888888889,0.0,False,True,True,False
230,2.85,1,2.85,False,3.2,10.937500000000004,10.937500000000004,False,False,False,False
231,2.65,6,2.65,True,1.9,39.473684210526315,39.473684210526315,False,False,False,False
232,2.65,4,2.65,True,2.65,0.0,0.0,True,True,False,False
233,120.64,10,135.4,True,199.64,39.571228210779395,32.177920256461626,False,False,False,False
234,120.64,10,135.4,True,256.79,53.01997741345069,47.27209003465867,False,False,False,False
235,110.64,1,110.64,False,110.64,0.0,0.0,True,True,False,False
236,209.64,1,209.64,False,361.29,41.97459104874201,41.97459104874201,False,False,False,False
237,187.31,2,1571.17,True,2054.21,90.88165280083341,23.514635796729642,False,False,False,False
238,950.0,1,950.0,False,1020.0,6.862745098039216,6.862745098039216,True,True,False,False
239,213.04,9,8.49,True,6.99,2947.782546494993,21.45922746781116,False,False,False,False
240,213.04,5,62.99,True,66.9,218.44544095665168,5.844544095665176,False,True,True,False
241,107.99,6,8.49,True,7.99,1251.5644555694616,6.25782227784731,False,True,True,False
242,107.99,2,96.99,True,7.99,1251.5644555694616,1113.892365456821,False,False,False,False
243,213.04,6,62.99,True,6.99,2947.782546494993,801.1444921316165,False,False,False,False
244,961.51,1,961.51,False,961.51,0.0,0.0,True,True,False,False
245,1343.02,1,1343.02,False,1373.83,2.242635551705811,2.242635551705811,True,True,False,False
246,247.5,1,247.5,False,247.5,0.0,0.0,True,True,False,False
247,0.53,1,0.53,False,0.53,0.0,0.0,True,True,False,False
248,218.75,1,218.75,False,218.75,0.0,0.0,True,True,False,False
249,149.99,8,1390.0,True,1924.991,92.20827525946873,27.791870195756758,False,False,False,False
250,506.53,8,1550.0,True,1565.9913,67.65435414615649,1.0211614841027477,False,True,True,False
251,1110.64,1,1110.64,False,251.16,342.2041726389553,342.2041726389553,False,False,False,False
252,6.39,1,6.39,False,7.83,18.390804597701155,18.390804597701155,False,False,False,False
253,6.39,1,6.39,False,1.99,221.10552763819095,221.10552763819095,False,False,False,False
254,125.0,1,125.0,False,125.0,0.0,0.0,True,True,False,False
255,4863.0,3,4863.0,True,12000.0,59.475,59.475,False,False,False,False
256,95.0,10,95.0,True,155.0,38.70967741935484,38.70967741935484,False,False,False,False
257,120.0,1,120.0,False,95.0,26.31578947368421,26.31578947368421,False,False,False,False
258,94.5,9,87.75,True,77.0,22.727272727272727,13.96103896103896,False,False,False,False
259,3035.0,4,51.75,True,51.75,5764.734299516908,0.0,False,True,True,False
260,3927.19,3,701.13,True,311.0,1162.7620578778135,125.44372990353698,False,False,False,False
261,74.89,1,74.89,False,112.0,33.13392857142857,33.13392857142857,False,False,False,False
262,286.65,1,286.65,False,176.5,62.40793201133143,62.40793201133143,False,False,False,False
263,285.0,1,285.0,False,285.0,0.0,0.0,True,True,False,False
264,175.16,1,175.16,False,175.16,0.0,0.0,True,True,False,False
265,2395.0,1,2395.0,False,3200.0,25.156250000000004,25.156250000000004,False,False,False,False
266,4594.0,1,4594.0,False,5000.0,8.12,8.12,True,True,False,False
267,800.03,1,800.03,False,775.5968,3.1502450757919505,3.1502450757919505,True,True,False,False
268,1285.0,1,1285.0,False,1285.0,0.0,0.0,True,True,False,False
269,19.49,1,19.49,False,19.49,0.0,0.0,True,True,False,False
270,1285.0,9,29.03,True,43.99,2821.1184360081834,34.00772902932484,False,False,False,False
271,227.0,1,227.0,False,175.99,28.984601397806685,28.984601397806685,False,False,False,False
272,218.0,1,218.0,False,164.99,32.129219952724405,32.129219952724405,False,False,False,False
273,69.0,5,75.0,True,176.0,60.79545454545454,57.38636363636363,False,False,False,False
274,45.75,1,45.75,False,45.75,0.0,0.0,True,True,False,False
275,58.25,1,58.25,False,75.75,23.1023102310231,23.1023102310231,False,False,False,False
276,52.9,1,52.9,False,52.9,0.0,0.0,True,True,False,False
277,140.0,3,140.0,True,140.0,0.0,0.0,True,True,False,False
278,127.5,5,132.5,True,127.5,0.0,3.9215686274509802,True,True,False,False
279,102.0,3,129.0,True,155.0,34.193548387096776,16.7741935483871,False,False,False,False
280,4990.0,1,4990.0,False,4990.0,0.0,0.0,True,True,False,False
281,116.432,1,116.432,False,62.98,84.87138774214037,84.87138774214037,False,False,False,False
282,40.02,1,40.02,False,44.58,10.228802153432023,10.228802153432023,False,False,False,False
283,7986.53,1,7986.53,False,2246.72,255.47509257940467,255.47509257940467,False,False,False,False
284,7986.53,1,7986.53,False,6550.56,21.92133191666055,21.92133191666055,False,False,False,False
285,191.71,1,191.71,False,82.16,133.33739045764364,133.33739045764364,False,False,False,False
286,191.71,1,191.71,False,164.32,16.66869522882182,16.66869522882182,False,False,False,False
287,191.71,1,191.71,False,273.86,29.99707879938655,29.99707879938655,False,False,False,False
288,218.0,1,218.0,False,164.99,32.129219952724405,32.129219952724405,False,False,False,False
289,265.0,6,265.0,True,219.99,20.46002091004136,20.46002091004136,False,False,False,False
290,175.99,1,175.99,False,175.99,0.0,0.0,True,True,False,False
291,3972.56,8,3972.56,True,4028.3,1.3837102499813874,1.3837102499813874,True,True,False,False
292,416.5,2,61.56,True,61.56,576.5756985055231,0.0,False,True,True,False
293,3972.56,6,3972.56,True,4028.3,1.3837102499813874,1.3837102499813874,True,True,False,False
294,416.5,1,416.5,False,61.56,576.5756985055231,576.5756985055231,False,False,False,False
295,268521.0,1,268521.0,False,324552.0,17.264105597870294,17.264105597870294,False,False,False,False
296,268521.0,1,268521.0,False,493095.0,45.54375931615612,45.54375931615612,False,False,False,False
297,268521.0,1,268521.0,False,324552.0,17.264105597870294,17.264105597870294,False,False,False,False
298,41.58,1,41.58,False,83.2,50.02403846153847,50.02403846153847,False,False,False,False
299,435.32,2,478.39,True,322.71,34.895107062068114,48.24145517647424,False,False,False,False
300,10585.0,1,10585.0,False,4132.86,156.11803932385808,156.11803932385808,False,False,False,False
301,961.51,9,961.51,True,961.51,0.0,0.0,True,True,False,False
302,1294.87,1,1294.87,False,1294.87,0.0,0.0,True,True,False,False
303,281.03,2,1373.83,True,50.14,460.49062624650975,2639.9880335061825,False,False,False,False
304,14.14,9,14.14,True,14.14,0.0,0.0,True,True,False,False
305,57.5,9,52.5,True,90.0,36.11111111111111,41.66666666666667,False,False,False,False
306,191.0,1,191.0,False,230.57,17.16181636813115,17.16181636813115,False,False,False,False
307,1760.52,1,1760.52,False,1285.0,37.005447470817124,37.005447470817124,False,False,False,False
308,218.0,1,218.0,False,164.99,32.129219952724405,32.129219952724405,False,False,False,False
309,7306.1,3,77.99,True,65.99,10971.525988786181,18.184573420215187,False,False,False,False
310,32136.24,1,32136.24,False,323.14,9844.989787708115,9844.989787708115,False,False,False,False
311,214.0,1,214.0,False,200.74,6.605559430108593,6.605559430108593,True,True,False,False
312,148.49,2,3096.71,True,3479.85,95.73286204865151,11.010244694455217,False,False,False,False
313,1285.0,1,1285.0,False,1285.0,0.0,0.0,True,True,False,False
314,16113.97,1,16113.97,False,6635.71,142.8371643727649,142.8371643727649,False,False,False,False
315,16113.97,1,16113.97,False,18679.19,13.733036603835602,13.733036603835602,False,False,False,False
316,16113.97,1,16113.97,False,5420.47,197.27994066935156,197.27994066935156,False,False,False,False
317,16113.97,1,16113.97,False,5688.91,183.25232777456492,183.25232777456492,False,False,False,False
318,16113.97,1,16113.97,False,25763.94,37.45533485949742,37.45533485949742,False,False,False,False
319,16113.97,1,16113.97,False,26303.16,38.73751290719442,38.73751290719442,False,False,False,False
320,4961.08,1,4961.08,False,7440.0,33.31881720430108,33.31881720430108,False,False,False,False
321,174.0,1,174.0,False,181.99,4.390351118193312,4.390351118193312,True,True,False,False
322,8044.65,2,7505.2,True,119.13,6652.833039536641,6200.00839419122,False,False,False,False
323,8044.65,1,8044.65,False,78.62,10132.320020351055,10132.320020351055,False,False,False,False
324,8044.65,2,7505.2,True,397.34,1924.626264659989,1788.8609251522628,False,False,False,False
325,8044.65,2,7505.2,True,507.96,1483.7172218284904,1377.5179147964407,False,False,False,False
326,8044.65,2,7505.2,True,360.28,2132.8883090929276,1983.1575441323416,False,False,False,False
327,8044.65,2,7505.2,True,395.72,1932.9146871525318,1796.5935509956535,False,False,False,False
328,8044.65,2,7505.2,True,8522.76,5.609802458358567,11.939324819659364,True,False,False,True
329,8044.65,2,7505.2,True,2714.2,196.39120182742613,176.51610050843712,False,False,False,False
330,505.0,2,505.0,True,910.0,44.505494505494504,44.505494505494504,False,False,False,False
331,16.99,1,16.99,False,16.99,0.0,0.0,True,True,False,False
332,18.0,1,18.0,False,18.0,0.0,0.0,True,True,False,False
333,322.5,1,322.5,False,322.5,0.0,0.0,True,True,False,False
334,243.75,1,243.75,False,243.75,0.0,0.0,True,True,False,False
335,229425.0,1,229425.0,False,229425.0,0.0,0.0,True,True,False,False
336,18.5,1,18.5,False,12.0,54.166666666666664,54.166666666666664,False,False,False,False
337,4990.0,1,4990.0,False,4990.0,0.0,0.0,True,True,False,False
338,3100.0,1,3100.0,False,3100.0,0.0,0.0,True,True,False,False
339,1086.6,1,1086.6,False,2619.94,58.52576776567403,58.52576776567403,False,False,False,False
340,3059.3,1,3059.3,False,123.96,2367.9735398515654,2367.9735398515654,False,False,False,False
341,233.06,5,1671.24,True,123.96,88.01226202000646,1248.2090997095838,False,False,False,False
342,3059.3,1,3059.3,False,123.96,2367.9735398515654,2367.9735398515654,False,False,False,False
343,3059.3,1,3059.3,False,123.96,2367.9735398515654,2367.9735398515654,False,False,False,False
344,3059.3,1,3059.3,False,949.6,222.16722830665546,222.16722830665546,False,False,False,False
345,1671.24,1,1671.24,False,95.86,1643.4174838305864,1643.4174838305864,False,False,False,False
346,3059.3,1,3059.3,False,123.96,2367.9735398515654,2367.9735398515654,False,False,False,False
347,3059.3,1,3059.3,False,123.96,2367.9735398515654,2367.9735398515654,False,False,False,False
348,6200.0,9,399.0,True,3150.0,96.82539682539682,87.33333333333333,False,False,False,False
349,3262.87,1,3262.87,False,3693.54,11.660087612426022,11.660087612426022,False,False,False,False
350,3262.87,1,3262.87,False,419.48,677.8368456183846,677.8368456183846,False,False,False,False
351,88.28,1,88.28,False,96.23,8.261456926114521,8.261456926114521,True,True,False,False
352,59.46,1,59.46,False,82.63,28.040663197385935,28.040663197385935,False,False,False,False
353,2016.6,1,2016.6,False,196.0,928.8775510204081,928.8775510204081,False,False,False,False
354,2016.6,10,116.0,True,47.0,4190.6382978723395,146.80851063829786,False,False,False,False
355,7.76,6,6.88,True,1.18,557.6271186440679,483.0508474576272,False,False,False,False
356,88.8,1,88.8,False,88.8,0.0,0.0,True,True,False,False
357,61.0,7,355.0,True,576.0,89.40972222222221,38.36805555555556,False,False,False,False
358,652.0,1,652.0,False,611.0,6.710310965630114,6.710310965630114,True,True,False,False
359,1065.0,1,1065.0,False,2170.0,50.92165898617511,50.92165898617511,False,False,False,False
360,48.6,2,51.25,True,456.0,89.34210526315789,88.7609649122807,False,False,False,False
361,48.6,4,2518.0,True,2871.0,98.30721003134796,12.295367467781261,False,False,False,False
362,61.0,10,355.0,True,410.0,85.1219512195122,13.414634146341465,False,False,False,False
363,51.25,4,652.0,True,611.0,91.61211129296237,6.710310965630114,False,True,True,False
364,61.0,3,471.0,True,471.0,87.04883227176221,0.0,False,True,True,False
365,1924.991,7,204.0,True,377.88,409.4185984968773,46.01460781200381,False,False,False,False
366,61.56,5,57.25,True,38.77,58.78256383801907,47.665720918235735,False,False,False,False
367,147.96,1,147.96,False,147.96,0.0,0.0,True,True,False,False
368,300.0,1,300.0,False,300.0,0.0,0.0,True,True,False,False
369,1695.0,6,1665.49,True,1695.0,0.0,1.7410029498525068,True,True,False,False
370,12867.55,6,854.05,True,1287.08,899.7474904434844,33.64437331012835,False,False,False,False
371,252.55,1,252.55,False,10.0,2425.5000000000005,2425.5000000000005,False,False,False,False
372,218.0,2,218.0,True,164.99,32.129219952724405,32.129219952724405,False,False,False,False
373,41143.6,1,41143.6,False,36675.0,12.184321745057938,12.184321745057938,False,False,False,False
374,39277.3,1,39277.3,False,267000.0,85.28940074906367,85.28940074906367,False,False,False,False
375,24553.8,2,24229.0,True,16117.76,52.340027398348155,50.32485903748412,False,False,False,False
376,24553.8,1,24553.8,False,16117.76,52.340027398348155,52.340027398348155,False,False,False,False
377,24553.8,2,24229.0,True,16117.76,52.340027398348155,50.32485903748412,False,False,False,False
378,175.16,1,175.16,False,19.74,787.3353596757852,787.3353596757852,False,False,False,False
379,1901.72,1,1901.72,False,1829.48,3.9486630080678666,3.9486630080678666,True,True,False,False
380,1901.72,1,1901.72,False,2073.79,8.297368586018832,8.297368586018832,True,True,False,False
381,13534.25,1,13534.25,False,3955.08,242.19914641423182,242.19914641423182,False,False,False,False
382,9800.56,1,9800.56,False,303.2,3132.3746701846962,3132.3746701846962,False,False,False,False
383,964.65,1,964.65,False,250.0,285.86,285.86,False,False,False,False
384,20.95,1,20.95,False,27.15,22.836095764272557,22.836095764272557,False,False,False,False
385,21.04,1,21.04,False,9.5,121.47368421052632,121.47368421052632,False,False,False,False
386,2.55,1,2.55,False,2.23,14.349775784753357,14.349775784753357,False,False,False,False
387,224.88,1,224.88,False,257.04,12.511671335200756,12.511671335200756,False,False,False,False
388,3059.0,1,3059.0,False,11450.0,73.28384279475982,73.28384279475982,False,False,False,False
389,6500.0,1,6500.0,False,6500.0,0.0,0.0,True,True,False,False
390,3100.0,1,3100.0,False,3100.0,0.0,0.0,True,True,False,False
391,5048.0,1,5048.0,False,6600.0,23.515151515151516,23.515151515151516,False,False,False,False
392,68.5,8,18.24,True,79.5,13.836477987421384,77.05660377358491,False,False,False,False
393,147.96,1,147.96,False,147.96,0.0,0.0,True,True,False,False
394,19.49,1,19.49,False,19.49,0.0,0.0,True,True,False,False
395,126.0,1,126.0,False,164.99,23.631735256682227,23.631735256682227,False,False,False,False
396,1285.0,9,220.0,True,1285.0,0.0,82.87937743190662,True,False,False,True
397,49.35,10,49.35,True,49.35,0.0,0.0,True,True,False,False
398,87.36,6,110.5,True,145.42,39.925732361435834,24.01320313574473,False,False,False,False
399,49.95,2,15.31,True,15.31,226.25734813847157,0.0,False,True,True,False
400,49.95,7,124.53,True,22.04,126.63339382940111,465.0181488203267,False,False,False,False
401,49.95,10,1675.0,True,2.65,1784.9056603773586,63107.547169811325,False,False,False,False
402,1020.35,4,54.25,True,1255.0,18.697211155378486,95.67729083665338,False,False,False,False
403,49.95,2,49.95,True,49.95,0.0,0.0,True,True,False,False
404,13.55,6,668.47,True,12.48,8.57371794871795,5256.330128205128,True,False,False,True
405,6.38,1,6.38,False,4.25,50.11764705882352,50.11764705882352,False,False,False,False
406,6.38,1,6.38,False,8.15,21.71779141104295,21.71779141104295,False,False,False,False
407,6.38,1,6.38,False,451.84,98.58799575070822,98.58799575070822,False,False,False,False
408,6.38,1,6.38,False,147.18,95.66517189835577,95.66517189835577,False,False,False,False
409,6.38,1,6.38,False,58.27,89.05096962416337,89.05096962416337,False,False,False,False
410,6.38,1,6.38,False,5.48,16.423357664233563,16.423357664233563,False,False,False,False
411,6.38,1,6.38,False,71.05,91.02040816326532,91.02040816326532,False,False,False,False
412,6.38,1,6.38,False,145.05,95.60151671837298,95.60151671837298,False,False,False,False
413,6.38,1,6.38,False,2641.56,99.75847605202985,99.75847605202985,False,False,False,False
414,6.38,1,6.38,False,5.22,22.222222222222225,22.222222222222225,False,False,False,False
415,5500.0,2,1750.0,True,255.0,2056.8627450980393,586.2745098039215,False,False,False,False
416,10523.0,1,10523.0,False,491.0,2043.1771894093686,2043.1771894093686,False,False,False,False
417,174.24,1,174.24,False,10.65,1536.056338028169,1536.056338028169,False,False,False,False
418,10523.0,5,26.01,True,5.7,184514.03508771927,356.3157894736842,False,False,False,False
419,1750.0,1,1750.0,False,4223.0,58.56026521430263,58.56026521430263,False,False,False,False
420,1750.0,1,1750.0,False,114.0,1435.0877192982455,1435.0877192982455,False,False,False,False
421,5500.0,1,5500.0,False,1721.0,219.58163858221963,219.58163858221963,False,False,False,False
422,1750.0,2,25.3,True,442.0,295.92760180995475,94.27601809954751,False,False,False,False
423,16.99,1,16.99,False,16.99,0.0,0.0,True,True,False,False
424,865.31,1,865.31,False,1091.93,20.75407764233972,20.75407764233972,False,False,False,False
425,4287.15,10,4287.15,True,5659.75,24.25195459163391,24.25195459163391,False,False,False,False
426,6802.46,4,6802.46,True,10790.87,36.96096792936993,36.96096792936993,False,False,False,False
427,132.0,2,132.0,True,132.0,0.0,0.0,True,True,False,False
428,255.0,1,255.0,False,255.0,0.0,0.0,True,True,False,False
429,168.75,1,168.75,False,168.75,0.0,0.0,True,True,False,False
430,311.25,2,311.25,True,311.25,0.0,0.0,True,True,False,False
431,48.75,1,48.75,False,48.75,0.0,0.0,True,True,False,False
432,3667.0,6,3493.0,True,3800.0,3.5000000000000004,8.078947368421051,True,True,False,False
433,100.48,1,100.48,False,690.52,85.4486473961652,85.4486473961652,False,False,False,False
434,100.48,1,100.48,False,316.53,68.25577354437178,68.25577354437178,False,False,False,False
435,100.48,1,100.48,False,1198.33,91.61499753824071,91.61499753824071,False,False,False,False
436,100.48,1,100.48,False,981.62,89.76385974205905,89.76385974205905,False,False,False,False
437,4990.0,3,4990.0,True,4990.0,0.0,0.0,True,True,False,False
438,389.0,10,5900.0,True,3152.0,87.65862944162437,87.18274111675127,False,False,False,False
439,181.91,1,181.91,False,155.53,16.961357937375425,16.961357937375425,False,False,False,False
440,187.31,1,187.31,False,182.35,2.7200438716753537,2.7200438716753537,True,True,False,False
441,1535.81,1,1535.81,False,2120.4,27.56979815129221,27.56979815129221,False,False,False,False
442,139.2,1,139.2,False,139.2,0.0,0.0,True,True,False,False
443,7.27,1,7.27,False,7.28,0.13736263736264664,0.13736263736264664,True,True,False,False
444,2.39,7,2.23,True,2.23,7.174887892376688,0.0,True,True,False,False
445,70.05,1,70.05,False,78.85,11.16043119847812,11.16043119847812,False,False,False,False
446,19.61,1,19.61,False,26.58,26.22272385252069,26.22272385252069,False,False,False,False
447,13.41,1,13.41,False,15.36,12.695312499999996,12.695312499999996,False,False,False,False
448,68.19,1,68.19,False,68.19,0.0,0.0,True,True,False,False
449,6474.0,1,6474.0,False,6.0,107800.0,107800.0,False,False,False,False
450,23443.0,1,23443.0,False,10.8,216964.81481481483,216964.81481481483,False,False,False,False
451,34.8,1,34.8,False,2803.75,98.75880517164511,98.75880517164511,False,False,False,False
452,23443.0,1,23443.0,False,511.2,4485.876369327074,4485.876369327074,False,False,False,False
453,28.0,1,28.0,False,30.0,6.666666666666667,6.666666666666667,True,True,False,False
454,46.8,1,46.8,False,6.0,680.0,680.0,False,False,False,False
455,94.8,1,94.8,False,6.0,1480.0,1480.0,False,False,False,False
456,34.8,5,110.0,True,134.4,74.10714285714286,18.154761904761905,False,False,False,False
457,559.0,1,559.0,False,620.4,9.896840747904575,9.896840747904575,True,True,False,False
458,94.8,1,94.8,False,6.0,1480.0,1480.0,False,False,False,False
459,23443.0,1,23443.0,False,115.2,20249.826388888887,20249.826388888887,False,False,False,False
460,46.8,1,46.8,False,6.0,680.0,680.0,False,False,False,False
461,23443.0,1,23443.0,False,16.8,139441.6666666667,139441.6666666667,False,False,False,False
462,50.0,1,50.0,False,54.0,7.4074074074074066,7.4074074074074066,True,True,False,False
463,46.8,3,44.0,True,49.2,4.878048780487816,10.569105691056915,True,False,False,True
464,23443.0,1,23443.0,False,41.91,55836.530660940116,55836.530660940116,False,False,False,False
465,1279.2,1,1279.2,False,6.0,21220.0,21220.0,False,False,False,False
466,0.6095,2,4.97,True,4.29,85.79254079254079,15.850815850815843,False,False,False,False
467,2676.06,1,2676.06,False,2676.06,0.0,0.0,True,True,False,False
468,218.0,8,218.0,True,322.0,32.298136645962735,32.298136645962735,False,False,False,False
469,1285.0,1,1285.0,False,1285.0,0.0,0.0,True,True,False,False
470,29.24,1,29.24,False,25.99,12.50480954213159,12.50480954213159,False,False,False,False
471,164.99,1,164.99,False,164.99,0.0,0.0,True,True,False,False
472,19.49,1,19.49,False,19.49,0.0,0.0,True,True,False,False
473,19.49,1,19.49,False,19.49,0.0,0.0,True,True,False,False
474,164.99,1,164.99,False,164.99,0.0,0.0,True,True,False,False
475,1600.3,2,1285.0,True,1285.0,24.53696498054474,0.0,False,True,True,False
476,148.49,3,117.0,True,109.99,35.00318210746433,6.373306664242209,False,True,True,False
477,19.49,3,19.49,True,19.49,0.0,0.0,True,True,False,False
478,164.99,1,164.99,False,164.99,0.0,0.0,True,True,False,False
479,148.49,5,1285.0,True,1405.61,89.43590327331195,8.580616244904341,False,True,True,False
480,1102.09,1,1102.09,False,3588.15,69.28528628959214,69.28528628959214,False,False,False,False
481,200.74,1,200.74,False,200.74,0.0,0.0,True,True,False,False
482,200.74,1,200.74,False,200.74,0.0,0.0,True,True,False,False
483,1380.0,1,1380.0,False,2577.48,46.459332371153224,46.459332371153224,False,False,False,False
484,96.0,1,96.0,False,336.0,71.42857142857143,71.42857142857143,False,False,False,False
485,9951.68,1,9951.68,False,9396.92,5.903636510686482,5.903636510686482,True,True,False,False
486,119.0,1,119.0,False,119.0,0.0,0.0,True,True,False,False
487,13.17,2,13.44,True,110.0,88.02727272727272,87.78181818181818,False,False,False,False
488,6.12,1,6.12,False,1.96,212.24489795918367,212.24489795918367,False,False,False,False
489,1014890.34,1,1014890.34,False,70245.05,1344.785561402547,1344.785561402547,False,False,False,False
490,4990.0,1,4990.0,False,4990.0,0.0,0.0,True,True,False,False
491,7600.0,1,7600.0,False,7600.0,0.0,0.0,True,True,False,False
492,790.0,1,790.0,False,677.08,16.6774974892184,16.6774974892184,False,False,False,False
493,790.0,1,790.0,False,983.48,19.672997925733114,19.672997925733114,False,False,False,False
494,790.0,1,790.0,False,394.76,100.12159286655182,100.12159286655182,False,False,False,False
495,790.0,1,790.0,False,594.78,32.822219980496996,32.822219980496996,False,False,False,False
496,97.49,1,97.49,False,15683.96,99.37840953432679,99.37840953432679,False,False,False,False
497,97.49,1,97.49,False,729.6,86.63788377192982,86.63788377192982,False,False,False,False
498,97.49,1,97.49,False,2957.08,96.70316663735848,96.70316663735848,False,False,False,False
499,97.49,1,97.49,False,364.8,73.27576754385964,73.27576754385964,False,False,False,False
500,97.49,1,97.49,False,214.4,54.52891791044776,54.52891791044776,False,False,False,False
501,451.84,5,71.05,True,17.0,2557.8823529411766,317.94117647058823,False,False,False,False
502,145.42,7,79.5,True,12.24,1088.0718954248364,549.5098039215686,False,False,False,False
503,99.5,1,99.5,False,367.2,72.90305010893246,72.90305010893246,False,False,False,False
504,451.84,6,79.5,True,24.48,1745.751633986928,224.7549019607843,False,False,False,False
505,394.76,1,394.76,False,28.56,1282.2128851540617,1282.2128851540617,False,False,False,False
506,79.5,1,79.5,False,12.24,549.5098039215686,549.5098039215686,False,False,False,False
507,3479.5,1,3479.5,False,6749.0,48.44421395762335,48.44421395762335,False,False,False,False
508,86.1,2,80.85,True,648.9,86.7313915857605,87.54045307443366,False,False,False,False
509,80.85,3,86.1,True,80.85,0.0,6.493506493506494,True,True,False,False
510,86.1,2,80.85,True,86.1,0.0,6.097560975609757,True,True,False,False
511,160.65,4,86.1,True,160.65,0.0,46.40522875816994,True,False,False,True
512,191.0,1,191.0,False,175.99,8.52889368714131,8.52889368714131,True,True,False,False
513,77.743305,1,77.743305,False,110.843782,29.86227680322203,29.86227680322203,False,False,False,False
514,77.743305,1,77.743305,False,111.355414,30.184530587798804,30.184530587798804,False,False,False,False
515,77.656363,3,77.736264,True,111.51745,30.363935868332714,30.292286991856425,False,False,False,False
516,77.701485,2,77.749885,True,114.120351,31.912683128708565,31.870271762483444,False,False,False,False
517,77.721322,10,77.736264,True,110.296,29.53387067527381,29.520323493145717,False,False,False,False
518,77.656363,3,77.736264,True,112.74826,31.124114021803972,31.053247296233216,False,False,False,False
519,77.721322,1,77.721322,False,108.74905,28.531493378562843,28.531493378562843,False,False,False,False
520,77.656363,1,77.656363,False,113.023109,31.291606037841348,31.291606037841348,False,False,False,False
521,77.721322,1,77.721322,False,108.74759,28.530533872060982,28.530533872060982,False,False,False,False
522,77.656363,1,77.656363,False,113.09103,31.33287140456675,31.33287140456675,False,False,False,False
523,77.656363,1,77.656363,False,114.133708,31.960185679764297,31.960185679764297,False,False,False,False
524,77.656363,1,77.656363,False,113.07264,31.321703464250948,31.321703464250948,False,False,False,False
525,77.721322,1,77.721322,False,108.579586,28.41994995265501,28.41994995265501,False,False,False,False
526,77.721322,10,77.736264,True,109.21286,28.83500899069945,28.8213274517305,False,False,False,False
527,77.656363,1,77.656363,False,113.27452,31.444103228157577,31.444103228157577,False,False,False,False
528,77.656363,1,77.656363,False,111.52,30.365528156384503,30.365528156384503,False,False,False,False
529,77.721322,1,77.721322,False,110.825047,29.870255773498567,29.870255773498567,False,False,False,False
530,77.656363,1,77.656363,False,112.01713,30.67456468488346,30.67456468488346,False,False,False,False
531,77.721322,1,77.721322,False,109.25271,28.860966469390092,28.860966469390092,False,False,False,False
532,77.721322,10,77.736264,True,111.327608,30.18683918907159,30.173417540777482,False,False,False,False
533,77.721322,1,77.721322,False,109.24108,28.853392881139584,28.853392881139584,False,False,False,False
534,77.721322,1,77.721322,False,110.67235,29.77349627074874,29.77349627074874,False,False,False,False
535,77.743305,1,77.743305,False,111.337311,30.173178872624284,30.173178872624284,False,False,False,False
536,77.721322,1,77.721322,False,108.76192,28.53995037969172,28.53995037969172,False,False,False,False
537,77.721322,1,77.721322,False,109.30571,28.89546026461015,28.89546026461015,False,False,False,False
538,77.721322,10,77.736264,True,110.775806,29.839082371470177,29.82559386658852,False,False,False,False
539,77.721322,1,77.721322,False,110.28798,29.52874646901684,29.52874646901684,False,False,False,False
540,77.721322,1,77.721322,False,110.85214,29.887395949234723,29.887395949234723,False,False,False,False
541,77.656363,1,77.656363,False,113.020882,31.290252185432426,31.290252185432426,False,False,False,False
542,77.656363,1,77.656363,False,113.36418,31.498324250217312,31.498324250217312,False,False,False,False
543,77.701485,2,77.749885,True,111.51489,30.321874504830692,30.278472229134596,False,False,False,False
544,77.656363,3,77.736264,True,112.01578,30.673729183513252,30.602399054847453,False,False,False,False
545,77.656363,8,77.721322,True,114.5925,32.232595501450795,32.175908545498174,False,False,False,False
546,77.656363,1,77.656363,False,111.89055,30.59613792228209,30.59613792228209,False,False,False,False
547,77.721322,1,77.721322,False,111.263049,30.14633097103064,30.14633097103064,False,False,False,False
548,77.721322,10,77.736264,True,109.27364,28.874592262141167,28.86091833309478,False,False,False,False
549,77.592777,6,77.746246,True,111.158571,30.196316575534244,30.05825344768061,False,False,False,False
550,77.721322,1,77.721322,False,110.84854,29.88511891992443,29.88511891992443,False,False,False,False
551,52381.5,6,55620.68,True,48277.5,8.500854435295945,15.210356791466003,True,False,False,True
552,52381.5,8,55620.68,True,48677.5,7.609265060859741,14.263633095372604,True,False,False,True
553,52381.5,9,55620.68,True,49097.5,6.688731605478894,13.286175467182648,True,False,False,True
554,53746.88,7,55620.68,True,49096.5,9.47191755013086,13.28848288574542,True,False,False,True
555,52381.5,9,55620.68,True,59906.0,12.560511467966482,7.1534070043067475,False,True,True,False
556,54903.85,1,54903.85,False,53279.0,3.0497006325193765,3.0497006325193765,True,True,False,False
557,316.53,1,316.53,False,764.66,58.60513169251694,58.60513169251694,False,False,False,False
558,623.04,1,623.04,False,1171.93,46.83641514424924,46.83641514424924,False,False,False,False
559,125.0,2,125.0,True,150.0,16.666666666666664,16.666666666666664,False,False,False,False
560,125.0,1,125.0,False,250.0,50.0,50.0,False,False,False,False
561,125.0,2,125.0,True,150.0,16.666666666666664,16.666666666666664,False,False,False,False
562,1721.0,2,125.0,True,150.0,1047.3333333333333,16.666666666666664,False,False,False,False
563,130.0,1,130.0,False,45.8,183.84279475982535,183.84279475982535,False,False,False,False
564,7545.0,1,7545.0,False,2900.0,160.17241379310346,160.17241379310346,False,False,False,False
565,7545.0,1,7545.0,False,8500.0,11.235294117647058,11.235294117647058,False,False,False,False
566,578.57,5,648.9,True,375.0,54.285333333333355,73.03999999999999,False,False,False,False
567,2957.08,2,3834.2,True,3515.49,15.884272178273864,9.065877018566404,False,True,True,False
568,3834.2,1,3834.2,False,3515.49,9.065877018566404,9.065877018566404,True,True,False,False
569,3834.2,1,3834.2,False,3401.57,12.718538792381153,12.718538792381153,False,False,False,False
570,3834.2,1,3834.2,False,2265.53,69.24075161220551,69.24075161220551,False,False,False,False
571,20.83,2,50.99,True,350.0,94.04857142857144,85.43142857142857,False,False,False,False
572,2.8,4,50.99,True,85.0,96.70588235294117,40.01176470588235,False,False,False,False
573,50.99,1,50.99,False,75.0,32.013333333333335,32.013333333333335,False,False,False,False
574,65.24,4,9.19,True,245.0,73.37142857142857,96.24897959183673,False,False,False,False
575,56.5,9,50.99,True,365.0,84.52054794520548,86.03013698630136,False,False,False,False
576,265.0,1,265.0,False,265.0,0.0,0.0,True,True,False,False
577,33.45,2,33.45,True,38.89,13.988171766520951,13.988171766520951,False,False,False,False
578,6.0,2,6.0,True,6.45,6.976744186046514,6.976744186046514,True,True,False,False
579,36.46,4,72.65,True,16.6,119.63855421686746,337.6506024096385,False,False,False,False
580,33.45,2,33.45,True,38.89,13.988171766520951,13.988171766520951,False,False,False,False
581,322.0,2,65.0,True,623.99,48.39660892001474,89.58316639689738,False,False,False,False
582,322.0,1,322.0,False,244.74,31.56819481899158,31.56819481899158,False,False,False,False
583,2676.06,1,2676.06,False,2676.06,0.0,0.0,True,True,False,False
584,21.0,1,21.0,False,31.79,33.94149103491664,33.94149103491664,False,False,False,False
585,96.25,10,7590.0,True,5525.0,98.25791855203619,37.37556561085973,False,False,False,False
586,165.0,10,148.3,True,815.0,79.75460122699386,81.8036809815951,False,False,False,False
587,225.0,1,225.0,False,24.0,837.5,837.5,False,False,False,False
588,96.25,10,6802.46,True,4996.0,98.0734587670136,36.15812650120096,False,False,False,False
589,16006.38,1,16006.38,False,47.0,33956.12765957447,33956.12765957447,False,False,False,False
590,101.1,1,101.1,False,44.0,129.77272727272725,129.77272727272725,False,False,False,False
591,96.25,1,96.25,False,11.0,775.0,775.0,False,False,False,False
592,165.0,1,165.0,False,175.0,5.714285714285714,5.714285714285714,True,True,False,False
593,2673.0,1,2673.0,False,2750.0,2.8000000000000003,2.8000000000000003,True,True,False,False
594,101.1,1,101.1,False,44.0,129.77272727272725,129.77272727272725,False,False,False,False
595,165.0,1,165.0,False,73.0,126.02739726027397,126.02739726027397,False,False,False,False
596,2673.0,1,2673.0,False,2190.0,22.054794520547947,22.054794520547947,False,False,False,False
597,7590.0,1,7590.0,False,235.0,3129.7872340425533,3129.7872340425533,False,False,False,False
598,165.0,1,165.0,False,631.0,73.85103011093503,73.85103011093503,False,False,False,False
599,96.25,4,1289.0,True,1380.0,93.02536231884058,6.594202898550725,False,True,True,False
600,96.25,1,96.25,False,515.0,81.31067961165049,81.31067961165049,False,False,False,False
601,12177.7,5,477.0,True,545.0,2134.4403669724775,12.477064220183486,False,False,False,False
602,96.25,3,477.0,True,510.0,81.12745098039215,6.470588235294119,False,True,True,False
603,218.0,10,218.0,True,244.74,10.925880526272783,10.925880526272783,False,False,False,False
604,76.95,1,76.95,False,266.0,71.07142857142857,71.07142857142857,False,False,False,False
605,61.56,9,61.56,True,61.56,0.0,0.0,True,True,False,False
606,3972.56,5,3972.56,True,4709.54,15.64866207740034,15.64866207740034,False,False,False,False
607,5870.59,2,5870.59,True,6600.0,11.051666666666664,11.051666666666664,False,False,False,False
608,4560.0,1,4560.0,False,5020.0,9.163346613545817,9.163346613545817,True,True,False,False
609,4560.0,1,4560.0,False,5200.0,12.307692307692308,12.307692307692308,False,False,False,False
610,5870.59,3,5870.59,True,9700.0,39.47845360824742,39.47845360824742,False,False,False,False
611,12000.0,1,12000.0,False,12000.0,0.0,0.0,True,True,False,False
612,1.3,1,1.3,False,15.34,91.52542372881356,91.52542372881356,False,False,False,False
613,75.5,7,70.0,True,205.86,63.324589526862916,65.99630817060138,False,False,False,False
614,14.14,8,15.27,True,14.14,0.0,7.991513437057984,True,True,False,False
615,3000.0,4,75.0,True,138.0,2073.913043478261,45.65217391304348,False,False,False,False
616,297.51,1,297.51,False,469.0,36.56503198294243,36.56503198294243,False,False,False,False
617,1171.93,1,1171.93,False,1897.15,38.22681390506813,38.22681390506813,False,False,False,False
618,449.0,6,96.0,True,1937.0,76.81982447083118,95.04388229220444,False,False,False,False
619,8019.84,1,8019.84,False,9750.0,17.74523076923077,17.74523076923077,False,False,False,False
620,16.99,1,16.99,False,16.99,0.0,0.0,True,True,False,False
621,72.65,7,72.65,True,76.51,5.04509214481767,5.04509214481767,True,True,False,False
622,33.45,1,33.45,False,12.2,174.1803278688525,174.1803278688525,False,False,False,False
623,72.65,1,72.65,False,10.43,596.5484180249281,596.5484180249281,False,False,False,False
624,0.32,1,0.32,False,76.51,99.58175401908248,99.58175401908248,False,False,False,False
625,1287.08,4,1495.8,True,560.28,129.7208538587849,166.9736560291283,False,False,False,False
626,6292.79,1,6292.79,False,6796.21,7.407363810123585,7.407363810123585,True,True,False,False
627,15.27,1,15.27,False,15.27,0.0,0.0,True,True,False,False
628,15.27,1,15.27,False,15.27,0.0,0.0,True,True,False,False
629,76.95,1,76.95,False,76.95,0.0,0.0,True,True,False,False
630,185345.0,1,185345.0,False,301212.33,38.46699436241538,38.46699436241538,False,False,False,False
631,446.25,8,447.96,True,53.08,740.7121326299925,743.9336850037679,False,False,False,False
632,446.25,4,451.58,True,33.12,1247.3731884057972,1263.4661835748793,False,False,False,False
633,105.0,1,105.0,False,105.0,0.0,0.0,True,True,False,False
634,97.2,2,96.8,True,107.73,9.774436090225565,10.145734707138223,True,False,False,True
635,3972.56,3,3972.56,True,4028.3,1.3837102499813874,1.3837102499813874,True,True,False,False
636,61.56,1,61.56,False,61.56,0.0,0.0,True,True,False,False
637,92290.0,4,94987.7,True,36569.0,152.37222784325522,159.7492411605458,False,False,False,False
638,155688.44,1,155688.44,False,86735.0,79.49897965066006,79.49897965066006,False,False,False,False
639,155688.44,1,155688.44,False,87135.0,78.67497561255523,78.67497561255523,False,False,False,False
640,10.0,1,10.0,False,371.96,97.31153887514786,97.31153887514786,False,False,False,False
641,10.0,1,10.0,False,439.96,97.72706609691791,97.72706609691791,False,False,False,False
642,4990.0,4,4990.0,True,4990.0,0.0,0.0,True,True,False,False
643,8676.47,1,8676.47,False,9500.0,8.66873684210527,8.66873684210527,True,True,False,False
644,4990.0,3,4990.0,True,4990.0,0.0,0.0,True,True,False,False
645,129.99,1,129.99,False,19.23,575.97503900156,575.97503900156,False,False,False,False
646,12.31,1,12.31,False,44.99,72.63836408090687,72.63836408090687,False,False,False,False
647,12.31,1,12.31,False,16.27,24.339274738783033,24.339274738783033,False,False,False,False
648,12.31,1,12.31,False,33.99,63.7834657252133,63.7834657252133,False,False,False,False
649,3800.0,5,3493.0,True,3800.0,0.0,8.078947368421051,True,True,False,False
650,3100.0,1,3100.0,False,3010.0,2.990033222591362,2.990033222591362,True,True,False,False
651,3100.0,1,3100.0,False,3010.0,2.990033222591362,2.990033222591362,True,True,False,False
652,3800.0,5,3493.0,True,3800.0,0.0,8.078947368421051,True,True,False,False
653,919.46,1,919.46,False,1617.0,43.13790970933828,43.13790970933828,False,False,False,False
654,59.7,1,59.7,False,59.7,0.0,0.0,True,True,False,False
655,42.16,1,42.16,False,48.68,13.393590797041913,13.393590797041913,False,False,False,False
656,40.0,1,40.0,False,50.0,20.0,20.0,False,False,False,False
657,150.0,1,150.0,False,1503.0,90.01996007984032,90.01996007984032,False,False,False,False
658,1380.0,1,1380.0,False,12.0,11400.0,11400.0,False,False,False,False
659,175.0,1,175.0,False,1136.0,84.59507042253522,84.59507042253522,False,False,False,False
660,545.0,1,545.0,False,127.0,329.1338582677165,329.1338582677165,False,False,False,False
661,24.0,1,24.0,False,69.0,65.21739130434783,65.21739130434783,False,False,False,False
662,24.0,1,24.0,False,33.0,27.27272727272727,27.27272727272727,False,False,False,False
663,47.0,1,47.0,False,12.0,291.66666666666663,291.66666666666663,False,False,False,False
664,32362.05,1,32362.05,False,10.0,323520.5,323520.5,False,False,False,False
665,32362.05,5,28836.69,True,8490.0,281.178445229682,239.65477031802118,False,False,False,False
666,47.0,2,5525.0,True,294.0,84.01360544217688,1779.2517006802723,False,False,False,False
667,524.0,1,524.0,False,530.55,1.2345679012345596,1.2345679012345596,True,True,False,False
668,301212.33,1,301212.33,False,187622.0,60.54211659613479,60.54211659613479,False,False,False,False
669,301212.33,7,325544.0,True,391285.0,23.01970941896571,16.801308509142952,False,False,False,False
670,301212.33,1,301212.33,False,215483.0,39.78473011792114,39.78473011792114,False,False,False,False
671,301212.33,8,325544.0,True,131445.0,129.15465023393816,147.66556354368748,False,False,False,False
672,301212.33,1,301212.33,False,439042.0,31.39327672523357,31.39327672523357,False,False,False,False
673,36569.0,1,36569.0,False,29315.0,24.7450110864745,24.7450110864745,False,False,False,False
674,3100.0,2,3010.0,True,3010.0,2.990033222591362,0.0,True,True,False,False
675,3010.0,1,3010.0,False,3010.0,0.0,0.0,True,True,False,False
676,3800.0,3,3800.0,True,3800.0,0.0,0.0,True,True,False,False
677,21123.48,1,21123.48,False,20706.59,2.013320397033019,2.013320397033019,True,True,False,False
678,27696.11,1,27696.11,False,27149.87,2.0119433352719613,2.0119433352719613,True,True,False,False
679,19719.01,1,19719.01,False,19329.85,2.0132592855091986,2.0132592855091986,True,True,False,False
680,27170.71,1,27170.71,False,26635.4,2.009768954098672,2.009768954098672,True,True,False,False
681,1617.0,1,1617.0,False,1050.0,54.0,54.0,False,False,False,False
682,8.97,1,8.97,False,60.8,85.2467105263158,85.2467105263158,False,False,False,False
683,17.3,4,679.0,True,58.92,70.63815342837746,1052.410047522064,False,False,False,False
684,16.27,7,44.99,True,3.72,337.3655913978494,1109.4086021505377,False,False,False,False
685,1.69,1,1.69,False,0.92,83.69565217391303,83.69565217391303,False,False,False,False
686,2.57,1,2.57,False,3.37,23.738872403560837,23.738872403560837,False,False,False,False
687,1.69,1,1.69,False,0.62,172.5806451612903,172.5806451612903,False,False,False,False
688,16.27,7,44.99,True,3.72,337.3655913978494,1109.4086021505377,False,False,False,False
689,202.0,1,202.0,False,241.0,16.182572614107883,16.182572614107883,False,False,False,False
690,265.0,1,265.0,False,153.99,72.08909669459055,72.08909669459055,False,False,False,False
691,265.0,1,265.0,False,175.99,50.576737314620146,50.576737314620146,False,False,False,False
692,230.57,1,230.57,False,153.99,49.73050198064808,49.73050198064808,False,False,False,False
693,19.49,1,19.49,False,19.49,0.0,0.0,True,True,False,False
694,164.99,1,164.99,False,164.99,0.0,0.0,True,True,False,False
695,25.99,1,25.99,False,25.99,0.0,0.0,True,True,False,False
696,1285.0,10,1285.0,True,1285.0,0.0,0.0,True,True,False,False
697,1285.0,1,1285.0,False,1285.0,0.0,0.0,True,True,False,False
698,164.99,1,164.99,False,61.59,167.8843968176652,167.8843968176652,False,False,False,False
699,1855.33,1,1855.33,False,2676.06,30.669342241952723,30.669342241952723,False,False,False,False
700,265.0,4,227.0,True,175.99,50.576737314620146,28.984601397806685,False,False,False,False
701,322.0,2,337.99,True,244.74,31.56819481899158,38.101658903325976,False,False,False,False
702,19.49,3,19.49,True,31.79,38.69141239383454,38.69141239383454,False,False,False,False
703,59.49,3,164.99,True,61.59,3.409644422795911,167.8843968176652,True,False,False,True
704,3162.49,8,109.99,True,47.02,6625.840068056145,133.92173543173115,False,False,False,False
705,164.99,1,164.99,False,164.99,0.0,0.0,True,True,False,False
706,19.49,1,19.49,False,19.49,0.0,0.0,True,True,False,False
707,1400.0,3,1285.0,True,1400.0,0.0,8.214285714285714,True,True,False,False
708,164.99,2,218.0,True,164.99,0.0,32.129219952724405,True,False,False,True
709,109.99,4,117.0,True,109.99,0.0,6.373306664242209,True,True,False,False
710,19.49,1,19.49,False,19.49,0.0,0.0,True,True,False,False
711,1405.61,2,1405.51,True,1405.61,0.0,0.007114348930351168,True,True,False,False
712,109.99,4,117.0,True,59.84,83.80681818181816,95.52139037433153,False,False,False,False
713,164.99,1,164.99,False,164.99,0.0,0.0,True,True,False,False
714,1285.0,10,1285.0,True,1285.0,0.0,0.0,True,True,False,False
715,19.49,1,19.49,False,19.49,0.0,0.0,True,True,False,False
716,3955.08,1,3955.08,False,3403.08,16.220600162206004,16.220600162206004,False,False,False,False
717,13715.1,1,13715.1,False,15586.22,12.004963358659117,12.004963358659117,False,False,False,False
718,19.49,1,19.49,False,19.49,0.0,0.0,True,True,False,False
719,25.99,1,25.99,False,25.99,0.0,0.0,True,True,False,False
720,164.99,1,164.99,False,164.99,0.0,0.0,True,True,False,False
721,1285.0,10,1285.0,True,1285.0,0.0,0.0,True,True,False,False
722,154.94,1,154.94,False,175.99,11.960906869708513,11.960906869708513,False,False,False,False
723,123656.0,1,123656.0,False,90275.0,36.97701467737468,36.97701467737468,False,False,False,False
724,40719.0,1,40719.0,False,53914.0,24.474162555180474,24.474162555180474,False,False,False,False
725,40719.0,1,40719.0,False,53514.0,23.909631124565532,23.909631124565532,False,False,False,False
726,8.4,1,8.4,False,14.16,40.67796610169491,40.67796610169491,False,False,False,False
727,7.8,1,7.8,False,35.99,78.3273131425396,78.3273131425396,False,False,False,False
728,2475.0,2,2475.0,True,3439.7,28.046050527662292,28.046050527662292,False,False,False,False
729,22.5,1,22.5,False,22.5,0.0,0.0,True,True,False,False
730,5100.0,1,5100.0,False,5100.0,0.0,0.0,True,True,False,False
731,4990.0,4,4990.0,True,4990.0,0.0,0.0,True,True,False,False
732,25995.0,1,25995.0,False,3559.73,630.2520134954055,630.2520134954055,False,False,False,False
733,115.91,1,115.91,False,65.0,78.32307692307691,78.32307692307691,False,False,False,False
734,21.09,4,23.0,True,19.85,6.24685138539042,15.869017632241805,True,False,False,True
735,18.25,1,18.25,False,38.15,52.16251638269986,52.16251638269986,False,False,False,False
736,2400.0,2,2500.0,True,2700.0,11.11111111111111,7.4074074074074066,False,True,True,False
737,80.85,1,80.85,False,86.1,6.097560975609757,6.097560975609757,True,True,False,False
738,86.1,1,86.1,False,648.9,86.7313915857605,86.7313915857605,False,False,False,False
739,247.5,1,247.5,False,247.5,0.0,0.0,True,True,False,False
740,16.99,1,16.99,False,16.99,0.0,0.0,True,True,False,False
741,623.99,1,623.99,False,55.2,1030.4166666666665,1030.4166666666665,False,False,False,False
742,1287.08,1,1287.08,False,560.28,129.7208538587849,129.7208538587849,False,False,False,False
743,849.15,1,849.15,False,62.96,1248.713468869123,1248.713468869123,False,False,False,False
744,175.99,1,175.99,False,175.99,0.0,0.0,True,True,False,False
745,218.0,1,218.0,False,164.99,32.129219952724405,32.129219952724405,False,False,False,False
746,875.0,1,875.0,False,875.0,0.0,0.0,True,True,False,False
747,875.0,1,875.0,False,875.0,0.0,0.0,True,True,False,False
748,875.0,1,875.0,False,875.0,0.0,0.0,True,True,False,False
749,40719.0,1,40719.0,False,90934.0,55.22136934479952,55.22136934479952,False,False,False,False
750,20.0,1,20.0,False,0.01,199899.99999999997,199899.99999999997,False,False,False,False
751,256.79,1,256.79,False,256.79,0.0,0.0,True,True,False,False
752,199.64,1,199.64,False,199.64,0.0,0.0,True,True,False,False
753,199.64,1,199.64,False,110.64,80.44107013738248,80.44107013738248,False,False,False,False
754,256.79,1,256.79,False,256.79,0.0,0.0,True,True,False,False
755,9929.8,1,9929.8,False,10699.38,7.192753224953222,7.192753224953222,True,True,False,False
756,535.0,1,535.0,False,806.55,33.668092492715886,33.668092492715886,False,False,False,False
757,192.9,1,192.9,False,278.0,30.611510791366904,30.611510791366904,False,False,False,False
758,19.71,1,19.71,False,33.41,41.005686920083804,41.005686920083804,False,False,False,False
759,9.28,7,74.0,True,145.0,93.6,48.96551724137931,False,False,False,False
760,34.502,1,34.502,False,400.0,91.3745,91.3745,False,False,False,False
761,360.0,1,360.0,False,365.0,1.36986301369863,1.36986301369863,True,True,False,False
762,34.502,1,34.502,False,305.0,88.68786885245902,88.68786885245902,False,False,False,False
763,34.502,5,40.0,True,700.0,95.07114285714286,94.28571428571428,False,False,False,False
764,40.0,6,69.15,True,145.0,72.41379310344827,52.310344827586206,False,False,False,False
765,1316.0,1,1316.0,False,25000.0,94.736,94.736,False,False,False,False
766,2551.0,2,2430.0,True,9657.5,73.58529640176029,74.83820864612996,False,False,False,False
767,961.51,1,961.51,False,961.51,0.0,0.0,True,True,False,False
768,1294.87,1,1294.87,False,1294.87,0.0,0.0,True,True,False,False
769,5966.07,1,5966.07,False,62536.94,90.45992656500303,90.45992656500303,False,False,False,False
770,14.14,10,14.14,True,14.14,0.0,0.0,True,True,False,False
771,98.34,1,98.34,False,98.34,0.0,0.0,True,True,False,False
772,5464.93,2,5464.93,True,5464.93,0.0,0.0,True,True,False,False
773,48687.55,1,48687.55,False,48687.55,0.0,0.0,True,True,False,False
774,1005.02,1,1005.02,False,727.96,38.059783504588154,38.059783504588154,False,False,False,False
775,3825.79,7,3479.85,True,3825.79,0.0,9.042315443346343,True,True,False,False
776,96.0,5,82.5,True,100.0,4.0,17.5,True,False,False,True
777,96.0,1,96.0,False,2275.0,95.78021978021978,95.78021978021978,False,False,False,False
778,96.0,2,96.0,True,114.75,16.33986928104575,16.33986928104575,False,False,False,False
779,96.0,9,84.0,True,100.0,4.0,16.0,True,False,False,True
780,64.93,1,64.93,False,120.69,46.2010108542547,46.2010108542547,False,False,False,False
781,82.5,3,34.4,True,47.0,75.53191489361703,26.80851063829788,False,False,False,False
782,210948.0,1,210948.0,False,216433.0,2.5342715759611516,2.5342715759611516,True,True,False,False
783,87135.0,1,87135.0,False,87970.0,0.9491872229169035,0.9491872229169035,True,True,False,False
784,87135.0,1,87135.0,False,94972.0,8.2519058248747,8.2519058248747,True,True,False,False
785,87135.0,1,87135.0,False,96699.0,9.890484906772562,9.890484906772562,True,True,False,False
786,87135.0,1,87135.0,False,79174.0,10.055068583120722,10.055068583120722,False,False,False,False
787,87135.0,1,87135.0,False,104405.0,16.541353383458645,16.541353383458645,False,False,False,False
788,87135.0,1,87135.0,False,148689.0,41.39781691987975,41.39781691987975,False,False,False,False
789,87135.0,1,87135.0,False,99445.0,12.378701794962039,12.378701794962039,False,False,False,False
790,87135.0,7,143014.0,True,144804.0,39.82555730504682,1.2361536974116736,False,True,True,False
791,13.17,1,13.17,False,13.41,1.7897091722595095,1.7897091722595095,True,True,False,False
792,1.96,5,34.21,True,25.5,92.31372549019608,34.156862745098046,False,False,False,False
793,21.25,2,21.25,True,21.25,0.0,0.0,True,True,False,False
794,0.73,4,0.72,True,1.3,43.846153846153854,44.61538461538462,False,False,False,False
795,0.61,9,0.59,True,0.69,11.59420289855072,14.492753623188403,False,False,False,False
796,0.59,10,0.61,True,0.86,31.3953488372093,29.069767441860467,False,False,False,False
797,0.61,9,0.59,True,0.61,0.0,3.2786885245901667,True,True,False,False
798,20.0,2,0.59,True,150.0,86.66666666666667,99.60666666666667,False,False,False,False
799,110.0,1,110.0,False,128.45,14.36356558972362,14.36356558972362,False,False,False,False
800,24.95,1,24.95,False,24.95,0.0,0.0,True,True,False,False
801,4761.57,1,4761.57,False,18311.25,73.99647757526111,73.99647757526111,False,False,False,False
802,2091.0,1,2091.0,False,6882.5,69.61859789320741,69.61859789320741,False,False,False,False
803,308.19,1,308.19,False,118.51,160.05400388152898,160.05400388152898,False,False,False,False
804,114.98,1,114.98,False,120.73,4.762693613849085,4.762693613849085,True,True,False,False
805,47.0,1,47.0,False,47.0,0.0,0.0,True,True,False,False
806,1073.52,6,284.0,True,9882.8,89.1374913991986,97.12632047597847,False,False,False,False
807,194.9,6,194.9,True,194.9,0.0,0.0,True,True,False,False
808,132.5,10,124.0,True,132.5,0.0,6.415094339622642,True,True,False,False
809,131.25,3,127.5,True,127.5,2.941176470588235,0.0,True,True,False,False
810,131.25,4,124.0,True,155.0,15.32258064516129,20.0,False,False,False,False
811,5.75,1,5.75,False,7.36,21.875000000000004,21.875000000000004,False,False,False,False
812,0.37,1,0.37,False,0.5,26.0,26.0,False,False,False,False
813,125.0,1,125.0,False,35.0,257.14285714285717,257.14285714285717,False,False,False,False
814,125.0,1,125.0,False,275.0,54.54545454545454,54.54545454545454,False,False,False,False
815,0.46,1,0.46,False,0.58,20.689655172413783,20.689655172413783,False,False,False,False
816,3010.0,1,3010.0,False,3010.0,0.0,0.0,True,True,False,False
817,3010.0,1,3010.0,False,3010.0,0.0,0.0,True,True,False,False
818,63.5,1,63.5,False,161.63,60.71273897172554,60.71273897172554,False,False,False,False
819,5447.67,1,5447.67,False,1293.75,321.07594202898554,321.07594202898554,False,False,False,False
820,3091.08,1,3091.08,False,126.5,2343.5415019762845,2343.5415019762845,False,False,False,False
821,3490.7,1,3490.7,False,207.0,1586.3285024154588,1586.3285024154588,False,False,False,False
822,50.14,1,50.14,False,33.09,51.52614082804471,51.52614082804471,False,False,False,False
823,281.03,6,1373.83,True,1122.31,74.9596813714571,22.410920333954078,False,False,False,False
824,77.6,1,77.6,False,14.0,454.2857142857143,454.2857142857143,False,False,False,False
825,153.99,1,153.99,False,153.99,0.0,0.0,True,True,False,False
826,182.29,9,28.11,True,103.46,76.19369804755462,72.83007925768413,False,False,False,False
827,5.89,1,5.89,False,95.94,93.8607462997707,93.8607462997707,False,False,False,False
828,102.0,2,132.5,True,127.5,20.0,3.9215686274509802,False,True,True,False
829,129.0,3,138.75,True,155.0,16.7741935483871,10.483870967741936,False,False,False,False
830,132.5,5,131.25,True,132.5,0.0,0.9433962264150944,True,True,False,False
831,4990.0,6,4990.0,True,4990.0,0.0,0.0,True,True,False,False
832,0.45,5,0.45,True,0.45,0.0,0.0,True,True,False,False
833,0.01,1,0.01,False,0.05,80.0,80.0,False,False,False,False
834,365.0,9,8.0,True,13.56,2591.7404129793513,41.00294985250738,False,False,False,False
835,65.41,6,204.0,True,110.69,40.907037672779836,84.29849128195863,False,False,False,False
836,213.0,5,143.55,True,2430.0,91.23456790123457,94.09259259259258,False,False,False,False
837,448.2,1,448.2,False,5850.0,92.33846153846154,92.33846153846154,False,False,False,False
838,448.2,1,448.2,False,3780.0,88.14285714285714,88.14285714285714,False,False,False,False
839,227.0,2,227.0,True,835.55,72.83226617198252,72.83226617198252,False,False,False,False
840,1561.41,1,1561.41,False,1682.2,7.180477945547495,7.180477945547495,True,True,False,False
841,5885.6,1,5885.6,False,1523.7,286.2702631751657,286.2702631751657,False,False,False,False
842,96.25,3,555.0,True,66.7,44.30284857571214,732.0839580209895,False,False,False,False
843,7600.0,1,7600.0,False,7450.0,2.013422818791946,2.013422818791946,True,True,False,False
844,124311.0,1,124311.0,False,133653.0,6.989742093331238,6.989742093331238,True,True,False,False
845,25998.0,1,25998.0,False,27275.0,4.681943171402383,4.681943171402383,True,True,False,False
846,21498.0,1,21498.0,False,24607.0,12.634616166131588,12.634616166131588,False,False,False,False
847,20.6,7,6.95,True,6.96,195.97701149425288,0.14367816091953717,False,True,True,False
848,66.9,1,66.9,False,66.9,0.0,0.0,True,True,False,False
849,7.99,1,7.99,False,7.99,0.0,0.0,True,True,False,False
850,6.99,1,6.99,False,6.99,0.0,0.0,True,True,False,False
851,66.9,1,66.9,False,66.9,0.0,0.0,True,True,False,False
852,12.91,4,13.7,True,36.23,64.36654706044715,62.18603367375103,False,False,False,False
853,2995.0,3,3389.0,True,105.5,2738.862559241706,3112.3222748815165,False,False,False,False
854,8890.0,1,8890.0,False,2990.0,197.32441471571906,197.32441471571906,False,False,False,False
855,4450.0,1,4450.0,False,531.5,737.25305738476,737.25305738476,False,False,False,False
856,254.0,1,254.0,False,4092.73,93.79387352696122,93.79387352696122,False,False,False,False
857,254.0,1,254.0,False,277.76,8.554147465437785,8.554147465437785,True,True,False,False
858,147.96,1,147.96,False,147.96,0.0,0.0,True,True,False,False
859,147.96,1,147.96,False,147.96,0.0,0.0,True,True,False,False
860,147.96,8,147.96,True,147.96,0.0,0.0,True,True,False,False
861,257.04,1,257.04,False,257.04,0.0,0.0,True,True,False,False
862,0.55,1,0.55,False,0.63,12.698412698412692,12.698412698412692,False,False,False,False
863,20.45,9,21.0,True,20.45,0.0,2.689486552567241,True,True,False,False
864,24.54,10,24.54,True,24.54,0.0,0.0,True,True,False,False
865,24.54,6,24.54,True,24.54,0.0,0.0,True,True,False,False
866,491.99,1,491.99,False,818.99,39.927227438674464,39.927227438674464,False,False,False,False
867,491.99,1,491.99,False,818.99,39.927227438674464,39.927227438674464,False,False,False,False
868,244.74,1,244.74,False,164.99,48.33626280380629,48.33626280380629,False,False,False,False
869,19.49,1,19.49,False,19.49,0.0,0.0,True,True,False,False
870,1285.0,2,1285.0,True,1285.0,0.0,0.0,True,True,False,False
871,175.0,6,175.0,True,517.5,66.18357487922705,66.18357487922705,False,False,False,False
872,127.28,1,127.28,False,150.0,15.146666666666667,15.146666666666667,False,False,False,False
873,3955.08,9,3825.79,True,2299.08,72.02881152460985,66.40525775527603,False,False,False,False
874,1285.0,1,1285.0,False,1285.0,0.0,0.0,True,True,False,False
875,164.49,4,230.57,True,175.99,6.53446218535144,31.013125745781,True,False,False,True
876,19.49,1,19.49,False,19.49,0.0,0.0,True,True,False,False
877,164.99,1,164.99,False,164.99,0.0,0.0,True,True,False,False
878,227.0,1,227.0,False,500.49,54.64444844052828,54.64444844052828,False,False,False,False
879,1285.0,8,1414.9,True,1883.39,31.77196438337254,24.87482677512358,False,False,False,False
880,227.0,10,236.49,True,175.99,28.984601397806685,34.376953235979315,False,False,False,False
881,164.99,1,164.99,False,178.19,7.407823110163303,7.407823110163303,True,True,False,False
882,1285.0,8,1285.0,True,1285.0,0.0,0.0,True,True,False,False
883,19.49,1,19.49,False,19.49,0.0,0.0,True,True,False,False
884,191.0,2,265.0,True,344.99,44.636076408011824,23.186179309545206,False,False,False,False
885,4800.0,1,4800.0,False,5616.0,14.529914529914532,14.529914529914532,False,False,False,False
886,0.24,2,0.37,True,0.45,46.666666666666664,17.777777777777782,False,False,False,False
887,0.24,1,0.24,False,0.32,25.000000000000007,25.000000000000007,False,False,False,False
888,0.2,1,0.2,False,0.32,37.5,37.5,False,False,False,False
889,12.0,1,12.0,False,18.86,36.37327677624602,36.37327677624602,False,False,False,False
890,7.0,7,18.86,True,127.61,94.51453647833242,85.22059399733564,False,False,False,False
891,3.9,2,3.9,True,3.9,0.0,0.0,True,True,False,False
892,1908.75,3,1969.0,True,2073.79,7.95837572753268,5.053067089724609,True,True,False,False
893,18311.25,4,800.03,True,2650.0,590.9905660377358,69.81018867924529,False,False,False,False
894,4092.73,8,250.0,True,891.87,358.89311222487584,71.96900893627995,False,False,False,False
895,14.0,4,265.54,True,3.54,295.4802259887006,7401.129943502825,False,False,False,False
896,2650.0,5,265.54,True,24.04,10923.294509151416,1004.5757071547422,False,False,False,False
897,2650.0,5,265.54,True,5.06,52271.54150197629,5147.826086956523,False,False,False,False
898,4092.73,8,250.0,True,2.02,202510.39603960395,12276.237623762376,False,False,False,False
899,2650.0,5,265.54,True,42.13,6190.054592926655,530.2872062663185,False,False,False,False
900,2650.0,5,265.54,True,245.56,979.1659879459196,8.13650431666396,False,True,True,False
901,2650.0,5,265.54,True,202.09,1211.2969469048442,31.396902370231096,False,False,False,False
902,4092.73,8,250.0,True,1.89,216446.56084656084,13127.513227513227,False,False,False,False
903,4092.73,8,250.0,True,4.5,90849.55555555556,5455.555555555556,False,False,False,False
904,11.75,6,185.98,True,2.8,319.6428571428571,6542.142857142856,False,False,False,False
905,2650.0,5,265.54,True,4.92,53761.78861788618,5297.154471544716,False,False,False,False
906,2650.0,5,265.54,True,535.94,394.4583348882337,50.453408963689974,False,False,False,False
907,2650.0,5,265.54,True,1431.75,85.08817880216519,81.4534660380653,False,False,False,False
908,143.7,1,143.7,False,6.5,2110.769230769231,2110.769230769231,False,False,False,False
909,2650.0,5,265.54,True,47.8,5443.933054393306,455.52301255230134,False,False,False,False
910,5.22,1,5.22,False,676.63,99.22852962475798,99.22852962475798,False,False,False,False
911,5.22,1,5.22,False,4.58,13.973799126637548,13.973799126637548,False,False,False,False
912,5.22,1,5.22,False,52.07,89.97503360860381,89.97503360860381,False,False,False,False
913,5.22,1,5.22,False,2.34,123.07692307692308,123.07692307692308,False,False,False,False
914,5.22,1,5.22,False,6.29,17.011128775834663,17.011128775834663,False,False,False,False
915,5.22,1,5.22,False,5.48,4.744525547445268,4.744525547445268,True,True,False,False
916,5.22,1,5.22,False,0.59,784.7457627118645,784.7457627118645,False,False,False,False
917,6.38,1,6.38,False,418.1,98.47404927050944,98.47404927050944,False,False,False,False
918,5.22,1,5.22,False,479.1,98.91045710707577,98.91045710707577,False,False,False,False
919,6.38,1,6.38,False,160.09,96.01474170778937,96.01474170778937,False,False,False,False
920,2641.56,1,2641.56,False,936.38,182.1034195518913,182.1034195518913,False,False,False,False
921,5.22,1,5.22,False,17.12,69.50934579439253,69.50934579439253,False,False,False,False
922,435.0,1,435.0,False,175.0,148.57142857142858,148.57142857142858,False,False,False,False
923,435.0,3,452.6,True,963.0,54.82866043613706,53.00103842159917,False,False,False,False
924,2.6,1,2.6,False,3.65,28.767123287671232,28.767123287671232,False,False,False,False
925,158.34,1,158.34,False,191.14,17.160196714450134,17.160196714450134,False,False,False,False
926,3955.08,9,1171.93,True,572.46,590.891940048213,104.71823358837298,False,False,False,False
927,1188.0,1,1188.0,False,79.16,1400.7579585649316,1400.7579585649316,False,False,False,False
928,0.08,1,0.08,False,0.12,33.33333333333333,33.33333333333333,False,False,False,False
929,0.36,1,0.36,False,0.36,0.0,0.0,True,True,False,False
930,634.0,8,693.85,True,199.25,218.19322459222082,248.23086574654957,False,False,False,False
931,21.25,1,21.25,False,21.25,0.0,0.0,True,True,False,False
932,16.99,1,16.99,False,16.99,0.0,0.0,True,True,False,False
933,1935.0,1,1935.0,False,3280.65,41.01778610946002,41.01778610946002,False,False,False,False
934,76.94,1,76.94,False,58.49,31.543853650196606,31.543853650196606,False,False,False,False
935,197.44,1,197.44,False,200.74,1.643917505230652,1.643917505230652,True,True,False,False
936,1935.0,2,2143.44,True,3341.15,42.085808778414616,35.84723822635919,False,False,False,False
937,197.44,1,197.44,False,200.74,1.643917505230652,1.643917505230652,True,True,False,False
938,76.94,1,76.94,False,58.49,31.543853650196606,31.543853650196606,False,False,False,False
939,322.0,8,1285.0,True,175.99,82.96494118984032,630.1551224501392,False,False,False,False
940,390.49,1,390.49,False,500.49,21.978461108114047,21.978461108114047,False,False,False,False
941,36284.09,3,27547.4,True,40780.6,11.026100645895358,32.44974326027572,False,False,False,False
942,2395.0,10,1145.0,True,2185.0,9.610983981693364,47.59725400457666,True,False,False,True
943,2645.0,4,2475.0,True,3675.93,28.04541979852717,32.67009981147628,False,False,False,False
944,65.95,1,65.95,False,75.0,12.066666666666663,12.066666666666663,False,False,False,False
945,1617.0,1,1617.0,False,33.0,4800.0,4800.0,False,False,False,False
946,1617.0,8,69.8,True,317.0,410.0946372239748,77.98107255520505,False,False,False,False
947,1617.0,1,1617.0,False,65.0,2387.6923076923076,2387.6923076923076,False,False,False,False
948,66.9,7,70.0,True,364.63,81.65263417711105,80.80245728546745,False,False,False,False
949,18688.0,1,18688.0,False,243.0,7590.534979423869,7590.534979423869,False,False,False,False
950,1431.75,3,2315.0,True,2197.0,34.83158852981339,5.370960400546199,False,True,True,False
951,1343.02,1,1343.02,False,2737.11,50.932918297035926,50.932918297035926,False,False,False,False
952,15.27,4,15.27,True,15.27,0.0,0.0,True,True,False,False
953,152.09,2,164.99,True,99.99,52.105210521052115,65.00650065006502,False,False,False,False
954,40.0,1,40.0,False,15.0,166.66666666666669,166.66666666666669,False,False,False,False
955,128.0,1,128.0,False,100.0,28.000000000000004,28.000000000000004,False,False,False,False
956,727.96,1,727.96,False,727.96,0.0,0.0,True,True,False,False
957,3825.79,7,3825.79,True,3825.79,0.0,0.0,True,True,False,False
958,1.9,3,3.42,True,4.98,61.84738955823293,31.325301204819283,False,False,False,False
959,20.52,2,4.19,True,4.98,312.0481927710843,15.863453815261044,False,False,False,False
960,4495.0,10,2385.0,True,600.0,649.1666666666666,297.5,False,False,False,False
961,25557.0,1,25557.0,False,47354.4,46.03035831939587,46.03035831939587,False,False,False,False
962,178586.8,2,178586.8,True,187985.0,4.999441444796133,4.999441444796133,True,True,False,False
963,102.0,5,111.0,True,127.5,20.0,12.941176470588237,False,False,False,False
964,132.5,2,132.5,True,132.5,0.0,0.0,True,True,False,False
965,37.0,7,2350.0,True,50.74,27.07922743397714,4531.454473787939,False,False,False,False
966,33.01,2,37.0,True,47.74,30.854629241726023,22.49685798072895,False,False,False,False
967,21.59,1,21.59,False,20.0,7.949999999999998,7.949999999999998,True,True,False,False
968,61.44,1,61.44,False,55.36,10.98265895953757,10.98265895953757,False,False,False,False
969,54.57,2,4025.0,True,530.0,89.70377358490566,659.433962264151,False,False,False,False
970,144.4,1,144.4,False,164.0,11.951219512195118,11.951219512195118,False,False,False,False
971,191.9,6,177.02,True,218.0,11.97247706422018,18.798165137614674,False,False,False,False
972,2430.0,1,2430.0,False,284.0,755.6338028169014,755.6338028169014,False,False,False,False
973,27.74,4,1704.3,True,2370.0,98.82953586497891,28.08860759493671,False,False,False,False
974,2430.0,1,2430.0,False,530.0,358.49056603773585,358.49056603773585,False,False,False,False
975,5327.0,9,5688.61,True,4907.5,8.548140601120734,15.916658176260817,True,False,False,True
976,14.14,5,15.27,True,14.14,0.0,7.991513437057984,True,True,False,False
977,3.9,3,3.9,True,3.9,0.0,0.0,True,True,False,False
978,50000.0,1,50000.0,False,12963.0,285.7131836766181,285.7131836766181,False,False,False,False
979,11358.88,1,11358.88,False,350.43,3141.411979567959,3141.411979567959,False,False,False,False
980,11358.88,1,11358.88,False,44984.4,74.74929086527776,74.74929086527776,False,False,False,False
981,11358.88,1,11358.88,False,1253.32,806.3032585453037,806.3032585453037,False,False,False,False
982,4990.0,1,4990.0,False,4990.0,0.0,0.0,True,True,False,False
983,34.15,10,134.0,True,873.1,96.08864963921658,84.6523880426068,False,False,False,False
984,97.74,1,97.74,False,119.85,18.448060075093867,18.448060075093867,False,False,False,False
985,58.86,4,61.92,True,103.02,42.86546301688992,39.89516598718695,False,False,False,False
986,4.58,1,4.58,False,5.39,15.027829313543592,15.027829313543592,False,False,False,False
987,31.5,1,31.5,False,31.5,0.0,0.0,True,True,False,False
988,3.03,10,2.55,True,2.23,35.8744394618834,14.349775784753357,False,False,False,False
989,22.03,1,22.03,False,3.39,549.8525073746313,549.8525073746313,False,False,False,False
990,65572.8,1,65572.8,False,79023.24,17.02086626668307,17.02086626668307,False,False,False,False
991,0.61,4,0.61,True,0.9,32.22222222222222,32.22222222222222,False,False,False,False
992,0.3,3,0.59,True,0.59,49.15254237288135,0.0,False,True,True,False
993,0.79,1,0.79,False,2.7,70.74074074074073,70.74074074074073,False,False,False,False
994,0.79,10,0.79,True,1.3,39.23076923076923,39.23076923076923,False,False,False,False
995,0.79,1,0.79,False,3.65,78.35616438356165,78.35616438356165,False,False,False,False
996,1.9,10,0.74,True,1.3,46.15384615384614,43.07692307692308,False,False,False,False
997,0.78,1,0.78,False,2.65,70.56603773584905,70.56603773584905,False,False,False,False
998,0.79,3,0.79,True,1.3,39.23076923076923,39.23076923076923,False,False,False,False
999,82.5,9,75.0,True,500.0,83.5,85.0,False,False,False,False
1000,9.12,3,3.13,True,15.68,41.83673469387755,80.03826530612245,False,False,False,False
1001,13.29,1,13.29,False,22.58,41.14260407440212,41.14260407440212,False,False,False,False
1002,9.12,1,9.12,False,34.12,73.27080890973036,73.27080890973036,False,False,False,False
1003,299.4,5,299.4,True,315.61,5.13608567535884,5.13608567535884,True,True,False,False
1004,344.99,1,344.99,False,454.99,24.176355524297236,24.176355524297236,False,False,False,False
1005,164.99,5,64.99,True,87.99,87.50994431185364,26.139334015229004,False,False,False,False
1006,200.74,2,200.74,True,200.74,0.0,0.0,True,True,False,False
1007,1285.0,5,1405.51,True,2512.8,48.86182744348934,44.06598217128304,False,False,False,False
1008,200.74,1,200.74,False,200.74,0.0,0.0,True,True,False,False
1009,3972.56,10,3972.56,True,4709.54,15.64866207740034,15.64866207740034,False,False,False,False
1010,61.56,9,61.56,True,61.56,0.0,0.0,True,True,False,False
1011,391285.0,1,391285.0,False,257552.0,51.92465987451078,51.92465987451078,False,False,False,False
1012,269.46,1,269.46,False,269.46,0.0,0.0,True,True,False,False
1013,374.99,1,374.99,False,374.99,0.0,0.0,True,True,False,False
1014,132.5,3,132.5,True,132.5,0.0,0.0,True,True,False,False
1015,127.5,2,124.0,True,155.0,17.741935483870968,20.0,False,False,False,False
1016,127.5,8,132.5,True,127.5,0.0,3.9215686274509802,True,True,False,False
1017,102.0,5,102.0,True,132.5,23.0188679245283,23.0188679245283,False,False,False,False
1018,127.5,2,131.25,True,127.5,0.0,2.941176470588235,True,True,False,False
1019,155.0,7,155.0,True,132.5,16.9811320754717,16.9811320754717,False,False,False,False
1020,109399.0,2,109399.0,True,114978.0,4.852232601019326,4.852232601019326,True,True,False,False
1021,950.0,1,950.0,False,1020.0,6.862745098039216,6.862745098039216,True,True,False,False
1022,96.23,1,96.23,False,96.23,0.0,0.0,True,True,False,False
1023,1055.56,1,1055.56,False,992.86,6.31508974074894,6.31508974074894,True,True,False,False
1024,16000.0,1,16000.0,False,16000.0,0.0,0.0,True,True,False,False
1025,220.0,1,220.0,False,220.0,0.0,0.0,True,True,False,False
1026,16.99,1,16.99,False,16.99,0.0,0.0,True,True,False,False
1027,86.1,4,80.85,True,86.1,0.0,6.097560975609757,True,True,False,False
1028,86.1,2,86.1,True,648.9,86.7313915857605,86.7313915857605,False,False,False,False
1029,86.1,5,86.1,True,80.85,6.493506493506494,6.493506493506494,True,True,False,False
1030,86.1,10,80.85,True,7.35,1071.4285714285716,1000.0,False,False,False,False
1031,15.27,2,15.25,True,25.59,40.328253223915596,40.406408753419306,False,False,False,False
1032,15.27,2,15.25,True,18.39,16.965742251223496,17.07449700924416,False,False,False,False
1033,15.27,2,15.25,True,13.59,12.36203090507726,12.21486387049301,False,False,False,False
1034,15.27,2,15.25,True,11.99,27.35613010842368,27.18932443703086,False,False,False,False
1035,1.2,1,1.2,False,143.99,99.16660879227724,99.16660879227724,False,False,False,False
1036,3800.0,1,3800.0,False,3800.0,0.0,0.0,True,True,False,False
1037,3100.0,1,3100.0,False,3010.0,2.990033222591362,2.990033222591362,True,True,False,False
1038,38.73,1,38.73,False,55.0,29.581818181818186,29.581818181818186,False,False,False,False
1039,107.0,1,107.0,False,2285.0,95.31728665207876,95.31728665207876,False,False,False,False
1040,107.0,1,107.0,False,95.0,12.631578947368421,12.631578947368421,False,False,False,False
1041,40.0,1,40.0,False,50.0,20.0,20.0,False,False,False,False
1042,885.0,9,36.45,True,425.0,108.23529411764706,91.4235294117647,False,False,False,False
1043,477.95,3,40.0,True,25.0,1811.8,60.0,False,False,False,False
1044,241.04,1,241.04,False,60.0,301.73333333333335,301.73333333333335,False,False,False,False
1045,16.5,9,37.45,True,34.0,51.470588235294116,10.14705882352942,False,False,False,False
1046,44.0,1,44.0,False,375.0,88.26666666666667,88.26666666666667,False,False,False,False
1047,233.68,6,40.5,True,19.0,1129.8947368421054,113.1578947368421,False,False,False,False
1048,194.9,9,36.45,True,125.0,55.92,70.84,False,False,False,False
1049,241.04,10,36.5,True,1990.0,87.88743718592966,98.16582914572865,False,False,False,False
1050,333.48,7,40.0,True,25.0,1233.92,60.0,False,False,False,False
1051,241.04,8,40.5,True,25.0,864.1600000000001,62.0,False,False,False,False
1052,94.0,8,45.0,True,80.0,17.5,43.75,False,False,False,False
1053,12286.0,1,12286.0,False,60.0,20376.666666666668,20376.666666666668,False,False,False,False
1054,40.0,1,40.0,False,225.0,82.22222222222221,82.22222222222221,False,False,False,False
1055,107.0,3,40.0,True,39.0,174.35897435897436,2.564102564102564,False,True,True,False
1056,925.32,6,773.55,True,1188.21,22.124876915696717,34.8978715883556,False,False,False,False
1057,96.51,1,96.51,False,96.51,0.0,0.0,True,True,False,False
1058,760.74,1,760.74,False,967.54,21.373793331541844,21.373793331541844,False,False,False,False
1059,111.63,1,111.63,False,111.63,0.0,0.0,True,True,False,False
1060,4028.3,1,4028.3,False,4709.54,14.465106995587677,14.465106995587677,False,False,False,False
1061,150.0,2,144.9,True,144.9,3.5196687370600372,0.0,True,True,False,False
1062,530.55,1,530.55,False,530.55,0.0,0.0,True,True,False,False
1063,82.6,3,82.6,True,95.34,13.362701908957424,13.362701908957424,False,False,False,False
1064,4028.3,1,4028.3,False,4709.54,14.465106995587677,14.465106995587677,False,False,False,False
1065,61.56,9,61.56,True,61.56,0.0,0.0,True,True,False,False
1066,4028.3,1,4028.3,False,4709.54,14.465106995587677,14.465106995587677,False,False,False,False
1067,3010.0,1,3010.0,False,3010.0,0.0,0.0,True,True,False,False
1068,5020.0,1,5020.0,False,5020.0,0.0,0.0,True,True,False,False
1069,3800.0,2,3800.0,True,3800.0,0.0,0.0,True,True,False,False
1070,5200.0,1,5200.0,False,5200.0,0.0,0.0,True,True,False,False
1071,3010.0,1,3010.0,False,3010.0,0.0,0.0,True,True,False,False
1072,5900.0,1,5900.0,False,10772.66,45.23172549769509,45.23172549769509,False,False,False,False
1073,6651.0,8,3246.13,True,5757.67,15.51547761507693,43.62077020739292,False,False,False,False
1074,8.45,1,8.45,False,5.63,50.08880994671402,50.08880994671402,False,False,False,False
1075,89.0,1,89.0,False,969.0,90.81527347781217,90.81527347781217,False,False,False,False
1076,17.13,3,38.9,True,79.8,78.53383458646617,51.253132832080205,False,False,False,False
1077,153.99,2,153.99,True,153.99,0.0,0.0,True,True,False,False
1078,19.49,1,19.49,False,19.49,0.0,0.0,True,True,False,False
1079,1400.0,7,1400.0,True,1285.0,8.949416342412452,8.949416342412452,True,True,False,False
1080,41.02,1,41.02,False,51.29,20.02339637356209,20.02339637356209,False,False,False,False
1081,344.99,1,344.99,False,506.99,31.95329296435827,31.95329296435827,False,False,False,False
1082,153.99,1,153.99,False,175.99,12.500710267628842,12.500710267628842,False,False,False,False
1083,1400.0,1,1400.0,False,1786.66,21.641498662308443,21.641498662308443,False,False,False,False
1084,9.23,3,9.0,True,9.72,5.041152263374488,7.407407407407414,True,True,False,False
1085,103.66,7,103.66,True,96.74,7.153194128592105,7.153194128592105,True,True,False,False
1086,4709.54,1,4709.54,False,4709.54,0.0,0.0,True,True,False,False
1087,61.56,9,61.56,True,61.56,0.0,0.0,True,True,False,False
1088,97.2,1,97.2,False,97.2,0.0,0.0,True,True,False,False
1089,49.35,5,49.35,True,49.35,0.0,0.0,True,True,False,False
1090,49.35,10,49.35,True,49.35,0.0,0.0,True,True,False,False
1091,76.95,1,76.95,False,89.99,14.49049894432714,14.49049894432714,False,False,False,False
1092,4028.3,2,9951.68,True,5085.04,20.781350785834523,95.7050485345248,False,False,False,False
1093,89.0,1,89.0,False,89.0,0.0,0.0,True,True,False,False
1094,119.0,1,119.0,False,119.0,0.0,0.0,True,True,False,False
1095,61808.01,1,61808.01,False,64550.0,4.247854376452359,4.247854376452359,True,True,False,False
1096,11467.35,1,11467.35,False,7319.9,56.65992704818373,56.65992704818373,False,False,False,False
1097,1289.91,3,1177.14,True,1435.61,10.148995897214412,18.004193339416684,False,False,False,False
1098,1529.18,3,1529.18,True,2183.51,29.966888175460614,29.966888175460614,False,False,False,False
1099,2073.79,1,2073.79,False,2165.9,4.252735583360272,4.252735583360272,True,True,False,False
1100,677.08,1,677.08,False,519.51,30.330503743912544,30.330503743912544,False,False,False,False
1101,677.08,1,677.08,False,555.89,21.801075752397068,21.801075752397068,False,False,False,False
1102,677.08,1,677.08,False,632.78,7.000853377161109,7.000853377161109,True,True,False,False
1103,127.5,7,155.0,True,155.0,17.741935483870968,0.0,False,True,True,False
1104,4600.0,1,4600.0,False,3551.43,29.525289812835965,29.525289812835965,False,False,False,False
1105,25.69,6,60.0,True,76.56,66.44461859979101,21.630094043887148,False,False,False,False
1106,11.45,5,60.0,True,63.99,82.10657915299267,6.23534927332396,False,True,True,False
1107,11.45,6,56.5,True,50.3,77.2365805168986,12.326043737574558,False,False,False,False
1108,83.33,1,83.33,False,66.37,25.553714027422014,25.553714027422014,False,False,False,False
1109,8.05,1,8.05,False,15.0,46.33333333333333,46.33333333333333,False,False,False,False
1110,8.05,1,8.05,False,12.0,32.91666666666666,32.91666666666666,False,False,False,False
1111,8.05,1,8.05,False,112.0,92.8125,92.8125,False,False,False,False
1112,299.99,1,299.99,False,599.99,50.00083334722245,50.00083334722245,False,False,False,False
1113,265.0,7,175.99,True,175.99,50.576737314620146,0.0,False,True,True,False
1114,52.32,1,52.32,False,26.19,99.77090492554409,99.77090492554409,False,False,False,False
1115,95.34,1,95.34,False,95.34,0.0,0.0,True,True,False,False
1116,61.56,1,61.56,False,61.56,0.0,0.0,True,True,False,False
1117,144.9,1,144.9,False,144.9,0.0,0.0,True,True,False,False
1118,125.0,2,61.56,True,52.65,137.41690408357076,16.92307692307693,False,False,False,False
1119,111.63,1,111.63,False,111.63,0.0,0.0,True,True,False,False
1120,9.72,1,9.72,False,9.72,0.0,0.0,True,True,False,False
1121,530.55,1,530.55,False,530.55,0.0,0.0,True,True,False,False
1122,4028.3,8,4709.54,True,4709.54,14.465106995587677,0.0,False,True,True,False
1123,69.15,1,69.15,False,45.25,52.817679558011065,52.817679558011065,False,False,False,False
1124,243.75,1,243.75,False,243.75,0.0,0.0,True,True,False,False
1125,243.75,1,243.75,False,243.75,0.0,0.0,True,True,False,False
1126,18.0,1,18.0,False,18.0,0.0,0.0,True,True,False,False
1127,1.4,1,1.4,False,57.6,97.56944444444444,97.56944444444444,False,False,False,False
1128,14.14,6,15.27,True,14.14,0.0,7.991513437057984,True,True,False,False
1129,216.47,1,216.47,False,3519.12,93.84874627747847,93.84874627747847,False,False,False,False
1130,1959.99,1,1959.99,False,3679.99,46.73925744363435,46.73925744363435,False,False,False,False
1131,216.47,1,216.47,False,307.99,29.715250495145952,29.715250495145952,False,False,False,False
1132,156.41,1,156.41,False,156.41,0.0,0.0,True,True,False,False
1133,297.12,1,297.12,False,5487.99,94.58599596573609,94.58599596573609,False,False,False,False
1134,460.91,3,230.45,True,230.45,100.0043393360816,0.0,False,True,True,False
1135,216.47,3,21.99,True,879.12,75.37651287651286,97.498634998635,False,False,False,False
1136,45.49,1,45.49,False,181.19,74.8937579336608,74.8937579336608,False,False,False,False
1137,265.0,1,265.0,False,265.0,0.0,0.0,True,True,False,False
1138,111.63,1,111.63,False,82.0,36.134146341463406,36.134146341463406,False,False,False,False
1139,1656.0,1,1656.0,False,1700.0,2.588235294117647,2.588235294117647,True,True,False,False
1140,3925.0,1,3925.0,False,3725.0,5.369127516778524,5.369127516778524,True,True,False,False
1141,1107.85,1,1107.85,False,71.49,1449.6572947265352,1449.6572947265352,False,False,False,False
1142,1797.53,2,1490.0,True,2070.55,13.185868489048813,28.0384438917196,False,False,False,False
1143,7319.9,1,7319.9,False,5393.48,35.7175701031616,35.7175701031616,False,False,False,False
1144,576.29,1,576.29,False,593.57,2.9111983422342913,2.9111983422342913,True,True,False,False
1145,451.1,2,449.0,True,4051.29,88.86527501116929,88.917110352505,False,False,False,False
1146,12.0,1,12.0,False,2.13,463.3802816901409,463.3802816901409,False,False,False,False
1147,12.0,1,12.0,False,0.55,2081.8181818181815,2081.8181818181815,False,False,False,False
1148,12.0,1,12.0,False,0.82,1363.4146341463415,1363.4146341463415,False,False,False,False
1149,12.0,8,71.13,True,92.32,87.00173310225303,22.952772963604854,False,False,False,False
1150,28.73,1,28.73,False,92.32,68.87998266897746,68.87998266897746,False,False,False,False
1151,28.73,10,71.13,True,107.03,73.15705876856956,33.541997570774555,False,False,False,False
1152,12.0,1,12.0,False,71.65,83.25191905094208,83.25191905094208,False,False,False,False
1153,12.0,1,12.0,False,1.68,614.2857142857143,614.2857142857143,False,False,False,False
1154,12.0,6,71.13,True,107.03,88.78819022703914,33.541997570774555,False,False,False,False
1155,12.0,1,12.0,False,71.65,83.25191905094208,83.25191905094208,False,False,False,False
1156,7.99,1,7.99,False,8.5,5.999999999999997,5.999999999999997,True,True,False,False
1157,6.99,2,6.99,True,3.5,99.71428571428572,99.71428571428572,False,False,False,False
1158,66.9,1,66.9,False,66.9,0.0,0.0,True,True,False,False
1159,66.9,1,66.9,False,66.9,0.0,0.0,True,True,False,False
1160,36.23,1,36.23,False,36.23,0.0,0.0,True,True,False,False
1161,9.12,1,9.12,False,49.0,81.38775510204083,81.38775510204083,False,False,False,False
1162,780.165,3,5286.92,True,7064.95,88.95724668964394,25.16691554788073,False,False,False,False
1163,98.34,1,98.34,False,51.28,91.77067082683308,91.77067082683308,False,False,False,False
1164,68.32,2,76.51,True,79.24,13.780918727915198,3.4452296819787858,False,True,True,False
1165,12.2,3,11.5,True,12.62,3.328050713153724,8.87480190174326,True,True,False,False
1166,68.32,9,72.18,True,24.19,182.4307565109549,198.38776353865237,False,False,False,False
1167,0.32,6,72.18,True,1.76,81.81818181818181,4001.136363636364,False,False,False,False
1168,68.32,2,72.65,True,77.59,11.947415904111368,6.366799845340891,False,True,True,False
1169,68.32,10,72.65,True,77.59,11.947415904111368,6.366799845340891,False,True,True,False
1170,68.32,2,76.51,True,79.24,13.780918727915198,3.4452296819787858,False,True,True,False
1171,68.32,10,68.32,True,24.19,182.4307565109549,182.4307565109549,False,False,False,False
1172,9522.0,2,22502.0,True,36830.5,74.1464275532507,38.903897584882095,False,False,False,False
1173,9522.0,2,22502.0,True,25642.5,62.86633518572682,12.247245783367458,False,False,False,False
1174,170.0,1,170.0,False,170.0,0.0,0.0,True,True,False,False
1175,7600.0,2,7600.0,True,7450.0,2.013422818791946,2.013422818791946,True,True,False,False
1176,7600.0,2,7600.0,True,7450.0,2.013422818791946,2.013422818791946,True,True,False,False
1177,27149.87,1,27149.87,False,27149.87,0.0,0.0,True,True,False,False
1178,20706.59,1,20706.59,False,20706.59,0.0,0.0,True,True,False,False
1179,7614.0,7,2854.56,True,860.0,785.3488372093024,231.92558139534881,False,False,False,False
1180,44.58,8,6.79,True,114.4,61.03146853146853,94.06468531468532,False,False,False,False
1181,199.25,1,199.25,False,219.25,9.122006841505131,9.122006841505131,True,True,False,False
1182,112.91,1,112.91,False,196.06,42.41048658573906,42.41048658573906,False,False,False,False
1183,112.91,1,112.91,False,296.06,61.8624603120989,61.8624603120989,False,False,False,False
1184,112.91,1,112.91,False,195.15,42.14194209582373,42.14194209582373,False,False,False,False
1185,15.27,1,15.27,False,15.27,0.0,0.0,True,True,False,False
1186,18080.0,4,185.0,True,2130.0,748.8262910798122,91.31455399061032,False,False,False,False
1187,69.0,1,69.0,False,3030.0,97.72277227722772,97.72277227722772,False,False,False,False
1188,18080.0,4,185.0,True,3810.0,374.54068241469815,95.14435695538059,False,False,False,False
1189,29386.87,1,29386.87,False,6066.0,384.45219254863173,384.45219254863173,False,False,False,False
1190,29386.87,1,29386.87,False,4410.0,566.3689342403628,566.3689342403628,False,False,False,False
1191,7094.0,1,7094.0,False,2370.0,199.32489451476795,199.32489451476795,False,False,False,False
1192,7298.5,1,7298.5,False,3630.0,101.06060606060605,101.06060606060605,False,False,False,False
1193,18080.0,4,185.0,True,2418.0,647.7253928866833,92.3490488006617,False,False,False,False
1194,30.25,4,185.0,True,1770.0,98.29096045197741,89.54802259887006,False,False,False,False
1195,4369.0,1,4369.0,False,4050.0,7.8765432098765435,7.8765432098765435,True,True,False,False
1196,29386.87,1,29386.87,False,2730.0,976.4421245421245,976.4421245421245,False,False,False,False
1197,29386.87,1,29386.87,False,4998.0,487.97258903561425,487.97258903561425,False,False,False,False
1198,18080.0,4,185.0,True,3258.0,454.9416820135052,94.32166973603438,False,False,False,False
1199,16.99,1,16.99,False,16.99,0.0,0.0,True,True,False,False
1200,30.49,1,30.49,False,45.86,33.51504579153947,33.51504579153947,False,False,False,False
1201,15.84,1,15.84,False,35.47,55.3425429940795,55.3425429940795,False,False,False,False
1202,23.78,7,21.38,True,88.74,73.20261437908496,75.9071444669822,False,False,False,False
1203,30.49,1,30.49,False,4.49,579.064587973274,579.064587973274,False,False,False,False
1204,30.49,1,30.49,False,17.58,73.43572241183163,73.43572241183163,False,False,False,False
1205,30.49,1,30.49,False,18.69,63.135366506153,63.135366506153,False,False,False,False
1206,426.87,1,426.87,False,307.12,38.991273769210736,38.991273769210736,False,False,False,False
1207,1287.08,1,1287.08,False,1287.08,0.0,0.0,True,True,False,False
1208,420.0,1,420.0,False,113.52,269.9788583509514,269.9788583509514,False,False,False,False
1209,1236.39,4,65.99,True,65.99,1773.6020609183215,0.0,False,True,True,False
1210,1570.0,2,155.99,True,102.69,1428.8733080144123,51.90378810010713,False,False,False,False
1211,25.99,1,25.99,False,14.29,81.87543736878936,81.87543736878936,False,False,False,False
1212,200.74,1,200.74,False,214.49,6.4105552706419875,6.4105552706419875,True,True,False,False
1213,200.74,9,218.0,True,266.99,24.81366343308738,18.34900183527473,False,False,False,False
1214,76.94,1,76.94,False,53.99,42.50787182811631,42.50787182811631,False,False,False,False
1215,58.49,1,58.49,False,53.99,8.334876829042415,8.334876829042415,True,True,False,False
1216,299.0,8,299.0,True,299.0,0.0,0.0,True,True,False,False
1217,3125.0,1,3125.0,False,316.0,888.9240506329114,888.9240506329114,False,False,False,False
1218,53.99,1,53.99,False,18.8,187.18085106382978,187.18085106382978,False,False,False,False
1219,4028.3,9,4709.54,True,3852.56,4.56164212887016,22.244429677928444,True,False,False,True
1220,4028.3,8,3972.56,True,3852.56,4.56164212887016,3.114811969184127,True,True,False,False
1221,4028.3,7,4709.54,True,3852.56,4.56164212887016,22.244429677928444,True,False,False,True
1222,662.0,10,602.0,True,662.0,0.0,9.06344410876133,True,True,False,False
1223,1190.0,2,429.0,True,149.0,698.6577181208054,187.91946308724832,False,False,False,False
1224,47397.84,1,47397.84,False,66198.11,28.400010211771914,28.400010211771914,False,False,False,False
1225,47397.84,1,47397.84,False,219496.86,78.40614211975515,78.40614211975515,False,False,False,False
1226,6445.0,1,6445.0,False,576504.0,98.88205459112166,98.88205459112166,False,False,False,False
1227,6445.0,1,6445.0,False,2500000.0,99.7422,99.7422,False,False,False,False
1228,3918.68,1,3918.68,False,656402.28,99.40300633934422,99.40300633934422,False,False,False,False
1229,3918.68,1,3918.68,False,144408.84,97.28639881048834,97.28639881048834,False,False,False,False
1230,3918.68,1,3918.68,False,1448630.0,99.72949062217405,99.72949062217405,False,False,False,False
1231,254.99,6,452.6,True,328.0,22.259146341463413,37.987804878048784,False,False,False,False
1232,38831.0,2,36830.5,True,40398.8,3.880808340841814,8.83268809964653,True,True,False,False
1233,10424.0,1,10424.0,False,11055.0,5.707824513794663,5.707824513794663,True,True,False,False
1234,800.0,10,890.0,True,1058.38,24.412781798597866,15.909219750940123,False,False,False,False
1235,286.13,10,315.0,True,343.35,16.66521042667832,8.25688073394496,False,True,True,False
1236,286.13,10,315.0,True,286.13,0.0,10.089819312899733,True,False,False,True
1237,9.43,3,15.59,True,4.35,116.7816091954023,258.39080459770116,False,False,False,False
1238,9.43,3,15.59,True,15.84,40.467171717171716,1.5782828282828283,False,True,True,False
1239,266.99,1,266.99,False,244.74,9.091280542616655,9.091280542616655,True,True,False,False
1240,3341.15,1,3341.15,False,2676.06,24.853329148075908,24.853329148075908,False,False,False,False
1241,19.49,3,19.49,True,31.79,38.69141239383454,38.69141239383454,False,False,False,False
1242,48687.55,10,9643.69,True,27078.9,79.79884707281315,64.38669960744343,False,False,False,False
1243,61.56,1,61.56,False,61.56,0.0,0.0,True,True,False,False
1244,285.0,3,285.0,True,285.0,0.0,0.0,True,True,False,False
1245,4239.0,1,4239.0,False,9080.0,53.314977973568276,53.314977973568276,False,False,False,False
1246,4239.0,1,4239.0,False,9080.0,53.314977973568276,53.314977973568276,False,False,False,False
1247,110.64,4,110.64,True,110.64,0.0,0.0,True,True,False,False
1248,115.93,1,115.93,False,127.52,9.088770388958586,9.088770388958586,True,True,False,False
1249,27.0,1,27.0,False,27.0,0.0,0.0,True,True,False,False
1250,84.0,1,84.0,False,84.0,0.0,0.0,True,True,False,False
1251,153.99,2,153.99,True,175.99,12.500710267628842,12.500710267628842,False,False,False,False
1252,164.99,1,164.99,False,164.99,0.0,0.0,True,True,False,False
1253,1883.39,1,1883.39,False,1400.0,34.52785714285715,34.52785714285715,False,False,False,False
1254,99.99,2,19.49,True,19.49,413.03232426885586,0.0,False,True,True,False
1255,641.99,1,641.99,False,334.99,91.64452670228962,91.64452670228962,False,False,False,False
1256,218.0,10,218.0,True,218.0,0.0,0.0,True,True,False,False
1257,1844.0,1,1844.0,False,1490.0,23.758389261744966,23.758389261744966,False,False,False,False
1258,19.49,7,19.49,True,19.49,0.0,0.0,True,True,False,False
1259,11667.0,1,11667.0,False,14927.67,21.843127561099625,21.843127561099625,False,False,False,False
1260,1400.0,1,1400.0,False,1700.0,17.647058823529413,17.647058823529413,False,False,False,False
1261,1656.0,1,1656.0,False,1700.0,2.588235294117647,2.588235294117647,True,True,False,False
1262,2.79,1,2.79,False,2.64,5.681818181818178,5.681818181818178,True,True,False,False
1263,2.58,1,2.58,False,2.28,13.157894736842119,13.157894736842119,False,False,False,False
1264,5995.0,8,1165.0,True,825.0,626.6666666666666,41.21212121212121,False,False,False,False
1265,5995.0,10,1165.0,True,825.0,626.6666666666666,41.21212121212121,False,False,False,False
1266,5995.0,9,1165.0,True,825.0,626.6666666666666,41.21212121212121,False,False,False,False
1267,286.13,10,262.5,True,286.13,0.0,8.25848390591689,True,True,False,False
1268,191.71,1,191.71,False,191.71,0.0,0.0,True,True,False,False
1269,191.71,1,191.71,False,510.94,62.47896034759464,62.47896034759464,False,False,False,False
1270,191.71,1,191.71,False,273.86,29.99707879938655,29.99707879938655,False,False,False,False
1271,0.23,1,0.23,False,0.23,0.0,0.0,True,True,False,False
1272,101.94,1,101.94,False,89.94,13.342228152101402,13.342228152101402,False,False,False,False
1273,795.0,7,326.5,True,115.19,590.1640767427727,183.44474346731488,False,False,False,False
1274,88.53,3,75.97,True,89.44,1.0174418604651125,15.060375670840786,True,False,False,True
1275,75.97,1,75.97,False,79.5,4.440251572327045,4.440251572327045,True,True,False,False
1276,31.53,6,34.08,True,27.61,14.197754436798268,23.4335385729808,False,False,False,False
1277,31.53,6,34.08,True,692.92,95.4496911620389,95.08168331120474,False,False,False,False
1278,31.53,6,34.45,True,8.7,262.4137931034483,295.97701149425296,False,False,False,False
1279,31.53,6,34.08,True,61.28,48.547650130548305,44.38642297650131,False,False,False,False
1280,31.53,6,34.45,True,1.52,1974.342105263158,2166.447368421053,False,False,False,False
1281,31.53,6,34.08,True,200.0,84.235,82.96000000000001,False,False,False,False
1282,31.53,6,34.45,True,2.9,987.241379310345,1087.9310344827586,False,False,False,False
1283,31.53,6,34.45,True,14.7,114.48979591836736,134.35374149659867,False,False,False,False
1284,31.53,6,34.45,True,1.35,2235.5555555555557,2451.8518518518517,False,False,False,False
1285,31.53,6,34.08,True,201.61,84.36089479688508,83.0960765835028,False,False,False,False
1286,31.53,6,34.08,True,207.37,84.795293436852,83.56560736847182,False,False,False,False
1287,1294.87,1,1294.87,False,1294.87,0.0,0.0,True,True,False,False
1288,14.14,5,15.27,True,19.09,25.92980618124672,20.01047668936616,False,False,False,False
1289,113.52,1,113.52,False,307.12,63.03724928366763,63.03724928366763,False,False,False,False
1290,307.12,9,1171.93,True,119.2,157.65100671140942,883.1627516778523,False,False,False,False
1291,1287.08,1,1287.08,False,1287.08,0.0,0.0,True,True,False,False
1292,105.0,1,105.0,False,105.0,0.0,0.0,True,True,False,False
1293,21.51,1,21.51,False,21.59,0.37054191755441546,0.37054191755441546,True,True,False,False
1294,6.39,7,14.76,True,5.98,6.856187290969887,146.82274247491637,True,False,False,True
1295,75.0,1,75.0,False,75.0,0.0,0.0,True,True,False,False
1296,576.29,1,576.29,False,593.57,2.9111983422342913,2.9111983422342913,True,True,False,False
1297,9080.0,1,9080.0,False,9080.0,0.0,0.0,True,True,False,False
1298,7450.0,1,7450.0,False,7450.0,0.0,0.0,True,True,False,False
1299,9080.0,1,9080.0,False,9080.0,0.0,0.0,True,True,False,False
1300,4990.0,2,4990.0,True,4990.0,0.0,0.0,True,True,False,False
1301,34625.0,1,34625.0,False,37450.0,7.543391188251001,7.543391188251001,True,True,False,False
1302,20706.59,2,20706.59,True,23500.0,11.886851063829788,11.886851063829788,False,False,False,False
1303,35785.0,1,35785.0,False,48950.0,26.89479060265577,26.89479060265577,False,False,False,False
1304,26635.4,1,26635.4,False,26550.0,0.3216572504708153,0.3216572504708153,True,True,False,False
1305,32734.33,1,32734.33,False,32450.0,0.8762095531587111,0.8762095531587111,True,True,False,False
1306,20706.59,1,20706.59,False,12754.86,62.34274621595218,62.34274621595218,False,False,False,False
1307,26635.4,1,26635.4,False,26635.4,0.0,0.0,True,True,False,False
1308,15222.01,1,15222.01,False,14921.83,2.011683553558781,2.011683553558781,True,True,False,False
1309,12161.11,1,12161.11,False,11921.41,2.010668201160775,2.010668201160775,True,True,False,False
1310,19329.85,1,19329.85,False,19329.85,0.0,0.0,True,True,False,False
1311,32734.33,1,32734.33,False,32088.33,2.0131929583122585,2.0131929583122585,True,True,False,False
1312,12989.0,1,12989.0,False,15831.42,17.954295950710673,17.954295950710673,False,False,False,False
1313,1766.89,9,439.62,True,56.0,3055.160714285714,685.0357142857143,False,False,False,False
1314,1766.89,10,107.33,True,44.0,3915.659090909091,143.93181818181816,False,False,False,False
1315,101.56,1,101.56,False,150.725,32.619008127384305,32.619008127384305,False,False,False,False
1316,101.56,1,101.56,False,131.975,23.046031445349495,23.046031445349495,False,False,False,False
1317,1766.89,3,439.62,True,81.0,2081.3456790123455,442.74074074074076,False,False,False,False
1318,33.17,1,33.17,False,108.0,69.28703703703704,69.28703703703704,False,False,False,False
1319,1766.89,10,107.33,True,13.0,13491.461538461539,725.6153846153846,False,False,False,False
1320,26.58,1,26.58,False,26.58,0.0,0.0,True,True,False,False
1321,3.73,1,3.73,False,5.26,29.087452471482887,29.087452471482887,False,False,False,False
1322,1.13,1,1.13,False,1.34,15.671641791044788,15.671641791044788,False,False,False,False
1323,101.6,5,59.79,True,57.84,75.65698478561546,3.371369294605801,False,True,True,False
1324,22.5,2,22.5,True,25.5,11.76470588235294,11.76470588235294,False,False,False,False
1325,39.0,1,39.0,False,37.25,4.697986577181208,4.697986577181208,True,True,False,False
1326,39.0,8,57.6,True,68.1,42.73127753303964,15.418502202643165,False,False,False,False
1327,22.5,1,22.5,False,25.5,11.76470588235294,11.76470588235294,False,False,False,False
1328,23.51,10,23.51,True,23.51,0.0,0.0,True,True,False,False
1329,24.54,6,24.54,True,24.54,0.0,0.0,True,True,False,False
1330,175.99,1,175.99,False,175.99,0.0,0.0,True,True,False,False
1331,2070.55,1,2070.55,False,1663.88,24.44106546145155,24.44106546145155,False,False,False,False
1332,218.0,2,218.0,True,164.99,32.129219952724405,32.129219952724405,False,False,False,False
1333,3280.65,5,1285.0,True,1373.0,138.9402767662054,6.409322651128916,False,True,True,False
1334,1285.0,9,1285.0,True,1285.0,0.0,0.0,True,True,False,False
1335,218.0,2,218.0,True,164.99,32.129219952724405,32.129219952724405,False,False,False,False
1336,19.49,1,19.49,False,19.49,0.0,0.0,True,True,False,False
1337,218.0,1,218.0,False,164.99,32.129219952724405,32.129219952724405,False,False,False,False
1338,1285.0,6,1414.9,True,1285.0,0.0,10.10894941634242,True,False,False,True
1339,500.49,7,265.0,True,219.99,127.50579571798717,20.46002091004136,False,False,False,False
1340,88.0,3,218.0,True,164.99,46.6634341475241,32.129219952724405,False,False,False,False
1341,19.49,2,19.49,True,19.49,0.0,0.0,True,True,False,False
1342,1285.0,1,1285.0,False,1285.0,0.0,0.0,True,True,False,False
1343,454.99,1,454.99,False,692.99,34.343929926838776,34.343929926838776,False,False,False,False
1344,153.99,1,153.99,False,219.99,30.001363698349927,30.001363698349927,False,False,False,False
1345,954.93,3,955.0,True,938.56,1.7441612683259469,1.751619502216167,True,True,False,False
1346,454.99,3,227.0,True,305.49,48.93777210383318,25.693148711905465,False,False,False,False
1347,2475.0,10,2475.0,True,3439.7,28.046050527662292,28.046050527662292,False,False,False,False
1348,180808.6,1,180808.6,False,190330.0,5.002574475910258,5.002574475910258,True,True,False,False
1349,229425.0,1,229425.0,False,229425.0,0.0,0.0,True,True,False,False
1350,2073.79,4,2022.0,True,2165.9,4.252735583360272,6.6438893762408275,True,True,False,False
1351,42.8,1,42.8,False,59.2,27.70270270270271,27.70270270270271,False,False,False,False
1352,37.16,1,37.16,False,56.94,34.73832103969091,34.73832103969091,False,False,False,False
1353,650.0,1,650.0,False,725.0,10.344827586206897,10.344827586206897,False,False,False,False
1354,331.0,1,331.0,False,334.5,1.046337817638266,1.046337817638266,True,True,False,False
1355,8.19,1,8.19,False,8.3,1.3253012048192914,1.3253012048192914,True,True,False,False
1356,1.82,1,1.82,False,1.82,0.0,0.0,True,True,False,False
1357,1.81,1,1.81,False,1.82,0.5494505494505499,0.5494505494505499,True,True,False,False
1358,8.8,1,8.8,False,15.73,44.05594405594405,44.05594405594405,False,False,False,False
1359,321.08,1,321.08,False,432.17,25.70516232038319,25.70516232038319,False,False,False,False
1360,6301.79,1,6301.79,False,6939.0,9.183023490416486,9.183023490416486,True,True,False,False
1361,2819.95,6,3300.0,True,4270.0,33.959016393442624,22.716627634660423,False,False,False,False
1362,1795.85,1,1795.85,False,9464.0,81.02440828402366,81.02440828402366,False,False,False,False
1363,9000.0,1,9000.0,False,9000.0,0.0,0.0,True,True,False,False
1364,9000.0,1,9000.0,False,9000.0,0.0,0.0,True,True,False,False
1365,99.99,1,99.99,False,30.79,224.74829490094183,224.74829490094183,False,False,False,False
1366,164.99,1,164.99,False,164.99,0.0,0.0,True,True,False,False
1367,175.99,2,175.99,True,175.99,0.0,0.0,True,True,False,False
1368,19.49,3,19.49,True,19.49,0.0,0.0,True,True,False,False
1369,1285.0,2,1285.0,True,1285.0,0.0,0.0,True,True,False,False
1370,1663.88,4,3825.79,True,3825.79,56.50885176656324,0.0,False,True,True,False
1371,341857.0,1,341857.0,False,60854.87,461.7578346646702,461.7578346646702,False,False,False,False
1372,999.29,1,999.29,False,1350.0,25.978518518518523,25.978518518518523,False,False,False,False
1373,34.11,1,34.11,False,164.0,79.20121951219511,79.20121951219511,False,False,False,False
1374,2185.0,1,2185.0,False,11589.0,81.14591422901026,81.14591422901026,False,False,False,False
1375,147.96,1,147.96,False,147.96,0.0,0.0,True,True,False,False
1376,16.99,1,16.99,False,21.24,20.009416195856875,20.009416195856875,False,False,False,False
1377,97.49,3,70.96,True,58.49,66.67806462643185,21.31988374081038,False,False,False,False
1378,100.0,2,128.0,True,100.0,0.0,28.000000000000004,True,False,False,True
1379,100.0,1,100.0,False,100.0,0.0,0.0,True,True,False,False
1380,87502.24,7,190965.23,True,106534.02,17.86450938395078,79.25281520400713,False,False,False,False
1381,144804.0,5,96699.0,True,164328.0,11.881115817146195,41.15488535124872,False,False,False,False
1382,2660.0,5,2574.75,True,566.16,369.83184965380815,354.77426875794833,False,False,False,False
1383,8.81,9,8.81,True,3447.0,99.74441543371047,99.74441543371047,False,False,False,False
1384,961.51,1,961.51,False,961.51,0.0,0.0,True,True,False,False
1385,147.96,1,147.96,False,147.96,0.0,0.0,True,True,False,False
1386,14.14,10,15.27,True,17.68,20.022624434389137,13.631221719457015,False,False,False,False
1387,2673.0,6,4996.0,True,4822.0,44.56656988801328,3.6084612194110326,False,True,True,False
1388,2449.0,3,2547.0,True,2698.0,9.229058561897702,5.596738324684951,True,True,False,False
1389,47.0,1,47.0,False,329.0,85.71428571428571,85.71428571428571,False,False,False,False
1390,2449.0,4,2547.0,True,2698.0,9.229058561897702,5.596738324684951,True,True,False,False
1391,2449.0,4,2547.0,True,2698.0,9.229058561897702,5.596738324684951,True,True,False,False
1392,2449.0,1,2449.0,False,2698.0,9.229058561897702,9.229058561897702,True,True,False,False
1393,2449.0,1,2449.0,False,2698.0,9.229058561897702,9.229058561897702,True,True,False,False
1394,307.12,7,2295.52,True,2299.08,86.64161316700594,0.15484454651425553,False,True,True,False
1395,267.29,1,267.29,False,303.2,11.843667546174133,11.843667546174133,False,False,False,False
1396,7600.0,6,7600.0,True,7450.0,2.013422818791946,2.013422818791946,True,True,False,False
1397,11890.0,1,11890.0,False,15100.0,21.258278145695364,21.258278145695364,False,False,False,False
1398,155.0,7,155.0,True,127.5,21.568627450980394,21.568627450980394,False,False,False,False
1399,5090.0,1,5090.0,False,660.0,671.2121212121212,671.2121212121212,False,False,False,False
1400,2245.5,1,2245.5,False,2620.0,14.293893129770993,14.293893129770993,False,False,False,False
1401,52.9,1,52.9,False,1175.0,95.49787234042553,95.49787234042553,False,False,False,False
1402,3.39,1,3.39,False,3.39,0.0,0.0,True,True,False,False
1403,3.65,1,3.65,False,3.65,0.0,0.0,True,True,False,False
1404,99.99,1,99.99,False,572.89,82.54638761367802,82.54638761367802,False,False,False,False
1405,4619.34,2,1011.12,True,845.67,446.23434673099445,19.56436908013765,False,False,False,False
1406,36.95,1,36.95,False,100.31,63.16419100787558,63.16419100787558,False,False,False,False
1407,36.95,1,36.95,False,233.19,84.15455208199323,84.15455208199323,False,False,False,False
1408,25.99,7,100.93,True,66.87,61.13354269478093,50.9346493195753,False,False,False,False
1409,164.99,7,200.74,True,45.49,262.6950978236975,341.28379863706306,False,False,False,False
1410,1490.0,1,1490.0,False,1490.0,0.0,0.0,True,True,False,False
1411,3096.71,1,3096.71,False,2271.06,36.35527022623798,36.35527022623798,False,False,False,False
1412,77593.0,1,77593.0,False,95128.0,18.43305861575982,18.43305861575982,False,False,False,False
1413,204.77,3,197.0,True,247.76,17.351469163706806,20.4875686147885,False,False,False,False
1414,35.63,1,35.63,False,25.87,37.72709702357944,37.72709702357944,False,False,False,False
1415,67.84,4,250.0,True,80.0,15.199999999999998,212.5,False,False,False,False
1416,11.18,2,209.99,True,231.0,95.16017316017316,9.095238095238091,False,True,True,False
1417,209.99,1,209.99,False,140.0,49.99285714285715,49.99285714285715,False,False,False,False
1418,99.75,1,99.75,False,19357.0,99.48468254378261,99.48468254378261,False,False,False,False
1419,1225.0,3,1094.0,True,99.43,1132.0225284119479,1000.2715478225886,False,False,False,False
1420,143.21,1,143.21,False,156.8,8.667091836734695,8.667091836734695,True,True,False,False
1421,729.24,10,751.36,True,802.16,9.090455769422555,6.332901166849501,True,True,False,False
1422,802.16,1,802.16,False,826.5,2.9449485783424114,2.9449485783424114,True,True,False,False
1423,31.27,4,34.31,True,48.93,36.092376864909056,29.87941957899039,False,False,False,False
1424,3825.79,1,3825.79,False,3825.79,0.0,0.0,True,True,False,False
1425,759.8,1,759.8,False,759.8,0.0,0.0,True,True,False,False
1426,23.5,1,23.5,False,25.8,8.914728682170544,8.914728682170544,True,True,False,False
1427,5616.0,1,5616.0,False,5616.0,0.0,0.0,True,True,False,False
1428,1.1,1,1.1,False,1.1,0.0,0.0,True,True,False,False
1429,8171.76,5,8171.76,True,9050.0,9.704309392265191,9.704309392265191,True,True,False,False
1430,3800.0,2,3800.0,True,3800.0,0.0,0.0,True,True,False,False
1431,3010.0,1,3010.0,False,3010.0,0.0,0.0,True,True,False,False
1432,250.0,1,250.0,False,40.81,512.5949522175937,512.5949522175937,False,False,False,False
1433,450.0,1,450.0,False,49.005,818.2736455463728,818.2736455463728,False,False,False,False
1434,1204.58,10,545.0,True,5595.0,78.4704200178731,90.2591599642538,False,False,False,False
1435,660.0,1,660.0,False,5840.0,88.6986301369863,88.6986301369863,False,False,False,False
1436,5.04,8,39.29,True,31.75,84.1259842519685,23.74803149606299,False,False,False,False
1437,8.39,1,8.39,False,30.56,72.5458115183246,72.5458115183246,False,False,False,False
1438,40.11,1,40.11,False,30.56,31.250000000000007,31.250000000000007,False,False,False,False
1439,64.5,1,64.5,False,9.69,565.6346749226007,565.6346749226007,False,False,False,False
1440,20.0,1,20.0,False,9.69,106.39834881320951,106.39834881320951,False,False,False,False
1441,5.04,1,5.04,False,31.61,84.05567858272698,84.05567858272698,False,False,False,False
1442,8.39,4,34.95,True,102.35,91.80263800683927,65.8524670249145,False,False,False,False
1443,96.5,1,96.5,False,9.69,895.8720330237359,895.8720330237359,False,False,False,False
1444,20.0,1,20.0,False,9.69,106.39834881320951,106.39834881320951,False,False,False,False
1445,20.0,10,40.11,True,9.69,106.39834881320951,313.93188854489165,False,False,False,False
1446,18.15,9,385.0,True,2700.0,99.32777777777777,85.74074074074073,False,False,False,False
1447,560.28,2,995.0,True,767.99,27.045925077149448,29.558978632534277,False,False,False,False
1448,175.99,1,175.99,False,684.99,74.30765412633761,74.30765412633761,False,False,False,False
1449,109399.0,2,114978.0,True,114978.0,4.852232601019326,0.0,True,True,False,False
1450,903.29,1,903.29,False,233.7,286.51690201112535,286.51690201112535,False,False,False,False
1451,2620.0,1,2620.0,False,1544.85,69.59575363303881,69.59575363303881,False,False,False,False
1452,225.41,1,225.41,False,75.0,200.54666666666665,200.54666666666665,False,False,False,False
1453,1330.83,3,1394.0,True,24.95,5233.9879759519035,5487.174348697395,False,False,False,False
1454,0.0893,1,0.0893,False,0.1643,45.64820450395617,45.64820450395617,False,False,False,False
1455,147.96,1,147.96,False,147.96,0.0,0.0,True,True,False,False
1456,257.04,6,257.04,True,257.04,0.0,0.0,True,True,False,False
1457,247.5,2,247.5,True,247.5,0.0,0.0,True,True,False,False
1458,71.5,10,71.5,True,71.5,0.0,0.0,True,True,False,False
1459,14.07,10,15.27,True,19.09,26.296490309062335,20.01047668936616,False,False,False,False
1460,86.1,5,86.1,True,80.85,6.493506493506494,6.493506493506494,True,True,False,False
1461,86.1,9,86.1,True,86.1,0.0,0.0,True,True,False,False
1462,7.35,3,86.1,True,160.65,95.42483660130719,46.40522875816994,False,False,False,False
1463,86.1,1,86.1,False,648.9,86.7313915857605,86.7313915857605,False,False,False,False
1464,120.0,1,120.0,False,109.99,9.100827347940726,9.100827347940726,True,True,False,False
1465,1405.51,1,1405.51,False,1430.0,1.7125874125874134,1.7125874125874134,True,True,False,False
1466,19.49,2,19.49,True,21.99,11.36880400181901,11.36880400181901,False,False,False,False
1467,1285.0,1,1285.0,False,1285.01,0.0007782040606680808,0.0007782040606680808,True,True,False,False
1468,164.99,1,164.99,False,164.99,0.0,0.0,True,True,False,False
1469,164.99,1,164.99,False,164.99,0.0,0.0,True,True,False,False
1470,1285.0,10,1285.0,True,1285.01,0.0007782040606680808,0.0007782040606680808,True,True,False,False
1471,19.49,2,19.49,True,21.99,11.36880400181901,11.36880400181901,False,False,False,False
1472,301.65,1,301.65,False,301.65,0.0,0.0,True,True,False,False
1473,40780.6,1,40780.6,False,25893.23,57.49522172397958,57.49522172397958,False,False,False,False
1474,95.0,2,155.0,True,194.0,51.03092783505154,20.103092783505154,False,False,False,False
1475,155.0,3,140.0,True,190.0,18.421052631578945,26.31578947368421,False,False,False,False
1476,2310.0,1,2310.0,False,7198.0,67.90775215337594,67.90775215337594,False,False,False,False
1477,7112.0,2,6425.16,True,87.57,8021.502797761792,7237.170263788969,False,False,False,False
1478,1937.0,1,1937.0,False,859.0,125.49476135040744,125.49476135040744,False,False,False,False
1479,4998.0,1,4998.0,False,3630.0,37.68595041322314,37.68595041322314,False,False,False,False
1480,4050.0,1,4050.0,False,3270.0,23.853211009174313,23.853211009174313,False,False,False,False
1481,3030.0,1,3030.0,False,1770.0,71.1864406779661,71.1864406779661,False,False,False,False
1482,3030.0,1,3030.0,False,2130.0,42.25352112676056,42.25352112676056,False,False,False,False
1483,3030.0,1,3030.0,False,2922.0,3.696098562628337,3.696098562628337,True,True,False,False
1484,3030.0,1,3030.0,False,3030.0,0.0,0.0,True,True,False,False
1485,4998.0,1,4998.0,False,3762.0,32.854864433811805,32.854864433811805,False,False,False,False
1486,214.49,3,21.0,True,19.49,1000.5130836326322,7.7475628527450064,False,True,True,False
1487,218.0,1,218.0,False,164.99,32.129219952724405,32.129219952724405,False,False,False,False
1488,1285.0,2,1285.0,True,1285.0,0.0,0.0,True,True,False,False
1489,532.99,5,500.49,True,500.49,6.493636236488241,0.0,True,True,False,False
1490,50.32,2,52.32,True,50.32,0.0,3.97456279809221,True,True,False,False
1491,26.19,1,26.19,False,26.19,0.0,0.0,True,True,False,False
1492,25.8,1,25.8,False,25.8,0.0,0.0,True,True,False,False
1493,759.8,1,759.8,False,759.8,0.0,0.0,True,True,False,False
1494,875.0,1,875.0,False,875.0,0.0,0.0,True,True,False,False
1495,5724.14,1,5724.14,False,11694.79,51.05393085296958,51.05393085296958,False,False,False,False
1496,5724.14,1,5724.14,False,8052.9,28.918277887469102,28.918277887469102,False,False,False,False
1497,48.75,1,48.75,False,48.75,0.0,0.0,True,True,False,False
1498,39.38,1,39.38,False,39.38,0.0,0.0,True,True,False,False
1499,311.25,1,311.25,False,311.25,0.0,0.0,True,True,False,False
1500,420.0,1,420.0,False,420.0,0.0,0.0,True,True,False,False
1501,39.38,1,39.38,False,39.38,0.0,0.0,True,True,False,False
1502,4990.0,1,4990.0,False,4990.0,0.0,0.0,True,True,False,False
1503,7450.0,1,7450.0,False,7450.0,0.0,0.0,True,True,False,False
1504,4239.0,1,4239.0,False,9080.0,53.314977973568276,53.314977973568276,False,False,False,False
1505,7450.0,1,7450.0,False,7450.0,0.0,0.0,True,True,False,False
1506,92.91,7,97.44,True,103.56,10.283893395133262,5.909617612977988,False,True,True,False
1507,216.39,1,216.39,False,216.39,0.0,0.0,True,True,False,False
1508,1.06,9,1.08,True,78.74,98.65379730759462,98.62839725679451,False,False,False,False
1509,7.19,1,7.19,False,7.19,0.0,0.0,True,True,False,False
1510,103.02,3,59.5,True,39.5,160.81012658227846,50.63291139240506,False,False,False,False
1511,200.0,5,206.15,True,260.0,23.076923076923077,20.71153846153846,False,False,False,False
1512,48.68,1,48.68,False,25.38,91.80457052797479,91.80457052797479,False,False,False,False
1513,49.0,1,49.0,False,49.0,0.0,0.0,True,True,False,False
1514,24482.0,2,43292.0,True,29915.38,18.162497016584783,44.71485904574837,False,False,False,False
1515,5.0,5,5.11,True,4.23,18.203309692671382,20.803782505910164,False,False,False,False
1516,49.35,5,49.35,True,49.35,0.0,0.0,True,True,False,False
1517,933.65,1,933.65,False,875.0,6.702857142857139,6.702857142857139,True,True,False,False
1518,124.62,1,124.62,False,124.62,0.0,0.0,True,True,False,False
1519,47.02,2,399.0,True,234.29,79.93085492338554,70.30176277263222,False,False,False,False
1520,42.49,2,47.02,True,74.99,43.3391118815842,37.298306440858774,False,False,False,False
1521,890.1,1,890.1,False,2875.51,69.04549106071619,69.04549106071619,False,False,False,False
1522,961.51,1,961.51,False,1883.0,48.93733404142326,48.93733404142326,False,False,False,False
1523,50.14,1,50.14,False,50.14,0.0,0.0,True,True,False,False
1524,1400.0,1,1400.0,False,1685.16,16.92183531534098,16.92183531534098,False,False,False,False
1525,19.49,1,19.49,False,19.49,0.0,0.0,True,True,False,False
1526,214.0,8,218.0,True,178.19,20.096526179920314,22.34132106178798,False,False,False,False
1527,1285.01,1,1285.01,False,1285.0,0.0007782101167308097,0.0007782101167308097,True,True,False,False
1528,19.49,6,19.49,True,19.49,0.0,0.0,True,True,False,False
1529,164.99,1,164.99,False,164.99,0.0,0.0,True,True,False,False
1530,119.2,5,560.28,True,1103.08,89.19389346194292,49.20767306088407,False,False,False,False
1531,307.12,1,307.12,False,307.12,0.0,0.0,True,True,False,False
1532,7153.0,1,7153.0,False,1600.0,347.0625,347.0625,False,False,False,False
1533,16361.47,1,16361.47,False,2617.0,525.1994650363011,525.1994650363011,False,False,False,False
1534,1.42,4,6.6,True,8.14,82.55528255528256,18.91891891891893,False,False,False,False
1535,8961.83,5,1169.82,True,1099.01,715.4457193292145,6.443071491615177,False,True,True,False
1536,16.99,1,16.99,False,16.99,0.0,0.0,True,True,False,False
1537,4386.5,1,4386.5,False,1796.63,144.15155040269838,144.15155040269838,False,False,False,False
1538,3032.05,1,3032.05,False,3032.05,0.0,0.0,True,True,False,False
1539,237.93,1,237.93,False,34.34,592.8654630168899,592.8654630168899,False,False,False,False
1540,1.32,1,1.32,False,1.48,10.810810810810805,10.810810810810805,False,False,False,False
1541,33.88,10,34.6,True,23.72,42.83305227655988,45.868465430016876,False,False,False,False
1542,48.93,1,48.93,False,24.59,98.98332655551036,98.98332655551036,False,False,False,False
1543,115.19,1,115.19,False,153.77,25.08941926253496,25.08941926253496,False,False,False,False
1544,65.0,1,65.0,False,65.0,0.0,0.0,True,True,False,False
1545,877.76,2,1746.1,True,1563.06,43.84348649444039,11.710363005898685,False,False,False,False
1546,98.08,1,98.08,False,377.3,74.00477073946462,74.00477073946462,False,False,False,False
1547,98.08,1,98.08,False,843.69,88.37487702829237,88.37487702829237,False,False,False,False
1548,98.08,1,98.08,False,127.68,23.182957393483715,23.182957393483715,False,False,False,False
1549,6.75,1,6.75,False,38.08,82.27415966386555,82.27415966386555,False,False,False,False
1550,98.08,1,98.08,False,215.6,54.508348794063075,54.508348794063075,False,False,False,False
1551,98.08,1,98.08,False,237.44,58.69272237196766,58.69272237196766,False,False,False,False
1552,66198.11,1,66198.11,False,6415.81,931.7966086900952,931.7966086900952,False,False,False,False
1553,66198.11,1,66198.11,False,1700.46,3792.953083283347,3792.953083283347,False,False,False,False
1554,219496.86,1,219496.86,False,2438.3,8902.044867325596,8902.044867325596,False,False,False,False
1555,219496.86,1,219496.86,False,2106.03,10322.304525576557,10322.304525576557,False,False,False,False
1556,47397.84,1,47397.84,False,4695.81,909.3645185814587,909.3645185814587,False,False,False,False
1557,17.68,10,16.99,True,17.68,0.0,3.902714932126704,True,True,False,False
1558,244.74,5,244.74,True,244.74,0.0,0.0,True,True,False,False
1559,2676.06,2,2676.06,True,2676.06,0.0,0.0,True,True,False,False
1560,200.74,2,19.49,True,31.79,531.456432840516,38.69141239383454,False,False,False,False
1561,5062.64,1,5062.64,False,1091.93,363.64144221699195,363.64144221699195,False,False,False,False
1562,5062.64,1,5062.64,False,1454.95,247.95972370184546,247.95972370184546,False,False,False,False
1563,5062.64,1,5062.64,False,66433.66,92.37940525932186,92.37940525932186,False,False,False,False
1564,5062.64,1,5062.64,False,10790.87,53.084042343203095,53.084042343203095,False,False,False,False
1565,228.38,1,228.38,False,3460.71,93.40077614131204,93.40077614131204,False,False,False,False
1566,228.38,1,228.38,False,48.5,370.88659793814435,370.88659793814435,False,False,False,False
1567,228.38,1,228.38,False,6577.88,96.52806071257001,96.52806071257001,False,False,False,False
1568,228.38,1,228.38,False,42.99,431.239823214701,431.239823214701,False,False,False,False
1569,228.38,1,228.38,False,11930.58,98.08575945176177,98.08575945176177,False,False,False,False
1570,228.38,1,228.38,False,1244.95,81.65548817221575,81.65548817221575,False,False,False,False
1571,228.38,1,228.38,False,46.08,395.61631944444446,395.61631944444446,False,False,False,False
1572,228.38,1,228.38,False,921.47,75.21568797681965,75.21568797681965,False,False,False,False
1573,228.38,1,228.38,False,1236.71,81.53326163773237,81.53326163773237,False,False,False,False
1574,228.38,1,228.38,False,1236.71,81.53326163773237,81.53326163773237,False,False,False,False
1575,228.38,1,228.38,False,46.08,395.61631944444446,395.61631944444446,False,False,False,False
1576,228.38,1,228.38,False,48.5,370.88659793814435,370.88659793814435,False,False,False,False
1577,502.0,1,502.0,False,248.74,101.81715847873281,101.81715847873281,False,False,False,False
1578,228.38,1,228.38,False,921.47,75.21568797681965,75.21568797681965,False,False,False,False
1579,131.25,1,131.25,False,155.0,15.32258064516129,15.32258064516129,False,False,False,False
1580,132.5,5,140.0,True,140.0,5.357142857142857,0.0,True,True,False,False
1581,132.5,3,132.5,True,132.5,0.0,0.0,True,True,False,False
1582,127.5,6,131.25,True,127.5,0.0,2.941176470588235,True,True,False,False
1583,265.8,1,265.8,False,559.94,52.5306282816016,52.5306282816016,False,False,False,False
1584,265.8,1,265.8,False,559.94,52.5306282816016,52.5306282816016,False,False,False,False
1585,11.24,2,10.57,True,9.93,13.19234642497483,6.445115810674729,False,True,True,False
1586,7.88,1,7.88,False,11.64,32.302405498281786,32.302405498281786,False,False,False,False
1587,10.57,1,10.57,False,11.02,4.083484573502716,4.083484573502716,True,True,False,False
1588,2106.03,1,2106.03,False,709.0,197.04231311706633,197.04231311706633,False,False,False,False
1589,80.85,3,160.65,True,160.65,49.67320261437909,0.0,False,True,True,False
1590,668.47,1,668.47,False,668.47,0.0,0.0,True,True,False,False
1591,86.1,1,86.1,False,86.1,0.0,0.0,True,True,False,False
1592,767.99,1,767.99,False,767.99,0.0,0.0,True,True,False,False
1593,1285.01,1,1285.01,False,1285.01,0.0,0.0,True,True,False,False
1594,61.59,1,61.59,False,61.59,0.0,0.0,True,True,False,False
1595,99.99,10,35.19,True,35.19,184.14322250639387,0.0,False,True,True,False
1596,99.99,10,61.59,True,61.59,62.34778373112516,0.0,False,True,True,False
1597,61.59,1,61.59,False,21.99,180.08185538881315,180.08185538881315,False,False,False,False
1598,164.99,1,164.99,False,277.16,40.47120796651754,40.47120796651754,False,False,False,False
1599,8052.9,1,8052.9,False,9118.26,11.683808094965494,11.683808094965494,False,False,False,False
1600,48.62,1,48.62,False,48.62,0.0,0.0,True,True,False,False
1601,130.66,1,130.66,False,180.32,27.53992901508429,27.53992901508429,False,False,False,False
1602,3972.56,8,3972.56,True,3852.56,3.114811969184127,3.114811969184127,True,True,False,False
1603,100.0,1,100.0,False,108.0,7.4074074074074066,7.4074074074074066,True,True,False,False
1604,100.0,1,100.0,False,100.0,0.0,0.0,True,True,False,False
1605,100.0,1,100.0,False,70.0,42.857142857142854,42.857142857142854,False,False,False,False
1606,100.0,1,100.0,False,100.0,0.0,0.0,True,True,False,False
1607,100.0,1,100.0,False,100.0,0.0,0.0,True,True,False,False
1608,100.0,3,100.0,True,70.0,42.857142857142854,42.857142857142854,False,False,False,False
1609,100.0,1,100.0,False,70.0,42.857142857142854,42.857142857142854,False,False,False,False
1610,100.0,1,100.0,False,100.0,0.0,0.0,True,True,False,False
1611,100.0,3,100.0,True,100.0,0.0,0.0,True,True,False,False
1612,100.0,1,100.0,False,70.0,42.857142857142854,42.857142857142854,False,False,False,False
1613,100.0,1,100.0,False,100.0,0.0,0.0,True,True,False,False
1614,100.0,1,100.0,False,70.0,42.857142857142854,42.857142857142854,False,False,False,False
1615,100.0,1,100.0,False,108.0,7.4074074074074066,7.4074074074074066,True,True,False,False
1616,100.0,1,100.0,False,100.0,0.0,0.0,True,True,False,False
1617,100.0,1,100.0,False,100.0,0.0,0.0,True,True,False,False
1618,100.0,3,100.0,True,70.0,42.857142857142854,42.857142857142854,False,False,False,False
1619,100.0,1,100.0,False,100.0,0.0,0.0,True,True,False,False
1620,100.0,1,100.0,False,70.0,42.857142857142854,42.857142857142854,False,False,False,False
1621,100.0,1,100.0,False,15.0,566.6666666666667,566.6666666666667,False,False,False,False
1622,19.09,7,17.68,True,19.09,0.0,7.386066003143007,True,True,False,False
1623,25642.5,3,24432.0,True,5096.5,403.1394093986069,379.38781516727164,False,False,False,False
1624,3010.0,3,3010.0,True,3010.0,0.0,0.0,True,True,False,False
1625,7450.0,5,7450.0,True,7450.0,0.0,0.0,True,True,False,False
1626,7450.0,3,7450.0,True,7450.0,0.0,0.0,True,True,False,False
1627,1.27,4,8.7,True,6.35,80.0,37.00787401574803,False,False,False,False
1628,1.27,3,23.0,True,6.48,80.40123456790124,254.93827160493825,False,False,False,False
1629,700.0,9,145.0,True,5.22,13309.961685823753,2677.777777777778,False,False,False,False
1630,227.0,3,227.0,True,175.99,28.984601397806685,28.984601397806685,False,False,False,False
1631,250.0,1,250.0,False,374.49,33.24254319207456,33.24254319207456,False,False,False,False
1632,1490.0,1,1490.0,False,1582.39,5.838636492899987,5.838636492899987,True,True,False,False
1633,31.79,1,31.79,False,362.02,91.21871719794486,91.21871719794486,False,False,False,False
1634,227.0,4,227.0,True,175.99,28.984601397806685,28.984601397806685,False,False,False,False
1635,46075.0,1,46075.0,False,43207.0,6.63781331728655,6.63781331728655,True,True,False,False
1636,59771.0,1,59771.0,False,38695.0,54.46698539863032,54.46698539863032,False,False,False,False
1637,5100.0,1,5100.0,False,5100.0,0.0,0.0,True,True,False,False
1638,5100.0,1,5100.0,False,5100.0,0.0,0.0,True,True,False,False
1639,4990.0,1,4990.0,False,8050.0,38.01242236024845,38.01242236024845,False,False,False,False
1640,7450.0,1,7450.0,False,9345.0,20.278223649010165,20.278223649010165,False,False,False,False
1641,9080.0,4,9080.0,True,10985.0,17.34182976786527,17.34182976786527,False,False,False,False
1642,256.79,1,256.79,False,256.79,0.0,0.0,True,True,False,False
1643,110.64,1,110.64,False,110.64,0.0,0.0,True,True,False,False
1644,199.64,1,199.64,False,199.64,0.0,0.0,True,True,False,False
1645,256.79,1,256.79,False,135.4,89.65288035450519,89.65288035450519,False,False,False,False
1646,87.35,1,87.35,False,87.35,0.0,0.0,True,True,False,False
1647,40614.0,1,40614.0,False,15551.0,161.16648447045205,161.16648447045205,False,False,False,False
1648,40745.0,1,40745.0,False,28200.0,44.48581560283688,44.48581560283688,False,False,False,False
1649,19357.0,1,19357.0,False,23292.25,16.895104594875978,16.895104594875978,False,False,False,False
1650,13512.14,4,4087.6,True,30068.5,55.06214144370355,86.40570696908726,False,False,False,False
1651,2170.0,1,2170.0,False,13923.0,84.41427853192559,84.41427853192559,False,False,False,False
1652,1380.0,1,1380.0,False,20896.5,93.39602325748331,93.39602325748331,False,False,False,False
1653,2295.0,1,2295.0,False,10265.0,77.64247442766683,77.64247442766683,False,False,False,False
1654,25.99,2,25.99,True,25.99,0.0,0.0,True,True,False,False
1655,175.99,1,175.99,False,175.99,0.0,0.0,True,True,False,False
1656,1285.01,1,1285.01,False,1285.01,0.0,0.0,True,True,False,False
1657,164.99,1,164.99,False,164.99,0.0,0.0,True,True,False,False
1658,692.99,1,692.99,False,334.99,106.86886175706738,106.86886175706738,False,False,False,False
1659,69.99,1,69.99,False,69.99,0.0,0.0,True,True,False,False
1660,4990.0,2,4990.0,True,4990.0,0.0,0.0,True,True,False,False
1661,9080.0,2,9080.0,True,9080.0,0.0,0.0,True,True,False,False
1662,164.0,2,150.0,True,56.4,190.78014184397162,165.95744680851064,False,False,False,False
1663,150.0,4,90.2,True,112.8,32.97872340425532,20.035460992907797,False,False,False,False
1664,365.88,1,365.88,False,333.33,9.765097650976513,9.765097650976513,True,True,False,False
1665,1634.95,1,1634.95,False,4797.0,65.91723994163019,65.91723994163019,False,False,False,False
1666,225.0,1,225.0,False,55.0,309.09090909090907,309.09090909090907,False,False,False,False
1667,1205.625,1,1205.625,False,85.0,1318.3823529411764,1318.3823529411764,False,False,False,False
1668,4950.0,1,4950.0,False,175.0,2728.5714285714284,2728.5714285714284,False,False,False,False
1669,5096.5,1,5096.5,False,4673.37,9.054065909611268,9.054065909611268,True,True,False,False
1670,16.99,7,16.99,True,21.24,20.009416195856875,20.009416195856875,False,False,False,False
1671,25.48,1,25.48,False,93.72,72.81263337601366,72.81263337601366,False,False,False,False
1672,274.51,1,274.51,False,292.6,6.182501708817509,6.182501708817509,True,True,False,False
1673,270.26,1,270.26,False,270.75,0.18097876269621757,0.18097876269621757,True,True,False,False
1674,71.25,1,71.25,False,71.25,0.0,0.0,True,True,False,False
1675,168.75,1,168.75,False,168.75,0.0,0.0,True,True,False,False
1676,39.38,1,39.38,False,39.38,0.0,0.0,True,True,False,False
1677,322.5,1,322.5,False,322.5,0.0,0.0,True,True,False,False
1678,127.5,5,127.5,True,132.5,3.7735849056603774,3.7735849056603774,True,True,False,False
1679,127.5,9,127.5,True,155.0,17.741935483870968,17.741935483870968,False,False,False,False
1680,127.5,10,132.5,True,127.5,0.0,3.9215686274509802,True,True,False,False
1681,275.0,1,275.0,False,247.5,11.11111111111111,11.11111111111111,False,False,False,False
1682,7446.0,1,7446.0,False,2799.01,166.0226294296912,166.0226294296912,False,False,False,False
1683,7446.0,1,7446.0,False,184.1,3944.5410103204777,3944.5410103204777,False,False,False,False
1684,48.8,1,48.8,False,476.89,89.76703222965463,89.76703222965463,False,False,False,False
1685,767.99,2,767.99,True,572.46,34.15609824267197,34.15609824267197,False,False,False,False
1686,3.9,1,3.9,False,3.9,0.0,0.0,True,True,False,False
1687,21.25,1,21.25,False,21.25,0.0,0.0,True,True,False,False
1688,1373.83,1,1373.83,False,1343.02,2.2940834834924235,2.2940834834924235,True,True,False,False
1689,50.14,1,50.14,False,50.14,0.0,0.0,True,True,False,False
1690,1373.83,1,1373.83,False,1343.02,2.2940834834924235,2.2940834834924235,True,True,False,False
1691,1373.83,5,1434.2,True,1575.29,12.788756355972552,8.95644611468364,False,True,True,False
1692,1373.83,1,1373.83,False,1654.26,16.9519906181616,16.9519906181616,False,False,False,False
1693,0.92,1,0.92,False,0.92,0.0,0.0,True,True,False,False
1694,0.62,1,0.62,False,0.62,0.0,0.0,True,True,False,False
1695,3.72,1,3.72,False,3.72,0.0,0.0,True,True,False,False
1696,3.72,1,3.72,False,3.72,0.0,0.0,True,True,False,False
1697,0.92,1,0.92,False,1.68,45.238095238095234,45.238095238095234,False,False,False,False
1698,1663.88,8,1733.22,True,1500.0,10.925333333333342,15.548,False,False,False,False
1699,219.99,1,219.99,False,153.99,42.85992596921878,42.85992596921878,False,False,False,False
1700,593.57,1,593.57,False,593.57,0.0,0.0,True,True,False,False
1701,75.0,1,75.0,False,75.0,0.0,0.0,True,True,False,False
1702,113.5,1,113.5,False,119.5,5.02092050209205,5.02092050209205,True,True,False,False
1703,21.5,1,21.5,False,40.0,46.25,46.25,False,False,False,False
1704,139.2,1,139.2,False,139.2,0.0,0.0,True,True,False,False
1705,33.5,1,33.5,False,33.5,0.0,0.0,True,True,False,False
1706,16.9,7,4.58,True,11.61,45.56416881998277,60.55124892334195,False,False,False,False
1707,476.89,1,476.89,False,29.79,1500.8392077878482,1500.8392077878482,False,False,False,False
1708,49.0,8,53.98,True,6.02,713.9534883720931,796.6777408637873,False,False,False,False
1709,476.89,4,1096.56,True,21.69,2098.6629783310277,4955.601659751036,False,False,False,False
1710,2182.22,1,2182.22,False,4308.69,49.353051623579326,49.353051623579326,False,False,False,False
1711,49.35,7,49.35,True,49.35,0.0,0.0,True,True,False,False
1712,118.84,10,1005.02,True,165.25,28.084720121028745,508.18154311649016,False,False,False,False
1713,3852.56,1,3852.56,False,3852.56,0.0,0.0,True,True,False,False
1714,75.75,8,75.75,True,94.86,20.14547754585705,20.14547754585705,False,False,False,False
1715,4990.0,1,4990.0,False,4990.0,0.0,0.0,True,True,False,False
1716,9080.0,1,9080.0,False,9080.0,0.0,0.0,True,True,False,False
1717,7450.0,1,7450.0,False,7450.0,0.0,0.0,True,True,False,False
1718,9080.0,1,9080.0,False,9080.0,0.0,0.0,True,True,False,False
1719,1570.31,1,1570.31,False,12.42,12543.397745571658,12543.397745571658,False,False,False,False
1720,37.64,9,1094.0,True,625.45,93.98193300823408,74.91406187544966,False,False,False,False
1721,16500.0,2,15551.0,True,4552.0,262.4780316344464,241.63005272407733,False,False,False,False
1722,77.81,1,77.81,False,18.5,320.59459459459464,320.59459459459464,False,False,False,False
1723,307.12,3,767.99,True,767.99,60.00989596218701,0.0,False,True,True,False
1724,19.09,8,19.09,True,19.09,0.0,0.0,True,True,False,False
1725,1285.0,9,1285.0,True,1285.01,0.0007782040606680808,0.0007782040606680808,True,True,False,False
1726,21.99,1,21.99,False,21.99,0.0,0.0,True,True,False,False
1727,164.99,4,164.99,True,164.99,0.0,0.0,True,True,False,False
1728,572.89,8,152.09,True,69.0,730.2753623188406,120.42028985507247,False,False,False,False
1729,1.96,1,1.96,False,49.06,96.00489196901752,96.00489196901752,False,False,False,False
1730,13.41,1,13.41,False,13.41,0.0,0.0,True,True,False,False
1731,13.17,1,13.17,False,1.58,733.5443037974684,733.5443037974684,False,False,False,False
1732,75.16,1,75.16,False,52.4,43.43511450381679,43.43511450381679,False,False,False,False
1733,132.5,1,132.5,False,132.5,0.0,0.0,True,True,False,False
1734,132.5,4,132.5,True,127.5,3.9215686274509802,3.9215686274509802,True,True,False,False
1735,1900.0,5,1900.0,True,2760.0,31.15942028985507,31.15942028985507,False,False,False,False
1736,1.0,1,1.0,False,4.5,77.77777777777779,77.77777777777779,False,False,False,False
1737,3030.0,1,3030.0,False,3450.0,12.173913043478262,12.173913043478262,False,False,False,False
1738,3030.0,1,3030.0,False,3030.0,0.0,0.0,True,True,False,False
1739,3762.0,1,3762.0,False,3762.0,0.0,0.0,True,True,False,False
1740,3030.0,1,3030.0,False,2922.0,3.696098562628337,3.696098562628337,True,True,False,False
1741,3030.0,1,3030.0,False,2670.0,13.48314606741573,13.48314606741573,False,False,False,False
1742,3030.0,5,3030.0,True,2418.0,25.31017369727047,25.31017369727047,False,False,False,False
1743,3762.0,1,3762.0,False,4998.0,24.729891956782712,24.729891956782712,False,False,False,False
1744,3030.0,1,3030.0,False,2418.0,25.31017369727047,25.31017369727047,False,False,False,False
1745,3030.0,1,3030.0,False,3030.0,0.0,0.0,True,True,False,False
1746,3030.0,1,3030.0,False,4494.0,32.576769025367156,32.576769025367156,False,False,False,False
1747,3030.0,1,3030.0,False,2130.0,42.25352112676056,42.25352112676056,False,False,False,False
1748,3030.0,1,3030.0,False,3654.0,17.077175697865353,17.077175697865353,False,False,False,False
1749,3030.0,1,3030.0,False,5562.0,45.523193096008626,45.523193096008626,False,False,False,False
1750,3030.0,1,3030.0,False,5226.0,42.020665901262916,42.020665901262916,False,False,False,False
1751,3762.0,1,3762.0,False,4998.0,24.729891956782712,24.729891956782712,False,False,False,False
1752,3030.0,1,3030.0,False,1770.0,71.1864406779661,71.1864406779661,False,False,False,False
1753,1770.0,1,1770.0,False,2418.0,26.799007444168733,26.799007444168733,False,False,False,False
1754,3030.0,1,3030.0,False,2922.0,3.696098562628337,3.696098562628337,True,True,False,False
1755,3030.0,5,3030.0,True,3030.0,0.0,0.0,True,True,False,False
1756,164.99,4,227.0,True,175.99,6.250355133814421,28.984601397806685,True,False,False,True
1757,99.99,3,25.99,True,25.99,284.72489419007314,0.0,False,True,True,False
1758,21.99,1,21.99,False,21.99,0.0,0.0,True,True,False,False
1759,164.99,1,164.99,False,164.99,0.0,0.0,True,True,False,False
1760,1285.0,1,1285.0,False,1285.01,0.0007782040606680808,0.0007782040606680808,True,True,False,False
1761,151.18,1,151.18,False,169.85,10.992051810420952,10.992051810420952,False,False,False,False
1762,105.0,2,139.24,True,146.2,28.180574555403552,4.760601915184664,False,True,True,False
1763,139.24,1,139.24,False,146.2,4.760601915184664,4.760601915184664,True,True,False,False
1764,14383.23,1,14383.23,False,14772.65,2.636087634919937,2.636087634919937,True,True,False,False
1765,12227.58,4,19098.21,True,27633.57,55.75099417122,30.887648610005876,False,False,False,False
1766,14383.23,1,14383.23,False,12786.05,12.49158262324956,12.49158262324956,False,False,False,False
1767,170.0,1,170.0,False,418.0,59.33014354066985,59.33014354066985,False,False,False,False
1768,1600.0,6,1980.0,True,1591.0,0.5656819610307983,24.450031426775613,True,False,False,True
1769,199.0,1,199.0,False,2274.0,91.24890061565523,91.24890061565523,False,False,False,False
1770,486.0,1,486.0,False,442.55,9.818099649757087,9.818099649757087,True,True,False,False
1771,692.99,2,334.99,True,334.99,106.86886175706738,0.0,False,True,True,False
1772,1285.01,1,1285.01,False,1285.01,0.0,0.0,True,True,False,False
1773,21.99,1,21.99,False,21.99,0.0,0.0,True,True,False,False
1774,164.99,1,164.99,False,164.99,0.0,0.0,True,True,False,False
1775,465.0,1,465.0,False,9352.57,95.02810457446455,95.02810457446455,False,False,False,False
1776,465.0,1,465.0,False,586.07,20.65794188407529,20.65794188407529,False,False,False,False
1777,50.0,1,50.0,False,129.0,61.240310077519375,61.240310077519375,False,False,False,False
1778,50.0,1,50.0,False,123.0,59.34959349593496,59.34959349593496,False,False,False,False
1779,50.0,1,50.0,False,32.0,56.25,56.25,False,False,False,False
1780,17.68,2,17.68,True,17.68,0.0,0.0,True,True,False,False
1781,147.96,1,147.96,False,147.96,0.0,0.0,True,True,False,False
1782,1373.83,1,1373.83,False,1325.53,3.6438254886724524,3.6438254886724524,True,True,False,False
1783,51571.64,1,51571.64,False,99121.15,47.97110404792519,47.97110404792519,False,False,False,False
1784,27.3,1,27.3,False,22.42,21.766280107047272,21.766280107047272,False,False,False,False
1785,1294.87,1,1294.87,False,1294.87,0.0,0.0,True,True,False,False
1786,961.51,1,961.51,False,961.51,0.0,0.0,True,True,False,False
1787,247.5,10,247.5,True,247.5,0.0,0.0,True,True,False,False
1788,1792.16,1,1792.16,False,302.77,491.9212603626516,491.9212603626516,False,False,False,False
1789,19.09,1,19.09,False,21.24,10.122410546139355,10.122410546139355,False,False,False,False
1790,2418.0,9,2670.0,True,2922.0,17.248459958932237,8.624229979466119,False,True,True,False
1791,3762.0,1,3762.0,False,3630.0,3.6363636363636362,3.6363636363636362,True,True,False,False
1792,2418.0,9,2670.0,True,2130.0,13.521126760563378,25.352112676056336,False,False,False,False
1793,3762.0,1,3762.0,False,4998.0,24.729891956782712,24.729891956782712,False,False,False,False
1794,2418.0,9,2670.0,True,2670.0,9.438202247191011,0.0,True,True,False,False
1795,2418.0,9,2670.0,True,1770.0,36.610169491525426,50.847457627118644,False,False,False,False
1796,2418.0,9,2670.0,True,4158.0,41.84704184704185,35.78643578643579,False,False,False,False
1797,0.23,1,0.23,False,0.23,0.0,0.0,True,True,False,False
1798,3162.49,6,213.49,True,175.99,1696.9714188306152,21.308028865276434,False,False,False,False
1799,19.49,1,19.49,False,21.99,11.36880400181901,11.36880400181901,False,False,False,False
1800,1285.01,1,1285.01,False,1285.01,0.0,0.0,True,True,False,False
1801,164.99,2,164.99,True,164.99,0.0,0.0,True,True,False,False
1802,2.3,8,2.65,True,50.0,95.4,94.7,False,False,False,False
1803,160.0,2,154.48,True,15020.47,98.9347869940155,98.97153684272196,False,False,False,False
1804,99121.15,1,99121.15,False,62683.32,58.13002565913866,58.13002565913866,False,False,False,False
1805,178.0,5,180.3,True,178.0,0.0,1.2921348314606804,True,True,False,False
1806,593.57,1,593.57,False,593.57,0.0,0.0,True,True,False,False
1807,662.0,1,662.0,False,662.0,0.0,0.0,True,True,False,False
1808,41.09,1,41.09,False,41.09,0.0,0.0,True,True,False,False
1809,1500.0,1,1500.0,False,191.79,682.1054278116691,682.1054278116691,False,False,False,False
1810,97.2,5,100.0,True,75.71,28.384625544842173,32.082948091401406,False,False,False,False
1811,95.34,1,95.34,False,87.5,8.960000000000004,8.960000000000004,True,True,False,False
1812,550.0,9,791.19,True,36.05,1425.6588072122054,2094.701803051318,False,False,False,False
1813,95.34,2,100.1,True,91.7,3.9694656488549627,9.16030534351144,True,True,False,False
1814,362.86,4,1848.0,True,2018.8,82.02595601347336,8.460471567267682,False,True,True,False
1815,875.0,9,908.7,True,978.6,10.586552217453507,7.14285714285714,False,True,True,False
1816,662.0,1,662.0,False,5010.0,86.78642714570857,86.78642714570857,False,False,False,False
1817,147.96,1,147.96,False,147.96,0.0,0.0,True,True,False,False
1818,19.09,7,17.68,True,19.09,0.0,7.386066003143007,True,True,False,False
1819,257.04,10,257.04,True,257.04,0.0,0.0,True,True,False,False
1820,147.96,1,147.96,False,147.96,0.0,0.0,True,True,False,False
1821,28.0,10,71.5,True,30.8,9.090909090909092,132.14285714285714,True,False,False,True
1822,2299.08,4,2443.61,True,1931.08,19.05669366364936,26.54110653106035,False,False,False,False
1823,19.49,1,19.49,False,31.79,38.69141239383454,38.69141239383454,False,False,False,False
1824,1285.01,3,2676.0,True,2676.06,51.98127097299762,0.00224210219501601,False,True,True,False
1825,244.74,1,244.74,False,244.74,0.0,0.0,True,True,False,False
1826,21.99,1,21.99,False,21.99,0.0,0.0,True,True,False,False
1827,1285.0,9,1285.0,True,1285.01,0.0007782040606680808,0.0007782040606680808,True,True,False,False
1828,164.99,1,164.99,False,164.99,0.0,0.0,True,True,False,False
1829,1285.01,1,1285.01,False,1285.01,0.0,0.0,True,True,False,False
1830,164.99,1,164.99,False,164.99,0.0,0.0,True,True,False,False
1831,21.99,1,21.99,False,21.99,0.0,0.0,True,True,False,False
1832,164.99,6,164.99,True,164.99,0.0,0.0,True,True,False,False
1833,21.99,1,21.99,False,21.99,0.0,0.0,True,True,False,False
1834,1285.01,2,1285.01,True,1285.01,0.0,0.0,True,True,False,False
1835,175.99,3,175.99,True,175.99,0.0,0.0,True,True,False,False
1836,344.99,1,344.99,False,585.0,41.02735042735042,41.02735042735042,False,False,False,False
1837,244.74,1,244.74,False,164.99,48.33626280380629,48.33626280380629,False,False,False,False
1838,1285.01,2,1285.01,True,1285.01,0.0,0.0,True,True,False,False
1839,21.99,1,21.99,False,21.99,0.0,0.0,True,True,False,False
1840,175.99,1,175.99,False,175.99,0.0,0.0,True,True,False,False
1841,3280.65,1,3280.65,False,2700.0,21.50555555555556,21.50555555555556,False,False,False,False
1842,1373.0,1,1373.0,False,2025.0,32.19753086419753,32.19753086419753,False,False,False,False
1843,1285.0,2,126.0,True,244.74,425.0469886410068,48.51679333169895,False,False,False,False
1844,2676.06,2,2676.06,True,2676.06,0.0,0.0,True,True,False,False
1845,5200.0,1,5200.0,False,5020.0,3.5856573705179287,3.5856573705179287,True,True,False,False
1846,1700.0,1,1700.0,False,1700.0,0.0,0.0,True,True,False,False
1847,7450.0,3,7450.0,True,7450.0,0.0,0.0,True,True,False,False
1848,1700.0,1,1700.0,False,1700.0,0.0,0.0,True,True,False,False
1849,132.5,1,132.5,False,155.0,14.516129032258066,14.516129032258066,False,False,False,False
1850,102.0,5,132.5,True,127.5,20.0,3.9215686274509802,False,True,True,False
1851,11000.0,1,11000.0,False,122.86,8853.280156275434,8853.280156275434,False,False,False,False
1852,688.0,1,688.0,False,44.79,1436.0571556150928,1436.0571556150928,False,False,False,False
1853,496.0,1,496.0,False,497.5,0.3015075376884422,0.3015075376884422,True,True,False,False
1854,7306.1,10,1236.39,True,293.89,2385.9981625778355,320.69822042260716,False,False,False,False
1855,7306.1,1,7306.1,False,346.63,2007.7517814384216,2007.7517814384216,False,False,False,False
1856,7306.1,1,7306.1,False,333.64,2089.815369859729,2089.815369859729,False,False,False,False
1857,59.99,1,59.99,False,454.39,86.7976848082044,86.7976848082044,False,False,False,False
1858,7306.1,5,65.99,True,77.49,9328.442379661894,14.84062459672216,False,False,False,False
1859,77.99,3,59.99,True,239.99,67.50281261719238,75.00312513021376,False,False,False,False
1860,77.99,1,77.99,False,356.99,78.15344967646153,78.15344967646153,False,False,False,False
1861,3.51,1,3.51,False,9.7,63.814432989690715,63.814432989690715,False,False,False,False
1862,30.49,1,30.49,False,30.49,0.0,0.0,True,True,False,False
1863,45.86,1,45.86,False,18.69,145.37185660781165,145.37185660781165,False,False,False,False
1864,18.49,10,19.51,True,15.67,17.996171027440962,24.50542437779197,False,False,False,False
1865,45.86,10,11.44,True,45.86,0.0,75.05451373746185,True,False,False,True
1866,30.49,1,30.49,False,11.44,166.52097902097898,166.52097902097898,False,False,False,False
1867,45.86,2,15.25,True,6.8,574.4117647058824,124.26470588235294,False,False,False,False
1868,45.86,1,45.86,False,17.34,164.47520184544408,164.47520184544408,False,False,False,False
1869,23.78,1,23.78,False,12.0,98.16666666666669,98.16666666666669,False,False,False,False
1870,156.48,6,156.48,True,63.5,146.4251968503937,146.4251968503937,False,False,False,False
1871,156.48,1,156.48,False,95.88,63.20400500625782,63.20400500625782,False,False,False,False
1872,1285.0,1,1285.0,False,1285.01,0.0007782040606680808,0.0007782040606680808,True,True,False,False
1873,19.49,1,19.49,False,21.99,11.36880400181901,11.36880400181901,False,False,False,False
1874,322.0,1,322.0,False,164.99,95.1633432329232,95.1633432329232,False,False,False,False
1875,175.99,2,180.0,True,175.99,0.0,2.278538553326888,True,True,False,False
1876,164.99,1,164.99,False,164.99,0.0,0.0,True,True,False,False
1877,19.49,8,19.49,True,21.99,11.36880400181901,11.36880400181901,False,False,False,False
1878,97.49,2,56.0,True,22.99,324.0539364941279,143.58416702914315,False,False,False,False
1879,175.99,7,175.99,True,175.99,0.0,0.0,True,True,False,False
1880,1285.01,1,1285.01,False,1285.01,0.0,0.0,True,True,False,False
1881,219.99,1,219.99,False,251.99,12.698916623675544,12.698916623675544,False,False,False,False
1882,35.0,9,200.0,True,29.99,16.705568522840952,566.8889629876626,False,False,False,False
1883,14445.0,1,14445.0,False,10530.56,37.17219217211621,37.17219217211621,False,False,False,False
1884,24.95,3,24.95,True,24.95,0.0,0.0,True,True,False,False
1885,6555.41,9,1500.0,True,169.75,3761.80265095729,783.6524300441826,False,False,False,False
1886,6555.41,9,1500.0,True,600.0,992.5683333333334,150.0,False,False,False,False
1887,3712.0,1,3712.0,False,7896.87,52.99403434525325,52.99403434525325,False,False,False,False
1888,6555.41,9,1500.0,True,299.25,2090.6131996658314,401.25313283208015,False,False,False,False
1889,6555.41,9,1500.0,True,2000.0,227.7705,25.0,False,False,False,False
1890,6555.41,1,6555.41,False,640.0,924.2828124999999,924.2828124999999,False,False,False,False
1891,21.24,1,21.24,False,21.24,0.0,0.0,True,True,False,False
1892,83.0,4,84.49,True,395.0,78.9873417721519,78.61012658227848,False,False,False,False
1893,70.0,1,70.0,False,103.99,32.68583517645927,32.68583517645927,False,False,False,False
1894,119.2,7,2544.0,True,2299.08,94.81531743132037,10.65295683490788,False,False,False,False
1895,227.0,1,227.0,False,219.99,3.186508477658071,3.186508477658071,True,True,False,False
1896,1103.08,5,1931.08,True,2299.08,52.020808323329334,16.00640256102441,False,False,False,False
1897,2299.08,1,2299.08,False,223.2,930.0537634408603,930.0537634408603,False,False,False,False
1898,19.49,3,21.99,True,21.99,11.36880400181901,0.0,False,True,True,False
1899,1285.01,1,1285.01,False,1285.01,0.0,0.0,True,True,False,False
1900,244.74,5,244.74,True,244.74,0.0,0.0,True,True,False,False
1901,15020.47,1,15020.47,False,18149.65,17.240993627976305,17.240993627976305,False,False,False,False
1902,15020.47,1,15020.47,False,16155.75,7.0270956161119145,7.0270956161119145,True,True,False,False
1903,15020.47,1,15020.47,False,19394.27,22.552021808503238,22.552021808503238,False,False,False,False
1904,15020.47,1,15020.47,False,20225.97,25.736713739810757,25.736713739810757,False,False,False,False
1905,15020.47,1,15020.47,False,37137.22,59.55413463904945,59.55413463904945,False,False,False,False
1906,15020.47,1,15020.47,False,31073.97,51.66221116902668,51.66221116902668,False,False,False,False
1907,15020.47,1,15020.47,False,26729.35,43.805330095943226,43.805330095943226,False,False,False,False
1908,41143.6,1,41143.6,False,38909.0,5.743144259682846,5.743144259682846,True,True,False,False
1909,36675.0,1,36675.0,False,38909.0,5.74160220000514,5.74160220000514,True,True,False,False
1910,96699.0,3,99445.0,True,118203.0,18.19243166417096,15.869309577591093,False,False,False,False
1911,96699.0,1,96699.0,False,92098.0,4.995765380355708,4.995765380355708,True,True,False,False
1912,96699.0,3,99445.0,True,98449.0,1.7775701124440064,1.0116913325681316,True,True,False,False
1913,96699.0,3,99445.0,True,99325.0,2.643845960231563,0.12081550465643091,True,True,False,False
1914,96699.0,6,104405.0,True,92999.0,3.9785374036279957,12.264648006967818,True,False,False,True
1915,96699.0,6,104405.0,True,119158.0,18.848084056462845,12.381040299434364,False,False,False,False
1916,96699.0,5,87970.0,True,92098.0,4.995765380355708,4.48218202349671,True,True,False,False
1917,96699.0,3,99445.0,True,103409.0,6.488796913228055,3.833322051272133,True,True,False,False
1918,96699.0,3,99445.0,True,120443.0,19.7138895577161,17.43397291664937,False,False,False,False
1919,96699.0,3,99445.0,True,102334.0,5.506478785154494,2.82310864424336,True,True,False,False
1920,602.0,2,662.0,True,662.0,9.06344410876133,0.0,True,True,False,False
1921,610.0,6,749.45,True,885.04,31.07656151134412,15.32021151586368,False,False,False,False
1922,862.88,6,100.61,True,310.5,177.9001610305958,67.59742351046698,False,False,False,False
1923,241.0,1,241.0,False,241.0,0.0,0.0,True,True,False,False
1924,127.5,8,132.5,True,127.5,0.0,3.9215686274509802,True,True,False,False
1925,16.99,1,16.99,False,19.3,11.968911917098456,11.968911917098456,False,False,False,False
1926,95.0,5,241.0,True,381.0,75.06561679790026,36.74540682414698,False,False,False,False
1927,195.0,4,73.99,True,582.353,66.5151548974591,87.29464774801538,False,False,False,False
1928,6.99,6,107.99,True,92.73,92.46198641216435,16.456378733958797,False,False,False,False
1929,3.5,3,125.99,True,125.0,97.2,0.7919999999999958,False,True,True,False
1930,86.1,2,86.1,True,86.1,0.0,0.0,True,True,False,False
1931,86.1,2,86.1,True,648.9,86.7313915857605,86.7313915857605,False,False,False,False
1932,80.85,10,80.85,True,80.85,0.0,0.0,True,True,False,False
1933,86.1,6,80.85,True,160.65,46.40522875816994,49.67320261437909,False,False,False,False
1934,24.72,1,24.72,False,24.55,0.692464358452131,0.692464358452131,True,True,False,False
1935,24.72,1,24.72,False,24.72,0.0,0.0,True,True,False,False
1936,7.35,4,86.1,True,11.55,36.36363636363637,645.4545454545454,False,False,False,False
1937,17.68,2,17.68,True,17.68,0.0,0.0,True,True,False,False
1938,273.86,1,273.86,False,311.25,12.012851405622484,12.012851405622484,False,False,False,False
1939,79.24,3,77.17,True,70.4,12.556818181818166,9.616477272727266,False,True,True,False
1940,6.0,1,6.0,False,72.81,91.75937371240215,91.75937371240215,False,False,False,False
1941,6.18,1,6.18,False,72.81,91.5121549237742,91.5121549237742,False,False,False,False
1942,6.18,8,24.19,True,36.52,83.07776560788609,33.762322015334064,False,False,False,False
1943,79.24,9,72.65,True,74.83,5.893358278765197,2.913270078845373,True,True,False,False
1944,79.24,9,72.65,True,70.4,12.556818181818166,3.196022727272727,False,True,True,False
1945,16.6,1,16.6,False,16.6,0.0,0.0,True,True,False,False
1946,6.18,10,36.46,True,36.52,83.07776560788609,0.1642935377875199,False,True,True,False
1947,6.45,6,36.46,True,6.45,0.0,465.2713178294574,True,False,False,True
1948,79.24,7,72.65,True,74.83,5.893358278765197,2.913270078845373,True,True,False,False
1949,59.84,1,59.84,False,59.84,0.0,0.0,True,True,False,False
1950,49.35,1,49.35,False,49.35,0.0,0.0,True,True,False,False
1951,25840.0,2,26495.0,True,27500.0,6.036363636363636,3.6545454545454548,True,True,False,False
1952,25840.0,1,25840.0,False,27500.0,6.036363636363636,6.036363636363636,True,True,False,False
1953,45.75,1,45.75,False,63.59,28.05472558578393,28.05472558578393,False,False,False,False
1954,1900.0,4,1900.0,True,2760.0,31.15942028985507,31.15942028985507,False,False,False,False
1955,1900.0,1,1900.0,False,2760.0,31.15942028985507,31.15942028985507,False,False,False,False
1956,127.5,10,140.0,True,155.0,17.741935483870968,9.67741935483871,False,True,True,False
1957,127.5,3,140.0,True,132.5,3.7735849056603774,5.660377358490567,True,True,False,False
1958,132.5,5,132.5,True,127.5,3.9215686274509802,3.9215686274509802,True,True,False,False
1959,1900.0,1,1900.0,False,2760.0,31.15942028985507,31.15942028985507,False,False,False,False
1960,2790.0,1,2790.0,False,4040.0,30.94059405940594,30.94059405940594,False,False,False,False
1961,1900.0,1,1900.0,False,2760.0,31.15942028985507,31.15942028985507,False,False,False,False
1962,27149.87,1,27149.87,False,27841.0,2.4824180165942353,2.4824180165942353,True,True,False,False
1963,20706.59,2,20706.59,True,21233.0,2.479206894927706,2.479206894927706,True,True,False,False
1964,15831.42,1,15831.42,False,16234.0,2.479857090057903,2.479857090057903,True,True,False,False
1965,32088.33,1,32088.33,False,32905.0,2.4819024464367065,2.4819024464367065,True,True,False,False
1966,19329.85,1,19329.85,False,19821.0,2.4779274506836257,2.4779274506836257,True,True,False,False
1967,2360.0,2,820.0,True,1180.0,100.0,30.508474576271187,False,False,False,False
1968,142.5,8,517.5,True,203.5,29.975429975429975,154.2997542997543,False,False,False,False
1969,517.5,1,517.5,False,610.1,15.1778396984101,15.1778396984101,False,False,False,False
1970,1108.0,1,1108.0,False,1703.0,34.938344098649445,34.938344098649445,False,False,False,False
1971,415.0,1,415.0,False,30.0,1283.3333333333335,1283.3333333333335,False,False,False,False
1972,628.0,4,65.81,True,81.0,675.3086419753087,18.753086419753085,False,False,False,False
1973,415.0,10,47.0,True,71.0,484.5070422535211,33.80281690140845,False,False,False,False
1974,415.0,10,42.0,True,11.0,3672.7272727272725,281.8181818181818,False,False,False,False
1975,415.0,8,42.0,True,52.0,698.0769230769231,19.230769230769234,False,False,False,False
1976,628.0,5,119.0,True,37.0,1597.2972972972973,221.6216216216216,False,False,False,False
1977,415.0,1,415.0,False,21.0,1876.1904761904764,1876.1904761904764,False,False,False,False
1978,628.0,5,42.0,True,18.0,3388.8888888888887,133.33333333333331,False,False,False,False
1979,628.0,1,628.0,False,146.0,330.13698630136986,330.13698630136986,False,False,False,False
1980,415.0,1,415.0,False,14.0,2864.285714285714,2864.285714285714,False,False,False,False
1981,415.0,2,406.0,True,82.0,406.0975609756097,395.1219512195122,False,False,False,False
1982,628.0,6,99.5,True,12.0,5133.333333333334,729.1666666666667,False,False,False,False
1983,628.0,1,628.0,False,61.0,929.5081967213115,929.5081967213115,False,False,False,False
1984,415.0,1,415.0,False,44.0,843.1818181818181,843.1818181818181,False,False,False,False
1985,415.0,1,415.0,False,32.0,1196.875,1196.875,False,False,False,False
1986,415.0,5,47.0,True,71.0,484.5070422535211,33.80281690140845,False,False,False,False
1987,628.0,1,628.0,False,20.0,3040.0,3040.0,False,False,False,False
1988,65.81,1,65.81,False,117.0,43.75213675213675,43.75213675213675,False,False,False,False
1989,1262.9,7,75.0,True,74.0,1606.621621621622,1.3513513513513513,False,True,True,False
1990,415.0,10,42.0,True,27.0,1437.037037037037,55.55555555555556,False,False,False,False
1991,65.81,1,65.81,False,32.0,105.65625,105.65625,False,False,False,False
1992,415.0,1,415.0,False,6.0,6816.666666666667,6816.666666666667,False,False,False,False
1993,628.0,10,99.5,True,224.0,180.35714285714286,55.58035714285714,False,False,False,False
1994,415.0,10,42.0,True,11.0,3672.7272727272725,281.8181818181818,False,False,False,False
1995,628.0,10,73.5,True,22.0,2754.5454545454545,234.0909090909091,False,False,False,False
1996,415.0,1,415.0,False,90.0,361.11111111111114,361.11111111111114,False,False,False,False
1997,415.0,3,366.73,True,8.0,5087.5,4484.125,False,False,False,False
1998,628.0,5,119.0,True,44.0,1327.2727272727273,170.45454545454547,False,False,False,False
1999,415.0,8,42.0,True,31.0,1238.7096774193549,35.483870967741936,False,False,False,False
2000,628.0,7,114.0,True,21.0,2890.4761904761904,442.8571428571429,False,False,False,False
2001,65.81,1,65.81,False,23.0,186.13043478260872,186.13043478260872,False,False,False,False
2002,628.0,10,99.5,True,198.0,217.17171717171718,49.74747474747475,False,False,False,False
2003,65.81,1,65.81,False,61.0,7.885245901639348,7.885245901639348,True,True,False,False
2004,415.0,10,42.0,True,13.0,3092.3076923076924,223.0769230769231,False,False,False,False
2005,60.18,2,60.18,True,60.18,0.0,0.0,True,True,False,False
2006,122.08,1,122.08,False,129.0,5.364341085271319,5.364341085271319,True,True,False,False
2007,330.4,1,330.4,False,347.0,4.783861671469747,4.783861671469747,True,True,False,False
2008,67.56,1,67.56,False,71.96,6.114508060033341,6.114508060033341,True,True,False,False
2009,1285.01,1,1285.01,False,1285.01,0.0,0.0,True,True,False,False
2010,164.99,1,164.99,False,164.99,0.0,0.0,True,True,False,False
2011,164.99,4,19.49,True,21.99,650.2955889040473,11.36880400181901,False,False,False,False
2012,4990.0,2,4990.0,True,4990.0,0.0,0.0,True,True,False,False
2013,9080.0,1,9080.0,False,9080.0,0.0,0.0,True,True,False,False
2014,12000.0,1,12000.0,False,8050.0,49.06832298136646,49.06832298136646,False,False,False,False
2015,5100.0,1,5100.0,False,5100.0,0.0,0.0,True,True,False,False
2016,4990.0,2,4990.0,True,4990.0,0.0,0.0,True,True,False,False
2017,9080.0,1,9080.0,False,9080.0,0.0,0.0,True,True,False,False
2018,102823.0,2,102823.0,True,108066.0,4.851664723409768,4.851664723409768,True,True,False,False
2019,114978.0,1,114978.0,False,114978.0,0.0,0.0,True,True,False,False
2020,109399.0,1,109399.0,False,114978.0,4.852232601019326,4.852232601019326,True,True,False,False
2021,583.81,1,583.81,False,589.78,1.0122418528943042,1.0122418528943042,True,True,False,False
2022,2294.01,1,2294.01,False,231.12,892.5623052959503,892.5623052959503,False,False,False,False
2023,265.0,1,265.0,False,265.0,0.0,0.0,True,True,False,False
2024,334.99,1,334.99,False,360.0,6.94722222222222,6.94722222222222,True,True,False,False
2025,21.99,1,21.99,False,21.99,0.0,0.0,True,True,False,False
2026,197.44,1,197.44,False,25.99,659.6767987687573,659.6767987687573,False,False,False,False
2027,154.94,6,153.99,True,153.99,0.6169231768296568,0.0,True,True,False,False
2028,164.99,3,164.99,True,164.99,0.0,0.0,True,True,False,False
2029,1285.01,1,1285.01,False,1285.01,0.0,0.0,True,True,False,False
2030,1285.01,1,1285.01,False,1490.0,13.75771812080537,13.75771812080537,False,False,False,False
2031,10624.0,2,15000.0,True,28662.0,62.93350080245621,47.66589909985346,False,False,False,False
2032,1.96,1,1.96,False,19.42,89.90731204943357,89.90731204943357,False,False,False,False
2033,1.96,1,1.96,False,34.17,94.26397424641499,94.26397424641499,False,False,False,False
2034,1.96,1,1.96,False,7.99,75.46933667083854,75.46933667083854,False,False,False,False
2035,1.96,1,1.96,False,110.0,98.21818181818183,98.21818181818183,False,False,False,False
2036,1.96,1,1.96,False,7.29,73.11385459533608,73.11385459533608,False,False,False,False
2037,9050.0,1,9050.0,False,14100.0,35.815602836879435,35.815602836879435,False,False,False,False
2038,3800.0,1,3800.0,False,3800.0,0.0,0.0,True,True,False,False
2039,3010.0,1,3010.0,False,3010.0,0.0,0.0,True,True,False,False
2040,9050.0,1,9050.0,False,9050.0,0.0,0.0,True,True,False,False
2041,3687.0,1,3687.0,False,475.86,674.8077165552894,674.8077165552894,False,False,False,False
2042,35.0,10,250.0,True,207.0,83.09178743961353,20.77294685990338,False,False,False,False
2043,35.0,3,1307.0,True,202.0,82.67326732673267,547.0297029702971,False,False,False,False
2044,350.0,1,350.0,False,7422.68,95.28472196026233,95.28472196026233,False,False,False,False
2045,21.24,1,21.24,False,21.24,0.0,0.0,True,True,False,False
2046,164.99,1,164.99,False,164.99,0.0,0.0,True,True,False,False
2047,175.99,1,175.99,False,175.99,0.0,0.0,True,True,False,False
2048,1285.01,1,1285.01,False,1285.01,0.0,0.0,True,True,False,False
2049,21.99,3,21.99,True,21.99,0.0,0.0,True,True,False,False
2050,122.64,4,119.99,True,136.0,9.823529411764707,11.772058823529417,True,False,False,True
2051,6.5,1,6.5,False,7.25,10.344827586206897,10.344827586206897,False,False,False,False
2052,17213.0,1,17213.0,False,20675.0,16.744860943168078,16.744860943168078,False,False,False,False
2053,710.0,3,710.0,True,812.44,12.608931121067407,12.608931121067407,False,False,False,False
2054,2130.0,9,3030.0,True,2130.0,0.0,42.25352112676056,True,False,False,True
2055,2130.0,9,3030.0,True,4722.0,54.891994917407885,35.83227445997459,False,False,False,False
2056,2130.0,9,3030.0,True,5226.0,59.24225028702641,42.020665901262916,False,False,False,False
2057,2130.0,7,3030.0,True,2922.0,27.104722792607806,3.696098562628337,False,True,True,False
2058,2130.0,7,3030.0,True,1770.0,20.33898305084746,71.1864406779661,False,False,False,False
2059,2130.0,9,3030.0,True,2418.0,11.910669975186105,25.31017369727047,False,False,False,False
2060,244.74,1,244.74,False,244.74,0.0,0.0,True,True,False,False
2061,1285.01,1,1285.01,False,1285.01,0.0,0.0,True,True,False,False
2062,21.99,5,21.99,True,21.99,0.0,0.0,True,True,False,False
2063,49.35,1,49.35,False,49.35,0.0,0.0,True,True,False,False
2064,3800.0,1,3800.0,False,3800.0,0.0,0.0,True,True,False,False
2065,4898.82,1,4898.82,False,6450.39,24.053894415686504,24.053894415686504,False,False,False,False
2066,22.05,10,12.9,True,135.8,83.76288659793815,90.50073637702504,False,False,False,False
2067,22.05,5,11.42,True,2.8,687.5,307.8571428571429,False,False,False,False
2068,45.063,2,253.0,True,127.4,64.6287284144427,98.58712715855572,False,False,False,False
2069,22.05,10,12.9,True,242.2,90.89595375722543,94.67382328654004,False,False,False,False
2070,19.09,6,17.68,True,19.09,0.0,7.386066003143007,True,True,False,False
2071,86.1,1,86.1,False,160.65,46.40522875816994,46.40522875816994,False,False,False,False
2072,17.68,2,17.68,True,17.68,0.0,0.0,True,True,False,False
2073,3.9,1,3.9,False,3.9,0.0,0.0,True,True,False,False
2074,100.0,10,100.0,True,10.0,900.0,900.0,False,False,False,False
2075,100.0,10,100.0,True,100.0,0.0,0.0,True,True,False,False
2076,2299.08,2,2299.08,True,1839.08,25.012506253126567,25.012506253126567,False,False,False,False
2077,322.0,1,322.0,False,244.74,31.56819481899158,31.56819481899158,False,False,False,False
2078,103.99,1,103.99,False,103.99,0.0,0.0,True,True,False,False
2079,200.74,4,205.72,True,200.74,0.0,2.4808209624389703,True,True,False,False
2080,164.99,2,244.74,True,2600.05,93.65435280090767,90.58710409415205,False,False,False,False
2081,21.99,1,21.99,False,3038.72,99.2763400379107,99.2763400379107,False,False,False,False
2082,41.46,1,41.46,False,209.99,80.25620267631791,80.25620267631791,False,False,False,False
2083,41.46,1,41.46,False,13.99,196.35453895639742,196.35453895639742,False,False,False,False
2084,218.0,3,48.74,True,27.99,678.8495891389782,74.13361914969634,False,False,False,False
2085,49.35,3,49.35,True,239.4,79.3859649122807,79.3859649122807,False,False,False,False
2086,28700.0,10,30929.0,True,58859.0,51.239402640207956,47.4523862111147,False,False,False,False
2087,28350.0,1,28350.0,False,472000.0,93.99364406779661,93.99364406779661,False,False,False,False
2088,767.99,1,767.99,False,704.06,9.080192029088439,9.080192029088439,True,True,False,False
2089,18.0,1,18.0,False,18.0,0.0,0.0,True,True,False,False
2090,132.0,5,132.0,True,132.0,0.0,0.0,True,True,False,False
2091,39.38,1,39.38,False,39.38,0.0,0.0,True,True,False,False
2092,223.5,1,223.5,False,223.5,0.0,0.0,True,True,False,False
2093,198.75,1,198.75,False,198.75,0.0,0.0,True,True,False,False
2094,39.38,1,39.38,False,39.38,0.0,0.0,True,True,False,False
2095,3190.0,1,3190.0,False,11450.0,72.13973799126637,72.13973799126637,False,False,False,False
2096,95.0,9,809.94,True,600.0,84.16666666666667,34.99000000000001,False,False,False,False
2097,95.0,6,2875.32,True,600.0,84.16666666666667,379.22,False,False,False,False
2098,46.35,1,46.35,False,4735.0,99.02111932418161,99.02111932418161,False,False,False,False
2099,46.35,1,46.35,False,2678.0,98.26923076923077,98.26923076923077,False,False,False,False
2100,12317.0,1,12317.0,False,7150.0,72.26573426573427,72.26573426573427,False,False,False,False
2101,11025.56,1,11025.56,False,11170.06,1.293636739641506,1.293636739641506,True,True,False,False
2102,2413.64,1,2413.64,False,2413.64,0.0,0.0,True,True,False,False
2103,1163.03,1,1163.03,False,16.2,7079.197530864198,7079.197530864198,False,False,False,False
2104,1163.03,1,1163.03,False,197.1,490.0710299340436,490.0710299340436,False,False,False,False
2105,2095.0,1,2095.0,False,3870.0,45.8656330749354,45.8656330749354,False,False,False,False
2106,2095.0,1,2095.0,False,6299.1,66.74128050038894,66.74128050038894,False,False,False,False
2107,108.0,6,100.0,True,15.0,620.0,566.6666666666667,False,False,False,False
2108,108.0,6,100.0,True,108.0,0.0,7.4074074074074066,True,True,False,False
2109,164.99,2,164.99,True,164.99,0.0,0.0,True,True,False,False
2110,164.99,1,164.99,False,1285.01,87.16041120302566,87.16041120302566,False,False,False,False
2111,560.28,1,560.28,False,431.46,29.85676540119594,29.85676540119594,False,False,False,False
2112,175.99,10,175.99,True,450.0,60.89111111111111,60.89111111111111,False,False,False,False
2113,100.0,1,100.0,False,23.49,325.71306939123036,325.71306939123036,False,False,False,False
2114,43207.0,1,43207.0,False,48186.44,10.333695537582777,10.333695537582777,False,False,False,False
2115,99121.15,1,99121.15,False,16919.55,485.83798032453575,485.83798032453575,False,False,False,False
2116,62683.32,1,62683.32,False,17326.11,261.78530553020846,261.78530553020846,False,False,False,False
2117,8050.0,2,1800.0,True,6900.0,16.666666666666664,73.91304347826086,False,False,False,False
2118,5049.0,1,5049.0,False,15647.0,67.73183357832173,67.73183357832173,False,False,False,False
2119,8050.0,1,8050.0,False,8050.0,0.0,0.0,True,True,False,False
2120,1700.0,3,1700.0,True,1700.0,0.0,0.0,True,True,False,False
2121,1700.0,1,1700.0,False,1700.0,0.0,0.0,True,True,False,False
2122,105.6,2,82.11,True,60.55,74.40132122213046,35.60693641618498,False,False,False,False
2123,349.97,4,349.97,True,427.91,18.214110443784907,18.214110443784907,False,False,False,False
2124,105.6,3,82.11,True,60.55,74.40132122213046,35.60693641618498,False,False,False,False
2125,105.6,1,105.6,False,51.74,104.09741012756086,104.09741012756086,False,False,False,False
2126,105.6,3,82.11,True,60.55,74.40132122213046,35.60693641618498,False,False,False,False
2127,181.99,2,174.0,True,916.08,80.13383110645358,81.00602567461357,False,False,False,False
2128,123.34,3,120.6,True,240.0,48.608333333333334,49.75,False,False,False,False
2129,7916.0,1,7916.0,False,226.0,3402.654867256637,3402.654867256637,False,False,False,False
2130,2437.5,1,2437.5,False,115.5,2010.3896103896104,2010.3896103896104,False,False,False,False
2131,12202.5,3,5975.47,True,6450.0,89.18604651162791,7.357054263565887,False,True,True,False
2132,89.71,3,45.95,True,79.95,12.207629768605365,42.52657911194496,False,False,False,False
2133,89.71,3,45.95,True,35.75,150.93706293706293,28.53146853146854,False,False,False,False
2134,8.25,6,45.95,True,165.75,95.02262443438913,72.27752639517345,False,False,False,False
2135,8.25,2,45.95,True,49.95,83.4834834834835,8.008008008008009,False,True,True,False
2136,467.88,1,467.88,False,600.6,22.097902097902104,22.097902097902104,False,False,False,False
2137,1.4833,1,1.4833,False,1.85,19.82162162162162,19.82162162162162,False,False,False,False
2138,2185.23,5,1999.0,True,1493.24,46.34151241595457,33.86997401623316,False,False,False,False
2139,75.0,1,75.0,False,1850.0,95.94594594594594,95.94594594594594,False,False,False,False
2140,223.2,3,1287.08,True,1287.08,82.65842061099544,0.0,False,True,True,False
2141,1103.08,5,307.12,True,307.12,259.16905444126076,0.0,False,True,True,False
2142,767.99,1,767.99,False,113.52,576.5239605355885,576.5239605355885,False,False,False,False
2143,1285.01,1,1285.01,False,1285.01,0.0,0.0,True,True,False,False
2144,164.99,1,164.99,False,164.99,0.0,0.0,True,True,False,False
2145,164.99,4,164.99,True,164.99,0.0,0.0,True,True,False,False
2146,1285.01,1,1285.01,False,1285.01,0.0,0.0,True,True,False,False
2147,244.74,2,1170.18,True,109.99,122.5111373761251,963.896717883444,False,False,False,False
2148,1430.0,8,1490.0,True,1430.0,0.0,4.195804195804196,True,True,False,False
2149,137.03,6,137.03,True,105.0,30.504761904761907,30.504761904761907,False,False,False,False
2150,244.35,1,244.35,False,318.6,23.30508474576272,23.30508474576272,False,False,False,False
2151,96.3,10,105.0,True,67.5,42.666666666666664,55.55555555555556,False,False,False,False
2152,595942.0,2,10982.0,True,13144.0,4433.947048082776,16.44856968959221,False,False,False,False
2153,10982.0,1,10982.0,False,24913.0,55.918596716573674,55.918596716573674,False,False,False,False
2154,10982.0,1,10982.0,False,13144.0,16.44856968959221,16.44856968959221,False,False,False,False
2155,595942.0,1,595942.0,False,24913.0,2292.0924818367916,2292.0924818367916,False,False,False,False
2156,3010.0,3,3010.0,True,3010.0,0.0,0.0,True,True,False,False
2157,4990.0,2,4990.0,True,4990.0,0.0,0.0,True,True,False,False
2158,3010.0,3,3010.0,True,3010.0,0.0,0.0,True,True,False,False
2159,662.0,1,662.0,False,662.0,0.0,0.0,True,True,False,False
2160,27315.0,1,27315.0,False,34625.0,21.11191335740072,21.11191335740072,False,False,False,False
2161,35785.0,1,35785.0,False,45344.0,21.0810691601976,21.0810691601976,False,False,False,False
2162,35785.0,1,35785.0,False,51046.0,29.89656388355601,29.89656388355601,False,False,False,False
2163,164.72,1,164.72,False,71.24,131.2184166198765,131.2184166198765,False,False,False,False
2164,24.08,1,24.08,False,33.72,28.58837485172005,28.58837485172005,False,False,False,False
2165,21.24,1,21.24,False,21.24,0.0,0.0,True,True,False,False
2166,227.0,1,227.0,False,175.99,28.984601397806685,28.984601397806685,False,False,False,False
2167,244.74,1,244.74,False,244.74,0.0,0.0,True,True,False,False
2168,1285.01,10,1285.01,True,1285.01,0.0,0.0,True,True,False,False
2169,2384.0,5,2246.12,True,2676.06,10.91380611794952,16.066156962101,False,False,False,False
2170,1285.01,1,1285.01,False,31.79,3942.1830764391316,3942.1830764391316,False,False,False,False
2171,322.0,2,322.0,True,244.74,31.56819481899158,31.56819481899158,False,False,False,False
2172,244.74,6,244.74,True,244.74,0.0,0.0,True,True,False,False
2173,164.99,3,19.49,True,31.79,418.99968543567167,38.69141239383454,False,False,False,False
2174,2515.0,5,2676.06,True,2676.06,6.018549658826781,0.0,True,True,False,False
2175,50.89,4,226.75,True,11.99,324.4370308590492,1791.1592994161801,False,False,False,False
2176,29.67,1,29.67,False,14.39,106.18485059068799,106.18485059068799,False,False,False,False
2177,19.19,2,20.62,True,19.99,4.002001000500236,3.15157578789396,True,True,False,False
2178,14772.65,6,28086.32,True,14964.72,1.283485424384818,87.68356507839773,True,False,False,True
2179,267000.0,1,267000.0,False,278458.0,4.1148036687759015,4.1148036687759015,True,True,False,False
2180,5310.0,5,7132.42,True,215.1,2368.6192468619247,3215.8623895862393,False,False,False,False
2181,2985.0,9,72.65,True,3900.0,23.46153846153846,98.13717948717948,False,False,False,False
2182,3.77,1,3.77,False,4.15,9.156626506024104,9.156626506024104,True,True,False,False
2183,500.49,1,500.49,False,500.0,0.09800000000000182,0.09800000000000182,True,True,False,False
2184,3905.0,2,3557.25,True,1430.0,173.0769230769231,148.75874125874128,False,False,False,False
2185,3905.0,2,3557.25,True,1430.0,173.0769230769231,148.75874125874128,False,False,False,False
2186,3905.0,2,3557.25,True,910.0,329.1208791208791,290.9065934065934,False,False,False,False
2187,3905.0,2,3557.25,True,975.0,300.5128205128205,264.84615384615387,False,False,False,False
2188,2678.0,1,2678.0,False,106.0,2426.4150943396226,2426.4150943396226,False,False,False,False
2189,1850.0,1,1850.0,False,11.0,16718.18181818182,16718.18181818182,False,False,False,False
2190,4.9,1,4.9,False,9.54,48.637316561844855,48.637316561844855,False,False,False,False
2191,26.58,1,26.58,False,28.71,7.419017763845359,7.419017763845359,True,True,False,False
2192,15.36,1,15.36,False,13.89,10.583153347732173,10.583153347732173,False,False,False,False
2193,859.0,1,859.0,False,738.166,16.369488705792456,16.369488705792456,False,False,False,False
2194,5394.05,1,5394.05,False,12937.0,58.305248512019794,58.305248512019794,False,False,False,False
2195,105.0,5,4950.0,True,360.05,70.83738369670878,1274.809054298014,False,False,False,False
2196,15020.0,1,15020.0,False,16522.0,9.090909090909092,9.090909090909092,True,True,False,False
2197,164.99,10,160.0,True,175.0,5.719999999999994,8.571428571428571,True,True,False,False
2198,28.0,1,28.0,False,59.99,53.32555425904317,53.32555425904317,False,False,False,False
2199,219.99,1,219.99,False,218.99,0.45664185579250194,0.45664185579250194,True,True,False,False
2200,1285.01,6,1285.01,True,2245.5,42.77399242930305,42.77399242930305,False,False,False,False
2201,38695.0,1,38695.0,False,60108.0,35.62420975577294,35.62420975577294,False,False,False,False
2202,7150.0,8,50840.0,True,27323.0,73.83157047176371,86.07034366650808,False,False,False,False
2203,52475.0,1,52475.0,False,24967.0,110.17743421316138,110.17743421316138,False,False,False,False
2204,100.0,1,100.0,False,2736.0,96.34502923976608,96.34502923976608,False,False,False,False
2205,50.0,1,50.0,False,50.0,0.0,0.0,True,True,False,False
2206,0.32,1,0.32,False,0.3,6.666666666666673,6.666666666666673,True,True,False,False
2207,9080.0,1,9080.0,False,9080.0,0.0,0.0,True,True,False,False
2208,7450.0,3,7450.0,True,7450.0,0.0,0.0,True,True,False,False
2209,4990.0,1,4990.0,False,4990.0,0.0,0.0,True,True,False,False
2210,19.09,1,19.09,False,19.09,0.0,0.0,True,True,False,False
2211,961.51,1,961.51,False,961.51,0.0,0.0,True,True,False,False
2212,1294.87,1,1294.87,False,1294.87,0.0,0.0,True,True,False,False
2213,2922.0,1,2922.0,False,4158.0,29.725829725829726,29.725829725829726,False,False,False,False
2214,2922.0,1,2922.0,False,3654.0,20.032840722495894,20.032840722495894,False,False,False,False
2215,2922.0,1,2922.0,False,4494.0,34.979973297730304,34.979973297730304,False,False,False,False
2216,2922.0,1,2922.0,False,2418.0,20.843672456575682,20.843672456575682,False,False,False,False
2217,2922.0,1,2922.0,False,4722.0,38.11944091486658,38.11944091486658,False,False,False,False
2218,2875.0,1,2875.0,False,389.42,638.2774382414873,638.2774382414873,False,False,False,False
2219,227.0,2,227.0,True,175.99,28.984601397806685,28.984601397806685,False,False,False,False
2220,1490.0,1,1490.0,False,244.74,508.8093486965759,508.8093486965759,False,False,False,False
2221,2676.06,4,2676.06,True,2676.06,0.0,0.0,True,True,False,False
2222,1285.01,1,1285.01,False,1285.0,0.0007782101167308097,0.0007782101167308097,True,True,False,False
2223,218.0,3,218.0,True,164.99,32.129219952724405,32.129219952724405,False,False,False,False
2224,227.0,10,236.49,True,175.99,28.984601397806685,34.376953235979315,False,False,False,False
2225,954.93,1,954.93,False,451.8,111.36122177954846,111.36122177954846,False,False,False,False
2226,218.0,10,218.0,True,164.99,32.129219952724405,32.129219952724405,False,False,False,False
2227,19.49,10,19.49,True,21.99,11.36880400181901,11.36880400181901,False,False,False,False
2228,175.99,1,175.99,False,175.99,0.0,0.0,True,True,False,False
2229,1285.01,1,1285.01,False,1285.0,0.0007782101167308097,0.0007782101167308097,True,True,False,False
2230,175.99,2,532.99,True,780.0,77.43717948717949,31.66794871794872,False,False,False,False
2231,131.25,3,155.0,True,155.0,15.32258064516129,0.0,False,True,True,False
2232,4040.0,1,4040.0,False,4040.0,0.0,0.0,True,True,False,False
2233,2760.0,1,2760.0,False,2760.0,0.0,0.0,True,True,False,False
2234,3010.0,2,3010.0,True,3010.0,0.0,0.0,True,True,False,False
2235,3800.0,1,3800.0,False,3800.0,0.0,0.0,True,True,False,False
2236,315.61,2,299.4,True,206.3,52.98594280174503,45.128453708191934,False,False,False,False
2237,128.79,1,128.79,False,178.8,27.96979865771813,27.96979865771813,False,False,False,False
2238,103.02,2,139.2,True,51.3,100.8187134502924,171.34502923976606,False,False,False,False
2239,974.11,1,974.11,False,386.0,152.36010362694302,152.36010362694302,False,False,False,False
2240,3550.0,10,1750.0,True,7865.0,54.86331849968214,77.74952320406867,False,False,False,False
2241,9720.0,1,9720.0,False,4081.0,138.17691742220043,138.17691742220043,False,False,False,False
2242,47.03,1,47.03,False,320.49,85.32559518237699,85.32559518237699,False,False,False,False
2243,3262.87,1,3262.87,False,5368.0,39.21628166915052,39.21628166915052,False,False,False,False
2244,5393.48,1,5393.48,False,22000.0,75.48418181818181,75.48418181818181,False,False,False,False
2245,7125.0,1,7125.0,False,5325.0,33.80281690140845,33.80281690140845,False,False,False,False
2246,275.0,2,275.0,True,275.0,0.0,0.0,True,True,False,False
2247,120.0,1,120.0,False,110.0,9.090909090909092,9.090909090909092,True,True,False,False
2248,120.0,2,194.0,True,110.0,9.090909090909092,76.36363636363637,True,False,False,True
2249,190.0,4,194.0,True,180.0,5.555555555555555,7.777777777777778,True,True,False,False
2250,120.0,10,95.0,True,358.0,66.4804469273743,73.46368715083798,False,False,False,False
2251,120.0,2,194.0,True,113.0,6.1946902654867255,71.68141592920354,True,False,False,True
2252,0.61,10,9.0,True,0.15,306.66666666666663,5900.0,False,False,False,False
2253,8.82,1,8.82,False,0.15,5780.0,5780.0,False,False,False,False
2254,60904.0,3,3385.0,True,3529.5,1625.5701940784813,4.09406431505879,False,True,True,False
2255,21.24,2,21.24,True,21.24,0.0,0.0,True,True,False,False
2256,143.55,2,274.0,True,88.65,61.92893401015228,209.08065425831924,False,False,False,False
2257,203.4,1,203.4,False,15.75,1191.4285714285716,1191.4285714285716,False,False,False,False
2258,143.55,8,167.4,True,408.85,64.88932371285313,59.055888467653176,False,False,False,False
2259,143.55,2,274.0,True,91.35,57.14285714285716,199.94526546250685,False,False,False,False
2260,274.0,1,274.0,False,110.25,148.52607709750566,148.52607709750566,False,False,False,False
2261,143.55,2,274.0,True,110.25,30.204081632653075,148.52607709750566,False,False,False,False
2262,98.0,1,98.0,False,119.68,18.11497326203209,18.11497326203209,False,False,False,False
2263,34.0,1,34.0,False,20.16,68.65079365079364,68.65079365079364,False,False,False,False
2264,1287.08,3,1103.08,True,1103.08,16.680567139282736,0.0,False,True,True,False
2265,123.49,9,307.12,True,307.12,59.79096118780932,0.0,False,True,True,False
2266,26.25,6,27.0,True,27.0,2.7777777777777777,0.0,True,True,False,False
2267,70.0,1,70.0,False,100.0,30.0,30.0,False,False,False,False
2268,100.0,1,100.0,False,70.0,42.857142857142854,42.857142857142854,False,False,False,False
2269,80.0,1,80.0,False,15.54,414.8005148005149,414.8005148005149,False,False,False,False
2270,80.0,1,80.0,False,15.25,424.5901639344262,424.5901639344262,False,False,False,False
2271,181.19,2,179.54,True,24.63,635.6475842468535,628.948436865611,False,False,False,False
2272,219.99,1,219.99,False,219.99,0.0,0.0,True,True,False,False
2273,2245.5,5,35.74,True,51.29,4278.046402807565,30.317800740885158,False,False,False,False
2274,210.45,1,210.45,False,164.99,27.553185041517654,27.553185041517654,False,False,False,False
2275,1285.01,1,1285.01,False,175.99,630.16080459117,630.16080459117,False,False,False,False
2276,31.79,4,21.0,True,21.99,44.56571168713052,4.5020463847203205,False,True,True,False
2277,1285.01,2,1285.01,True,1285.0,0.0007782101167308097,0.0007782101167308097,True,True,False,False
2278,164.99,1,164.99,False,1400.0,88.215,88.215,False,False,False,False
2279,214.0,2,210.45,True,164.99,29.70483059579368,27.553185041517654,False,False,False,False
2280,19.49,1,19.49,False,21.99,11.36880400181901,11.36880400181901,False,False,False,False
2281,29.24,6,118.29,True,118.49,75.32281205164993,0.168790615241783,False,True,True,False
2282,500.49,1,500.49,False,569.0,12.040421792618627,12.040421792618627,False,False,False,False
2283,3038.72,2,244.74,True,244.74,1141.6115060880932,0.0,False,True,True,False
2284,59.84,1,59.84,False,59.84,0.0,0.0,True,True,False,False
2285,1285.01,8,1285.01,True,1285.01,0.0,0.0,True,True,False,False
2286,50.75,1,50.75,False,70.53,28.044803629661136,28.044803629661136,False,False,False,False
2287,182.43,1,182.43,False,146.76,24.30498773507769,24.30498773507769,False,False,False,False
2288,182.0,1,182.0,False,308.67,41.03735380827421,41.03735380827421,False,False,False,False
2289,39.99,1,39.99,False,39.99,0.0,0.0,True,True,False,False
2290,41.65,4,44.99,True,136.71,69.53405017921148,67.09092239046156,False,False,False,False
2291,131.81,3,41.65,True,50.0,163.62,16.700000000000003,False,False,False,False
2292,100.0,4,108.0,True,108.0,7.4074074074074066,0.0,True,True,False,False
2293,100.0,4,108.0,True,15.0,566.6666666666667,620.0,False,False,False,False
2294,100.0,4,108.0,True,100.0,0.0,8.0,True,True,False,False
2295,147.96,1,147.96,False,147.96,0.0,0.0,True,True,False,False
2296,100.0,2,100.0,True,70.0,42.857142857142854,42.857142857142854,False,False,False,False
2297,100.0,4,108.0,True,70.0,42.857142857142854,54.285714285714285,False,False,False,False
2298,100.0,4,108.0,True,15.0,566.6666666666667,620.0,False,False,False,False
2299,100.0,8,100.0,True,100.0,0.0,0.0,True,True,False,False
2300,100.0,4,100.0,True,100.0,0.0,0.0,True,True,False,False
2301,100.0,4,108.0,True,108.0,7.4074074074074066,0.0,True,True,False,False
2302,227.0,1,227.0,False,175.99,28.984601397806685,28.984601397806685,False,False,False,False
2303,244.74,5,244.74,True,244.74,0.0,0.0,True,True,False,False
2304,596.6576,3,1405.61,True,1430.0,58.2756923076923,1.7055944055944123,False,True,True,False
2305,1405.51,2,117.0,True,109.99,1177.8525320483682,6.373306664242209,False,True,True,False
2306,59.99,2,21.99,True,21.99,172.80582082764894,0.0,False,True,True,False
2307,1285.0,5,1285.0,True,1495.45,14.072687151024777,14.072687151024777,False,False,False,False
2308,19.49,2,19.49,True,21.99,11.36880400181901,11.36880400181901,False,False,False,False
2309,1285.01,9,1285.01,True,1285.01,0.0,0.0,True,True,False,False
2310,214.0,1,214.0,False,244.74,12.56026803955218,12.56026803955218,False,False,False,False
2311,21.99,1,21.99,False,2275.0,99.0334065934066,99.0334065934066,False,False,False,False
2312,248.49,4,2676.06,True,3220.4,92.28387777915786,16.90286920879394,False,False,False,False
2313,110.64,1,110.64,False,110.64,0.0,0.0,True,True,False,False
2314,199.64,1,199.64,False,199.64,0.0,0.0,True,True,False,False
2315,320.49,1,320.49,False,376.04,14.772364642059358,14.772364642059358,False,False,False,False
2316,22.0,1,22.0,False,39.95,44.931163954943685,44.931163954943685,False,False,False,False
2317,12500.6,1,12500.6,False,2526.89,394.7029748030188,394.7029748030188,False,False,False,False
2318,12500.6,1,12500.6,False,67.16,18513.1625967838,18513.1625967838,False,False,False,False
2319,22.0,1,22.0,False,0.68,3135.2941176470586,3135.2941176470586,False,False,False,False
2320,12500.6,2,22.0,True,5.85,213585.47008547012,276.06837606837604,False,False,False,False
2321,4643.0,3,6079.68,True,11066.0,58.042653171877824,45.05982288089644,False,False,False,False
2322,100.0,1,100.0,False,100.0,0.0,0.0,True,True,False,False
2323,100.0,1,100.0,False,70.0,42.857142857142854,42.857142857142854,False,False,False,False
2324,4.86,8,4.86,True,11.0682,56.09042120670027,56.09042120670027,False,False,False,False
2325,4.86,10,4.86,True,11.0682,56.09042120670027,56.09042120670027,False,False,False,False
2326,404.0,2,404.0,True,404.0,0.0,0.0,True,True,False,False
2327,2203.0,5,2250.0,True,2203.0,0.0,2.133454380390377,True,True,False,False
2328,26.46,1,26.46,False,31.12,14.974293059125966,14.974293059125966,False,False,False,False
2329,219.99,1,219.99,False,219.99,0.0,0.0,True,True,False,False
2330,1103.08,2,767.99,True,572.46,92.69119239772209,34.15609824267197,False,False,False,False
2331,348963.75,1,348963.75,False,133664.0,161.07534564280584,161.07534564280584,False,False,False,False
2332,142863.0,1,142863.0,False,134064.0,6.56328320802005,6.56328320802005,True,True,False,False
2333,142863.0,1,142863.0,False,133664.0,6.8821821881733305,6.8821821881733305,True,True,False,False
2334,19.42,1,19.42,False,1.58,1129.1139240506332,1129.1139240506332,False,False,False,False
2335,19.42,1,19.42,False,49.06,60.41581736649001,60.41581736649001,False,False,False,False
2336,19.42,1,19.42,False,52.4,62.93893129770992,62.93893129770992,False,False,False,False
2337,34.17,1,34.17,False,7.99,327.6595744680851,327.6595744680851,False,False,False,False
2338,34.17,1,34.17,False,25.5,34.00000000000001,34.00000000000001,False,False,False,False
2339,249.99,1,249.99,False,48793.04,99.48765233730057,99.48765233730057,False,False,False,False
2340,52.9,1,52.9,False,73.52,28.046789989118604,28.046789989118604,False,False,False,False
2341,15831.42,1,15831.42,False,16234.0,2.479857090057903,2.479857090057903,True,True,False,False
2342,27149.87,1,27149.87,False,27841.0,2.4824180165942353,2.4824180165942353,True,True,False,False
2343,32088.33,1,32088.33,False,32905.0,2.4819024464367065,2.4819024464367065,True,True,False,False
2344,20706.59,1,20706.59,False,21233.0,2.479206894927706,2.479206894927706,True,True,False,False
2345,48950.0,2,45344.0,True,45344.0,7.952540578687367,0.0,True,True,False,False
2346,48950.0,3,45344.0,True,51046.0,4.106100380049367,11.170316969008345,True,False,False,True
2347,51046.0,1,51046.0,False,34625.0,47.42527075812274,47.42527075812274,False,False,False,False
2348,219.0,1,219.0,False,2650.0,91.73584905660377,91.73584905660377,False,False,False,False
2349,1343.55,1,1343.55,False,1956.5,31.328903654485053,31.328903654485053,False,False,False,False
2350,545.35,1,545.35,False,284.05,91.9908466819222,91.9908466819222,False,False,False,False
2351,257.04,1,257.04,False,257.04,0.0,0.0,True,True,False,False
2352,147.96,1,147.96,False,147.96,0.0,0.0,True,True,False,False
2353,70.0,6,70.0,True,108.0,35.18518518518518,35.18518518518518,False,False,False,False
2354,70.0,2,70.0,True,15.0,366.66666666666663,366.66666666666663,False,False,False,False
2355,1654.26,6,1373.83,True,2873.55,42.43148718484105,52.19049607628195,False,False,False,False
2356,89.99,5,91.7,True,142.78,36.97296540131671,35.775318672082925,False,False,False,False
2357,92098.0,10,94972.0,True,191652.0,51.945192327760736,50.44559931542587,False,False,False,False
2358,94972.0,1,94972.0,False,82306.56,15.388129451650029,15.388129451650029,False,False,False,False
2359,94972.0,1,94972.0,False,108945.44,12.826089829918539,12.826089829918539,False,False,False,False
2360,25686.62,6,27547.4,True,22430.29,14.517556393608814,22.81339206938475,False,False,False,False
2361,74.99,1,74.99,False,4411.43,98.30009770074557,98.30009770074557,False,False,False,False
2362,442.0,1,442.0,False,1952.07,77.35736935663168,77.35736935663168,False,False,False,False
2363,307.12,1,307.12,False,116.1,164.53057708871663,164.53057708871663,False,False,False,False
2364,307.12,2,307.12,True,263.12,16.722408026755854,16.722408026755854,False,False,False,False
2365,4453.0,6,559.26,True,422.06,955.0632611477042,32.50722646069279,False,False,False,False
2366,17.25,10,853.59,True,137.08,87.41610738255034,522.6947767726874,False,False,False,False
2367,2299.08,1,2299.08,False,1287.08,78.62759113652609,78.62759113652609,False,False,False,False
2368,2299.08,8,3403.08,True,3587.08,35.90664272890485,5.12952038984355,False,True,True,False
2369,695.13,3,680.0,True,113.52,512.3414376321354,499.0133897110642,False,False,False,False
2370,2299.08,3,2299.08,True,1011.08,127.38853503184713,127.38853503184713,False,False,False,False
2371,767.99,3,1103.08,True,1103.08,30.377669797294843,0.0,False,True,True,False
2372,307.12,1,307.12,False,2699.0,88.62097072989997,88.62097072989997,False,False,False,False
2373,704.06,1,704.06,False,1115.07,36.85956935439031,36.85956935439031,False,False,False,False
2374,2299.08,10,1563.08,True,2115.08,8.699434536755112,26.098303610265333,True,False,False,True
2375,420.0,1,420.0,False,420.0,0.0,0.0,True,True,False,False
2376,71.25,1,71.25,False,71.25,0.0,0.0,True,True,False,False
2377,311.25,1,311.25,False,311.25,0.0,0.0,True,True,False,False
2378,243.75,1,243.75,False,243.75,0.0,0.0,True,True,False,False
2379,75.24,8,290.0,True,26.75,181.27102803738316,984.1121495327103,False,False,False,False
2380,949.6,2,2500.0,True,1614.74,41.19177081139998,54.82368678548869,False,False,False,False
2381,16.78,3,9.45,True,6.94,141.78674351585013,36.16714697406338,False,False,False,False
2382,19.65,1,19.65,False,215.0,90.86046511627906,90.86046511627906,False,False,False,False
2383,19.65,1,19.65,False,100.0,80.35,80.35,False,False,False,False
2384,19.65,1,19.65,False,525.0,96.25714285714287,96.25714285714287,False,False,False,False
2385,19.65,1,19.65,False,40.0,50.875,50.875,False,False,False,False
2386,19.65,4,39.45,True,25.0,21.400000000000006,57.800000000000004,False,False,False,False
2387,19.65,1,19.65,False,14.0,40.35714285714285,40.35714285714285,False,False,False,False
2388,0.08,2,13.59,True,0.05,60.0,27079.999999999996,False,False,False,False
2389,52475.0,3,44347.0,True,29338.0,78.86358988342764,51.158906537596295,False,False,False,False
2390,21.24,1,21.24,False,21.24,0.0,0.0,True,True,False,False
2391,164.99,1,164.99,False,164.99,0.0,0.0,True,True,False,False
2392,21.99,5,21.99,True,21.99,0.0,0.0,True,True,False,False
2393,175.99,5,175.99,True,175.99,0.0,0.0,True,True,False,False
2394,21.99,2,1400.0,True,1490.0,98.5241610738255,6.0402684563758395,False,True,True,False
2395,42347.0,1,42347.0,False,380400.0,88.86777076761304,88.86777076761304,False,False,False,False
2396,576.29,1,576.29,False,593.57,2.9111983422342913,2.9111983422342913,True,True,False,False
2397,3800.0,1,3800.0,False,3800.0,0.0,0.0,True,True,False,False
2398,3800.0,1,3800.0,False,3800.0,0.0,0.0,True,True,False,False
2399,1020.0,1,1020.0,False,1020.0,0.0,0.0,True,True,False,False
2400,80.0,1,80.0,False,95.0,15.789473684210526,15.789473684210526,False,False,False,False
2401,80.0,1,80.0,False,312.0,74.35897435897436,74.35897435897436,False,False,False,False
2402,121.0,7,129.0,True,154.5,21.68284789644013,16.50485436893204,False,False,False,False
2403,35.25,1,35.25,False,16.81,109.69660916121357,109.69660916121357,False,False,False,False
2404,6.1,8,6.13,True,62.71,90.27268378249083,90.22484452240471,False,False,False,False
2405,13.29,1,13.29,False,21.25,37.45882352941177,37.45882352941177,False,False,False,False
2406,1.65,6,7.9,True,5.63,70.69271758436945,40.31971580817053,False,False,False,False
2407,191.14,1,191.14,False,191.14,0.0,0.0,True,True,False,False
2408,19.09,1,19.09,False,19.09,0.0,0.0,True,True,False,False
2409,11111.0,1,11111.0,False,12723.0,12.669967774895857,12.669967774895857,False,False,False,False
2410,244.74,1,244.74,False,244.74,0.0,0.0,True,True,False,False
2411,2676.06,2,2676.06,True,2676.06,0.0,0.0,True,True,False,False
2412,96.95,4,2658.85,True,3523.4,97.2483964352614,24.53737866833173,False,False,False,False
2413,2676.06,1,2676.06,False,3119.87,14.225272206854772,14.225272206854772,False,False,False,False
2414,94.0,1,94.0,False,121.1,22.37819983484723,22.37819983484723,False,False,False,False
2415,16222.5,7,2730.0,True,14773.0,9.811818858728762,81.52034116293237,True,False,False,True
2416,16222.5,1,16222.5,False,14773.0,9.811818858728762,9.811818858728762,True,True,False,False
2417,3670.0,1,3670.0,False,3937.0,6.781813563627128,6.781813563627128,True,True,False,False
2418,15.0,1,15.0,False,15.0,0.0,0.0,True,True,False,False
2419,70.0,2,108.0,True,108.0,35.18518518518518,0.0,False,True,True,False
2420,164.99,1,164.99,False,164.99,0.0,0.0,True,True,False,False
2421,3462.0,1,3462.0,False,175.99,1867.1572248423206,1867.1572248423206,False,False,False,False
2422,954.93,1,954.93,False,955.0,0.00732984293194241,0.00732984293194241,True,True,False,False
2423,21.99,7,21.99,True,21.99,0.0,0.0,True,True,False,False
2424,1285.01,1,1285.01,False,1490.0,13.75771812080537,13.75771812080537,False,False,False,False
2425,205.9,5,21.75,True,25.92,694.3672839506173,16.08796296296297,False,False,False,False
2426,119.0,10,123.75,True,119.0,0.0,3.9915966386554618,True,True,False,False
2427,103.66,2,105.0,True,105.0,1.2761904761904794,0.0,True,True,False,False
2428,42167.7,2,40565.7,True,65241.89,35.367139118747176,37.82261672676865,False,False,False,False
2429,38753.7,6,40565.7,True,68055.44,43.055691065989734,40.39315593286886,False,False,False,False
2430,42767.7,1,42767.7,False,67761.44,36.8849009111967,36.8849009111967,False,False,False,False
2431,42767.7,1,42767.7,False,64947.89,34.150747622440086,34.150747622440086,False,False,False,False
2432,12963.0,1,12963.0,False,23400.0,44.6025641025641,44.6025641025641,False,False,False,False
2433,2995.0,1,2995.0,False,2999.0,0.1333777925975325,0.1333777925975325,True,True,False,False
2434,6147.0,1,6147.0,False,953.05,544.9819002150989,544.9819002150989,False,False,False,False
2435,38.38,1,38.38,False,50.55,24.0751730959446,24.0751730959446,False,False,False,False
2436,1453.0,1,1453.0,False,7495.0,80.61374249499667,80.61374249499667,False,False,False,False
2437,419.0,1,419.0,False,40.0,947.5,947.5,False,False,False,False
2438,3700.0,1,3700.0,False,1635.69,126.20423185322403,126.20423185322403,False,False,False,False
2439,2706.51,3,3700.0,True,149.63,1708.8017108868546,2372.766156519415,False,False,False,False
2440,3700.0,1,3700.0,False,2100.42,76.15524514144789,76.15524514144789,False,False,False,False
2441,0.07168,1,0.07168,False,0.33,78.27878787878787,78.27878787878787,False,False,False,False
2442,108.0,2,108.0,True,108.0,0.0,0.0,True,True,False,False
2443,108.0,1,108.0,False,108.0,0.0,0.0,True,True,False,False
2444,3630.0,4,3762.0,True,6066.0,40.15825914935707,37.98219584569733,False,False,False,False
2445,3630.0,3,3762.0,True,4998.0,27.370948379351738,24.729891956782712,False,False,False,False
2446,2922.0,1,2922.0,False,5226.0,44.08725602755453,44.08725602755453,False,False,False,False
2447,2922.0,1,2922.0,False,2418.0,20.843672456575682,20.843672456575682,False,False,False,False
2448,3630.0,4,3762.0,True,3630.0,0.0,3.6363636363636362,True,True,False,False
2449,2922.0,1,2922.0,False,2922.0,0.0,0.0,True,True,False,False
2450,3630.0,3,3762.0,True,3762.0,3.508771929824561,0.0,True,True,False,False
2451,3630.0,4,3762.0,True,4410.0,17.687074829931973,14.69387755102041,False,False,False,False
2452,3630.0,4,3762.0,True,3762.0,3.508771929824561,0.0,True,True,False,False
2453,2922.0,1,2922.0,False,3030.0,3.564356435643564,3.564356435643564,True,True,False,False
2454,2922.0,1,2922.0,False,2418.0,20.843672456575682,20.843672456575682,False,False,False,False
2455,2922.0,9,3030.0,True,2922.0,0.0,3.696098562628337,True,True,False,False
2456,286.13,10,262.5,True,286.13,0.0,8.25848390591689,True,True,False,False
2457,164.99,7,164.99,True,164.99,0.0,0.0,True,True,False,False
2458,21.99,1,21.99,False,21.99,0.0,0.0,True,True,False,False
2459,1495.45,1,1495.45,False,1285.01,16.37652625271399,16.37652625271399,False,False,False,False
2460,128.34,1,128.34,False,85.49,50.122821382617865,50.122821382617865,False,False,False,False
2461,360.0,1,360.0,False,202.49,77.78655736085732,77.78655736085732,False,False,False,False
2462,95.69,1,95.69,False,111.14,13.901385639733672,13.901385639733672,False,False,False,False
2463,181.19,2,185.89,True,2800.38,93.52980666909491,93.36197230375878,False,False,False,False
2464,102.69,1,102.69,False,59.84,71.6076203208556,71.6076203208556,False,False,False,False
2465,19.49,1,19.49,False,21.99,11.36880400181901,11.36880400181901,False,False,False,False
2466,1285.01,1,1285.01,False,1285.0,0.0007782101167308097,0.0007782101167308097,True,True,False,False
2467,277.16,1,277.16,False,164.99,67.98593854172981,67.98593854172981,False,False,False,False
2468,1285.01,1,1285.01,False,1285.0,0.0007782101167308097,0.0007782101167308097,True,True,False,False
2469,277.16,1,277.16,False,164.99,67.98593854172981,67.98593854172981,False,False,False,False
2470,19.49,1,19.49,False,21.99,11.36880400181901,11.36880400181901,False,False,False,False
2471,1285.01,3,1285.01,True,1400.0,8.213571428571429,8.213571428571429,True,True,False,False
2472,277.16,1,277.16,False,164.99,67.98593854172981,67.98593854172981,False,False,False,False
2473,19.49,4,19.49,True,21.99,11.36880400181901,11.36880400181901,False,False,False,False
2474,154.91,1,154.91,False,154.91,0.0,0.0,True,True,False,False
2475,127.5,2,132.5,True,155.0,17.741935483870968,14.516129032258066,False,False,False,False
2476,127.5,5,131.25,True,132.5,3.7735849056603774,0.9433962264150944,True,True,False,False
2477,127.5,10,132.5,True,127.5,0.0,3.9215686274509802,True,True,False,False
2478,190330.0,1,190330.0,False,151041.67,26.01158342595125,26.01158342595125,False,False,False,False
2479,50475.0,1,50475.0,False,79578.0,36.571665535700824,36.571665535700824,False,False,False,False
2480,190330.0,1,190330.0,False,151041.67,26.01158342595125,26.01158342595125,False,False,False,False
2481,112511.0,2,121699.2,True,89895.83,25.157084594468955,35.37802587728485,False,False,False,False
2482,145118.4,1,145118.4,False,120000.0,20.931999999999995,20.931999999999995,False,False,False,False
2483,9050.0,1,9050.0,False,9050.0,0.0,0.0,True,True,False,False
2484,306.89,1,306.89,False,241.19,27.23993532070152,27.23993532070152,False,False,False,False
2485,625.45,1,625.45,False,625.45,0.0,0.0,True,True,False,False
2486,5523.66,1,5523.66,False,5238.02,5.453205600589524,5.453205600589524,True,True,False,False
2487,42.06,3,512.09,True,614.62,93.15674725846864,16.681852201360186,False,False,False,False
2488,42.06,1,42.06,False,789.89,94.67520794034611,94.67520794034611,False,False,False,False
2489,17.68,1,17.68,False,17.68,0.0,0.0,True,True,False,False
2490,71.5,1,71.5,False,71.5,0.0,0.0,True,True,False,False
2491,86.1,8,86.1,True,160.65,46.40522875816994,46.40522875816994,False,False,False,False
2492,86.1,8,86.1,True,86.1,0.0,0.0,True,True,False,False
2493,86.1,8,86.1,True,648.9,86.7313915857605,86.7313915857605,False,False,False,False
2494,80.85,3,80.85,True,13.65,492.30769230769226,492.30769230769226,False,False,False,False
2495,80.85,4,80.85,True,80.85,0.0,0.0,True,True,False,False
2496,132.91,9,132.91,True,99.4,33.7122736418511,33.7122736418511,False,False,False,False
2497,132.91,1,132.91,False,95.15,39.68470835522858,39.68470835522858,False,False,False,False
2498,132.91,1,132.91,False,241.74,45.01944237610657,45.01944237610657,False,False,False,False
2499,132.91,1,132.91,False,165.53,19.706397631849214,19.706397631849214,False,False,False,False
2500,132.91,4,132.91,True,42.73,211.04610344020597,211.04610344020597,False,False,False,False
2501,36.8,1,36.8,False,128.05,71.26122608356111,71.26122608356111,False,False,False,False
2502,36.8,1,36.8,False,300.85,87.7679906930364,87.7679906930364,False,False,False,False
2503,36.8,1,36.8,False,66.45,44.62001504890896,44.62001504890896,False,False,False,False
2504,36.8,1,36.8,False,696.85,94.71909306163451,94.71909306163451,False,False,False,False
2505,36.8,1,36.8,False,215.25,82.90360046457607,82.90360046457607,False,False,False,False
2506,36.8,1,36.8,False,156.05,76.41781480294779,76.41781480294779,False,False,False,False
2507,36.8,1,36.8,False,5.65,551.3274336283185,551.3274336283185,False,False,False,False
2508,94.04,1,94.04,False,71.49,31.542873129108983,31.542873129108983,False,False,False,False
2509,500.49,5,818.99,True,780.0,35.83461538461538,4.99871794871795,False,True,True,False
2510,97.49,1,97.49,False,25.99,275.105809926895,275.105809926895,False,False,False,False
2511,265.0,1,265.0,False,219.99,20.46002091004136,20.46002091004136,False,False,False,False
2512,2301.19,1,2301.19,False,955.0,140.96230366492145,140.96230366492145,False,False,False,False
2513,1285.0,3,1285.0,True,1285.0,0.0,0.0,True,True,False,False
2514,227.0,9,227.0,True,175.99,28.984601397806685,28.984601397806685,False,False,False,False
2515,200.74,7,36.0,True,186.98,7.359075836987924,80.7466039148572,True,False,False,True
2516,1285.0,1,1285.0,False,1285.0,0.0,0.0,True,True,False,False
2517,94.5,4,97.2,True,91.35,3.4482758620689715,6.403940886699518,True,True,False,False
2518,87.3,6,94.5,True,110.25,20.816326530612248,14.285714285714285,False,False,False,False
2519,96.3,6,97.65,True,110.25,12.653061224489798,11.428571428571423,False,False,False,False
2520,15.75,1,15.75,False,15.75,0.0,0.0,True,True,False,False
2521,110.25,1,110.25,False,88.65,24.36548223350253,24.36548223350253,False,False,False,False
2522,3.44,1,3.44,False,0.97,254.63917525773195,254.63917525773195,False,False,False,False
2523,25.5,1,25.5,False,52.4,51.33587786259541,51.33587786259541,False,False,False,False
2524,25.5,1,25.5,False,25.5,0.0,0.0,True,True,False,False
2525,1.96,8,7.29,True,110.0,98.21818181818183,93.37272727272726,False,False,False,False
2526,13.41,1,13.41,False,7.99,67.83479349186483,67.83479349186483,False,False,False,False
2527,6.5,7,6.57,True,7.29,10.836762688614542,9.876543209876539,False,True,True,False
2528,36.33,3,34.17,True,49.06,25.94781899714636,30.350591112922952,False,False,False,False
2529,25.5,9,13.17,True,13.41,90.1565995525727,1.7897091722595095,False,True,True,False
2530,25.5,10,7.29,True,13.41,90.1565995525727,45.63758389261745,False,False,False,False
2531,25.5,5,13.41,True,1.58,1513.9240506329115,748.7341772151899,False,False,False,False
2532,7812.0,2,8226.0,True,7735.0,0.9954751131221719,6.3477698771816415,True,True,False,False
2533,102.76,5,14.15,True,1049.0,90.20400381315538,98.65109628217348,False,False,False,False
2534,56.49,1,56.49,False,4153.4,98.63990947175807,98.63990947175807,False,False,False,False
2535,760.95,1,760.95,False,1036.45,26.58111824014665,26.58111824014665,False,False,False,False
2536,102.76,9,450.0,True,891.0,88.4668911335578,49.494949494949495,False,False,False,False
2537,102.76,3,1064.0,True,926.25,88.90580296896087,14.871794871794872,False,False,False,False
2538,2344.6,1,2344.6,False,2903.2,19.240837696335074,19.240837696335074,False,False,False,False
2539,102.76,6,1305.92,True,843.0,87.81020166073546,54.91340450771056,False,False,False,False
2540,102.76,9,2034.37,True,4717.7,97.82181995463891,56.8779278038027,False,False,False,False
2541,102.76,1,102.76,False,194.75,47.23491655969191,47.23491655969191,False,False,False,False
2542,102.76,7,3361.4,True,6440.05,98.4043602145946,47.804753068687354,False,False,False,False
2543,51.73,1,51.73,False,77.76,33.47479423868314,33.47479423868314,False,False,False,False
2544,102.76,8,71.96,True,1468.7,93.00333628378839,95.10042895077278,False,False,False,False
2545,102.76,1,102.76,False,2846.2,96.3895720609936,96.3895720609936,False,False,False,False
2546,1141.9,1,1141.9,False,1554.2,26.5281173594132,26.5281173594132,False,False,False,False
2547,8961.83,1,8961.83,False,8961.83,0.0,0.0,True,True,False,False
2548,108.0,4,108.0,True,70.0,54.285714285714285,54.285714285714285,False,False,False,False
2549,108.0,4,108.0,True,100.0,8.0,8.0,True,True,False,False
2550,311.99,1,311.99,False,940.0,66.8095744680851,66.8095744680851,False,False,False,False
2551,311.99,1,311.99,False,940.0,66.8095744680851,66.8095744680851,False,False,False,False
2552,311.99,1,311.99,False,940.0,66.8095744680851,66.8095744680851,False,False,False,False
2553,311.99,3,334.99,True,940.0,66.8095744680851,64.36276595744681,False,False,False,False
2554,311.99,1,311.99,False,940.0,66.8095744680851,66.8095744680851,False,False,False,False
2555,311.99,1,311.99,False,940.0,66.8095744680851,66.8095744680851,False,False,False,False
2556,311.99,1,311.99,False,940.0,66.8095744680851,66.8095744680851,False,False,False,False
2557,311.99,1,311.99,False,940.0,66.8095744680851,66.8095744680851,False,False,False,False
2558,311.99,1,311.99,False,940.0,66.8095744680851,66.8095744680851,False,False,False,False
2559,532.99,1,532.99,False,940.0,43.29893617021276,43.29893617021276,False,False,False,False
2560,389.42,1,389.42,False,955.0,59.223036649214656,59.223036649214656,False,False,False,False
2561,2399.2,1,2399.2,False,2399.2,0.0,0.0,True,True,False,False
2562,204.9,1,204.9,False,204.9,0.0,0.0,True,True,False,False
2563,102.0,5,132.5,True,140.0,27.142857142857142,5.357142857142857,False,True,True,False
2564,127.5,1,127.5,False,127.5,0.0,0.0,True,True,False,False
2565,127.5,2,155.0,True,155.0,17.741935483870968,0.0,False,True,True,False
2566,9080.0,3,9080.0,True,9080.0,0.0,0.0,True,True,False,False
2567,3800.0,3,3800.0,True,3800.0,0.0,0.0,True,True,False,False
2568,4990.0,1,4990.0,False,4990.0,0.0,0.0,True,True,False,False
2569,7450.0,3,7450.0,True,7450.0,0.0,0.0,True,True,False,False
2570,3800.0,2,3800.0,True,3800.0,0.0,0.0,True,True,False,False
2571,1912.0,1,1912.0,False,1049.0,82.26882745471879,82.26882745471879,False,False,False,False
2572,21.24,1,21.24,False,21.24,0.0,0.0,True,True,False,False
2573,826.5,3,802.16,True,826.5,0.0,2.9449485783424114,True,True,False,False
2574,802.16,1,802.16,False,802.16,0.0,0.0,True,True,False,False
2575,40719.0,10,108814.1,True,65626.0,37.95294547892604,65.80943528479567,False,False,False,False
2576,123.75,1,123.75,False,123.75,0.0,0.0,True,True,False,False
2577,11450.0,1,11450.0,False,10933.75,4.721618840745399,4.721618840745399,True,True,False,False
2578,15100.0,1,15100.0,False,17125.25,11.826104728398125,11.826104728398125,False,False,False,False
2579,5100.0,1,5100.0,False,9047.5,43.63083724785852,43.63083724785852,False,False,False,False
2580,132.5,4,155.0,True,155.0,14.516129032258066,0.0,False,True,True,False
2581,127.5,10,132.5,True,127.5,0.0,3.9215686274509802,True,True,False,False
2582,23500.0,1,23500.0,False,50585.0,53.54354057526935,53.54354057526935,False,False,False,False
2583,27841.0,2,27841.0,True,54175.0,48.609137055837564,48.609137055837564,False,False,False,False
2584,662.0,10,602.0,True,662.0,0.0,9.06344410876133,True,True,False,False
2585,494.81,1,494.81,False,4580.37,89.19716092804731,89.19716092804731,False,False,False,False
2586,735.0,1,735.0,False,24.95,2845.8917835671346,2845.8917835671346,False,False,False,False
2587,75.0,1,75.0,False,75.0,0.0,0.0,True,True,False,False
2588,176.0,1,176.0,False,89.0,97.75280898876404,97.75280898876404,False,False,False,False
2589,247.5,1,247.5,False,247.5,0.0,0.0,True,True,False,False
2590,42.99,3,164.99,True,1285.0,96.65447470817121,87.16031128404668,False,False,False,False
2591,164.99,1,164.99,False,164.99,0.0,0.0,True,True,False,False
2592,53.08,2,25.8,True,25.8,105.7364341085271,0.0,False,True,True,False
2593,0.23,5,0.227,True,0.23,0.0,1.3043478260869577,True,True,False,False
2594,210.0,2,215.25,True,161.63,29.926375054135995,33.174534430489395,False,False,False,False
2595,3853.57,1,3853.57,False,2184.0,76.44551282051283,76.44551282051283,False,False,False,False
2596,2370.0,4,1704.3,True,227.02,943.9608845035679,650.7268082107303,False,False,False,False
2597,284.0,1,284.0,False,308.4,7.911802853437087,7.911802853437087,True,True,False,False
2598,5.39,1,5.39,False,5.39,0.0,0.0,True,True,False,False
2599,260.0,2,245.24,True,23.8,992.4369747899158,930.4201680672268,False,False,False,False
2600,260.0,1,260.0,False,0.85,30488.235294117647,30488.235294117647,False,False,False,False
2601,260.0,1,260.0,False,102.0,154.90196078431373,154.90196078431373,False,False,False,False
2602,260.0,1,260.0,False,144.5,79.93079584775087,79.93079584775087,False,False,False,False
2603,260.0,1,260.0,False,76.5,239.86928104575162,239.86928104575162,False,False,False,False
2604,260.0,1,260.0,False,21.25,1123.5294117647059,1123.5294117647059,False,False,False,False
2605,260.0,3,245.24,True,32.0,712.5,666.375,False,False,False,False
2606,260.0,1,260.0,False,319.2,18.546365914786964,18.546365914786964,False,False,False,False
2607,70.4,3,74.83,True,70.4,0.0,6.292613636363625,True,True,False,False
2608,0.32,7,6.45,True,4.42,92.76018099547511,45.92760180995476,False,False,False,False
2609,70.4,1,70.4,False,70.4,0.0,0.0,True,True,False,False
2610,63.59,1,63.59,False,63.59,0.0,0.0,True,True,False,False
2611,157.5,1,157.5,False,157.5,0.0,0.0,True,True,False,False
2612,459.0,1,459.0,False,459.0,0.0,0.0,True,True,False,False
2613,783.0,1,783.0,False,783.0,0.0,0.0,True,True,False,False
2614,459.0,1,459.0,False,923.0,50.27085590465872,50.27085590465872,False,False,False,False
2615,459.0,1,459.0,False,476.0,3.571428571428571,3.571428571428571,True,True,False,False
2616,95.0,7,190.0,True,288.6,67.08246708246709,34.16493416493417,False,False,False,False
2617,5900.0,3,4363.17,True,2000.0,195.0,118.1585,False,False,False,False
2618,28200.0,5,6827.0,True,11480.0,145.6445993031359,40.53135888501742,False,False,False,False
2619,2870.0,1,2870.0,False,4337.6,33.834378458133536,33.834378458133536,False,False,False,False
2620,100.0,1,100.0,False,100.0,0.0,0.0,True,True,False,False
2621,70.0,7,100.0,True,108.0,35.18518518518518,7.4074074074074066,False,True,True,False
2622,70.0,7,100.0,True,100.0,30.0,0.0,False,True,True,False
2623,70.0,7,100.0,True,108.0,35.18518518518518,7.4074074074074066,False,True,True,False
2624,21.99,1,21.99,False,38.99,43.60092331367018,43.60092331367018,False,False,False,False
2625,1285.0,1,1285.0,False,1779.0,27.76840921866217,27.76840921866217,False,False,False,False
2626,164.99,1,164.99,False,178.19,7.407823110163303,7.407823110163303,True,True,False,False
2627,278458.0,1,278458.0,False,337000.0,17.371513353115727,17.371513353115727,False,False,False,False
2628,48.75,1,48.75,False,48.75,0.0,0.0,True,True,False,False
2629,89895.83,1,89895.83,False,89895.83,0.0,0.0,True,True,False,False
2630,89895.83,5,121699.2,True,99270.83,9.443861807139116,22.593112196201034,True,False,False,True
2631,5791.84,1,5791.84,False,1998.9,189.75136324978737,189.75136324978737,False,False,False,False
2632,21.24,1,21.24,False,21.24,0.0,0.0,True,True,False,False
2633,3762.0,1,3762.0,False,6066.0,37.98219584569733,37.98219584569733,False,False,False,False
2634,2922.0,1,2922.0,False,4158.0,29.725829725829726,29.725829725829726,False,False,False,False
2635,2922.0,1,2922.0,False,2130.0,37.183098591549296,37.183098591549296,False,False,False,False
2636,3762.0,1,3762.0,False,3630.0,3.6363636363636362,3.6363636363636362,True,True,False,False
2637,70.0,9,108.0,True,15.0,366.66666666666663,620.0,False,False,False,False
2638,100.0,1,100.0,False,100.0,0.0,0.0,True,True,False,False
2639,70.0,9,108.0,True,108.0,35.18518518518518,0.0,False,True,True,False
2640,1285.01,5,1285.01,True,1285.0,0.0007782101167308097,0.0007782101167308097,True,True,False,False
2641,21.99,1,21.99,False,21.99,0.0,0.0,True,True,False,False
2642,798.83,1,798.83,False,1346.42,40.67007323123543,40.67007323123543,False,False,False,False
2643,9080.0,4,9080.0,True,9080.0,0.0,0.0,True,True,False,False
2644,7450.0,1,7450.0,False,7450.0,0.0,0.0,True,True,False,False
2645,3800.0,1,3800.0,False,3800.0,0.0,0.0,True,True,False,False
2646,4990.0,4,4990.0,True,4990.0,0.0,0.0,True,True,False,False
2647,17.68,1,17.68,False,17.68,0.0,0.0,True,True,False,False
2648,0.23,1,0.23,False,0.23,0.0,0.0,True,True,False,False
2649,1931.08,1,1931.08,False,1931.08,0.0,0.0,True,True,False,False
2650,1329.0,1,1329.0,False,199.2,567.1686746987951,567.1686746987951,False,False,False,False
2651,83118.0,1,83118.0,False,49000.0,69.62857142857143,69.62857142857143,False,False,False,False
2652,63557.0,1,63557.0,False,28938.0,119.63162623539982,119.63162623539982,False,False,False,False
2653,87502.24,1,87502.24,False,117435.0,25.488789543151526,25.488789543151526,False,False,False,False
2654,35335.42,1,35335.42,False,35947.83,1.7036077003813679,1.7036077003813679,True,True,False,False
2655,5096.5,1,5096.5,False,5139.5,0.8366572623796089,0.8366572623796089,True,True,False,False
2656,50.0,1,50.0,False,46.51,7.503762631692114,7.503762631692114,True,True,False,False
2657,4990.0,4,4990.0,True,4990.0,0.0,0.0,True,True,False,False
2658,3000.11,1,3000.11,False,5983.61,49.86120418944416,49.86120418944416,False,False,False,False
2659,555.0,1,555.0,False,45.0,1133.3333333333335,1133.3333333333335,False,False,False,False
2660,100.31,3,552.64,True,20.0,401.55,2663.2,False,False,False,False
2661,100.31,1,100.31,False,152.0,34.00657894736842,34.00657894736842,False,False,False,False
2662,7389.9,1,7389.9,False,1688.0,337.79028436018956,337.79028436018956,False,False,False,False
2663,552.64,1,552.64,False,97.0,469.73195876288656,469.73195876288656,False,False,False,False
2664,100.31,1,100.31,False,97.0,3.412371134020621,3.412371134020621,True,True,False,False
2665,86.1,1,86.1,False,86.1,0.0,0.0,True,True,False,False
2666,86.1,1,86.1,False,160.65,46.40522875816994,46.40522875816994,False,False,False,False
2667,80.5,1,80.5,False,145.25,44.57831325301205,44.57831325301205,False,False,False,False
2668,15.31,1,15.31,False,15.31,0.0,0.0,True,True,False,False
2669,2.75,1,2.75,False,0.51,439.21568627450984,439.21568627450984,False,False,False,False
2670,218.75,2,218.75,True,148.75,47.05882352941176,47.05882352941176,False,False,False,False
2671,218.75,1,218.75,False,218.75,0.0,0.0,True,True,False,False
2672,15.31,8,15.31,True,32.73,53.22334249923616,53.22334249923616,False,False,False,False
2673,36.0,1,36.0,False,36.0,0.0,0.0,True,True,False,False
2674,80.5,1,80.5,False,80.5,0.0,0.0,True,True,False,False
2675,3070.48,1,3070.48,False,956.25,221.0959477124183,221.0959477124183,False,False,False,False
2676,1087.36,1,1087.36,False,1145.0,5.034061135371188,5.034061135371188,True,True,False,False
2677,4990.0,3,4990.0,True,4990.0,0.0,0.0,True,True,False,False
2678,9080.0,2,9080.0,True,9080.0,0.0,0.0,True,True,False,False
2679,17.1,1,17.1,False,148.0,88.44594594594595,88.44594594594595,False,False,False,False
2680,295.0,1,295.0,False,63.5,364.5669291338583,364.5669291338583,False,False,False,False
2681,1450.0,1,1450.0,False,53.75,2597.6744186046512,2597.6744186046512,False,False,False,False
2682,1450.0,1,1450.0,False,356.0,307.30337078651684,307.30337078651684,False,False,False,False
2683,1.55,1,1.55,False,2.85,45.614035087719294,45.614035087719294,False,False,False,False
2684,3.2,1,3.2,False,5.15,37.86407766990291,37.86407766990291,False,False,False,False
2685,26.18,1,26.18,False,25.0,4.719999999999999,4.719999999999999,True,True,False,False
2686,760.0,1,760.0,False,1995.0,61.904761904761905,61.904761904761905,False,False,False,False
2687,1750.0,1,1750.0,False,16735.0,89.54287421571556,89.54287421571556,False,False,False,False
2688,3995.0,1,3995.0,False,995.0,301.50753768844226,301.50753768844226,False,False,False,False
2689,1750.0,5,4223.0,True,370.0,372.97297297297297,1041.3513513513515,False,False,False,False
2690,961.51,1,961.51,False,1883.0,48.93733404142326,48.93733404142326,False,False,False,False
2691,21.25,1,21.25,False,21.25,0.0,0.0,True,True,False,False
2692,21.24,1,21.24,False,21.24,0.0,0.0,True,True,False,False
2693,102.76,3,589.12,True,657.0,84.35920852359209,10.331811263318112,False,False,False,False
2694,292.6,1,292.6,False,292.6,0.0,0.0,True,True,False,False
2695,60.18,1,60.18,False,62.89,4.309111146446177,4.309111146446177,True,True,False,False
2696,71.96,1,71.96,False,75.23,4.346670211351868,4.346670211351868,True,True,False,False
2697,3.39,1,3.39,False,3.39,0.0,0.0,True,True,False,False
2698,3.65,1,3.65,False,3.65,0.0,0.0,True,True,False,False
2699,802.16,1,802.16,False,802.16,0.0,0.0,True,True,False,False
2700,826.5,6,802.16,True,826.5,0.0,2.9449485783424114,True,True,False,False
2701,27.0,2,189.0,True,54.0,50.0,250.0,False,False,False,False
2702,285.0,2,285.0,True,285.0,0.0,0.0,True,True,False,False
2703,2498.0,6,2595.0,True,2498.0,0.0,3.8831064851881507,True,True,False,False
2704,178.0,1,178.0,False,418.0,57.41626794258373,57.41626794258373,False,False,False,False
2705,178.0,1,178.0,False,418.0,57.41626794258373,57.41626794258373,False,False,False,False
2706,3010.0,5,3010.0,True,3010.0,0.0,0.0,True,True,False,False
2707,3010.0,5,3010.0,True,3010.0,0.0,0.0,True,True,False,False
2708,3693.54,1,3693.54,False,3808.44,3.016983331757887,3.016983331757887,True,True,False,False
2709,88.28,1,88.28,False,96.23,8.261456926114521,8.261456926114521,True,True,False,False
2710,30.0,8,12.67,True,3187.68,99.05887667519951,99.60253224915925,False,False,False,False
2711,30505.0,1,30505.0,False,3726.68,718.5569997960652,718.5569997960652,False,False,False,False
2712,18311.25,1,18311.25,False,6700.0,173.30223880597015,173.30223880597015,False,False,False,False
2713,3.9,1,3.9,False,3.9,0.0,0.0,True,True,False,False
2714,19.09,1,19.09,False,19.09,0.0,0.0,True,True,False,False
2715,572.46,1,572.46,False,704.06,18.69158878504672,18.69158878504672,False,False,False,False
2716,116.1,1,116.1,False,11.0,955.4545454545455,955.4545454545455,False,False,False,False
2717,3587.08,3,701.13,True,563.06,537.0688736546728,24.52136539622777,False,False,False,False
2718,829.29,1,829.29,False,18.89,4290.100582318687,4290.100582318687,False,False,False,False
2719,150.6,1,150.6,False,151.88,0.8427706083750337,0.8427706083750337,True,True,False,False
2720,119.68,1,119.68,False,76.95,55.529564652371675,55.529564652371675,False,False,False,False
2721,1347.75,1,1347.75,False,7425.62,81.85000040400668,81.85000040400668,False,False,False,False
2722,89.25,1,89.25,False,89.99,0.8223135903989275,0.8223135903989275,True,True,False,False
2723,105.0,1,105.0,False,99.0,6.0606060606060606,6.0606060606060606,True,True,False,False
2724,64947.89,10,62977.01,True,44604.88,45.607139846581816,41.18860985614131,False,False,False,False
2725,67761.44,5,51609.55,True,43954.88,54.161358192764965,17.41483539484127,False,False,False,False
2726,29.92,1,29.92,False,29.92,0.0,0.0,True,True,False,False
2727,29.92,1,29.92,False,29.92,0.0,0.0,True,True,False,False
2728,4990.0,2,4990.0,True,4990.0,0.0,0.0,True,True,False,False
2729,9080.0,2,9080.0,True,9080.0,0.0,0.0,True,True,False,False
2730,7450.0,1,7450.0,False,7450.0,0.0,0.0,True,True,False,False
2731,9080.0,1,9080.0,False,9080.0,0.0,0.0,True,True,False,False
2732,1544.0,1,1544.0,False,10786.0,85.68514741331356,85.68514741331356,False,False,False,False
2733,1544.0,1,1544.0,False,8141.0,81.0342709740818,81.0342709740818,False,False,False,False
2734,1544.0,1,1544.0,False,7492.0,79.39135077415911,79.39135077415911,False,False,False,False
2735,1544.0,1,1544.0,False,6313.0,75.54253128465072,75.54253128465072,False,False,False,False
2736,1544.0,1,1544.0,False,8141.0,81.0342709740818,81.0342709740818,False,False,False,False
2737,1544.0,1,1544.0,False,10786.0,85.68514741331356,85.68514741331356,False,False,False,False
2738,1544.0,1,1544.0,False,7492.0,79.39135077415911,79.39135077415911,False,False,False,False
2739,1544.0,1,1544.0,False,6313.0,75.54253128465072,75.54253128465072,False,False,False,False
2740,137.5,2,137.5,True,136.0,1.1029411764705883,1.1029411764705883,True,True,False,False
2741,92.73,3,7.99,True,70.0,32.47142857142858,88.58571428571427,False,False,False,False
2742,164.99,1,164.99,False,59.84,175.71858288770053,175.71858288770053,False,False,False,False
2743,164.99,1,164.99,False,164.99,0.0,0.0,True,True,False,False
2744,175.99,5,175.99,True,175.99,0.0,0.0,True,True,False,False
2745,780.0,2,692.99,True,480.0,62.5,44.37291666666667,False,False,False,False
2746,780.0,1,780.0,False,480.0,62.5,62.5,False,False,False,False
2747,1931.08,1,1931.08,False,1931.08,0.0,0.0,True,True,False,False
2748,53514.0,1,53514.0,False,52090.33,2.733079249065994,2.733079249065994,True,True,False,False
2749,69.91,7,76.85,True,119.88,41.68335001668335,35.89422756089423,False,False,False,False
2750,431.61,1,431.61,False,224.1,92.59705488621152,92.59705488621152,False,False,False,False
2751,431.61,1,431.61,False,87.12,395.42011019283746,395.42011019283746,False,False,False,False
2752,11.0,4,192.9,True,87.12,87.37373737373737,121.41873278236915,False,False,False,False
2753,263.12,1,263.12,False,307.12,14.326647564469914,14.326647564469914,False,False,False,False
2754,1287.08,1,1287.08,False,1287.08,0.0,0.0,True,True,False,False
2755,263.12,1,263.12,False,113.52,131.78294573643413,131.78294573643413,False,False,False,False
2756,12754.86,1,12754.86,False,40606.0,68.58873072944884,68.58873072944884,False,False,False,False
2757,9080.0,4,9080.0,True,9080.0,0.0,0.0,True,True,False,False
2758,21.59,1,21.59,False,21.59,0.0,0.0,True,True,False,False
2759,589.78,10,349.97,True,589.78,0.0,40.66092441249279,True,False,False,True
2760,82.11,1,82.11,False,178.88,54.09771914132379,54.09771914132379,False,False,False,False
2761,1188.0,8,673.55,True,18.05,6481.717451523545,3631.5789473684213,False,False,False,False
2762,87.34,2,99.99,True,7.5525,1056.4382654750084,1223.9324726911618,False,False,False,False
2763,673.55,1,673.55,False,37.05,1717.9487179487182,1717.9487179487182,False,False,False,False
2764,673.55,2,3446.6,True,13299.05,94.93535252518038,74.08386313308092,False,False,False,False
2765,48.8,1,48.8,False,312.55,84.38649816029435,84.38649816029435,False,False,False,False
2766,673.55,2,3446.6,True,5223.1,87.10440160058202,34.012368133866865,False,False,False,False
2767,1188.0,1,1188.0,False,198.55,498.33795013850414,498.33795013850414,False,False,False,False
2768,673.55,1,673.55,False,474.05,42.084168336673336,42.084168336673336,False,False,False,False
2769,673.55,1,673.55,False,1376.55,51.069703243616296,51.069703243616296,False,False,False,False
2770,1188.0,6,189.0,True,56.05,2019.536128456735,237.19892952720784,False,False,False,False
2771,6123.71,2,20.0,True,9.49,64428.02950474183,110.7481559536354,False,False,False,False
2772,189.0,1,189.0,False,28.4525,564.2650030753009,564.2650030753009,False,False,False,False
2773,3446.6,1,3446.6,False,3446.6,0.0,0.0,True,True,False,False
2774,451.75,1,451.75,False,46.55,870.4618689581096,870.4618689581096,False,False,False,False
2775,115.0,2,499.0,True,755.25,84.77325388944058,33.92916252896392,False,False,False,False
2776,5983.61,1,5983.61,False,21392.67,72.02962510056014,72.02962510056014,False,False,False,False
2777,1294.87,6,1294.87,True,2074.4,37.578576937909766,37.578576937909766,False,False,False,False
2778,961.51,1,961.51,False,1883.0,48.93733404142326,48.93733404142326,False,False,False,False
2779,0.08,1,0.08,False,0.09,11.111111111111107,11.111111111111107,False,False,False,False
2780,1.0,1,1.0,False,1.79,44.134078212290504,44.134078212290504,False,False,False,False
2781,60854.87,1,60854.87,False,53488.77,13.771301901314997,13.771301901314997,False,False,False,False
2782,60854.87,1,60854.87,False,53488.77,13.771301901314997,13.771301901314997,False,False,False,False
2783,420.0,1,420.0,False,420.0,0.0,0.0,True,True,False,False
2784,75.0,1,75.0,False,75.0,0.0,0.0,True,True,False,False
2785,135.4,1,135.4,False,209.64,35.4130891051326,35.4130891051326,False,False,False,False
2786,135.4,7,138.14,True,256.79,47.27209003465867,46.20507029089919,False,False,False,False
2787,199.64,1,199.64,False,199.64,0.0,0.0,True,True,False,False
2788,135.4,1,135.4,False,135.4,0.0,0.0,True,True,False,False
2789,110.64,1,110.64,False,110.64,0.0,0.0,True,True,False,False
2790,3800.0,3,3800.0,True,3800.0,0.0,0.0,True,True,False,False
2791,12.0,1,12.0,False,6.5,84.61538461538461,84.61538461538461,False,False,False,False
2792,1.13,5,1.2,True,1.43,20.979020979020984,16.083916083916083,False,False,False,False
2793,65.2,1,65.2,False,26.57,145.3895370718856,145.3895370718856,False,False,False,False
2794,1721.0,9,719.23,True,8022.0,78.54649713288457,91.03428072799801,False,False,False,False
2795,108.0,5,108.0,True,108.0,0.0,0.0,True,True,False,False
2796,100.0,8,108.0,True,100.0,0.0,8.0,True,True,False,False
2797,2074.4,1,2074.4,False,2074.4,0.0,0.0,True,True,False,False
2798,1685.16,1,1685.16,False,1285.0,31.14085603112841,31.14085603112841,False,False,False,False
2799,244.74,1,244.74,False,164.99,48.33626280380629,48.33626280380629,False,False,False,False
2800,126.0,2,21.99,True,21.99,472.9877216916781,0.0,False,True,True,False
2801,164.99,1,164.99,False,27.0,511.07407407407413,511.07407407407413,False,False,False,False
2802,1495.45,3,1430.0,True,1100.0,35.95,30.0,False,False,False,False
2803,52090.33,1,52090.33,False,59261.49,12.100876977612268,12.100876977612268,False,False,False,False
2804,2595.0,6,2395.0,True,2895.0,10.362694300518134,17.271157167530223,False,False,False,False
2805,3587.08,1,3587.08,False,87.12,4017.401285583104,4017.401285583104,False,False,False,False
2806,1931.08,2,3345.0,True,2667.08,27.59572266298724,25.4180602006689,False,False,False,False
2807,2115.08,1,2115.08,False,1379.08,53.36891260840561,53.36891260840561,False,False,False,False
2808,3587.08,1,3587.08,False,3955.08,9.304489416143289,9.304489416143289,True,True,False,False
2809,160.0,1,160.0,False,99.0,61.61616161616161,61.61616161616161,False,False,False,False
2810,213.0,2,108.0,True,228.0,6.578947368421052,52.63157894736842,True,False,False,True
2811,11.0682,1,11.0682,False,11.0682,0.0,0.0,True,True,False,False
2812,21.24,2,21.24,True,21.24,0.0,0.0,True,True,False,False
2813,147.96,1,147.96,False,147.96,0.0,0.0,True,True,False,False
2814,227.0,5,219.99,True,175.99,28.984601397806685,25.001420535257683,False,False,False,False
2815,21.99,6,21.99,True,31.79,30.82730418370557,30.82730418370557,False,False,False,False
2816,2676.06,1,2676.06,False,2726.06,1.8341489182189679,1.8341489182189679,True,True,False,False
2817,244.74,1,244.74,False,244.74,0.0,0.0,True,True,False,False
2818,1285.0,3,1285.01,True,1285.0,0.0,0.0007782101167308097,True,True,False,False
2819,164.99,4,218.0,True,164.99,0.0,32.129219952724405,True,False,False,True
2820,21.99,2,21.99,True,21.99,0.0,0.0,True,True,False,False
2821,43.55,1,43.55,False,45.49,4.264673554627401,4.264673554627401,True,True,False,False
2822,343.99,6,111.14,True,16.89,1936.648904677324,558.0224985198342,False,False,False,False
2823,164.99,3,164.99,True,178.19,7.407823110163303,7.407823110163303,True,True,False,False
2824,1839.08,4,2115.08,True,1379.08,33.3555703802535,53.36891260840561,False,False,False,False
2825,2299.08,3,2115.08,True,1301.07,76.70686435011184,62.564658319690714,False,False,False,False
2826,692.99,1,692.99,False,500.0,38.598000000000006,38.598000000000006,False,False,False,False
2827,3586.15,1,3586.15,False,2814.0,27.439587775408675,27.439587775408675,False,False,False,False
2828,17.68,1,17.68,False,17.68,0.0,0.0,True,True,False,False
2829,11.0682,1,11.0682,False,11.0682,0.0,0.0,True,True,False,False
2830,147.96,1,147.96,False,147.96,0.0,0.0,True,True,False,False
2831,1.09,8,0.9876,True,1.56,30.128205128205128,36.69230769230769,False,False,False,False
2832,3920.0,1,3920.0,False,5600.0,30.0,30.0,False,False,False,False
2833,164.99,1,164.99,False,164.99,0.0,0.0,True,True,False,False
2834,1285.0,1,1285.0,False,1285.0,0.0,0.0,True,True,False,False
2835,244.74,3,19.49,True,21.99,1012.9604365620738,11.36880400181901,False,False,False,False
2836,818.99,2,175.99,True,153.99,431.84622378076494,14.286641989739593,False,False,False,False
2837,2726.06,1,2726.06,False,2726.06,0.0,0.0,True,True,False,False
2838,21.99,10,21.99,True,21.99,0.0,0.0,True,True,False,False
2839,164.99,3,266.99,True,244.74,32.58560104600801,9.091280542616655,False,True,True,False
2840,164.99,1,164.99,False,164.99,0.0,0.0,True,True,False,False
2841,1285.0,7,1285.0,True,1285.0,0.0,0.0,True,True,False,False
2842,21.99,4,31.79,True,31.79,30.82730418370557,0.0,False,True,True,False
2843,9080.0,3,9080.0,True,9080.0,0.0,0.0,True,True,False,False
2844,5100.0,1,5100.0,False,5100.0,0.0,0.0,True,True,False,False
2845,3800.0,3,3800.0,True,3700.0,2.7027027027027026,2.7027027027027026,True,True,False,False
2846,4990.0,3,4990.0,True,4980.0,0.2008032128514056,0.2008032128514056,True,True,False,False
2847,5100.0,1,5100.0,False,5100.0,0.0,0.0,True,True,False,False
2848,9080.0,3,9080.0,True,9080.0,0.0,0.0,True,True,False,False
2849,3800.0,3,3800.0,True,3700.0,2.7027027027027026,2.7027027027027026,True,True,False,False
2850,1614.74,1,1614.74,False,114.0,1316.438596491228,1316.438596491228,False,False,False,False
2851,1614.74,1,1614.74,False,455.0,254.88791208791207,254.88791208791207,False,False,False,False
2852,92.88,1,92.88,False,102.0,8.941176470588239,8.941176470588239,True,True,False,False
2853,1258.87,1,1258.87,False,5240.4,75.97759712999009,75.97759712999009,False,False,False,False
2854,6009.715,10,2095.0,True,2995.0,100.65826377295492,30.05008347245409,False,False,False,False
2855,198.55,6,29.34,True,195.37,1.6276808107693128,84.98234119875109,True,False,False,True
2856,13.65,3,15.0,True,1.125,1113.3333333333333,1233.3333333333335,False,False,False,False
2857,1376.55,1,1376.55,False,71.19,1833.6283185840707,1833.6283185840707,False,False,False,False
2858,198.55,6,29.34,True,169.96,16.82160508354907,82.73711461520358,False,False,False,False
2859,1376.55,1,1376.55,False,1354.32,1.641414141414143,1.641414141414143,True,True,False,False
2860,81.57,1,81.57,False,50.16,62.61961722488037,62.61961722488037,False,False,False,False
2861,312.55,1,312.55,False,250.8,24.621212121212118,24.621212121212118,False,False,False,False
2862,195.15,1,195.15,False,205.64,5.101147636646558,5.101147636646558,True,True,False,False
2863,192.29,10,219.99,True,3290.0,94.15531914893617,93.31337386018238,False,False,False,False
2864,147.96,3,147.96,True,147.96,0.0,0.0,True,True,False,False
2865,257.04,1,257.04,False,319.0,19.423197492163002,19.423197492163002,False,False,False,False
2866,11.0682,1,11.0682,False,11.0682,0.0,0.0,True,True,False,False
2867,200.74,5,214.0,True,692.55,71.01436719370442,69.09970399249151,False,False,False,False
2868,24913.0,1,24913.0,False,28241.0,11.784285259020573,11.784285259020573,False,False,False,False
2869,24913.0,2,24913.0,True,19589.0,27.178518556332637,27.178518556332637,False,False,False,False
2870,24913.0,1,24913.0,False,28241.0,11.784285259020573,11.784285259020573,False,False,False,False
2871,24913.0,1,24913.0,False,19589.0,27.178518556332637,27.178518556332637,False,False,False,False
2872,24913.0,1,24913.0,False,19589.0,27.178518556332637,27.178518556332637,False,False,False,False
2873,36830.5,2,5096.5,True,16364.43,125.06436215621319,68.85623269493651,False,False,False,False
2874,127.5,7,132.5,True,132.5,3.7735849056603774,0.0,True,True,False,False
2875,127.5,8,132.5,True,127.5,0.0,3.9215686274509802,True,True,False,False
2876,13512.14,1,13512.14,False,1896.66,612.4176183396074,612.4176183396074,False,False,False,False
2877,8.14,3,7.13,True,8.17,0.36719706242349276,12.729498164014688,True,False,False,True
2878,128.45,1,128.45,False,133.78,3.98415308715803,3.98415308715803,True,True,False,False
2879,19.85,1,19.85,False,27.51,27.84442021083242,27.84442021083242,False,False,False,False
2880,623.69,1,623.69,False,1222.0,48.96153846153845,48.96153846153845,False,False,False,False
2881,265.0,2,265.0,True,265.0,0.0,0.0,True,True,False,False
2882,21.5,1,21.5,False,27.95,23.076923076923077,23.076923076923077,False,False,False,False
2883,76.31,1,76.31,False,76.31,0.0,0.0,True,True,False,False
2884,262.5,1,262.5,False,262.5,0.0,0.0,True,True,False,False
2885,7875.0,1,7875.0,False,7875.0,0.0,0.0,True,True,False,False
2886,47896.51,1,47896.51,False,44604.88,7.37952887666104,7.37952887666104,True,True,False,False
2887,3800.0,1,3800.0,False,2625.0,44.761904761904766,44.761904761904766,False,False,False,False
2888,5938.82,1,5938.82,False,5276.0,12.562926459438964,12.562926459438964,False,False,False,False
2889,5938.82,1,5938.82,False,5276.0,12.562926459438964,12.562926459438964,False,False,False,False
2890,19589.0,6,16364.43,True,1000.0,1858.8999999999999,1536.443,False,False,False,False
2891,131.11,1,131.11,False,148.54,11.734213006597535,11.734213006597535,False,False,False,False
2892,4.97,1,4.97,False,4.97,0.0,0.0,True,True,False,False
2893,4.13,8,4.68,True,1.35,205.9259259259259,246.66666666666663,False,False,False,False
2894,4.13,2,4.13,True,4.56,9.429824561403503,9.429824561403503,True,True,False,False
2895,131.11,2,4.56,True,14.8,785.8783783783784,69.18918918918921,False,False,False,False
2896,4.97,1,4.97,False,4.97,0.0,0.0,True,True,False,False
2897,4.97,1,4.97,False,4.97,0.0,0.0,True,True,False,False
2898,4.97,1,4.97,False,4.97,0.0,0.0,True,True,False,False
2899,780.0,1,780.0,False,334.99,132.84277142601272,132.84277142601272,False,False,False,False
2900,5100.0,1,5100.0,False,5100.0,0.0,0.0,True,True,False,False
2901,4990.0,3,4990.0,True,4980.0,0.2008032128514056,0.2008032128514056,True,True,False,False
2902,4990.0,3,4990.0,True,4980.0,0.2008032128514056,0.2008032128514056,True,True,False,False
2903,5100.0,1,5100.0,False,5100.0,0.0,0.0,True,True,False,False
2904,9080.0,3,9080.0,True,9080.0,0.0,0.0,True,True,False,False
2905,2940.11,3,2619.94,True,1045.83,181.12695179904958,150.51298968283567,False,False,False,False
2906,4008.54,1,4008.54,False,466.09,760.0356154390782,760.0356154390782,False,False,False,False
2907,4008.54,1,4008.54,False,2887.21,38.837839990856224,38.837839990856224,False,False,False,False
2908,86.1,9,80.85,True,648.9,86.7313915857605,87.54045307443366,False,False,False,False
2909,11.55,7,86.1,True,11.55,0.0,645.4545454545454,True,False,False,True
2910,86.1,9,80.85,True,86.1,0.0,6.097560975609757,True,True,False,False
2911,86.1,1,86.1,False,80.85,6.493506493506494,6.493506493506494,True,True,False,False
2912,969.0,1,969.0,False,969.0,0.0,0.0,True,True,False,False
2913,79.8,1,79.8,False,79.8,0.0,0.0,True,True,False,False
2914,60854.87,1,60854.87,False,28700.0,112.03787456445995,112.03787456445995,False,False,False,False
2915,3675.93,1,3675.93,False,3675.93,0.0,0.0,True,True,False,False
2916,2412.5,3,2412.5,True,3352.8,28.04521593891673,28.04521593891673,False,False,False,False
2917,22.5,1,22.5,False,22.5,0.0,0.0,True,True,False,False
2918,7450.0,1,7450.0,False,7800.0,4.487179487179487,4.487179487179487,True,True,False,False
2919,7450.0,1,7450.0,False,7800.0,4.487179487179487,4.487179487179487,True,True,False,False
2920,236.49,9,723.79,True,242.72,2.5667435728411294,198.19957152274225,True,False,False,True
2921,236.49,9,723.79,True,315.87,25.13059169911672,129.14173552410801,False,False,False,False
2922,7450.0,1,7450.0,False,7450.0,0.0,0.0,True,True,False,False
2923,9080.0,1,9080.0,False,9080.0,0.0,0.0,True,True,False,False
2924,21.24,1,21.24,False,21.24,0.0,0.0,True,True,False,False
2925,8.5,4,33.87,True,4.39,93.621867881549,671.5261958997722,False,False,False,False
2926,142.5,1,142.5,False,266.69,46.567175372154935,46.567175372154935,False,False,False,False
2927,270.0,2,142.5,True,110.57,144.18920141087094,28.877634077959673,False,False,False,False
2928,8.5,6,44.75,True,10.02,15.16966067864271,346.6067864271458,False,False,False,False
2929,780.0,1,780.0,False,480.0,62.5,62.5,False,False,False,False
2930,175.99,10,191.0,True,175.99,0.0,8.52889368714131,True,True,False,False
2931,164.99,10,164.99,True,164.99,0.0,0.0,True,True,False,False
2932,29185.27,1,29185.27,False,17979.71,62.32336339128941,62.32336339128941,False,False,False,False
2933,563.06,7,623.99,True,64.86,768.1159420289854,862.0567375886525,False,False,False,False
2934,563.06,1,563.06,False,610.99,7.844645575214007,7.844645575214007,True,True,False,False
2935,7450.0,2,7450.0,True,7450.0,0.0,0.0,True,True,False,False
2936,4990.0,1,4990.0,False,4980.0,0.2008032128514056,0.2008032128514056,True,True,False,False
2937,11.5,1,11.5,False,34.0,66.17647058823529,66.17647058823529,False,False,False,False
2938,11.0,2,11.5,True,45.0,75.55555555555556,74.44444444444444,False,False,False,False
2939,11.0,1,11.0,False,18.0,38.88888888888889,38.88888888888889,False,False,False,False
2940,11.5,2,11.0,True,16.0,28.125,31.25,False,False,False,False
2941,12000.0,4,4500.0,True,8500.0,41.17647058823529,47.05882352941176,False,False,False,False
2942,23593.75,1,23593.75,False,6000.0,293.22916666666663,293.22916666666663,False,False,False,False
2943,247.5,1,247.5,False,247.5,0.0,0.0,True,True,False,False
2944,19.09,1,19.09,False,19.09,0.0,0.0,True,True,False,False
2945,16.99,9,16.99,True,22.24,23.60611510791367,23.60611510791367,False,False,False,False
2946,884.09,3,22525.14,True,801.35,10.325076433518438,2710.8991077556625,False,False,False,False
2947,1008244.66,1,1008244.66,False,1099114.0,8.267508192962692,8.267508192962692,True,True,False,False
2948,164328.0,1,164328.0,False,210587.0,21.96669310071372,21.96669310071372,False,False,False,False
2949,170.0,4,178.0,True,178.0,4.49438202247191,0.0,True,True,False,False
2950,24.72,2,24.72,True,24.77,0.20185708518369283,0.20185708518369283,True,True,False,False
2951,166.16,1,166.16,False,22.85,627.1772428884026,627.1772428884026,False,False,False,False
2952,50.0,1,50.0,False,148.0,66.21621621621621,66.21621621621621,False,False,False,False
2953,166.16,2,50.0,True,548.9,69.72854800510112,90.89087265439971,False,False,False,False
2954,3.9,10,7.2,True,9.95,60.80402010050251,27.63819095477386,False,False,False,False
2955,22.5,2,21.3,True,24.5,8.16326530612245,13.061224489795917,True,False,False,True
2956,31.5,1,31.5,False,175.5,82.05128205128204,82.05128205128204,False,False,False,False
2957,7.19,1,7.19,False,7.19,0.0,0.0,True,True,False,False
2958,50.0,1,50.0,False,50.0,0.0,0.0,True,True,False,False
2959,42.16,1,42.16,False,50.17,15.965716563683486,15.965716563683486,False,False,False,False
2960,100.0,9,100.0,True,100.0,0.0,0.0,True,True,False,False
2961,108.0,8,100.0,True,70.0,54.285714285714285,42.857142857142854,False,False,False,False
2962,70.0,6,100.0,True,100.0,30.0,0.0,False,True,True,False
2963,108.0,8,100.0,True,70.0,54.285714285714285,42.857142857142854,False,False,False,False
2964,31.79,1,31.79,False,31.79,0.0,0.0,True,True,False,False
2965,244.74,4,244.74,True,244.74,0.0,0.0,True,True,False,False
2966,2676.06,7,2676.06,True,2364.24,13.189016343518434,13.189016343518434,False,False,False,False
2967,1883.39,1,1883.39,False,1400.0,34.52785714285715,34.52785714285715,False,False,False,False
2968,21.99,4,21.99,True,21.99,0.0,0.0,True,True,False,False
2969,19.99,1,19.99,False,35.39,43.515117264764065,43.515117264764065,False,False,False,False
2970,1572.7,2,516.32,True,277.83,466.0655796710219,85.84026203073824,False,False,False,False
2971,97.49,1,97.49,False,10.39,838.3060635226178,838.3060635226178,False,False,False,False
2972,11.99,7,230.68,True,12.79,6.25488663017982,1703.5965598123535,True,False,False,True
2973,9867.11,10,1989.27,True,7425.62,32.87927472722817,73.2107217983145,False,False,False,False
2974,119.0,3,120.73,True,119.0,0.0,1.4537815126050453,True,True,False,False
2975,99.0,7,105.0,True,99.0,0.0,6.0606060606060606,True,True,False,False
2976,1145.0,8,1400.0,True,1058.7,8.15150656465476,32.23764994804949,True,False,False,True
2977,52090.33,1,52090.33,False,70455.23,26.066056416251847,26.066056416251847,False,False,False,False
2978,52090.33,4,59261.49,True,72103.23,27.755899423645786,17.81021460481035,False,False,False,False
2979,4495.0,3,2498.0,True,3135.0,43.38118022328549,20.318979266347686,False,False,False,False
2980,24.48,3,110.0,True,0.74,3208.108108108108,14764.864864864865,False,False,False,False
2981,98.29,1,98.29,False,16.05,512.3987538940811,512.3987538940811,False,False,False,False
2982,98.29,1,98.29,False,13.97,603.5790980672871,603.5790980672871,False,False,False,False
2983,98.29,1,98.29,False,56.06,75.33000356760614,75.33000356760614,False,False,False,False
2984,98.29,1,98.29,False,29.83,229.50050284948045,229.50050284948045,False,False,False,False
2985,110.0,1,110.0,False,0.89,12259.550561797752,12259.550561797752,False,False,False,False
2986,98.29,1,98.29,False,164.96,40.41585838991271,40.41585838991271,False,False,False,False
2987,98.29,1,98.29,False,243.07,59.56308882214999,59.56308882214999,False,False,False,False
2988,2814.0,1,2814.0,False,2904.0,3.0991735537190084,3.0991735537190084,True,True,False,False
2989,7022.62,10,607.99,True,301.52,2229.0726983284694,101.64168214380473,False,False,False,False
2990,3426.5,1,3426.5,False,2614.76,31.04453181171502,31.04453181171502,False,False,False,False
2991,3426.5,1,3426.5,False,73.59,4556.203288490284,4556.203288490284,False,False,False,False
2992,3068.0,1,3068.0,False,1521.92,101.5874684608915,101.5874684608915,False,False,False,False
2993,4004.0,1,4004.0,False,3954.31,1.2566035540966705,1.2566035540966705,True,True,False,False
2994,4004.0,1,4004.0,False,4406.69,9.138151310847817,9.138151310847817,True,True,False,False
2995,3426.5,1,3426.5,False,1334.2,156.82056663168942,156.82056663168942,False,False,False,False
2996,13313.0,1,13313.0,False,12480.0,6.674679487179487,6.674679487179487,True,True,False,False
2997,5286.92,2,388.4,True,89.0,5840.359550561798,336.40449438202245,False,False,False,False
2998,301.52,1,301.52,False,9525.0,96.83443569553806,96.83443569553806,False,False,False,False
2999,4270.0,3,989.0,True,449.0,851.0022271714922,120.26726057906458,False,False,False,False
3000,25.99,1,25.99,False,25.99,0.0,0.0,True,True,False,False
3001,164.99,1,164.99,False,164.99,0.0,0.0,True,True,False,False
3002,19.49,1,19.49,False,21.99,11.36880400181901,11.36880400181901,False,False,False,False
3003,1285.01,1,1285.01,False,1285.0,0.0007782101167308097,0.0007782101167308097,True,True,False,False
3004,67761.44,1,67761.44,False,45332.64,49.47605081018887,49.47605081018887,False,False,False,False
3005,69.99,1,69.99,False,69.99,0.0,0.0,True,True,False,False
3006,301.52,1,301.52,False,560.68,46.22244417493044,46.22244417493044,False,False,False,False
3007,154.91,1,154.91,False,154.91,0.0,0.0,True,True,False,False
3008,7425.62,5,9072.32,True,6030.45,23.135421071396,50.44184099030752,False,False,False,False
3009,178.0,6,178.0,True,183.0,2.73224043715847,2.73224043715847,True,True,False,False
3010,151041.67,1,151041.67,False,176041.67,14.201183163054518,14.201183163054518,False,False,False,False
3011,89895.83,3,187985.0,True,144270.83,37.68953155672563,30.30007521270933,False,False,False,False
3012,5276.0,1,5276.0,False,6600.0,20.06060606060606,20.06060606060606,False,False,False,False
3013,5276.0,1,5276.0,False,6600.0,20.06060606060606,20.06060606060606,False,False,False,False
3014,17.68,1,17.68,False,17.68,0.0,0.0,True,True,False,False
3015,3.9,1,3.9,False,3.9,0.0,0.0,True,True,False,False
3016,3.9,1,3.9,False,3.9,0.0,0.0,True,True,False,False
3017,4.39,8,10.01,True,0.35,1154.2857142857144,2760.0,False,False,False,False
3018,244.74,1,244.74,False,244.74,0.0,0.0,True,True,False,False
3019,21.99,6,19.49,True,21.99,0.0,11.36880400181901,True,False,False,True
3020,164.99,1,164.99,False,164.99,0.0,0.0,True,True,False,False
3021,1285.0,1,1285.0,False,1285.0,0.0,0.0,True,True,False,False
3022,151.88,5,139.46,True,151.88,0.0,8.177508559388984,True,True,False,False
3023,321.0,10,321.0,True,582.5,44.892703862660944,44.892703862660944,False,False,False,False
3024,0.3,1,0.3,False,0.3,0.0,0.0,True,True,False,False
3025,4980.0,7,4980.0,True,4980.0,0.0,0.0,True,True,False,False
3026,9080.0,4,9080.0,True,9080.0,0.0,0.0,True,True,False,False
3027,4980.0,7,4980.0,True,4980.0,0.0,0.0,True,True,False,False
3028,7800.0,1,7800.0,False,7450.0,4.697986577181208,4.697986577181208,True,True,False,False
3029,978.6,4,89.99,True,1074.85,8.954737870400512,91.62766897706656,True,False,False,True
3030,15.11,3,25.96,True,746.17,97.97499229398127,96.52090006298832,False,False,False,False
3031,25000.0,6,560.68,True,25000.0,0.0,97.75728000000001,True,False,False,True
3032,21.24,1,21.24,False,21.24,0.0,0.0,True,True,False,False
3033,15.0,1,15.0,False,15.0,0.0,0.0,True,True,False,False
3034,100.0,2,100.0,True,100.0,0.0,0.0,True,True,False,False
3035,108.0,1,108.0,False,108.0,0.0,0.0,True,True,False,False
3036,224.4,6,30.8,True,30.8,628.5714285714286,0.0,False,True,True,False
3037,227.0,3,164.49,True,175.99,28.984601397806685,6.53446218535144,False,True,True,False
3038,1285.0,2,1285.0,True,1285.0,0.0,0.0,True,True,False,False
3039,21.99,2,21.99,True,21.99,0.0,0.0,True,True,False,False
3040,164.99,1,164.99,False,164.99,0.0,0.0,True,True,False,False
3041,1400.0,3,2364.24,True,1854.4,24.503882657463333,27.493528904227766,False,False,False,False
3042,21.99,2,21.99,True,21.99,0.0,0.0,True,True,False,False
3043,164.99,1,164.99,False,164.99,0.0,0.0,True,True,False,False
3044,1285.0,7,1285.0,True,175.99,630.1551224501392,630.1551224501392,False,False,False,False
3045,480.0,1,480.0,False,735.0,34.69387755102041,34.69387755102041,False,False,False,False
3046,1582.39,1,1582.39,False,1515.47,4.415791800563526,4.415791800563526,True,True,False,False
3047,1582.39,1,1582.39,False,420.99,275.87353618850807,275.87353618850807,False,False,False,False
3048,3200.0,1,3200.0,False,2750.0,16.363636363636363,16.363636363636363,False,False,False,False
3049,67.5,6,318.6,True,45.0,50.0,608.0,False,False,False,False
3050,2185.0,1,2185.0,False,2185.0,0.0,0.0,True,True,False,False
3051,1287.08,3,2667.08,True,2725.06,52.76874637622658,2.127659574468086,False,True,True,False
3052,1301.07,1,1301.07,False,2913.06,55.336656299561284,55.336656299561284,False,False,False,False
3053,73.0,1,73.0,False,1786.49,95.91377505611563,95.91377505611563,False,False,False,False
3054,242.72,1,242.72,False,230.99,5.07814191090523,5.07814191090523,True,True,False,False
3055,70.0,3,66.9,True,66.76,4.853205512282796,0.20970641102456647,True,True,False,False
3056,125.99,2,125.0,True,4.99,2424.8496993987974,2405.0100200400802,False,False,False,False
3057,125.99,3,125.0,True,27.5,358.1454545454545,354.54545454545456,False,False,False,False
3058,8.5,1,8.5,False,11.18,23.97137745974955,23.97137745974955,False,False,False,False
3059,3.5,1,3.5,False,5.88,40.476190476190474,40.476190476190474,False,False,False,False
3060,70.0,3,66.9,True,66.76,4.853205512282796,0.20970641102456647,True,True,False,False
3061,92.73,3,364.63,True,464.99,80.05763564807845,21.58325985505065,False,False,False,False
3062,346.63,1,346.63,False,1258.74,72.4621446843669,72.4621446843669,False,False,False,False
3063,100.0,1,100.0,False,100.0,0.0,0.0,True,True,False,False
3064,15.0,2,15.0,True,15.0,0.0,0.0,True,True,False,False
3065,70.0,6,108.0,True,70.0,0.0,54.285714285714285,True,False,False,True
3066,100.0,3,100.0,True,100.0,0.0,0.0,True,True,False,False
3067,70.0,3,70.0,True,108.0,35.18518518518518,35.18518518518518,False,False,False,False
3068,100.0,1,100.0,False,100.0,0.0,0.0,True,True,False,False
3069,70.0,3,70.0,True,108.0,35.18518518518518,35.18518518518518,False,False,False,False
3070,100.0,1,100.0,False,100.0,0.0,0.0,True,True,False,False
3071,70.0,4,108.0,True,70.0,0.0,54.285714285714285,True,False,False,True
3072,3630.0,2,3762.0,True,4998.0,27.370948379351738,24.729891956782712,False,False,False,False
3073,2922.0,10,3030.0,True,2922.0,0.0,3.696098562628337,True,True,False,False
3074,3630.0,10,4050.0,True,4050.0,10.37037037037037,0.0,False,True,True,False
3075,2922.0,1,2922.0,False,4158.0,29.725829725829726,29.725829725829726,False,False,False,False
3076,2922.0,1,2922.0,False,2418.0,20.843672456575682,20.843672456575682,False,False,False,False
3077,2922.0,1,2922.0,False,1770.0,65.08474576271186,65.08474576271186,False,False,False,False
3078,2922.0,10,3030.0,True,2130.0,37.183098591549296,42.25352112676056,False,False,False,False
3079,1.9,1,1.9,False,1.46,30.136986301369863,30.136986301369863,False,False,False,False
3080,4.25119,1,4.25119,False,0.28,1418.2821428571428,1418.2821428571428,False,False,False,False
3081,31.79,1,31.79,False,32.99,3.6374658987572075,3.6374658987572075,True,True,False,False
3082,1495.45,1,1495.45,False,1415.0,5.685512367491169,5.685512367491169,True,True,False,False
3083,2676.06,1,2676.06,False,2640.77,1.3363526547181301,1.3363526547181301,True,True,False,False
3084,244.74,5,244.74,True,244.74,0.0,0.0,True,True,False,False
3085,175.0,1,175.0,False,164.99,6.067034365719129,6.067034365719129,True,True,False,False
3086,1285.01,1,1285.01,False,2377.02,45.94029499120748,45.94029499120748,False,False,False,False
3087,32.99,3,35.74,True,32.99,0.0,8.33585935131858,True,True,False,False
3088,21.99,1,21.99,False,21.99,0.0,0.0,True,True,False,False
3089,1285.01,1,1285.01,False,1285.0,0.0007782101167308097,0.0007782101167308097,True,True,False,False
3090,164.99,3,164.99,True,164.99,0.0,0.0,True,True,False,False
3091,21.99,3,21.99,True,21.99,0.0,0.0,True,True,False,False
3092,704.06,1,704.06,False,845.06,16.685205784204673,16.685205784204673,False,False,False,False
3093,344.99,1,344.99,False,192.49,79.22489479972985,79.22489479972985,False,False,False,False
3094,938.56,1,938.56,False,955.0,1.7214659685863931,1.7214659685863931,True,True,False,False
3095,23.49,2,23.49,True,23.49,0.0,0.0,True,True,False,False
3096,42.0,1,42.0,False,42.0,0.0,0.0,True,True,False,False
3097,275.0,10,275.0,True,110.0,150.0,150.0,False,False,False,False
3098,275.0,2,285.0,True,80.0,243.75,256.25,False,False,False,False
3099,5100.0,1,5100.0,False,5100.0,0.0,0.0,True,True,False,False
3100,103.0,1,103.0,False,103.0,0.0,0.0,True,True,False,False
3101,26.75,1,26.75,False,26.75,0.0,0.0,True,True,False,False
3102,464.99,7,70.0,True,83.55,456.54099341711554,16.217833632555354,False,False,False,False
3103,1094.0,1,1094.0,False,1311.0,16.552250190694124,16.552250190694124,False,False,False,False
3104,2074.4,2,2074.4,True,2074.4,0.0,0.0,True,True,False,False
3105,1883.0,1,1883.0,False,1883.0,0.0,0.0,True,True,False,False
3106,4998.0,1,4998.0,False,4998.0,0.0,0.0,True,True,False,False
3107,2922.0,1,2922.0,False,2922.0,0.0,0.0,True,True,False,False
3108,4050.0,1,4050.0,False,3762.0,7.655502392344498,7.655502392344498,True,True,False,False
3109,53488.77,5,59261.49,True,28700.0,86.37202090592334,106.48602787456444,False,False,False,False
3110,265.61,1,265.61,False,1481.25,82.06852320675104,82.06852320675104,False,False,False,False
3111,278.88,1,278.88,False,2593.75,89.24799999999999,89.24799999999999,False,False,False,False
3112,100.0,1,100.0,False,1562.5,93.60000000000001,93.60000000000001,False,False,False,False
3113,223.09,1,223.09,False,450.0,50.42444444444444,50.42444444444444,False,False,False,False
3114,248.79,1,248.79,False,5.0,4875.799999999999,4875.799999999999,False,False,False,False
3115,1020.0,1,1020.0,False,62.5,1532.0,1532.0,False,False,False,False
3116,100.0,1,100.0,False,106.25,5.88235294117647,5.88235294117647,True,True,False,False
3117,312.55,1,312.55,False,31.25,900.16,900.16,False,False,False,False
3118,220.0,10,464.75,True,1375.0,84.0,66.2,False,False,False,False
3119,219496.86,1,219496.86,False,179574.28,22.231791768843504,22.231791768843504,False,False,False,False
3120,219496.86,1,219496.86,False,3308.08,6535.173877294382,6535.173877294382,False,False,False,False
3121,219496.86,1,219496.86,False,1592.96,13679.182151466452,13679.182151466452,False,False,False,False
3122,219496.86,1,219496.86,False,1847.05,11783.644730786931,11783.644730786931,False,False,False,False
3123,219496.86,1,219496.86,False,1216.71,17940.195280716027,17940.195280716027,False,False,False,False
3124,219496.86,2,47397.84,True,5140.46,4169.98478735366,822.0544464892246,False,False,False,False
3125,219496.86,3,47397.84,True,5980.92,3569.9514455969984,692.4840994362071,False,False,False,False
3126,219496.86,1,219496.86,False,4837.51,4437.3934110730515,4437.3934110730515,False,False,False,False
3127,219496.86,2,66198.11,True,1949.66,11158.212201101729,3295.3668844824224,False,False,False,False
3128,4998.0,1,4998.0,False,3762.0,32.854864433811805,32.854864433811805,False,False,False,False
3129,3762.0,1,3762.0,False,6066.0,37.98219584569733,37.98219584569733,False,False,False,False
3130,3762.0,1,3762.0,False,4998.0,24.729891956782712,24.729891956782712,False,False,False,False
3131,1287.08,5,1287.08,True,1287.08,0.0,0.0,True,True,False,False
3132,3762.0,1,3762.0,False,4998.0,24.729891956782712,24.729891956782712,False,False,False,False
3133,2922.0,1,2922.0,False,2922.0,0.0,0.0,True,True,False,False
3134,4998.0,2,4998.0,True,3762.0,32.854864433811805,32.854864433811805,False,False,False,False
3135,2922.0,1,2922.0,False,5226.0,44.08725602755453,44.08725602755453,False,False,False,False
3136,53488.77,1,53488.77,False,67136.05,20.327797062829887,20.327797062829887,False,False,False,False
3137,59261.49,1,59261.49,False,89615.51,33.871391235735864,33.871391235735864,False,False,False,False
3138,59261.49,3,70455.23,True,89615.51,33.871391235735864,21.380540042677882,False,False,False,False
3139,239065.0,1,239065.0,False,180400.0,32.51940133037694,32.51940133037694,False,False,False,False
3140,239065.0,1,239065.0,False,180400.0,32.51940133037694,32.51940133037694,False,False,False,False
3141,53488.77,1,53488.77,False,90357.75,40.80334005660832,40.80334005660832,False,False,False,False
3142,53488.77,1,53488.77,False,82707.76,35.327990988995474,35.327990988995474,False,False,False,False
3143,53488.77,1,53488.77,False,86507.75,38.16881146486876,38.16881146486876,False,False,False,False
3144,53488.77,1,53488.77,False,90357.75,40.80334005660832,40.80334005660832,False,False,False,False
3145,59261.49,6,72103.23,True,54879.38,7.984984524242075,31.384920893785605,True,False,False,True
3146,55303.85,1,55303.85,False,28948.24,91.04391147786531,91.04391147786531,False,False,False,False
3147,55303.85,1,55303.85,False,28948.24,91.04391147786531,91.04391147786531,False,False,False,False
3148,55303.85,1,55303.85,False,28948.24,91.04391147786531,91.04391147786531,False,False,False,False
3149,55303.85,1,55303.85,False,28948.24,91.04391147786531,91.04391147786531,False,False,False,False
3150,55303.85,1,55303.85,False,28948.24,91.04391147786531,91.04391147786531,False,False,False,False
3151,55303.85,1,55303.85,False,28948.24,91.04391147786531,91.04391147786531,False,False,False,False
3152,55303.85,1,55303.85,False,28948.24,91.04391147786531,91.04391147786531,False,False,False,False
3153,55303.85,1,55303.85,False,28948.24,91.04391147786531,91.04391147786531,False,False,False,False
3154,7665.0,1,7665.0,False,9650.0,20.569948186528496,20.569948186528496,False,False,False,False
3155,4970.0,2,4980.0,True,9650.0,48.49740932642487,48.39378238341968,False,False,False,False
3156,1641.79,1,1641.79,False,445.0,268.94157303370787,268.94157303370787,False,False,False,False
3157,4363.17,1,4363.17,False,850.0,413.3141176470589,413.3141176470589,False,False,False,False
3158,469.0,1,469.0,False,34.99,1240.3829665618748,1240.3829665618748,False,False,False,False
3159,469.0,1,469.0,False,489.0,4.08997955010225,4.08997955010225,True,True,False,False
3160,52.0,1,52.0,False,355.0,85.35211267605634,85.35211267605634,False,False,False,False
3161,15.24,7,103.56,True,18.13,15.940430226144505,471.20794263651413,False,False,False,False
3162,6.12,8,103.56,True,35.78,82.89547233091112,189.43543879262157,False,False,False,False
3163,15.24,1,15.24,False,9.77,55.987717502558866,55.987717502558866,False,False,False,False
3164,49.95,1,49.95,False,6.0984,719.0672963400237,719.0672963400237,False,False,False,False
3165,101.71,1,101.71,False,79.29,28.275949047799198,28.275949047799198,False,False,False,False
3166,15.24,1,15.24,False,16.65,8.46846846846846,8.46846846846846,True,True,False,False
3167,15.24,1,15.24,False,13.42,13.5618479880775,13.5618479880775,False,False,False,False
3168,104.11,10,106.74,True,40.84,154.9216454456415,161.36141038197843,False,False,False,False
3169,15.24,7,52.98,True,15.42,1.1673151750972743,243.57976653696497,True,False,False,True
3170,22.49,7,106.74,True,22.36,0.5813953488372049,377.3703041144901,True,False,False,True
3171,15.24,1,15.24,False,39.78,61.6892911010558,61.6892911010558,False,False,False,False
3172,15.24,7,4.9,True,44.73,65.92890677397719,89.04538341158059,False,False,False,False
3173,101.71,10,241.2,True,388.97,73.85145383962775,37.990076355503,False,False,False,False
3174,27077.54,1,27077.54,False,9507.15,184.812378052308,184.812378052308,False,False,False,False
3175,300.0,1,300.0,False,349.0,14.040114613180515,14.040114613180515,False,False,False,False
3176,300.0,1,300.0,False,349.0,14.040114613180515,14.040114613180515,False,False,False,False
3177,45.61,1,45.61,False,25.0,82.44,82.44,False,False,False,False
3178,101.25,1,101.25,False,10.0,912.5,912.5,False,False,False,False
3179,156.8,1,156.8,False,156.8,0.0,0.0,True,True,False,False
3180,4158.0,4,3030.0,True,4158.0,0.0,27.12842712842713,True,False,False,True
3181,4998.0,1,4998.0,False,4998.0,0.0,0.0,True,True,False,False
3182,3762.0,1,3762.0,False,3762.0,0.0,0.0,True,True,False,False
3183,4158.0,4,3030.0,True,2922.0,42.299794661190965,3.696098562628337,False,True,True,False
3184,1285.0,1,1285.0,False,1285.0,0.0,0.0,True,True,False,False
3185,164.99,2,164.99,True,21.99,650.2955889040473,650.2955889040473,False,False,False,False
3186,164.99,1,164.99,False,164.99,0.0,0.0,True,True,False,False
3187,164.99,1,164.99,False,164.99,0.0,0.0,True,True,False,False
3188,1495.45,1,1495.45,False,1380.96,8.29060943112038,8.29060943112038,True,True,False,False
3189,21.99,1,21.99,False,21.99,0.0,0.0,True,True,False,False
3190,164.99,1,164.99,False,164.99,0.0,0.0,True,True,False,False
3191,1285.0,10,1285.0,True,1285.0,0.0,0.0,True,True,False,False
3192,311.25,5,311.25,True,311.25,0.0,0.0,True,True,False,False
3193,168.75,4,168.75,True,168.75,0.0,0.0,True,True,False,False
3194,7.25,1,7.25,False,7.25,0.0,0.0,True,True,False,False
3195,28.7,1,28.7,False,2.06,1293.2038834951456,1293.2038834951456,False,False,False,False
3196,3.89,4,28.7,True,2.06,88.83495145631069,1293.2038834951456,False,False,False,False
3197,6.88,5,28.7,True,2.4,186.66666666666669,1095.8333333333335,False,False,False,False
3198,3.89,1,3.89,False,1.37,183.94160583941607,183.94160583941607,False,False,False,False
3199,3152.0,1,3152.0,False,3585.43,12.08864766569142,12.08864766569142,False,False,False,False
3200,51984.9,6,7972.0,True,12036.0,331.9117647058824,33.76537055500166,False,False,False,False
3201,17174.25,1,17174.25,False,11288.0,52.14608433734939,52.14608433734939,False,False,False,False
3202,8.25,1,8.25,False,44.75,81.56424581005587,81.56424581005587,False,False,False,False
3203,32.43,1,32.43,False,15.0,116.19999999999999,116.19999999999999,False,False,False,False
3204,48.8,1,48.8,False,51.75,5.700483091787445,5.700483091787445,True,True,False,False
3205,86.95,3,496.95,True,2893.9,96.99540412592005,82.82767199972356,False,False,False,False
3206,32.43,1,32.43,False,24.88,30.345659163987143,30.345659163987143,False,False,False,False
3207,70.0,1,70.0,False,70.0,0.0,0.0,True,True,False,False
3208,100.0,2,100.0,True,100.0,0.0,0.0,True,True,False,False
3209,70.0,1,70.0,False,70.0,0.0,0.0,True,True,False,False
3210,21.24,1,21.24,False,21.24,0.0,0.0,True,True,False,False
3211,2.0,4,61.6,True,410.0,99.51219512195122,84.97560975609755,False,False,False,False
3212,22525.14,1,22525.14,False,2300.0,879.3539130434782,879.3539130434782,False,False,False,False
3213,2875.0,1,2875.0,False,2071.34,38.799038303706766,38.799038303706766,False,False,False,False
3214,164.99,4,164.99,True,164.99,0.0,0.0,True,True,False,False
3215,2377.02,1,2377.02,False,21.99,10709.549795361529,10709.549795361529,False,False,False,False
3216,31.79,1,31.79,False,31.79,0.0,0.0,True,True,False,False
3217,21.99,2,244.74,True,244.74,91.0149546457465,0.0,False,True,True,False
3218,2676.06,1,2676.06,False,2726.06,1.8341489182189679,1.8341489182189679,True,True,False,False
3219,5575.0,4,5575.0,True,5790.0,3.7132987910189987,3.7132987910189987,True,True,False,False
3220,4980.0,5,4980.0,True,4980.0,0.0,0.0,True,True,False,False
3221,3800.0,1,3800.0,False,3700.0,2.7027027027027026,2.7027027027027026,True,True,False,False
3222,6600.0,1,6600.0,False,6600.0,0.0,0.0,True,True,False,False
3223,6600.0,1,6600.0,False,6600.0,0.0,0.0,True,True,False,False
3224,3800.0,1,3800.0,False,3700.0,2.7027027027027026,2.7027027027027026,True,True,False,False
3225,864.0,1,864.0,False,1380.0,37.391304347826086,37.391304347826086,False,False,False,False
3226,87.35,1,87.35,False,87.35,0.0,0.0,True,True,False,False
3227,25.0,1,25.0,False,32.0,21.875,21.875,False,False,False,False
3228,25.0,1,25.0,False,188.25,86.71978751660026,86.71978751660026,False,False,False,False
3229,25.0,1,25.0,False,23.0,8.695652173913043,8.695652173913043,True,True,False,False
3230,95.36,1,95.36,False,87.74,8.684750398905864,8.684750398905864,True,True,False,False
3231,7200.0,1,7200.0,False,945.07,661.8483286952289,661.8483286952289,False,False,False,False
3232,44.0,2,67.4,True,74.52,40.955448201825014,9.554482018250122,False,True,True,False
3233,32362.05,1,32362.05,False,53.83,60018.9856957087,60018.9856957087,False,False,False,False
3234,32136.24,1,32136.24,False,53.83,59599.498420954864,59599.498420954864,False,False,False,False
3235,32362.05,4,7420.0,True,2322.94,1293.1504903269133,219.42280041671327,False,False,False,False
3236,32136.24,1,32136.24,False,115.16,27805.731156651615,27805.731156651615,False,False,False,False
3237,32362.05,4,7420.0,True,2322.94,1293.1504903269133,219.42280041671327,False,False,False,False
3238,13.0,1,13.0,False,29.32,55.66166439290586,55.66166439290586,False,False,False,False
3239,13.0,1,13.0,False,12.25,6.122448979591836,6.122448979591836,True,True,False,False
3240,13.0,1,13.0,False,411.08,96.83759852096915,96.83759852096915,False,False,False,False
3241,13.0,1,13.0,False,26.89,51.654890293789514,51.654890293789514,False,False,False,False
3242,13.0,1,13.0,False,34.98,62.83590623213264,62.83590623213264,False,False,False,False
3243,13.0,1,13.0,False,42.89,69.6899044066216,69.6899044066216,False,False,False,False
3244,13.0,1,13.0,False,46.25,71.89189189189189,71.89189189189189,False,False,False,False
3245,1977.0,1,1977.0,False,6200.0,68.11290322580645,68.11290322580645,False,False,False,False
3246,70.0,2,100.0,True,70.0,0.0,42.857142857142854,True,False,False,True
3247,70.0,2,100.0,True,100.0,30.0,0.0,False,True,True,False
3248,87.74,10,3607.5,True,49.68,76.61030595813205,7161.473429951691,False,False,False,False
3249,1060.8,1,1060.8,False,1266.87,16.266073077742778,16.266073077742778,False,False,False,False
3250,832.5,1,832.5,False,943.94,11.805835116638775,11.805835116638775,False,False,False,False
3251,56.2,10,96.51,True,5149.17,98.90856196241337,98.12571734862124,False,False,False,False
3252,4920.0,3,3075.0,True,745.22,560.2077238936153,312.62982743350955,False,False,False,False
3253,3075.0,1,3075.0,False,998.59,207.93418720395755,207.93418720395755,False,False,False,False
3254,177.0,1,177.0,False,170.45,3.8427691405104207,3.8427691405104207,True,True,False,False
3255,16006.38,1,16006.38,False,12420.29,28.872836302533983,28.872836302533983,False,False,False,False
3256,402.37,2,18.82,True,49.68,709.9235104669888,62.11755233494364,False,False,False,False
3257,147.96,1,147.96,False,147.96,0.0,0.0,True,True,False,False
3258,344.99,1,344.99,False,1275.0,72.94196078431372,72.94196078431372,False,False,False,False
3259,200.74,4,200.74,True,200.74,0.0,0.0,True,True,False,False
3260,21.99,4,21.99,True,21.99,0.0,0.0,True,True,False,False
3261,1285.0,3,1779.0,True,2039.04,36.98014752040176,12.75306026365348,False,False,False,False
3262,175.99,9,175.99,True,275.0,36.00363636363636,36.00363636363636,False,False,False,False
3263,4287.15,2,2658.85,True,674.42,535.679546869903,294.2424601880134,False,False,False,False
3264,45.0,1,45.0,False,90.0,50.0,50.0,False,False,False,False
3265,45.0,1,45.0,False,20.0,125.0,125.0,False,False,False,False
3266,135.4,1,135.4,False,256.79,47.27209003465867,47.27209003465867,False,False,False,False
3267,199.64,1,199.64,False,110.64,80.44107013738248,80.44107013738248,False,False,False,False
3268,135.4,8,135.4,True,361.29,62.5231808242686,62.5231808242686,False,False,False,False
3269,199.64,1,199.64,False,199.64,0.0,0.0,True,True,False,False
3270,361.29,1,361.29,False,361.29,0.0,0.0,True,True,False,False
3271,135.4,8,135.4,True,256.79,47.27209003465867,47.27209003465867,False,False,False,False
3272,204.0,5,31.15,True,10.58,1828.1663516068052,194.4234404536862,False,False,False,False
3273,204.0,7,33.87,True,13.91,1366.5708123652048,143.4938892882818,False,False,False,False
3274,142.5,4,47.96,True,7.99,1683.479349186483,500.2503128911139,False,False,False,False
3275,204.0,9,8.44,True,8.19,2390.842490842491,3.0525030525030528,False,True,True,False
3276,204.0,9,8.44,True,9.04,2156.6371681415935,6.637168141592917,False,True,True,False
3277,203.5,10,7.02,True,7.88,2482.48730964467,10.913705583756348,False,False,False,False
3278,204.0,7,33.87,True,9.06,2151.655629139073,273.84105960264895,False,False,False,False
3279,204.0,5,31.15,True,8.93,2184.434490481523,248.8241881298992,False,False,False,False
3280,4897.7,1,4897.7,False,16116.71,69.61104344497109,69.61104344497109,False,False,False,False
3281,5043.75,1,5043.75,False,2719.08,85.49472615737676,85.49472615737676,False,False,False,False
3282,257.04,1,257.04,False,257.04,0.0,0.0,True,True,False,False
3283,21.24,1,21.24,False,21.24,0.0,0.0,True,True,False,False
3284,319.0,1,319.0,False,319.0,0.0,0.0,True,True,False,False
3285,11.0682,1,11.0682,False,11.0682,0.0,0.0,True,True,False,False
3286,11.0682,1,11.0682,False,11.0682,0.0,0.0,True,True,False,False
3287,2074.4,1,2074.4,False,2074.4,0.0,0.0,True,True,False,False
3288,147.96,1,147.96,False,147.96,0.0,0.0,True,True,False,False
3289,70.0,4,100.0,True,70.0,0.0,42.857142857142854,True,False,False,True
3290,431.46,1,431.46,False,479.04,9.932364729458925,9.932364729458925,True,True,False,False
3291,1287.08,2,1287.08,True,55.2,2231.666666666666,2231.666666666666,False,False,False,False
3292,1400.0,1,1400.0,False,1400.0,0.0,0.0,True,True,False,False
3293,175.99,1,175.99,False,420.0,58.09761904761904,58.09761904761904,False,False,False,False
3294,45.49,1,45.49,False,57.0,20.19298245614035,20.19298245614035,False,False,False,False
3295,153.99,3,175.99,True,690.0,77.68260869565218,74.49420289855072,False,False,False,False
3296,38909.0,1,38909.0,False,33586.6,15.846796043660275,15.846796043660275,False,False,False,False
3297,38909.0,1,38909.0,False,32769.54,18.735264516987417,18.735264516987417,False,False,False,False
3298,38909.0,1,38909.0,False,35656.6,9.121452970838503,9.121452970838503,True,True,False,False
3299,38909.0,3,36675.0,True,35656.6,9.121452970838503,2.8561332263872647,True,True,False,False
3300,38909.0,1,38909.0,False,35656.6,9.121452970838503,9.121452970838503,True,True,False,False
3301,38909.0,1,38909.0,False,33586.6,15.846796043660275,15.846796043660275,False,False,False,False
3302,38909.0,1,38909.0,False,32769.54,18.735264516987417,18.735264516987417,False,False,False,False
3303,38909.0,1,38909.0,False,32769.54,18.735264516987417,18.735264516987417,False,False,False,False
3304,38909.0,2,38909.0,True,35656.6,9.121452970838503,9.121452970838503,True,True,False,False
3305,38909.0,6,41543.6,True,33586.6,15.846796043660275,23.690995813806698,False,False,False,False
3306,38909.0,1,38909.0,False,32769.54,18.735264516987417,18.735264516987417,False,False,False,False
3307,38909.0,2,38909.0,True,31699.0,22.74519700936938,22.74519700936938,False,False,False,False
3308,25.5,4,19.42,True,13.41,90.1565995525727,44.81730052199852,False,False,False,False
3309,49.06,4,7.29,True,8.81,456.86719636776394,17.253121452894444,False,False,False,False
3310,25.5,5,7.29,True,25.5,0.0,71.41176470588235,True,False,False,True
3311,2995.0,1,2995.0,False,3375.0,11.25925925925926,11.25925925925926,False,False,False,False
3312,3352.8,1,3352.8,False,3352.8,0.0,0.0,True,True,False,False
3313,3675.93,2,3675.93,True,3439.7,6.867750094484985,6.867750094484985,True,True,False,False
3314,132.5,2,127.5,True,155.0,14.516129032258066,17.741935483870968,False,False,False,False
3315,4980.0,5,4990.0,True,4980.0,0.0,0.2008032128514056,True,True,False,False
3316,9080.0,1,9080.0,False,9080.0,0.0,0.0,True,True,False,False
3317,14.33,4,13.7,True,14.33,0.0,4.39637124912771,True,True,False,False
3318,12.25,1,12.25,False,14.75,16.94915254237288,16.94915254237288,False,False,False,False
3319,84.24,1,84.24,False,91.25,7.682191780821923,7.682191780821923,True,True,False,False
3320,462.69,1,462.69,False,4638.01,90.02395423899475,90.02395423899475,False,False,False,False
3321,100.0,10,100.0,True,100.0,0.0,0.0,True,True,False,False
3322,108.0,1,108.0,False,108.0,0.0,0.0,True,True,False,False
3323,75.24,8,25.8,True,229.7,67.24423160644318,88.76795820635611,False,False,False,False
3324,13715.1,1,13715.1,False,21828.72,37.16947214495399,37.16947214495399,False,False,False,False
3325,175.99,3,175.99,True,159.49,10.345476205404728,10.345476205404728,False,False,False,False
3326,113.52,3,307.12,True,307.12,63.03724928366763,0.0,False,True,True,False
3327,307.12,1,307.12,False,219.12,40.16064257028113,40.16064257028113,False,False,False,False
3328,1287.08,2,1287.08,True,1011.08,27.29754322111009,27.29754322111009,False,False,False,False
3329,480.0,2,735.0,True,1000.0,52.0,26.5,False,False,False,False
3330,1285.0,1,1285.0,False,1285.0,0.0,0.0,True,True,False,False
3331,21.99,1,21.99,False,21.99,0.0,0.0,True,True,False,False
3332,59.2,1,59.2,False,62.15,4.746580852775536,4.746580852775536,True,True,False,False
3333,59.2,1,59.2,False,62.15,4.746580852775536,4.746580852775536,True,True,False,False
3334,75.75,1,75.75,False,94.86,20.14547754585705,20.14547754585705,False,False,False,False
3335,13.55,5,82.63,True,26.28,48.43987823439878,214.4216133942161,False,False,False,False
3336,3900.0,1,3900.0,False,2850.0,36.84210526315789,36.84210526315789,False,False,False,False
3337,154.5,4,139.2,True,108.1,42.923219241443114,28.769657724329324,False,False,False,False
3338,14.25,5,34.5,True,39.51,63.9331814730448,12.680334092634771,False,False,False,False
3339,6450.0,3,6335.0,True,6625.0,2.6415094339622645,4.377358490566038,True,True,False,False
3340,4081.0,1,4081.0,False,9543.0,57.235670124698736,57.235670124698736,False,False,False,False
3341,9720.0,3,4081.0,True,9191.0,5.755630508105756,55.597867479055594,True,False,False,True
3342,9720.0,3,4081.0,True,11870.0,18.112889637742207,65.61920808761585,False,False,False,False
3343,13.91,1,13.91,False,106.0,86.87735849056604,86.87735849056604,False,False,False,False
3344,17.5,5,13.91,True,106.0,83.49056603773585,86.87735849056604,False,False,False,False
3345,13.91,3,10.58,True,106.0,86.87735849056604,90.0188679245283,False,False,False,False
3346,13.91,6,120.0,True,106.0,86.87735849056604,13.20754716981132,False,False,False,False
3347,13.91,4,9.04,True,424.0,96.7193396226415,97.86792452830188,False,False,False,False
3348,3662.0,1,3662.0,False,4850.0,24.494845360824744,24.494845360824744,False,False,False,False
3349,42.25,1,42.25,False,4850.0,99.12886597938144,99.12886597938144,False,False,False,False
3350,3662.0,1,3662.0,False,4850.0,24.494845360824744,24.494845360824744,False,False,False,False
3351,11.0682,1,11.0682,False,11.0682,0.0,0.0,True,True,False,False
3352,147.96,1,147.96,False,147.96,0.0,0.0,True,True,False,False
3353,17.58,1,17.58,False,63.85,72.46671887235709,72.46671887235709,False,False,False,False
3354,164.99,3,164.99,True,164.99,0.0,0.0,True,True,False,False
3355,1285.01,6,1285.01,True,1285.0,0.0007782101167308097,0.0007782101167308097,True,True,False,False
3356,572.46,2,572.46,True,572.46,0.0,0.0,True,True,False,False
3357,2676.06,4,2676.06,True,2750.0,2.6887272727272746,2.6887272727272746,True,True,False,False
3358,99.0,3,100.0,True,891.0,88.88888888888889,88.7766554433221,False,False,False,False
3359,9396.92,1,9396.92,False,9684.1,2.9654794973203527,2.9654794973203527,True,True,False,False
3360,127.72,4,122.19,True,24.77,415.6237383932176,393.2983447719015,False,False,False,False
3361,89615.51,8,59261.49,True,50370.46,77.91282827276144,17.651278149931528,False,False,False,False
3362,89615.51,8,59261.49,True,50370.46,77.91282827276144,17.651278149931528,False,False,False,False
3363,3800.0,1,3800.0,False,3700.0,2.7027027027027026,2.7027027027027026,True,True,False,False
3364,4980.0,2,4980.0,True,4980.0,0.0,0.0,True,True,False,False
3365,9650.0,1,9650.0,False,9650.0,0.0,0.0,True,True,False,False
3366,921.47,1,921.47,False,517.31,78.12723512014075,78.12723512014075,False,False,False,False
3367,7450.0,1,7450.0,False,7800.0,4.487179487179487,4.487179487179487,True,True,False,False
3368,9650.0,1,9650.0,False,9650.0,0.0,0.0,True,True,False,False
3369,14.75,1,14.75,False,31.0,52.41935483870967,52.41935483870967,False,False,False,False
3370,43.96,1,43.96,False,89.68,50.98126672613738,50.98126672613738,False,False,False,False
3371,121.86,2,110.78,True,127.96,4.767114723351043,13.426070647077207,True,False,False,True
3372,600.0,1,600.0,False,199.95,200.0750187546887,200.0750187546887,False,False,False,False
3373,1200.0,1,1200.0,False,40.0,2900.0,2900.0,False,False,False,False
3374,7.19,7,178.8,True,14.9,51.74496644295302,1100.0,False,False,False,False
3375,7.19,7,178.8,True,14.9,51.74496644295302,1100.0,False,False,False,False
3376,7.19,7,178.8,True,14.9,51.74496644295302,1100.0,False,False,False,False
3377,36.5,5,35.47,True,1.45,2417.2413793103447,2346.206896551724,False,False,False,False
3378,1.2,1,1.2,False,1.45,17.24137931034483,17.24137931034483,False,False,False,False
3379,70.0,1,70.0,False,100.0,30.0,30.0,False,False,False,False
3380,100.0,1,100.0,False,108.0,7.4074074074074066,7.4074074074074066,True,True,False,False
3381,175.99,1,175.99,False,159.49,10.345476205404728,10.345476205404728,False,False,False,False
3382,164.99,1,164.99,False,244.74,32.58560104600801,32.58560104600801,False,False,False,False
3383,31.79,4,31.79,True,32.99,3.6374658987572075,3.6374658987572075,True,True,False,False
3384,2726.06,2,2726.06,True,2398.33,13.664925177102402,13.664925177102402,False,False,False,False
3385,219.12,2,224.1,True,116.1,88.73385012919897,93.0232558139535,False,False,False,False
3386,431.46,1,431.46,False,1103.08,60.88588316350582,60.88588316350582,False,False,False,False
3387,39.38,1,39.38,False,39.38,0.0,0.0,True,True,False,False
3388,18.0,1,18.0,False,18.0,0.0,0.0,True,True,False,False
3389,243.75,1,243.75,False,243.75,0.0,0.0,True,True,False,False
3390,255.0,1,255.0,False,255.0,0.0,0.0,True,True,False,False
3391,78.0,1,78.0,False,113.0,30.973451327433626,30.973451327433626,False,False,False,False
3392,95.0,1,95.0,False,381.0,75.06561679790026,75.06561679790026,False,False,False,False
3393,78.0,1,78.0,False,350.0,77.71428571428571,77.71428571428571,False,False,False,False
3394,183.0,2,186.73,True,237.74,23.025153529065367,21.45621266930261,False,False,False,False
3395,94.0,1,94.0,False,95.09,1.1462824692396714,1.1462824692396714,True,True,False,False
3396,873.1,6,150.0,True,480.0,81.89583333333333,68.75,False,False,False,False
3397,7.56,1,7.56,False,9.54,20.754716981132074,20.754716981132074,False,False,False,False
3398,11.0,1,11.0,False,71.99,84.72010001389081,84.72010001389081,False,False,False,False
3399,845.06,1,845.06,False,704.06,20.026702269692926,20.026702269692926,False,False,False,False
3400,116.1,1,116.1,False,63.2,83.7025316455696,83.7025316455696,False,False,False,False
3401,93.75,5,92.0,True,603.0,84.45273631840796,84.74295190713102,False,False,False,False
3402,86.1,6,80.85,True,648.9,86.7313915857605,87.54045307443366,False,False,False,False
3403,0.1643,1,0.1643,False,0.1643,0.0,0.0,True,True,False,False
3404,1285.0,10,1285.0,True,1285.0,0.0,0.0,True,True,False,False
3405,31.79,2,21.99,True,21.99,44.56571168713052,0.0,False,True,True,False
3406,2676.06,4,164.99,True,164.99,1521.9528456270075,0.0,False,True,True,False
3407,2926.0,1,2926.0,False,2301.19,27.15160417001638,27.15160417001638,False,False,False,False
3408,244.74,9,244.74,True,244.74,0.0,0.0,True,True,False,False
3409,23.75,6,21.99,True,31.79,25.29097200377477,30.82730418370557,False,False,False,False
3410,2026.51,3,2640.77,True,2676.06,24.272624679566228,1.318729774369781,False,True,True,False
3411,200.74,2,200.74,True,200.74,0.0,0.0,True,True,False,False
3412,32.99,6,31.79,True,244.74,86.52038898422816,87.01070523821198,False,False,False,False
3413,1285.0,1,1285.0,False,1285.0,0.0,0.0,True,True,False,False
3414,164.99,8,164.99,True,164.99,0.0,0.0,True,True,False,False
3415,275.0,1,275.0,False,223.99,22.773338095450686,22.773338095450686,False,False,False,False
3416,1285.0,5,2219.31,True,1904.84,32.54026584910019,16.508998131076627,False,False,False,False
3417,895.0,1,895.0,False,159.49,461.1637093234685,461.1637093234685,False,False,False,False
3418,32.99,3,35.74,True,38.99,15.388561169530648,8.335470633495767,False,True,True,False
3419,31.79,1,31.79,False,32.99,3.6374658987572075,3.6374658987572075,True,True,False,False
3420,22.99,2,41.02,True,25.99,11.542901115813775,57.829934590227026,False,False,False,False
3421,19.49,1,19.49,False,21.99,11.36880400181901,11.36880400181901,False,False,False,False
3422,2726.06,1,2726.06,False,2364.28,15.301910095250973,15.301910095250973,False,False,False,False
3423,55.2,2,572.46,True,572.46,90.35740488418405,0.0,False,True,True,False
3424,1103.08,1,1103.08,False,1011.08,9.099181073703356,9.099181073703356,True,True,False,False
3425,307.12,3,307.12,True,263.12,16.722408026755854,16.722408026755854,False,False,False,False
3426,307.12,4,307.12,True,139.92,119.49685534591197,119.49685534591197,False,False,False,False
3427,563.06,1,563.06,False,422.06,33.40757238307348,33.40757238307348,False,False,False,False
3428,116.1,1,116.1,False,219.12,47.015334063526836,47.015334063526836,False,False,False,False
3429,219.12,2,116.1,True,95.92,128.44036697247708,21.038365304420342,False,False,False,False
3430,154.91,10,154.91,True,98.27,57.637122214307524,57.637122214307524,False,False,False,False
3431,91.35,1,91.35,False,207.23,55.918544612266565,55.918544612266565,False,False,False,False
3432,424.35,1,424.35,False,6246.15,93.20621502845754,93.20621502845754,False,False,False,False
3433,88.65,6,94.5,True,948.6,90.65464895635674,90.03795066413662,False,False,False,False
3434,46075.0,1,46075.0,False,44847.64,2.73673263520667,2.73673263520667,True,True,False,False
3435,594.78,3,632.78,True,391.0,52.11764705882352,61.83631713554987,False,False,False,False
3436,594.78,3,632.78,True,983.0,39.49338758901323,35.62767039674466,False,False,False,False
3437,594.78,3,632.78,True,654.0,9.055045871559637,3.2446483180428176,True,True,False,False
3438,594.78,5,555.89,True,677.0,12.14475627769572,17.889217134416548,False,False,False,False
3439,1575.0,1,1575.0,False,7570.0,79.19418758256275,79.19418758256275,False,False,False,False
3440,5062.64,1,5062.64,False,10816.0,53.1930473372781,53.1930473372781,False,False,False,False
3441,97.36,1,97.36,False,196.85,50.54102108204216,50.54102108204216,False,False,False,False
3442,83.25,2,97.36,True,166.5,50.0,41.525525525525524,False,False,False,False
3443,21.24,1,21.24,False,21.24,0.0,0.0,True,True,False,False
3444,3.9,1,3.9,False,3.9,0.0,0.0,True,True,False,False
3445,3.9,1,3.9,False,3.9,0.0,0.0,True,True,False,False
3446,159.49,2,175.99,True,159.49,0.0,10.345476205404728,True,False,False,True
3447,159.49,1,159.49,False,159.49,0.0,0.0,True,True,False,False
3448,59.84,1,59.84,False,59.84,0.0,0.0,True,True,False,False
3449,219.99,10,236.49,True,192.49,14.286456439295547,22.858330302872876,False,False,False,False
3450,475728.91,1,475728.91,False,122923.31,287.01277243510606,287.01277243510606,False,False,False,False
3451,4060.0,6,838.0,True,124450.0,96.73764564081961,99.32663720369627,False,False,False,False
3452,4060.0,6,838.0,True,124450.0,96.73764564081961,99.32663720369627,False,False,False,False
3453,50370.46,3,89615.51,True,89615.51,43.79269838446492,0.0,False,True,True,False
3454,50370.46,3,89615.51,True,89615.51,43.79269838446492,0.0,False,True,True,False
3455,50370.46,3,89615.51,True,89615.51,43.79269838446492,0.0,False,True,True,False
3456,14.12,8,1521.0,True,36.47,61.283246503975874,4070.551137921579,False,False,False,False
3457,14.12,10,31.0,True,26.03,45.75489819439109,19.09335382251248,False,False,False,False
3458,14.12,9,15.18,True,8.83,59.90939977349943,71.91392978482446,False,False,False,False
3459,25.91,1,25.91,False,12.44,108.27974276527333,108.27974276527333,False,False,False,False
3460,25.91,1,25.91,False,29.1,10.96219931271478,10.96219931271478,False,False,False,False
3461,416.88,10,2910.22,True,622.3,33.0098023461353,367.65547163747397,False,False,False,False
3462,26.58,1,26.58,False,28.71,7.419017763845359,7.419017763845359,True,True,False,False
3463,36420.39,1,36420.39,False,128150.65,71.58001929760013,71.58001929760013,False,False,False,False
3464,38.95,1,38.95,False,129.34,69.88557290861296,69.88557290861296,False,False,False,False
3465,38.95,1,38.95,False,189.0,79.3915343915344,79.3915343915344,False,False,False,False
3466,510.0,1,510.0,False,750.82,32.07426546975308,32.07426546975308,False,False,False,False
3467,48.8,1,48.8,False,49.99,2.3804760952190533,2.3804760952190533,True,True,False,False
3468,2298.0,1,2298.0,False,5495.0,58.18016378525933,58.18016378525933,False,False,False,False
3469,556.95,1,556.95,False,470.0,18.50000000000001,18.50000000000001,False,False,False,False
3470,27.0,1,27.0,False,519.07,94.79838942724487,94.79838942724487,False,False,False,False
3471,27.0,3,34.8,True,10446.32,99.7415357752778,99.66686833258028,False,False,False,False
3472,572.46,2,1103.08,True,1103.08,48.103492040468495,0.0,False,True,True,False
3473,164.99,2,164.99,True,164.99,0.0,0.0,True,True,False,False
3474,420.0,1,420.0,False,420.0,0.0,0.0,True,True,False,False
3475,159.49,1,159.49,False,159.49,0.0,0.0,True,True,False,False
3476,940.0,8,500.49,True,570.0,64.91228070175438,12.19473684210526,False,False,False,False
3477,1285.0,1,1285.0,False,1285.0,0.0,0.0,True,True,False,False
3478,59.84,1,59.84,False,68.39,12.501827752595403,12.501827752595403,False,False,False,False
3479,610.99,7,729.0,True,479.04,27.544672678690713,52.179358717434866,False,False,False,False
3480,54.98,2,25.8,True,88.45,37.84058790276993,70.83097795364614,False,False,False,False
3481,94972.0,2,92999.0,True,68937.35,37.76566694252099,34.903648022443555,False,False,False,False
3482,3700.0,3,3700.0,True,3700.0,0.0,0.0,True,True,False,False
3483,8050.0,1,8050.0,False,8050.0,0.0,0.0,True,True,False,False
3484,560.68,1,560.68,False,504.62,11.109349609607218,11.109349609607218,False,False,False,False
3485,100.0,1,100.0,False,70.0,42.857142857142854,42.857142857142854,False,False,False,False
3486,17.68,1,17.68,False,17.68,0.0,0.0,True,True,False,False
3487,103.19,3,426.79,True,136.0,24.125000000000004,213.81617647058823,False,False,False,False
3488,334.99,1,334.99,False,735.0,54.42312925170067,54.42312925170067,False,False,False,False
3489,25.99,7,25.99,True,25.99,0.0,0.0,True,True,False,False
3490,175.99,9,175.99,True,159.49,10.345476205404728,10.345476205404728,False,False,False,False
3491,244.74,1,244.74,False,164.99,48.33626280380629,48.33626280380629,False,False,False,False
3492,1400.0,4,1495.45,True,1285.0,8.949416342412452,16.377431906614788,True,False,False,True
3493,164328.0,1,164328.0,False,540911.5,69.62016891857542,69.62016891857542,False,False,False,False
3494,59261.49,1,59261.49,False,69134.22,14.280525621031096,14.280525621031096,False,False,False,False
3495,2195.0,2,199.95,True,650.0,237.69230769230768,69.23846153846154,False,False,False,False
3496,19.09,1,19.09,False,19.09,0.0,0.0,True,True,False,False
3497,99.26,2,99.26,True,166.68,40.44876409887209,40.44876409887209,False,False,False,False
3498,945.07,1,945.07,False,874.54,8.064811215038773,8.064811215038773,True,True,False,False
3499,99.26,2,99.26,True,250.02,60.299176065914715,60.299176065914715,False,False,False,False
3500,164.99,5,164.99,True,164.99,0.0,0.0,True,True,False,False
3501,21.99,7,21.99,True,21.99,0.0,0.0,True,True,False,False
3502,1285.0,1,1285.0,False,1285.0,0.0,0.0,True,True,False,False
3503,21.99,1,21.99,False,21.99,0.0,0.0,True,True,False,False
3504,164.99,1,164.99,False,164.99,0.0,0.0,True,True,False,False
3505,19.49,3,19.49,True,1950.0,99.00051282051282,99.00051282051282,False,False,False,False
3506,25.5,1,25.5,False,27.75,8.108108108108109,8.108108108108109,True,True,False,False
3507,25.68,2,648.9,True,31.25,17.824,1976.48,False,False,False,False
3508,25.68,1,25.68,False,109.56,76.56078860898138,76.56078860898138,False,False,False,False
3509,4980.0,5,4980.0,True,4980.0,0.0,0.0,True,True,False,False
3510,7450.0,1,7450.0,False,7450.0,0.0,0.0,True,True,False,False
3511,9080.0,4,9080.0,True,9080.0,0.0,0.0,True,True,False,False
3512,7450.0,1,7450.0,False,7450.0,0.0,0.0,True,True,False,False
3513,4980.0,5,4980.0,True,4980.0,0.0,0.0,True,True,False,False
3514,100.17,1,100.17,False,629.0,84.07472178060415,84.07472178060415,False,False,False,False
3515,1589.54,8,1444.12,True,23.0,6811.043478260869,6178.782608695651,False,False,False,False
3516,2695.0,1,2695.0,False,3500.0,23.0,23.0,False,False,False,False
3517,999.29,1,999.29,False,341.13,192.93524462814761,192.93524462814761,False,False,False,False
3518,3693.54,7,3808.44,True,2887.21,27.927653340075707,31.907273804122323,False,False,False,False
3519,3693.54,6,3808.44,True,1659.79,122.5305610950783,129.45312358792378,False,False,False,False
3520,3693.54,7,3808.44,True,1501.72,145.95397277788135,153.60519937138747,False,False,False,False
3521,21.24,1,21.24,False,21.24,0.0,0.0,True,True,False,False
3522,71.5,7,71.5,True,71.5,0.0,0.0,True,True,False,False
3523,86.1,1,86.1,False,80.85,6.493506493506494,6.493506493506494,True,True,False,False
3524,86.1,1,86.1,False,86.1,0.0,0.0,True,True,False,False
3525,19.09,1,19.09,False,19.09,0.0,0.0,True,True,False,False
3526,96.51,1,96.51,False,10790.87,99.10563281737245,99.10563281737245,False,False,False,False
3527,45.0,10,785.0,True,8580.91,99.47558009581734,90.85178611592477,False,False,False,False
3528,1091.93,2,865.31,True,1091.93,0.0,20.75407764233972,True,False,False,True
3529,864.01,1,864.01,False,1018.46,15.165053119415592,15.165053119415592,False,False,False,False
3530,1500.0,6,3825.79,True,3196.83,53.078518407297224,19.67449004169756,False,False,False,False
3531,773.55,1,773.55,False,773.55,0.0,0.0,True,True,False,False
3532,164.99,2,2676.06,True,52.79,212.54025383595382,4969.255540822125,False,False,False,False
3533,100.0,3,100.0,True,108.0,7.4074074074074066,7.4074074074074066,True,True,False,False
3534,5200.0,4,5200.0,True,5200.0,0.0,0.0,True,True,False,False
3535,9080.0,5,9080.0,True,9200.0,1.3043478260869565,1.3043478260869565,True,True,False,False
3536,34.835,1,34.835,False,72.5,51.95172413793103,51.95172413793103,False,False,False,False
3537,55.42,1,55.42,False,130.66,57.58457064135924,57.58457064135924,False,False,False,False
3538,19.95,1,19.95,False,1319.01,98.48750199012896,98.48750199012896,False,False,False,False
3539,178.88,1,178.88,False,178.88,0.0,0.0,True,True,False,False
3540,589.78,2,589.78,True,589.78,0.0,0.0,True,True,False,False
3541,92.88,7,53.08,True,191.79,51.57203190990145,72.32389592783774,False,False,False,False
3542,259.98,3,234.89,True,38.84,569.361483007209,504.7631307929969,False,False,False,False
3543,32.9,1,32.9,False,2637.66,98.75268230173714,98.75268230173714,False,False,False,False
3544,33.12,1,33.12,False,75.71,56.25412759212786,56.25412759212786,False,False,False,False
3545,29.42,1,29.42,False,87.5,66.37714285714286,66.37714285714286,False,False,False,False
3546,8.5,5,33.12,True,36.05,76.42163661581137,8.12760055478502,False,True,True,False
3547,160.0,3,110.0,True,2000.0,92.0,94.5,False,False,False,False
3548,286.13,9,315.0,True,228.9,25.00218435998252,37.61467889908256,False,False,False,False
3549,286.13,9,315.0,True,343.35,16.66521042667832,8.25688073394496,False,True,True,False
3550,286.13,9,315.0,True,286.13,0.0,10.089819312899733,True,False,False,True
3551,273.86,1,273.86,False,249.0,9.983935742971893,9.983935742971893,True,True,False,False
3552,286.13,9,315.0,True,343.35,16.66521042667832,8.25688073394496,False,True,True,False
3553,70.4,6,76.51,True,70.4,0.0,8.678977272727272,True,True,False,False
3554,70.4,10,68.32,True,70.4,0.0,2.9545454545454723,True,True,False,False
3555,1150.0,3,1150.0,True,1850.0,37.83783783783784,37.83783783783784,False,False,False,False
3556,227.0,3,227.0,True,159.49,42.328672644052915,42.328672644052915,False,False,False,False
3557,2658.85,7,4272.2,True,6319.33,57.92512813858431,32.39473171997665,False,False,False,False
3558,862.64,1,862.64,False,1490.0,42.104697986577186,42.104697986577186,False,False,False,False
3559,916.08,1,916.08,False,43.35,2013.2179930795846,2013.2179930795846,False,False,False,False
3560,916.08,1,916.08,False,1163.03,21.233330180648817,21.233330180648817,False,False,False,False
3561,916.08,1,916.08,False,231.57,295.59528436325945,295.59528436325945,False,False,False,False
3562,14.5,1,14.5,False,14.5,0.0,0.0,True,True,False,False
3563,6.95,1,6.95,False,6.1,13.934426229508206,13.934426229508206,False,False,False,False
3564,2074.4,2,2074.4,True,2249.4,7.7798524050858004,7.7798524050858004,True,True,False,False
3565,2074.4,1,2074.4,False,2249.4,7.7798524050858004,7.7798524050858004,True,True,False,False
3566,76.98,1,76.98,False,1346.42,94.28261612275516,94.28261612275516,False,False,False,False
3567,31.19,1,31.19,False,24.63,26.634185952090956,26.634185952090956,False,False,False,False
3568,230.99,1,230.99,False,192.49,20.001039015013767,20.001039015013767,False,False,False,False
3569,9995.0,1,9995.0,False,10147.5,1.5028332101502835,1.5028332101502835,True,True,False,False
3570,9995.0,2,8100.0,True,9995.0,0.0,18.959479739869938,True,False,False,True
3571,2.7,6,2.65,True,3.65,26.027397260273965,27.397260273972602,False,False,False,False
3572,3.65,1,3.65,False,3.2,14.062499999999991,14.062499999999991,False,False,False,False
3573,2.65,2,2.65,True,1.9,39.473684210526315,39.473684210526315,False,False,False,False
3574,2.7,6,2.65,True,1.3,107.69230769230771,103.84615384615384,False,False,False,False
3575,2.7,5,2.65,True,2.7,0.0,1.8518518518518614,True,True,False,False
3576,2.7,4,2.65,True,2.7,0.0,1.8518518518518614,True,True,False,False
3577,3.65,1,3.65,False,1.9,92.10526315789474,92.10526315789474,False,False,False,False
3578,2.65,3,2.65,True,2.65,0.0,0.0,True,True,False,False
3579,3.65,1,3.65,False,3.2,14.062499999999991,14.062499999999991,False,False,False,False
3580,2.7,1,2.7,False,3.65,26.027397260273965,26.027397260273965,False,False,False,False
3581,2.7,8,2.65,True,5.45,50.45871559633027,51.37614678899083,False,False,False,False
3582,2.7,1,2.7,False,1.3,107.69230769230771,107.69230769230771,False,False,False,False
3583,517.31,1,517.31,False,690.6,25.092673037938034,25.092673037938034,False,False,False,False
3584,17125.25,1,17125.25,False,16187.5,5.793050193050193,5.793050193050193,True,True,False,False
3585,17125.25,1,17125.25,False,16187.5,5.793050193050193,5.793050193050193,True,True,False,False
3586,9650.0,1,9650.0,False,15450.5,37.54247435358079,37.54247435358079,False,False,False,False
3587,3700.0,4,3700.0,True,5404.0,31.53219837157661,31.53219837157661,False,False,False,False
3588,7450.0,1,7450.0,False,8450.0,11.834319526627219,11.834319526627219,False,False,False,False
3589,6313.0,1,6313.0,False,8216.0,23.162122687439144,23.162122687439144,False,False,False,False
3590,6600.0,3,6600.0,True,6328.0,4.298356510745891,4.298356510745891,True,True,False,False
3591,5100.0,1,5100.0,False,5782.0,11.795226565202352,11.795226565202352,False,False,False,False
3592,4980.0,4,4980.0,True,9074.0,45.117919329953715,45.117919329953715,False,False,False,False
3593,9080.0,1,9080.0,False,10985.0,17.34182976786527,17.34182976786527,False,False,False,False
3594,21233.0,1,21233.0,False,32760.0,35.18620268620269,35.18620268620269,False,False,False,False
3595,54175.0,2,27841.0,True,39136.5,38.42576622845681,28.861804198127068,False,False,False,False
3596,47354.4,1,47354.4,False,43641.0,8.508970921839557,8.508970921839557,True,True,False,False
3597,6600.0,3,6600.0,True,6600.0,0.0,0.0,True,True,False,False
3598,3700.0,2,3700.0,True,3700.0,0.0,0.0,True,True,False,False
3599,1659.79,10,1850.0,True,230.0,621.6478260869566,704.3478260869565,False,False,False,False
3600,186.98,1,186.98,False,1500.0,87.53466666666667,87.53466666666667,False,False,False,False
3601,1952.07,1,1952.07,False,1793.97,8.81285640228097,8.81285640228097,True,True,False,False
3602,479.04,1,479.04,False,62.1,671.4009661835748,671.4009661835748,False,False,False,False
3603,137.08,1,137.08,False,140.06,2.127659574468078,2.127659574468078,True,True,False,False
3604,422.06,1,422.06,False,563.06,25.04173622704507,25.04173622704507,False,False,False,False
3605,1287.08,5,1287.08,True,2299.08,44.01760704281713,44.01760704281713,False,False,False,False
3606,623.99,1,623.99,False,156.79,297.9781873843995,297.9781873843995,False,False,False,False
3607,1115.07,2,1103.08,True,1115.07,0.0,1.0752688172043021,True,True,False,False
3608,227.0,7,227.0,True,142.99,58.752360304916415,58.752360304916415,False,False,False,False
3609,940.0,6,159.49,True,250.0,276.0,36.204,False,False,False,False
3610,35.19,4,32.99,True,35.19,0.0,6.251776072747928,True,True,False,False
3611,32.99,2,2275.0,True,2523.69,98.69278714897631,9.854221398032248,False,True,True,False
3612,159.49,3,200.74,True,200.74,20.54896881538308,0.0,False,True,True,False
3613,45.49,1,45.49,False,89.59,49.22424377720728,49.22424377720728,False,False,False,False
3614,32.99,3,19.49,True,27.49,20.007275372862875,29.10149145143689,False,False,False,False
3615,25.99,1,25.99,False,1404.22,98.14915041802567,98.14915041802567,False,False,False,False
3616,2245.5,1,2245.5,False,2512.02,10.609788138629469,10.609788138629469,False,False,False,False
3617,164.99,6,164.99,True,77.99,111.55276317476601,111.55276317476601,False,False,False,False
3618,21.99,10,21.99,True,21.99,0.0,0.0,True,True,False,False
3619,164.99,2,164.99,True,164.99,0.0,0.0,True,True,False,False
3620,1285.0,1,1285.0,False,1285.0,0.0,0.0,True,True,False,False
3621,50.0,6,3.0,True,50.0,0.0,94.0,True,False,False,True
3622,25.5,1,25.5,False,200.0,87.25,87.25,False,False,False,False
3623,25.5,1,25.5,False,12.31,107.14865962632005,107.14865962632005,False,False,False,False
3624,25.5,1,25.5,False,37.69,32.34279649774476,32.34279649774476,False,False,False,False
3625,21.27,1,21.27,False,234.6,90.93350383631713,90.93350383631713,False,False,False,False
3626,103.46,4,1021.14,True,364.47,71.6135758773013,180.17120750679067,False,False,False,False
3627,5.59,1,5.59,False,157.6,96.45304568527918,96.45304568527918,False,False,False,False
3628,35981.54,1,35981.54,False,33399.7,7.730129312538747,7.730129312538747,True,True,False,False
3629,164328.0,1,164328.0,False,1120222.0,85.33076479483532,85.33076479483532,False,False,False,False
3630,22.5,1,22.5,False,22.5,0.0,0.0,True,True,False,False
3631,58.25,1,58.25,False,80.96,28.050889328063235,28.050889328063235,False,False,False,False
3632,71.25,1,71.25,False,71.25,0.0,0.0,True,True,False,False
3633,6328.0,1,6328.0,False,6328.0,0.0,0.0,True,True,False,False
3634,7800.0,1,7800.0,False,8450.0,7.6923076923076925,7.6923076923076925,True,True,False,False
3635,9074.0,1,9074.0,False,9074.0,0.0,0.0,True,True,False,False
3636,8216.0,1,8216.0,False,8216.0,0.0,0.0,True,True,False,False
3637,15450.5,1,15450.5,False,15450.5,0.0,0.0,True,True,False,False
3638,10985.0,1,10985.0,False,10985.0,0.0,0.0,True,True,False,False
3639,5404.0,1,5404.0,False,5404.0,0.0,0.0,True,True,False,False
3640,5782.0,1,5782.0,False,5782.0,0.0,0.0,True,True,False,False
3641,8216.0,1,8216.0,False,3725.0,120.56375838926175,120.56375838926175,False,False,False,False
3642,8216.0,1,8216.0,False,3725.0,120.56375838926175,120.56375838926175,False,False,False,False
3643,3010.0,1,3010.0,False,2950.0,2.0338983050847457,2.0338983050847457,True,True,False,False
3644,5100.0,1,5100.0,False,5100.0,0.0,0.0,True,True,False,False
3645,3010.0,1,3010.0,False,2950.0,2.0338983050847457,2.0338983050847457,True,True,False,False
3646,1.0,2,1.0,True,120.0,99.16666666666667,99.16666666666667,False,False,False,False
3647,4.99,9,125.0,True,46.2,89.1991341991342,170.56277056277054,False,False,False,False
3648,119.0,2,125.0,True,119.0,0.0,5.042016806722689,True,True,False,False
3649,97.2,2,105.0,True,99.0,1.8181818181818152,6.0606060606060606,True,True,False,False
3650,3852.56,1,3852.56,False,7143.71,46.07059917045905,46.07059917045905,False,False,False,False
3651,100.0,3,61.56,True,155.36,35.633367662203916,60.375901132852725,False,False,False,False
3652,7425.62,2,6030.45,True,82.5,8900.751515151514,7209.636363636363,False,False,False,False
3653,99.0,3,96.74,True,99.0,0.0,2.282828282828288,True,True,False,False
3654,119.0,5,119.68,True,119.0,0.0,0.5714285714285772,True,True,False,False
3655,7425.62,2,6030.45,True,6822.1,8.846542853373588,11.604198120813248,True,False,False,True
3656,12723.0,1,12723.0,False,12723.0,0.0,0.0,True,True,False,False
3657,175.99,1,175.99,False,159.49,10.345476205404728,10.345476205404728,False,False,False,False
3658,25.99,1,25.99,False,25.99,0.0,0.0,True,True,False,False
3659,32.99,4,21.99,True,21.99,50.02273760800365,0.0,False,True,True,False
3660,164.99,4,164.99,True,164.99,0.0,0.0,True,True,False,False
3661,1285.0,2,1285.0,True,1285.0,0.0,0.0,True,True,False,False
3662,1285.0,1,1285.0,False,1285.0,0.0,0.0,True,True,False,False
3663,164.99,9,164.99,True,164.99,0.0,0.0,True,True,False,False
3664,2299.08,5,560.28,True,1287.08,78.62759113652609,56.46890636168692,False,False,False,False
3665,1400.0,2,1400.0,True,1525.0,8.19672131147541,8.19672131147541,True,True,False,False
3666,1285.0,5,1285.0,True,1285.0,0.0,0.0,True,True,False,False
3667,164.99,2,164.99,True,164.99,0.0,0.0,True,True,False,False
3668,159.49,1,159.49,False,159.49,0.0,0.0,True,True,False,False
3669,96.51,1,96.51,False,447.13,78.41567329412028,78.41567329412028,False,False,False,False
3670,198.11,1,198.11,False,1191.1,83.36747544286793,83.36747544286793,False,False,False,False
3671,6319.33,9,4287.15,True,5659.75,11.653871637439815,24.25195459163391,False,False,False,False
3672,5659.75,1,5659.75,False,402.48,1306.218942556152,1306.218942556152,False,False,False,False
3673,6319.33,1,6319.33,False,743.88,749.5093294617411,749.5093294617411,False,False,False,False
3674,6319.33,5,2107.35,True,3569.05,77.05916140149338,40.954875947380955,False,False,False,False
3675,217.92,5,198.11,True,3523.4,93.81506499403984,94.37730601123914,False,False,False,False
3676,198.45,5,198.45,True,228.15,13.017751479289949,13.017751479289949,False,False,False,False
3677,381.48,1,381.48,False,853.2,55.28832630098452,55.28832630098452,False,False,False,False
3678,96.3,3,92.7,True,122.4,21.32352941176471,24.264705882352942,False,False,False,False
3679,110.25,9,64.93,True,204.3,46.035242290748904,68.218306412139,False,False,False,False
3680,144.0,1,144.0,False,222.5,35.28089887640449,35.28089887640449,False,False,False,False
3681,96.3,6,110.25,True,122.4,21.32352941176471,9.926470588235297,False,True,True,False
3682,35.99,1,35.99,False,38.7,7.002583979328167,7.002583979328167,True,True,False,False
3683,70.65,7,91.35,True,895.0,92.10614525139665,89.79329608938548,False,False,False,False
3684,151.88,3,150.6,True,132.9,14.281414597441678,13.318284424379224,False,False,False,False
3685,151.88,1,151.88,False,132.84,14.333032219211075,14.333032219211075,False,False,False,False
3686,895.0,1,895.0,False,55.0,1527.2727272727273,1527.2727272727273,False,False,False,False
3687,623.0,1,623.0,False,74.0,741.8918918918919,741.8918918918919,False,False,False,False
3688,600.0,1,600.0,False,25.0,2300.0,2300.0,False,False,False,False
3689,176041.67,1,176041.67,False,91770.83,91.82747938533412,91.82747938533412,False,False,False,False
3690,144270.83,1,144270.83,False,167921.88,14.084555270581783,14.084555270581783,False,False,False,False
3691,144270.83,1,144270.83,False,113229.17,27.414896709037066,27.414896709037066,False,False,False,False
3692,120000.0,1,120000.0,False,120416.67,0.3460235198332575,0.3460235198332575,True,True,False,False
3693,89895.83,1,89895.83,False,88593.75,1.4697199294532648,1.4697199294532648,True,True,False,False
3694,132.5,1,132.5,False,132.5,0.0,0.0,True,True,False,False
3695,132.5,2,140.0,True,140.0,5.357142857142857,0.0,True,True,False,False
3696,127.5,1,127.5,False,127.5,0.0,0.0,True,True,False,False
3697,155.0,7,155.0,True,155.0,0.0,0.0,True,True,False,False
3698,2299.08,3,2299.08,True,1839.08,25.012506253126567,25.012506253126567,False,False,False,False
3699,111.14,1,111.14,False,100.0,11.14,11.14,False,False,False,False
3700,749.0,8,1145.0,True,3142.79,76.1676726730071,63.5674034854381,False,False,False,False
3701,59.84,1,59.84,False,48.0,24.66666666666667,24.66666666666667,False,False,False,False
3702,420.0,1,420.0,False,215.0,95.34883720930233,95.34883720930233,False,False,False,False
3703,25.99,10,59.84,True,76.94,66.22043150506889,22.225110475695338,False,False,False,False
3704,164.99,1,164.99,False,164.99,0.0,0.0,True,True,False,False
3705,21.99,5,21.99,True,21.99,0.0,0.0,True,True,False,False
3706,1285.0,1,1285.0,False,1285.0,0.0,0.0,True,True,False,False
3707,21.24,1,21.24,False,21.24,0.0,0.0,True,True,False,False
3708,17.68,1,17.68,False,17.68,0.0,0.0,True,True,False,False
3709,55.0,1,55.0,False,1051.0,94.76688867745004,94.76688867745004,False,False,False,False
3710,55.0,1,55.0,False,74.0,25.675675675675674,25.675675675675674,False,False,False,False
3711,15.0,2,15.0,True,37.69,60.20164499867339,60.20164499867339,False,False,False,False
3712,122923.31,6,8929.6,True,2472.0,4872.625809061488,261.22977346278316,False,False,False,False
3713,16.0,2,140.25,True,10142.59,99.84224936628613,98.61721710135183,False,False,False,False
3714,99.0,3,105.0,True,96.74,2.3361587761008944,8.538350217076706,True,True,False,False
3715,3196.32,8,2896.32,True,3929.84,18.665390957392667,26.299289538505384,False,False,False,False
3716,99.0,1,99.0,False,210.0,52.85714285714286,52.85714285714286,False,False,False,False
3717,259.99,4,280.0,True,345.0,24.640579710144923,18.84057971014493,False,False,False,False
3718,6600.0,5,6600.0,True,6400.0,3.125,3.125,True,True,False,False
3719,9080.0,3,9080.0,True,9080.0,0.0,0.0,True,True,False,False
3720,4980.0,2,4980.0,True,4980.0,0.0,0.0,True,True,False,False
3721,7450.0,3,7450.0,True,7450.0,0.0,0.0,True,True,False,False
3722,2900.0,1,2900.0,False,67.0,4228.358208955224,4228.358208955224,False,False,False,False
3723,144.7,1,144.7,False,174.0,16.839080459770123,16.839080459770123,False,False,False,False
3724,2900.0,1,2900.0,False,67.0,4228.358208955224,4228.358208955224,False,False,False,False
3725,49.2,1,49.2,False,885.0,94.44067796610169,94.44067796610169,False,False,False,False
3726,9657.5,1,9657.5,False,11150.0,13.385650224215246,13.385650224215246,False,False,False,False
3727,6882.5,1,6882.5,False,8150.0,15.552147239263803,15.552147239263803,False,False,False,False
3728,70.0,1,70.0,False,70.0,0.0,0.0,True,True,False,False
3729,100.0,1,100.0,False,100.0,0.0,0.0,True,True,False,False
3730,70.0,1,70.0,False,10.0,600.0,600.0,False,False,False,False
3731,1850.0,1,1850.0,False,1850.0,0.0,0.0,True,True,False,False
3732,5464.93,1,5464.93,False,743.88,634.6520944238318,634.6520944238318,False,False,False,False
3733,6123.71,1,6123.71,False,447.13,1269.5591886028672,1269.5591886028672,False,False,False,False
3734,8975.0,7,600.02,True,402.48,2129.9244682965614,49.080699662095,False,False,False,False
3735,6618.24,2,2235.65,True,3569.05,85.43421918998051,37.36008181448845,False,False,False,False
3736,2658.85,1,2658.85,False,3523.9,24.548085927523484,24.548085927523484,False,False,False,False
3737,59830.0,2,59430.0,True,53743.64,11.32480047871711,10.580526365538322,False,False,False,False
3738,59830.0,1,59830.0,False,53743.64,11.32480047871711,11.32480047871711,False,False,False,False
3739,59830.0,2,59430.0,True,53743.64,11.32480047871711,10.580526365538322,False,False,False,False
3740,59830.0,2,59430.0,True,53743.64,11.32480047871711,10.580526365538322,False,False,False,False
3741,59830.0,5,54107.84,True,53743.64,11.32480047871711,0.6776615800492805,False,True,True,False
3742,59830.0,1,59830.0,False,53743.64,11.32480047871711,11.32480047871711,False,False,False,False
3743,59830.0,1,59830.0,False,53743.64,11.32480047871711,11.32480047871711,False,False,False,False
3744,64550.0,1,64550.0,False,88950.0,27.431141090500283,27.431141090500283,False,False,False,False
3745,64550.0,1,64550.0,False,88950.0,27.431141090500283,27.431141090500283,False,False,False,False
3746,9080.0,1,9080.0,False,9200.0,1.3043478260869565,1.3043478260869565,True,True,False,False
3747,7800.0,10,7800.0,True,7800.0,0.0,0.0,True,True,False,False
3748,7800.0,10,7800.0,True,7800.0,0.0,0.0,True,True,False,False
3749,6.95,1,6.95,False,6.1,13.934426229508206,13.934426229508206,False,False,False,False
3750,27.74,1,27.74,False,33.87,18.098612341304985,18.098612341304985,False,False,False,False
3751,17.68,1,17.68,False,17.68,0.0,0.0,True,True,False,False
3752,86.1,1,86.1,False,86.1,0.0,0.0,True,True,False,False
3753,80.85,4,86.1,True,160.65,49.67320261437909,46.40522875816994,False,False,False,False
3754,86.1,1,86.1,False,11.55,645.4545454545454,645.4545454545454,False,False,False,False
3755,86.1,1,86.1,False,668.47,87.11984083055336,87.11984083055336,False,False,False,False
3756,21.25,1,21.25,False,21.25,0.0,0.0,True,True,False,False
3757,108.0,2,108.0,True,108.0,0.0,0.0,True,True,False,False
3758,202.0,5,185.92,True,173.82,16.212173512829366,6.96122425497641,False,True,True,False
3759,2995.0,4,653.4,True,192514.62,98.44427399851502,99.66059720555249,False,False,False,False
3760,127.5,7,140.0,True,140.0,8.928571428571429,0.0,True,True,False,False
3761,213822.0,8,172753.0,True,4670.55,4478.09037479526,3598.7720932224256,False,False,False,False
3762,21.99,4,35.19,True,21.99,0.0,60.027285129604365,True,False,False,True
3763,6.1,1,6.1,False,6.1,0.0,0.0,True,True,False,False
3764,1020.0,7,1020.0,True,1020.0,0.0,0.0,True,True,False,False
3765,19.09,1,19.09,False,19.09,0.0,0.0,True,True,False,False
3766,175.99,2,159.49,True,159.49,10.345476205404728,0.0,False,True,True,False
3767,28.0,1,28.0,False,66.24,57.729468599033815,57.729468599033815,False,False,False,False
3768,56.25,4,65.21,True,142.78,60.60372601204651,54.32833730214316,False,False,False,False
3769,306.72,1,306.72,False,1353.5,77.33875138529737,77.33875138529737,False,False,False,False
3770,68937.35,1,68937.35,False,61534.71,12.030023380300332,12.030023380300332,False,False,False,False
3771,68937.35,1,68937.35,False,61534.71,12.030023380300332,12.030023380300332,False,False,False,False
3772,68937.35,1,68937.35,False,61534.71,12.030023380300332,12.030023380300332,False,False,False,False
3773,32769.54,4,35656.6,True,30992.54,5.733637836718127,15.048976302039128,True,False,False,True
3774,32769.54,4,35656.6,True,30992.54,5.733637836718127,15.048976302039128,True,False,False,True
3775,32769.54,4,35656.6,True,30992.54,5.733637836718127,15.048976302039128,True,False,False,True
3776,32769.54,4,35656.6,True,30992.54,5.733637836718127,15.048976302039128,True,False,False,True
3777,32769.54,4,35656.6,True,30992.54,5.733637836718127,15.048976302039128,True,False,False,True
3778,32769.54,4,35656.6,True,30992.54,5.733637836718127,15.048976302039128,True,False,False,True
3779,32769.54,4,35656.6,True,30992.54,5.733637836718127,15.048976302039128,True,False,False,True
3780,32769.54,4,35656.6,True,30992.54,5.733637836718127,15.048976302039128,True,False,False,True
3781,32769.54,4,35656.6,True,31392.54,4.386392435909933,13.583035969692157,True,False,False,True
3782,260.0,1,260.0,False,260.0,0.0,0.0,True,True,False,False
3783,9075.0,7,5575.0,True,9075.0,0.0,38.56749311294766,True,False,False,True
3784,5575.0,1,5575.0,False,5575.0,0.0,0.0,True,True,False,False
3785,7450.0,1,7450.0,False,9270.0,19.633225458468175,19.633225458468175,False,False,False,False
3786,7450.0,1,7450.0,False,9270.0,19.633225458468175,19.633225458468175,False,False,False,False
3787,10654.98,8,22525.14,True,17451.72,38.945960627376564,29.071174646395875,False,False,False,False
3788,10654.98,9,17744.67,True,15488.26,31.206087707721853,14.568518348736385,False,False,False,False
3789,9650.0,4,9650.0,True,9500.0,1.5789473684210527,1.5789473684210527,True,True,False,False
3790,3700.0,2,3700.0,True,3700.0,0.0,0.0,True,True,False,False
3791,6400.0,1,6400.0,False,6400.0,0.0,0.0,True,True,False,False
3792,4980.0,2,4980.0,True,4980.0,0.0,0.0,True,True,False,False
3793,7450.0,6,7450.0,True,7450.0,0.0,0.0,True,True,False,False
3794,9080.0,3,9080.0,True,9080.0,0.0,0.0,True,True,False,False
3795,3200.0,1,3200.0,False,3200.0,0.0,0.0,True,True,False,False
3796,7800.0,1,7800.0,False,7800.0,0.0,0.0,True,True,False,False
3797,9200.0,1,9200.0,False,9200.0,0.0,0.0,True,True,False,False
3798,9200.0,2,9200.0,True,9200.0,0.0,0.0,True,True,False,False
3799,7800.0,1,7800.0,False,7800.0,0.0,0.0,True,True,False,False
3800,854.63,6,4773.41,True,1031.5,17.146873485215703,362.7639360155114,False,False,False,False
3801,854.63,1,854.63,False,615.0,38.96422764227642,38.96422764227642,False,False,False,False
3802,84.0,1,84.0,False,96.23,12.709134365582461,12.709134365582461,False,False,False,False
3803,21.6,1,21.6,False,27.9,22.580645161290313,22.580645161290313,False,False,False,False
3804,8.21,1,8.21,False,4.99,64.52905811623248,64.52905811623248,False,False,False,False
3805,12.99,1,12.99,False,64.67,79.91340652543683,79.91340652543683,False,False,False,False
3806,18.95,3,41.95,True,48.95,61.28702757916241,14.300306435137895,False,False,False,False
3807,8.21,1,8.21,False,249.95,96.71534306861372,96.71534306861372,False,False,False,False
3808,21.24,1,21.24,False,21.24,0.0,0.0,True,True,False,False
3809,234.29,1,234.29,False,1000.0,76.571,76.571,False,False,False,False
3810,99.4,1,99.4,False,140.76,29.383347541915306,29.383347541915306,False,False,False,False
3811,99.4,1,99.4,False,42.73,132.62344956704894,132.62344956704894,False,False,False,False
3812,99.4,1,99.4,False,79.8,24.561403508771942,24.561403508771942,False,False,False,False
3813,99.4,1,99.4,False,63.5,56.53543307086615,56.53543307086615,False,False,False,False
3814,99.4,1,99.4,False,99.6,0.20080321285139419,0.20080321285139419,True,True,False,False
3815,99.4,1,99.4,False,95.15,4.466631634261692,4.466631634261692,True,True,False,False
3816,3099.99,1,3099.99,False,2204.48,40.62227826970531,40.62227826970531,False,False,False,False
3817,79.8,1,79.8,False,79.8,0.0,0.0,True,True,False,False
3818,125.99,1,125.99,False,601.52,79.0547280223434,79.0547280223434,False,False,False,False
3819,200.74,1,200.74,False,1128.0346,82.20444656573477,82.20444656573477,False,False,False,False
3820,1400.0,7,1285.0,True,570.4416,145.42389615343623,125.2640761122611,False,False,False,False
3821,891.58,7,955.0,True,262.3767,239.80913701559626,263.98049064570137,False,False,False,False
3822,2022.0,3,2071.34,True,520.0828,288.78424743137055,298.27119835533875,False,False,False,False
3823,125.99,10,178.19,True,508.2894,75.2129397150521,64.94319968112654,False,False,False,False
3824,17451.72,1,17451.72,False,58829.84,70.33525843347526,70.33525843347526,False,False,False,False
3825,15488.26,3,16353.2,True,11969.73,29.395232808091755,36.62129388048019,False,False,False,False
3826,15488.26,1,15488.26,False,26.07,59310.28001534331,59310.28001534331,False,False,False,False
3827,5.65,1,5.65,False,6.06,6.765676567656753,6.765676567656753,True,True,False,False
3828,2071.34,1,2071.34,False,4693.18,55.86489331327586,55.86489331327586,False,False,False,False
3829,21.99,6,21.99,True,21.99,0.0,0.0,True,True,False,False
3830,164.99,9,164.99,True,164.99,0.0,0.0,True,True,False,False
3831,164.99,3,164.99,True,164.99,0.0,0.0,True,True,False,False
3832,1490.0,1,1490.0,False,955.0,56.02094240837696,56.02094240837696,False,False,False,False
3833,19.49,5,19.49,True,21.99,11.36880400181901,11.36880400181901,False,False,False,False
3834,164.99,7,164.99,True,164.99,0.0,0.0,True,True,False,False
3835,601.52,2,1500.0,True,1550.0,61.192258064516125,3.225806451612903,False,True,True,False
3836,570.4416,3,1400.0,True,1400.0,59.25417142857143,0.0,False,True,True,False
3837,244.74,1,244.74,False,244.74,0.0,0.0,True,True,False,False
3838,1380.96,10,1285.0,True,1285.0,7.467704280155645,0.0,True,True,False,False
3839,32.99,6,31.79,True,32.99,0.0,3.6374658987572075,True,True,False,False
3840,1128.0346,2,2640.77,True,2380.25,52.608566327066484,10.945068795294612,False,False,False,False
3841,21.99,10,21.99,True,21.99,0.0,0.0,True,True,False,False
3842,21.99,7,164.99,True,1300.0,98.30846153846153,87.30846153846153,False,False,False,False
3843,3401.57,5,3515.49,True,8404.34,59.52603059847651,58.17054045885817,False,False,False,False
3844,10000.0,1,10000.0,False,798.84,1151.8151319413148,1151.8151319413148,False,False,False,False
3845,10000.0,1,10000.0,False,4514.64,121.50160367161055,121.50160367161055,False,False,False,False
3846,2265.53,4,3515.49,True,1300.31,74.22999130976461,170.35783774638355,False,False,False,False
3847,10000.0,2,3834.2,True,3192.81,213.20372963001245,20.088574014739365,False,False,False,False
3848,10000.0,2,3834.2,True,1456.68,586.4925721503693,163.21498201389457,False,False,False,False
3849,3834.2,1,3834.2,False,7582.6,49.43423100255849,49.43423100255849,False,False,False,False
3850,10000.0,1,10000.0,False,2130.0,369.4835680751174,369.4835680751174,False,False,False,False
3851,498.0,1,498.0,False,2757.42,81.93963922797398,81.93963922797398,False,False,False,False
3852,0.62,1,0.62,False,0.62,0.0,0.0,True,True,False,False
3853,3.72,1,3.72,False,3.72,0.0,0.0,True,True,False,False
3854,3.72,1,3.72,False,3.72,0.0,0.0,True,True,False,False
3855,3.37,1,3.37,False,4.8,29.79166666666666,29.79166666666666,False,False,False,False
3856,3.25,1,3.25,False,3.37,3.5608308605341277,3.5608308605341277,True,True,False,False
3857,1.68,1,1.68,False,1.68,0.0,0.0,True,True,False,False
3858,1.68,2,0.92,True,0.92,82.6086956521739,0.0,False,True,True,False
3859,1883.0,2,1883.0,True,1883.0,0.0,0.0,True,True,False,False
3860,2074.4,1,2074.4,False,2074.4,0.0,0.0,True,True,False,False
3861,247.5,1,247.5,False,247.5,0.0,0.0,True,True,False,False
3862,21.99,3,21.99,True,21.99,0.0,0.0,True,True,False,False
3863,164.99,1,164.99,False,164.99,0.0,0.0,True,True,False,False
3864,1285.0,4,1285.0,True,1285.0,0.0,0.0,True,True,False,False
3865,1904.84,5,2045.0,True,2584.97,26.310943647315057,20.888830431300935,False,False,False,False
3866,662.0,10,602.0,True,662.0,0.0,9.06344410876133,True,True,False,False
3867,315.87,1,315.87,False,336.17,6.038611416842672,6.038611416842672,True,True,False,False
3868,279.19,1,279.19,False,239.07,16.78169573765006,16.78169573765006,False,False,False,False
3869,15488.26,1,15488.26,False,9680.89,59.987976312095284,59.987976312095284,False,False,False,False
3870,15488.26,1,15488.26,False,11077.94,39.811733950535924,39.811733950535924,False,False,False,False
3871,254.84,4,233.75,True,280.25,9.066904549509365,16.592328278322928,True,False,False,True
3872,249.32,1,249.32,False,285.95,12.809931806259833,12.809931806259833,False,False,False,False
3873,164.99,2,34.99,True,68.39,141.24872057318322,48.83754934932008,False,False,False,False
3874,175.99,1,175.99,False,159.49,10.345476205404728,10.345476205404728,False,False,False,False
3875,1285.0,2,1285.0,True,508.28958,152.80864502475146,152.80864502475146,False,False,False,False
3876,262.3767,10,1472.08,True,262.37677,2.6679191147065817e-05,461.05576724646767,True,False,False,True
3877,1904.84,4,2071.34,True,520.08333,266.2566919804947,298.2707924901189,False,False,False,False
3878,77831.06,1,77831.06,False,97968.73,20.555201644443077,20.555201644443077,False,False,False,False
3879,77831.06,1,77831.06,False,26942.38,188.87967581186217,188.87967581186217,False,False,False,False
3880,77831.06,1,77831.06,False,78872.57,1.3204971005762958,1.3204971005762958,True,True,False,False
3881,77831.06,1,77831.06,False,26942.38,188.87967581186217,188.87967581186217,False,False,False,False
3882,4980.0,1,4980.0,False,4980.0,0.0,0.0,True,True,False,False
3883,7450.0,1,7450.0,False,7450.0,0.0,0.0,True,True,False,False
3884,9080.0,1,9080.0,False,9080.0,0.0,0.0,True,True,False,False
3885,21.24,1,21.24,False,22.42,5.263157894736857,5.263157894736857,True,True,False,False
3886,21.24,6,19.3,True,18.74,13.340448239060834,2.9882604055496387,False,True,True,False
3887,19.09,10,17.68,True,25.57,25.342197888150174,30.856472428627303,False,False,False,False
3888,378.0,7,350.0,True,460.0,17.82608695652174,23.91304347826087,False,False,False,False
3889,4994.0,1,4994.0,False,6849.0,27.084245875310266,27.084245875310266,False,False,False,False
3890,3797.0,1,3797.0,False,5295.0,28.290840415486308,28.290840415486308,False,False,False,False
3891,4994.0,1,4994.0,False,7467.0,33.119057184947096,33.119057184947096,False,False,False,False
3892,612.98,1,612.98,False,67.6,806.7751479289942,806.7751479289942,False,False,False,False
3893,100.0,1,100.0,False,135.91,26.421896843499372,26.421896843499372,False,False,False,False
3894,612.98,1,612.98,False,687.0,10.774381368267829,10.774381368267829,False,False,False,False
3895,3.0,1,3.0,False,30.0,90.0,90.0,False,False,False,False
3896,6551.65,1,6551.65,False,13314.0,50.79127234490011,50.79127234490011,False,False,False,False
3897,9.95,5,3.827,True,1.22,715.5737704918032,213.68852459016395,False,False,False,False
3898,100.0,1,100.0,False,108.0,7.4074074074074066,7.4074074074074066,True,True,False,False
3899,100.0,1,100.0,False,100.0,0.0,0.0,True,True,False,False
3900,70.0,10,70.0,True,100.0,30.0,30.0,False,False,False,False
3901,70.0,10,70.0,True,108.0,35.18518518518518,35.18518518518518,False,False,False,False
3902,45256.0,6,120443.0,True,71456.0,36.665920286609946,68.55547469771608,False,False,False,False
3903,132.0,2,132.0,True,132.0,0.0,0.0,True,True,False,False
3904,123.75,10,123.75,True,123.75,0.0,0.0,True,True,False,False
3905,110.64,1,110.64,False,110.64,0.0,0.0,True,True,False,False
3906,199.64,1,199.64,False,361.29,44.742450662902385,44.742450662902385,False,False,False,False
3907,256.79,1,256.79,False,159.4,61.09786700125471,61.09786700125471,False,False,False,False
3908,199.64,10,186.14,True,199.64,0.0,6.7621719094369865,True,True,False,False
3909,27.0,1,27.0,False,19.0,42.10526315789473,42.10526315789473,False,False,False,False
3910,75.0,1,75.0,False,75.0,0.0,0.0,True,True,False,False
3911,205.12,2,622.0,True,315.49,34.983676186249966,97.15363402960475,False,False,False,False
3912,3965.04,1,3965.04,False,1956.5,102.65985177613084,102.65985177613084,False,False,False,False
3913,1944.11,1,1944.11,False,182.35,966.1420345489443,966.1420345489443,False,False,False,False
3914,122.55,1,122.55,False,101.5,20.738916256157633,20.738916256157633,False,False,False,False
3915,69.0,1,69.0,False,35.42,94.80519480519479,94.80519480519479,False,False,False,False
3916,69.0,3,271.0,True,170.5,59.530791788856305,58.94428152492669,False,False,False,False
3917,250.0,1,250.0,False,262.6,4.798172124904807,4.798172124904807,True,True,False,False
3918,630.4,6,145.0,True,1053.15,40.141480320941945,86.2317808479324,False,False,False,False
3919,274.0,1,274.0,False,301.8,9.211398277004642,9.211398277004642,True,True,False,False
3920,69.0,10,271.0,True,875.0,92.11428571428571,69.02857142857142,False,False,False,False
3921,250.0,10,145.0,True,2484.03,89.93570931107917,94.16271140042592,False,False,False,False
3922,69.0,1,69.0,False,875.0,92.11428571428571,92.11428571428571,False,False,False,False
3923,6200.0,1,6200.0,False,5850.0,5.982905982905983,5.982905982905983,True,True,False,False
3924,6200.0,1,6200.0,False,5850.0,5.982905982905983,5.982905982905983,True,True,False,False
3925,21.24,1,21.24,False,21.24,0.0,0.0,True,True,False,False
3926,70.0,1,70.0,False,70.0,0.0,0.0,True,True,False,False
3927,70.0,1,70.0,False,15.0,366.66666666666663,366.66666666666663,False,False,False,False
3928,241.0,1,241.0,False,241.0,0.0,0.0,True,True,False,False
3929,27.49,1,27.49,False,29.03,5.304857044436798,5.304857044436798,True,True,False,False
3930,164.99,1,164.99,False,128.24,28.657205240174672,28.657205240174672,False,False,False,False
3931,1400.0,3,1400.0,True,1400.0,0.0,0.0,True,True,False,False
3932,610.99,4,572.46,True,309.26,97.5651555325616,85.10638297872342,False,False,False,False
3933,164.99,1,164.99,False,164.99,0.0,0.0,True,True,False,False
3934,21.99,9,21.99,True,21.99,0.0,0.0,True,True,False,False
3935,1285.0,1,1285.0,False,1285.0,0.0,0.0,True,True,False,False
3936,71456.0,1,71456.0,False,106076.8,32.63748529367402,32.63748529367402,False,False,False,False
3937,67.1,1,67.1,False,140.0,52.07142857142858,52.07142857142858,False,False,False,False
3938,19.5,1,19.5,False,18.74,4.055496264674502,4.055496264674502,True,True,False,False
3939,23.21,2,19.5,True,22.42,3.5236396074933056,13.02408563782338,True,False,False,True
3940,199.64,1,199.64,False,256.79,22.255539545932486,22.255539545932486,False,False,False,False
3941,199.64,1,199.64,False,135.4,47.444608567208256,47.444608567208256,False,False,False,False
3942,199.64,1,199.64,False,159.4,25.244667503136746,25.244667503136746,False,False,False,False
3943,3996.01,1,3996.01,False,800.0,399.50125,399.50125,False,False,False,False
3944,7735.0,9,12036.0,True,15189.0,49.07498847850418,20.758443610507605,False,False,False,False
3945,28791.0,1,28791.0,False,3824.21,652.8613752905829,652.8613752905829,False,False,False,False
3946,28791.0,1,28791.0,False,17324.39,66.18766952256328,66.18766952256328,False,False,False,False
3947,1454.95,2,11358.88,True,366.59,296.88753102921527,2998.524236885894,False,False,False,False
3948,2074.4,1,2074.4,False,2074.4,0.0,0.0,True,True,False,False
3949,11.0682,1,11.0682,False,11.0682,0.0,0.0,True,True,False,False
3950,319.0,1,319.0,False,319.0,0.0,0.0,True,True,False,False
3951,147.96,1,147.96,False,147.96,0.0,0.0,True,True,False,False
3952,147.96,1,147.96,False,147.96,0.0,0.0,True,True,False,False
3953,2249.4,1,2249.4,False,2249.4,0.0,0.0,True,True,False,False
3954,11.0682,1,11.0682,False,11.0682,0.0,0.0,True,True,False,False
3955,147.96,1,147.96,False,147.96,0.0,0.0,True,True,False,False
3956,72.65,3,72.65,True,12.62,475.6735340729002,475.6735340729002,False,False,False,False
3957,70.4,2,70.4,True,70.4,0.0,0.0,True,True,False,False
3958,70.4,6,74.83,True,70.4,0.0,6.292613636363625,True,True,False,False
3959,74.83,1,74.83,False,79.23,5.553451975261902,5.553451975261902,True,True,False,False
3960,0.28,1,0.28,False,0.28,0.0,0.0,True,True,False,False
3961,1.46,1,1.46,False,1.46,0.0,0.0,True,True,False,False
3962,132.5,9,140.0,True,132.5,0.0,5.660377358490567,True,True,False,False
3963,127.5,8,132.5,True,127.5,0.0,3.9215686274509802,True,True,False,False
3964,155.0,9,155.0,True,155.0,0.0,0.0,True,True,False,False
3965,6.1,9,6.57,True,6.1,0.0,7.704918032786896,True,True,False,False
3966,2887.21,1,2887.21,False,4580.37,36.96557265024441,36.96557265024441,False,False,False,False
3967,87.57,1,87.57,False,84.852,3.2032244378447055,3.2032244378447055,True,True,False,False
3968,4606.4,1,4606.4,False,4065.9,13.293489756265513,13.293489756265513,False,False,False,False
3969,3490.81,8,1796.63,True,2718.22,28.4226442304155,33.90417258352892,False,False,False,False
3970,3490.81,1,3490.81,False,1356.55,157.32999152261254,157.32999152261254,False,False,False,False
3971,0.72,1,0.72,False,640.0,99.88749999999999,99.88749999999999,False,False,False,False
3972,6749.0,2,3479.5,True,4530.0,48.984547461368656,23.189845474613687,False,False,False,False
3973,3759.0,1,3759.0,False,3873.0,2.943454686289698,2.943454686289698,True,True,False,False
3974,59.2,1,59.2,False,60.0,1.3333333333333286,1.3333333333333286,True,True,False,False
3975,56.94,1,56.94,False,57.0,0.10526315789474083,0.10526315789474083,True,True,False,False
3976,111.9,2,103.8,True,111.9,0.0,7.238605898123332,True,True,False,False
3977,10950.0,1,10950.0,False,35050.0,68.75891583452211,68.75891583452211,False,False,False,False
3978,9.0,1,9.0,False,60.0,85.0,85.0,False,False,False,False
3979,9.0,1,9.0,False,48.0,81.25,81.25,False,False,False,False
3980,21.24,1,21.24,False,21.24,0.0,0.0,True,True,False,False
3981,240.59,8,90.0,True,16062.5,98.50216342412452,99.43968871595331,False,False,False,False
3982,24.0,2,24.09,True,25.0,4.0,3.640000000000001,True,True,False,False
3983,20.0,3,21.0,True,25.0,20.0,16.0,False,False,False,False
3984,23.0,9,23.4,True,25.0,8.0,6.400000000000006,True,True,False,False
3985,107.86,1,107.86,False,113.53,4.994274641064037,4.994274641064037,True,True,False,False
3986,572.46,2,64.86,True,64.86,782.6086956521739,0.0,False,True,True,False
3987,479.04,2,610.99,True,610.99,21.596098135812365,0.0,False,True,True,False
3988,5100.0,4,5100.0,True,5100.0,0.0,0.0,True,True,False,False
3989,106.0,1,106.0,False,98.0,8.16326530612245,8.16326530612245,True,True,False,False
3990,3750.0,10,2550.0,True,1573.68,138.29495195973766,62.04056733262162,False,False,False,False
3991,1021.0,1,1021.0,False,4526.0,77.44144940344675,77.44144940344675,False,False,False,False
3992,8421.75,1,8421.75,False,3110.0,170.79581993569133,170.79581993569133,False,False,False,False
3993,14.5,2,21.6,True,415.0,96.50602409638554,94.79518072289156,False,False,False,False
3994,21.09,8,30.89,True,30.5,30.85245901639344,1.2786885245901658,False,True,True,False
3995,21.09,2,19.85,True,13.8,52.826086956521735,43.84057971014493,False,False,False,False
3996,21.09,5,4.29,True,13.8,52.826086956521735,68.91304347826089,False,False,False,False
3997,21.09,1,21.09,False,30.5,30.85245901639344,30.85245901639344,False,False,False,False
3998,21.09,3,19.85,True,30.5,30.85245901639344,34.91803278688524,False,False,False,False
3999,21.09,1,21.09,False,13.8,52.826086956521735,52.826086956521735,False,False,False,False
4000,50.14,1,50.14,False,58.92,14.90156143923965,14.90156143923965,False,False,False,False
4001,18012.0,1,18012.0,False,5782.43,211.49534019434734,211.49534019434734,False,False,False,False
4002,13010.0,1,13010.0,False,212.5,6022.352941176471,6022.352941176471,False,False,False,False
4003,50.0,1,50.0,False,50.0,0.0,0.0,True,True,False,False
4004,150533.77,1,150533.77,False,73011.89,106.17706239353618,106.17706239353618,False,False,False,False
4005,61534.71,1,61534.71,False,57787.56,6.484354072052881,6.484354072052881,True,True,False,False
4006,61534.71,1,61534.71,False,57787.56,6.484354072052881,6.484354072052881,True,True,False,False
4007,7450.0,2,7450.0,True,7450.0,0.0,0.0,True,True,False,False
4008,4980.0,1,4980.0,False,4980.0,0.0,0.0,True,True,False,False
4009,15450.5,1,15450.5,False,9500.0,62.636842105263156,62.636842105263156,False,False,False,False
4010,5100.0,1,5100.0,False,5100.0,0.0,0.0,True,True,False,False
4011,180.0,2,190.0,True,252.0,28.57142857142857,24.6031746031746,False,False,False,False
4012,113.0,4,110.0,True,115.0,1.7391304347826086,4.3478260869565215,True,True,False,False
4013,180.0,4,190.0,True,233.0,22.746781115879827,18.4549356223176,False,False,False,False
4014,7.0,1,7.0,False,13.0,46.15384615384615,46.15384615384615,False,False,False,False
4015,10.8,1,10.8,False,13.0,16.92307692307692,16.92307692307692,False,False,False,False
4016,2990.0,1,2990.0,False,3816.8,21.66212534059946,21.66212534059946,False,False,False,False
4017,1365.0,1,1365.0,False,1736.8,21.40718562874251,21.40718562874251,False,False,False,False
4018,49.2,1,49.2,False,57.2,13.986013986013985,13.986013986013985,False,False,False,False
4019,1061.0,1,1061.0,False,1353.3,21.59905416389566,21.59905416389566,False,False,False,False
4020,6.0,3,7.0,True,7.8,23.076923076923077,10.256410256410255,False,False,False,False
4021,54.0,4,50.0,True,62.4,13.461538461538462,19.871794871794872,False,False,False,False
4022,6.0,1,6.0,False,7.8,23.076923076923077,23.076923076923077,False,False,False,False
4023,30.0,1,30.0,False,35.1,14.529914529914533,14.529914529914533,False,False,False,False
4024,470.0,8,494.0,True,622.0,24.437299035369776,20.578778135048232,False,False,False,False
4025,22.0,1,22.0,False,22.0,0.0,0.0,True,True,False,False
4026,494.0,3,359.3,True,524.67,5.845579125926766,31.51885947357386,True,False,False,True
4027,299.0,6,299.0,True,318.0,5.9748427672955975,5.9748427672955975,True,True,False,False
4028,5782.43,6,212.5,True,5800.0,0.3029310344827536,96.33620689655173,True,False,False,True
4029,3995.0,1,3995.0,False,3000.0,33.166666666666664,33.166666666666664,False,False,False,False
4030,5782.43,6,212.5,True,500.0,1056.486,57.49999999999999,False,False,False,False
4031,5782.43,6,212.5,True,800.0,622.80375,73.4375,False,False,False,False
4032,3995.0,1,3995.0,False,1000.0,299.5,299.5,False,False,False,False
4033,5782.43,6,212.5,True,100.0,5682.43,112.5,False,False,False,False
4034,92813.45,1,92813.45,False,79451.49,16.817758861413413,16.817758861413413,False,False,False,False
4035,24913.0,1,24913.0,False,379519.45,93.43564605186901,93.43564605186901,False,False,False,False
4036,82788.56,1,82788.56,False,52132.65,58.80366718361717,58.80366718361717,False,False,False,False
4037,267235.0,3,278420.0,True,332154.3,19.54492234482588,16.177511475841193,False,False,False,False
4038,87124.0,1,87124.0,False,15975.0,445.377151799687,445.377151799687,False,False,False,False
4039,1700.0,1,1700.0,False,1675.0,1.4925373134328357,1.4925373134328357,True,True,False,False
4040,6.1,1,6.1,False,6.1,0.0,0.0,True,True,False,False
4041,98576.0,5,98576.0,True,49288.0,100.0,100.0,False,False,False,False
4042,913.6,10,58.75,True,95.0,861.6842105263158,38.15789473684211,False,False,False,False
4043,2368.0,1,2368.0,False,175.0,1253.142857142857,1253.142857142857,False,False,False,False
4044,995.0,1,995.0,False,55.0,1709.090909090909,1709.090909090909,False,False,False,False
4045,2719.08,1,2719.08,False,13950.0,80.50838709677419,80.50838709677419,False,False,False,False
4046,28200.0,1,28200.0,False,385.0,7224.675324675324,7224.675324675324,False,False,False,False
4047,28200.0,1,28200.0,False,275.0,10154.545454545454,10154.545454545454,False,False,False,False
4048,3569.05,1,3569.05,False,395.0,803.5569620253165,803.5569620253165,False,False,False,False
4049,2322.94,1,2322.94,False,2395.0,3.0087682672233798,3.0087682672233798,True,True,False,False
4050,3523.4,5,3569.05,True,625.0,463.74399999999997,471.04800000000006,False,False,False,False
4051,28200.0,1,28200.0,False,300.0,9300.0,9300.0,False,False,False,False
4052,21.24,1,21.24,False,21.24,0.0,0.0,True,True,False,False
4053,110.0,2,223.99,True,200.0,45.0,11.995000000000005,False,False,False,False
4054,227.0,1,227.0,False,142.99,58.752360304916415,58.752360304916415,False,False,False,False
4055,11.55,2,648.9,True,648.9,98.2200647249191,0.0,False,True,True,False
4056,86.1,1,86.1,False,86.1,0.0,0.0,True,True,False,False
4057,80.85,9,86.1,True,80.85,0.0,6.493506493506494,True,True,False,False
4058,11.55,5,80.85,True,160.65,92.81045751633987,49.67320261437909,False,False,False,False
4059,61.56,1,61.56,False,64.28,4.231487243310514,4.231487243310514,True,True,False,False
4060,161.19,6,91.82,True,51.0,216.05882352941177,80.0392156862745,False,False,False,False
4061,61.56,1,61.56,False,155.36,60.375901132852725,60.375901132852725,False,False,False,False
4062,63.11,1,63.11,False,68.0,7.1911764705882355,7.1911764705882355,True,True,False,False
4063,4709.54,1,4709.54,False,72.0,6441.027777777778,6441.027777777778,False,False,False,False
4064,56163.0,1,56163.0,False,75187.54,25.302782881312506,25.302782881312506,False,False,False,False
4065,17.68,1,17.68,False,17.68,0.0,0.0,True,True,False,False
4066,2950.0,1,2950.0,False,3000.0,1.6666666666666667,1.6666666666666667,True,True,False,False
4067,3700.0,3,3700.0,True,3800.0,2.631578947368421,2.631578947368421,True,True,False,False
4068,3700.0,3,3700.0,True,3800.0,2.631578947368421,2.631578947368421,True,True,False,False
4069,2950.0,1,2950.0,False,3000.0,1.6666666666666667,1.6666666666666667,True,True,False,False
4070,99.98,1,99.98,False,117.6,14.982993197278905,14.982993197278905,False,False,False,False
4071,8.45,1,8.45,False,1.25,576.0,576.0,False,False,False,False
4072,350.0,1,350.0,False,31.25,1019.9999999999999,1019.9999999999999,False,False,False,False
4073,33.87,1,33.87,False,33.87,0.0,0.0,True,True,False,False
4074,2370.0,4,54.57,True,87.26,2616.0210864084343,37.462754985101995,False,False,False,False
4075,530.0,1,530.0,False,87.26,507.38024295209715,507.38024295209715,False,False,False,False
4076,2370.0,1,2370.0,False,87.26,2616.0210864084343,2616.0210864084343,False,False,False,False
4077,4717.7,6,1554.2,True,1538.05,206.7325509573811,1.0500308832612784,False,True,True,False
4078,4153.4,1,4153.4,False,4340.55,4.311665572335315,4.311665572335315,True,True,False,False
4079,19.09,1,19.09,False,19.09,0.0,0.0,True,True,False,False
4080,70.0,5,70.0,True,70.0,0.0,0.0,True,True,False,False
4081,70.0,5,70.0,True,70.0,0.0,0.0,True,True,False,False
4082,100.0,1,100.0,False,100.0,0.0,0.0,True,True,False,False
4083,4980.0,2,4980.0,True,4980.0,0.0,0.0,True,True,False,False
4084,2.58,1,2.58,False,3.07,15.960912052117257,15.960912052117257,False,False,False,False
4085,2.58,8,2.45,True,2.37,8.860759493670885,3.3755274261603407,True,True,False,False
4086,22.0,1,22.0,False,6.46,240.55727554179563,240.55727554179563,False,False,False,False
4087,100.0,1,100.0,False,7.33,1264.256480218281,1264.256480218281,False,False,False,False
4088,15.5,1,15.5,False,7.67,102.08604954367667,102.08604954367667,False,False,False,False
4089,15.5,1,15.5,False,4.64,234.05172413793105,234.05172413793105,False,False,False,False
4090,22.0,1,22.0,False,4.64,374.1379310344828,374.1379310344828,False,False,False,False
4091,82.95,1,82.95,False,10.68,676.6853932584271,676.6853932584271,False,False,False,False
4092,22.0,1,22.0,False,8.88,147.74774774774772,147.74774774774772,False,False,False,False
4093,15.5,1,15.5,False,8.88,74.54954954954954,74.54954954954954,False,False,False,False
4094,86.1,2,82.95,True,11.88,624.7474747474747,598.2323232323233,False,False,False,False
4095,100.0,6,82.95,True,5.29,1790.359168241966,1468.0529300567107,False,False,False,False
4096,15.5,1,15.5,False,7.67,102.08604954367667,102.08604954367667,False,False,False,False
4097,22.0,1,22.0,False,7.67,186.83181225554105,186.83181225554105,False,False,False,False
4098,22.0,1,22.0,False,4.64,374.1379310344828,374.1379310344828,False,False,False,False
4099,82.95,1,82.95,False,8.28,901.8115942028986,901.8115942028986,False,False,False,False
4100,100.0,1,100.0,False,9.48,954.8523206751055,954.8523206751055,False,False,False,False
4101,82.95,1,82.95,False,5.29,1468.0529300567107,1468.0529300567107,False,False,False,False
4102,22.0,1,22.0,False,10.91,101.64986251145737,101.64986251145737,False,False,False,False
4103,22.0,7,62.4,True,8.65,154.33526011560693,621.3872832369942,False,False,False,False
4104,22.0,1,22.0,False,4.64,374.1379310344828,374.1379310344828,False,False,False,False
4105,86.1,2,82.95,True,7.08,1116.1016949152543,1071.6101694915255,False,False,False,False
4106,22.0,1,22.0,False,9.63,128.45275181723778,128.45275181723778,False,False,False,False
4107,48687.55,5,919.43,True,665.37,7217.364774486376,38.18326645325156,False,False,False,False
4108,1049.16,4,1445.2,True,1344.24,21.951437243349396,7.510563589835151,False,True,True,False
4109,4898.82,3,1824.33,True,11726.53,58.22447049553448,84.44271237953598,False,False,False,False
4110,3358.8,5,1233.96,True,1069.92,213.9300134589502,15.33198743831314,False,False,False,False
4111,1850.0,2,1850.0,True,1850.0,0.0,0.0,True,True,False,False
4112,78872.57,1,78872.57,False,83950.97,6.049245172509614,6.049245172509614,True,True,False,False
4113,46.51,1,46.51,False,46.51,0.0,0.0,True,True,False,False
4114,46.0,5,16.0,True,52.25,11.961722488038278,69.377990430622,False,False,False,False
4115,452.6,5,435.0,True,289.99,56.07434739128936,50.005172592158345,False,False,False,False
4116,208.32,7,650.0,True,12799.0,98.37237284162825,94.92147824048753,False,False,False,False
4117,39.07,6,15.0,True,253.0,84.55731225296444,94.0711462450593,False,False,False,False
4118,51.09,9,650.0,True,2499.0,97.95558223289316,73.98959583833533,False,False,False,False
4119,124.5,6,650.0,True,461.0,72.99349240780911,40.99783080260303,False,False,False,False
4120,57.6,1,57.6,False,122.4,52.941176470588246,52.941176470588246,False,False,False,False
4121,57.6,4,54.0,True,57.6,0.0,6.250000000000003,True,True,False,False
4122,30.0,1,30.0,False,32.4,7.407407407407403,7.407407407407403,True,True,False,False
4123,6.0,4,6.0,True,7.2,16.666666666666668,16.666666666666668,False,False,False,False
4124,2803.75,1,2803.75,False,2972.5,5.67703952901598,5.67703952901598,True,True,False,False
4125,620.4,1,620.4,False,658.8,5.8287795992713995,5.8287795992713995,True,True,False,False
4126,57.6,1,57.6,False,18.0,220.00000000000003,220.00000000000003,False,False,False,False
4127,57.6,1,57.6,False,542.4,89.38053097345133,89.38053097345133,False,False,False,False
4128,6.0,4,6.0,True,6.0,0.0,0.0,True,True,False,False
4129,6.0,1,6.0,False,6.0,0.0,0.0,True,True,False,False
4130,57.6,1,57.6,False,12.0,380.0,380.0,False,False,False,False
4131,57.6,8,41.91,True,44.45,29.583802024746902,5.714285714285728,False,True,True,False
4132,46.8,6,49.2,True,52.8,11.363636363636365,6.818181818181808,False,True,True,False
4133,6.0,1,6.0,False,7.2,16.666666666666668,16.666666666666668,False,False,False,False
4134,134.4,1,134.4,False,142.8,5.882352941176474,5.882352941176474,True,True,False,False
4135,6.0,10,6.0,True,7.2,16.666666666666668,16.666666666666668,False,False,False,False
4136,46.8,3,6.0,True,7.2,549.9999999999999,16.666666666666668,False,False,False,False
4137,23292.25,1,23292.25,False,23452.25,0.6822373119849907,0.6822373119849907,True,True,False,False
4138,4065.9,1,4065.9,False,1492.0,172.51340482573727,172.51340482573727,False,False,False,False
4139,4065.9,1,4065.9,False,4249.0,4.309249235114143,4.309249235114143,True,True,False,False
4140,2718.22,1,2718.22,False,2775.0,2.046126126126133,2.046126126126133,True,True,False,False
4141,70330.01,1,70330.01,False,57341.5,22.651151434824683,22.651151434824683,False,False,False,False
4142,5289.0,1,5289.0,False,2003.89,163.9366432289197,163.9366432289197,False,False,False,False
4143,51322.16,1,51322.16,False,45177.0,13.602408305111016,13.602408305111016,False,False,False,False
4144,24.77,1,24.77,False,24.24,2.1864686468646912,2.1864686468646912,True,True,False,False
4145,25.0,1,25.0,False,22.5,11.11111111111111,11.11111111111111,False,False,False,False
4146,20.0,1,20.0,False,15.0,33.33333333333333,33.33333333333333,False,False,False,False
4147,20.0,9,24.2,True,15.0,33.33333333333333,61.33333333333333,False,False,False,False
4148,25.0,1,25.0,False,22.5,11.11111111111111,11.11111111111111,False,False,False,False
4149,140.0,4,146.25,True,140.0,0.0,4.464285714285714,True,True,False,False
4150,399.81,1,399.81,False,200.0,99.905,99.905,False,False,False,False
4151,4980.0,6,4980.0,True,5485.0,9.206927985414767,9.206927985414767,True,True,False,False
4152,923.0,1,923.0,False,2423.03,61.90719883781877,61.90719883781877,False,False,False,False
4153,923.0,1,923.0,False,1381.07,33.1677612286126,33.1677612286126,False,False,False,False
4154,2.37,1,2.37,False,14.21,83.3216045038705,83.3216045038705,False,False,False,False
4155,77.1,1,77.1,False,452.0,82.9424778761062,82.9424778761062,False,False,False,False
4156,228.31,1,228.31,False,86.0,165.47674418604652,165.47674418604652,False,False,False,False
4157,77.1,1,77.1,False,952.0,91.90126050420167,91.90126050420167,False,False,False,False
4158,50.0,1,50.0,False,50.0,0.0,0.0,True,True,False,False
4159,3700.0,5,3800.0,True,3800.0,2.631578947368421,0.0,True,True,False,False
4160,3700.0,5,3800.0,True,3800.0,2.631578947368421,0.0,True,True,False,False
4161,15310.08,1,15310.08,False,4290.0,256.8783216783217,256.8783216783217,False,False,False,False
4162,21.24,1,21.24,False,21.24,0.0,0.0,True,True,False,False
4163,113.53,1,113.53,False,113.53,0.0,0.0,True,True,False,False
4164,45035.0,1,45035.0,False,145398.0,69.02639651164391,69.02639651164391,False,False,False,False
4165,20000.0,1,20000.0,False,71800.0,72.14484679665738,72.14484679665738,False,False,False,False
4166,150756.66,1,150756.66,False,7866.0,1816.5606407322657,1816.5606407322657,False,False,False,False
4167,35.0,1,35.0,False,35.0,0.0,0.0,True,True,False,False
4168,200.0,2,200.0,True,200.0,0.0,0.0,True,True,False,False
4169,120416.67,4,112511.0,True,104791.67,14.910536305032643,7.366358413793769,False,True,True,False
4170,6894.0,3,72794.34,True,113224.0,93.9111849077934,35.70767681763584,False,False,False,False
4171,6215.16,1,6215.16,False,12602.67,50.683783674411856,50.683783674411856,False,False,False,False
4172,9500.0,1,9500.0,False,9500.0,0.0,0.0,True,True,False,False
4173,9650.0,3,9650.0,True,9650.0,0.0,0.0,True,True,False,False
4174,2950.0,2,2950.0,True,3000.0,1.6666666666666667,1.6666666666666667,True,True,False,False
4175,2950.0,2,2950.0,True,2950.0,0.0,0.0,True,True,False,False
4176,4896.5,1,4896.5,False,599.99,716.0969349489159,716.0969349489159,False,False,False,False
4177,4896.5,2,4600.0,True,699.99,599.5099929999001,557.152245032072,False,False,False,False
4178,2085.0,1,2085.0,False,7622.7,72.64748711086622,72.64748711086622,False,False,False,False
4179,1271.0,1,1271.0,False,4878.9,73.94904589149193,73.94904589149193,False,False,False,False
4180,2184.0,1,2184.0,False,20349.0,89.2672858617131,89.2672858617131,False,False,False,False
4181,2695.0,1,2695.0,False,1526.0,76.60550458715596,76.60550458715596,False,False,False,False
4182,3308.08,1,3308.08,False,11196.3,70.45381063387012,70.45381063387012,False,False,False,False
4183,17.68,1,17.68,False,17.68,0.0,0.0,True,True,False,False
4184,3.9,1,3.9,False,3.9,0.0,0.0,True,True,False,False
4185,635.0,8,79.06,True,6.0,10483.333333333332,1217.6666666666667,False,False,False,False
4186,6.21,10,104.15,True,15.23,59.225213394615885,583.8476690741957,False,False,False,False
4187,189.0,1,189.0,False,148.0,27.7027027027027,27.7027027027027,False,False,False,False
4188,311.25,1,311.25,False,311.25,0.0,0.0,True,True,False,False
4189,2950.0,2,2950.0,True,3010.0,1.9933554817275747,1.9933554817275747,True,True,False,False
4190,2950.0,1,2950.0,False,3010.0,1.9933554817275747,1.9933554817275747,True,True,False,False
4191,0.61,2,0.81,True,0.66,7.5757575757575815,22.72727272727273,True,False,False,True
4192,21.24,1,21.24,False,21.24,0.0,0.0,True,True,False,False
4193,2922.0,1,2922.0,False,3810.0,23.30708661417323,23.30708661417323,False,False,False,False
4194,3762.0,2,4998.0,True,3630.0,3.6363636363636362,37.68595041322314,True,False,False,True
4195,3762.0,2,4998.0,True,2730.0,37.8021978021978,83.07692307692308,False,False,False,False
4196,3762.0,2,4998.0,True,3762.0,0.0,32.854864433811805,True,False,False,True
4197,2922.0,1,2922.0,False,2130.0,37.183098591549296,37.183098591549296,False,False,False,False
4198,2922.0,1,2922.0,False,2922.0,0.0,0.0,True,True,False,False
4199,3825.79,10,3672.11,True,3100.0,23.412580645161288,18.455161290322586,False,False,False,False
4200,311.55,1,311.55,False,165.0,88.81818181818183,88.81818181818183,False,False,False,False
4201,311.55,1,311.55,False,72.0,332.7083333333333,332.7083333333333,False,False,False,False
4202,4485.0,10,429.66,True,182.35,2359.5557992870854,135.62380038387718,False,False,False,False
4203,1583.11,1,1583.11,False,1956.5,19.08458982877588,19.08458982877588,False,False,False,False
4204,172.0,1,172.0,False,972.0,82.3045267489712,82.3045267489712,False,False,False,False
4205,172.0,1,172.0,False,149.94,14.712551687341605,14.712551687341605,False,False,False,False
4206,172.0,1,172.0,False,686.0,74.9271137026239,74.9271137026239,False,False,False,False
4207,172.0,1,172.0,False,172.0,0.0,0.0,True,True,False,False
4208,172.0,1,172.0,False,1373.0,87.47268754552076,87.47268754552076,False,False,False,False
4209,19.09,1,19.09,False,19.09,0.0,0.0,True,True,False,False
4210,63.59,1,63.59,False,63.59,0.0,0.0,True,True,False,False
4211,70.53,1,70.53,False,70.53,0.0,0.0,True,True,False,False
4212,5575.0,8,5575.0,True,5790.0,3.7132987910189987,3.7132987910189987,True,True,False,False
4213,260.0,1,260.0,False,260.0,0.0,0.0,True,True,False,False
4214,55.45,2,52.27,True,59.92,7.459946595460612,12.767022696929237,True,False,False,True
4215,17.68,1,17.68,False,17.68,0.0,0.0,True,True,False,False
4216,12602.67,3,4800.0,True,70.0,17903.814285714285,6757.142857142857,False,False,False,False
4217,1972.0,1,1972.0,False,3535.0,44.214992927864216,44.214992927864216,False,False,False,False
4218,21.24,1,21.24,False,21.24,0.0,0.0,True,True,False,False
4219,800.0,1,800.0,False,595.0,34.45378151260504,34.45378151260504,False,False,False,False
4220,3425.0,1,3425.0,False,3450.0,0.7246376811594203,0.7246376811594203,True,True,False,False
4221,124.0,2,1591.0,True,4939.0,97.48937031787811,67.78700141729095,False,False,False,False
4222,9543.0,3,4132.0,True,5465.0,74.62031107044831,24.391582799634033,False,False,False,False
4223,7844.16,10,12036.0,True,10939.0,28.291799981716792,10.028338970655453,False,False,False,False
4224,599.99,1,599.99,False,6270.0,90.43078149920255,90.43078149920255,False,False,False,False
4225,86.1,1,86.1,False,86.1,0.0,0.0,True,True,False,False
4226,668.47,1,668.47,False,668.47,0.0,0.0,True,True,False,False
4227,29536.18,1,29536.18,False,157877.0,81.29165109547306,81.29165109547306,False,False,False,False
4228,17131.8,1,17131.8,False,5117.5,234.7689301416707,234.7689301416707,False,False,False,False
4229,83950.97,1,83950.97,False,68733.07,22.140579491065935,22.140579491065935,False,False,False,False
4230,267000.0,1,267000.0,False,13328.0,1903.3013205282114,1903.3013205282114,False,False,False,False
4231,9476.0,3,4392.9,True,5833.5,62.4410731121968,24.69529442015943,False,False,False,False
4232,2130.0,1,2130.0,False,498.73,327.08479538026586,327.08479538026586,False,False,False,False
4233,100.0,1,100.0,False,100.0,0.0,0.0,True,True,False,False
4234,196.85,1,196.85,False,196.85,0.0,0.0,True,True,False,False
4235,2000.0,5,2052.63,True,2400.0,16.666666666666664,14.473749999999995,False,False,False,False
4236,1883.0,1,1883.0,False,1883.0,0.0,0.0,True,True,False,False
4237,3.9,1,3.9,False,3.9,0.0,0.0,True,True,False,False
4238,147.96,1,147.96,False,147.96,0.0,0.0,True,True,False,False
4239,3.9,1,3.9,False,3.9,0.0,0.0,True,True,False,False
4240,319.0,1,319.0,False,319.0,0.0,0.0,True,True,False,False
4241,11.0682,1,11.0682,False,11.0682,0.0,0.0,True,True,False,False
4242,147.96,1,147.96,False,147.96,0.0,0.0,True,True,False,False
4243,2249.4,1,2249.4,False,2249.4,0.0,0.0,True,True,False,False
4244,11.0682,1,11.0682,False,11.0682,0.0,0.0,True,True,False,False
4245,2074.4,1,2074.4,False,2074.4,0.0,0.0,True,True,False,False
4246,11.0682,1,11.0682,False,11.0682,0.0,0.0,True,True,False,False
4247,147.96,1,147.96,False,147.96,0.0,0.0,True,True,False,False
4248,3.9,1,3.9,False,3.9,0.0,0.0,True,True,False,False
4249,2074.4,3,2074.4,True,2074.4,0.0,0.0,True,True,False,False
4250,3.9,1,3.9,False,3.9,0.0,0.0,True,True,False,False
4251,961.51,7,961.51,True,1883.0,48.93733404142326,48.93733404142326,False,False,False,False
4252,0.158,1,0.158,False,0.27,41.48148148148149,41.48148148148149,False,False,False,False
4253,0.63,1,0.63,False,0.63,0.0,0.0,True,True,False,False
4254,3.9,1,3.9,False,3.9,0.0,0.0,True,True,False,False
4255,7.0,8,30.01,True,7.0,0.0,328.7142857142857,True,False,False,True
4256,3.9,1,3.9,False,3.9,0.0,0.0,True,True,False,False
4257,30.01,1,30.01,False,18.5,62.216216216216225,62.216216216216225,False,False,False,False
4258,3.9,1,3.9,False,3.9,0.0,0.0,True,True,False,False
4259,7.0,8,30.01,True,5.5,27.27272727272727,445.6363636363637,False,False,False,False
4260,30.01,2,30.01,True,7.0,328.7142857142857,328.7142857142857,False,False,False,False
4261,3.9,1,3.9,False,3.9,0.0,0.0,True,True,False,False
4262,30.01,2,30.01,True,18.5,62.216216216216225,62.216216216216225,False,False,False,False
4263,7.0,8,30.01,True,7.0,0.0,328.7142857142857,True,False,False,True
4264,30.01,1,30.01,False,16.0,87.56250000000001,87.56250000000001,False,False,False,False
4265,3.9,1,3.9,False,3.9,0.0,0.0,True,True,False,False
4266,30.01,1,30.01,False,18.5,62.216216216216225,62.216216216216225,False,False,False,False
4267,30.01,1,30.01,False,7.0,328.7142857142857,328.7142857142857,False,False,False,False
4268,7.0,10,18.5,True,7.0,0.0,164.28571428571428,True,False,False,True
4269,7.0,9,30.01,True,18.5,62.16216216216216,62.216216216216225,False,False,False,False
4270,7.0,8,30.01,True,30.01,76.67444185271576,0.0,False,True,True,False
4271,3.9,1,3.9,False,3.9,0.0,0.0,True,True,False,False
4272,30.01,2,30.01,True,7.0,328.7142857142857,328.7142857142857,False,False,False,False
4273,7.0,8,30.01,True,30.01,76.67444185271576,0.0,False,True,True,False
4274,35.0,1,35.0,False,49.0,28.57142857142857,28.57142857142857,False,False,False,False
4275,1255.0,10,895.0,True,130000.0,99.03461538461539,99.31153846153846,False,False,False,False
4276,1255.0,10,895.0,True,130000.0,99.03461538461539,99.31153846153846,False,False,False,False
4277,662.0,1,662.0,False,662.0,0.0,0.0,True,True,False,False
4278,359.34,3,408.0,True,189.75,89.37549407114624,115.01976284584981,False,False,False,False
4279,102.13,1,102.13,False,57.5,77.61739130434782,77.61739130434782,False,False,False,False
4280,12723.0,2,12723.0,True,12723.0,0.0,0.0,True,True,False,False
4281,1695.0,5,1665.49,True,1695.0,0.0,1.7410029498525068,True,True,False,False
4282,1095.0,1,1095.0,False,1095.0,0.0,0.0,True,True,False,False
4283,133664.0,2,142863.0,True,147955.0,9.659017944645331,3.441586969010848,True,True,False,False
4284,185400.0,3,322090.0,True,441715.0,58.02723475544186,27.0819419761611,False,False,False,False
4285,89615.51,1,89615.51,False,91189.51,1.7260757295438918,1.7260757295438918,True,True,False,False
4286,89615.51,1,89615.51,False,67643.01,32.48303113655055,32.48303113655055,False,False,False,False
4287,60108.0,1,60108.0,False,59771.0,0.5638185742249586,0.5638185742249586,True,True,False,False
4288,2.85,5,3.0,True,7.5,62.0,60.0,False,False,False,False
4289,2.85,1,2.85,False,52.0,94.51923076923077,94.51923076923077,False,False,False,False
4290,802.16,1,802.16,False,826.5,2.9449485783424114,2.9449485783424114,True,True,False,False
4291,802.16,1,802.16,False,802.16,0.0,0.0,True,True,False,False
4292,3.39,1,3.39,False,3.39,0.0,0.0,True,True,False,False
4293,149.71,1,149.71,False,149.71,0.0,0.0,True,True,False,False
4294,9200.0,1,9200.0,False,10000.0,8.0,8.0,True,True,False,False
4295,9500.0,1,9500.0,False,11000.0,13.636363636363635,13.636363636363635,False,False,False,False
4296,3800.0,1,3800.0,False,3700.0,2.7027027027027026,2.7027027027027026,True,True,False,False
4297,1400.0,1,1400.0,False,1700.0,17.647058823529413,17.647058823529413,False,False,False,False
4298,7800.0,2,7800.0,True,7800.0,0.0,0.0,True,True,False,False
4299,9200.0,2,9200.0,True,9200.0,0.0,0.0,True,True,False,False
4300,798.84,2,835.0,True,798.84,0.0,4.526563517099791,True,True,False,False
4301,2130.0,2,2080.8,True,2130.0,0.0,2.309859154929569,True,True,False,False
4302,11870.0,5,13150.0,True,1017.0,1067.158308751229,1193.0186823992135,False,False,False,False
4303,587.83,7,1912.0,True,412.66,42.448989482867255,363.33543352881304,False,False,False,False
4304,587.83,7,1912.0,True,158.86,270.03021528389775,1103.575475261236,False,False,False,False
4305,92.0,1,92.0,False,694.32,86.7496255328955,86.7496255328955,False,False,False,False
4306,2400.0,1,2400.0,False,2507.12,4.272631545358814,4.272631545358814,True,True,False,False
4307,587.83,7,1912.0,True,196.46,199.21103532525703,873.2261020054972,False,False,False,False
4308,587.83,3,1912.0,True,252.86,132.47251443486513,656.1496480265758,False,False,False,False
4309,92.0,7,37.72,True,694.32,86.7496255328955,94.56734646848714,False,False,False,False
4310,587.83,7,1912.0,True,610.06,3.6439038783070368,213.4117955610924,True,False,False,True
4311,21.24,1,21.24,False,21.24,0.0,0.0,True,True,False,False
4312,3.65,1,3.65,False,3.87,5.684754521963829,5.684754521963829,True,True,False,False
4313,145398.0,1,145398.0,False,10000.0,1353.98,1353.98,False,False,False,False
4314,145398.0,1,145398.0,False,7650.0,1800.6274509803923,1800.6274509803923,False,False,False,False
4315,145398.0,5,50000.0,True,6885.0,2011.8082788671024,626.2164124909223,False,False,False,False
4316,280.0,1,280.0,False,105.0,166.66666666666669,166.66666666666669,False,False,False,False
4317,280.0,1,280.0,False,381.0,26.509186351706038,26.509186351706038,False,False,False,False
4318,1020.0,1,1020.0,False,1020.0,0.0,0.0,True,True,False,False
4319,19357.0,1,19357.0,False,19357.0,0.0,0.0,True,True,False,False
4320,1.85,1,1.85,False,1.85,0.0,0.0,True,True,False,False
4321,30.8,3,71.5,True,71.5,56.923076923076934,0.0,False,True,True,False
4322,30.8,2,30.8,True,30.8,0.0,0.0,True,True,False,False
4323,5424.29,1,5424.29,False,36999.75,85.33965770038986,85.33965770038986,False,False,False,False
4324,49128.0,2,119158.0,True,62353.59,21.21063117616804,91.1004643036592,False,False,False,False
4325,243.75,1,243.75,False,243.75,0.0,0.0,True,True,False,False
4326,168.75,2,168.75,True,168.75,0.0,0.0,True,True,False,False
4327,255.0,1,255.0,False,255.0,0.0,0.0,True,True,False,False
4328,311.25,4,311.25,True,311.25,0.0,0.0,True,True,False,False
4329,18.0,1,18.0,False,18.0,0.0,0.0,True,True,False,False
4330,322.5,1,322.5,False,322.5,0.0,0.0,True,True,False,False
4331,593.57,1,593.57,False,593.57,0.0,0.0,True,True,False,False
4332,593.57,1,593.57,False,593.57,0.0,0.0,True,True,False,False
4333,75.0,1,75.0,False,75.0,0.0,0.0,True,True,False,False
4334,127.5,3,127.5,True,127.5,0.0,0.0,True,True,False,False
4335,132.5,3,127.5,True,155.0,14.516129032258066,17.741935483870968,False,False,False,False
4336,127.5,6,132.5,True,132.5,3.7735849056603774,0.0,True,True,False,False
4337,155.0,1,155.0,False,132.5,16.9811320754717,16.9811320754717,False,False,False,False
4338,102.0,2,102.0,True,127.5,20.0,20.0,False,False,False,False
4339,9075.0,10,8360.0,True,260.0,3390.3846153846152,3115.3846153846152,False,False,False,False
4340,9075.0,10,8360.0,True,8360.0,8.552631578947368,0.0,True,True,False,False
4341,662.0,1,662.0,False,662.0,0.0,0.0,True,True,False,False
4342,24.95,1,24.95,False,24.95,0.0,0.0,True,True,False,False
4343,89615.51,1,89615.51,False,99731.04,10.142810102050474,10.142810102050474,False,False,False,False
4344,686.0,1,686.0,False,515.0,33.20388349514563,33.20388349514563,False,False,False,False
4345,686.0,1,686.0,False,285.0,140.7017543859649,140.7017543859649,False,False,False,False
4346,21.24,1,21.24,False,21.24,0.0,0.0,True,True,False,False
4347,80.85,1,80.85,False,80.85,0.0,0.0,True,True,False,False
4348,86.1,1,86.1,False,86.1,0.0,0.0,True,True,False,False
4349,160.65,1,160.65,False,648.9,75.24271844660194,75.24271844660194,False,False,False,False
4350,71.5,1,71.5,False,71.5,0.0,0.0,True,True,False,False
4351,1.09,2,1.56,True,1.09,0.0,43.11926605504587,True,False,False,True
4352,74.0,2,1051.0,True,1208.0,93.87417218543047,12.996688741721854,False,False,False,False
4353,52475.0,1,52475.0,False,29149.29,80.02153740279779,80.02153740279779,False,False,False,False
4354,28948.24,1,28948.24,False,29549.29,2.034059024768444,2.034059024768444,True,True,False,False
4355,25.57,1,25.57,False,34.98,26.90108633504859,26.90108633504859,False,False,False,False
4356,24.55,1,24.55,False,24.55,0.0,0.0,True,True,False,False
4357,24.72,1,24.72,False,24.72,0.0,0.0,True,True,False,False
4358,4611.0,1,4611.0,False,1829.7,152.00852598786688,152.00852598786688,False,False,False,False
4359,19.09,1,19.09,False,19.09,0.0,0.0,True,True,False,False
4360,178.0,1,178.0,False,418.0,57.41626794258373,57.41626794258373,False,False,False,False
4361,21.24,3,21.24,True,21.24,0.0,0.0,True,True,False,False
4362,127.5,1,127.5,False,310.5,58.93719806763285,58.93719806763285,False,False,False,False
4363,18.0,1,18.0,False,951.49,98.1082302493983,98.1082302493983,False,False,False,False
4364,512.92,1,512.92,False,350.0,46.548571428571414,46.548571428571414,False,False,False,False
4365,395.0,1,395.0,False,32.0,1134.375,1134.375,False,False,False,False
4366,1145.0,1,1145.0,False,1075.0,6.511627906976744,6.511627906976744,True,True,False,False
4367,309.26,2,64.86,True,64.86,376.81159420289856,0.0,False,True,True,False
4368,610.99,10,614.0,True,610.99,0.0,0.4926430874482382,True,True,False,False
4369,26.82,9,27.001,True,200.15,86.6000499625281,86.50961778666,False,False,False,False
4370,26.82,10,27.001,True,200.15,86.6000499625281,86.50961778666,False,False,False,False
4371,26.82,10,27.001,True,200.15,86.6000499625281,86.50961778666,False,False,False,False
4372,26.82,10,27.001,True,200.15,86.6000499625281,86.50961778666,False,False,False,False
4373,2045.0,2,2071.34,True,1785.0,14.565826330532214,16.041456582633064,False,False,False,False
4374,15.72,3,19.5,True,25.57,38.52170512319123,23.73875635510364,False,False,False,False
4375,53.82,1,53.82,False,26.09,106.28593330778075,106.28593330778075,False,False,False,False
4376,53.82,1,53.82,False,26.09,106.28593330778075,106.28593330778075,False,False,False,False
4377,5465.0,1,5465.0,False,10.95,49808.67579908676,49808.67579908676,False,False,False,False
4378,5465.0,1,5465.0,False,10.95,49808.67579908676,49808.67579908676,False,False,False,False
4379,128.45,1,128.45,False,71.17,80.48334972600813,80.48334972600813,False,False,False,False
4380,18.25,5,30.89,True,28.45,35.852372583479784,8.576449912126542,False,True,True,False
4381,1150.0,1,1150.0,False,1400.0,17.857142857142858,17.857142857142858,False,False,False,False
4382,1118.42,3,974.11,True,1013.07,10.399083972479692,3.8457362275064937,False,True,True,False
4383,12602.67,1,12602.67,False,15299.56,17.627238953277086,17.627238953277086,False,False,False,False
4384,14927.67,1,14927.67,False,2939.02,407.9131819450021,407.9131819450021,False,False,False,False
4385,14927.67,1,14927.67,False,13047.72,14.408264432406586,14.408264432406586,False,False,False,False
4386,12602.67,1,12602.67,False,30998.42,59.344153669767685,59.344153669767685,False,False,False,False
4387,49185.1,1,49185.1,False,5613.36,776.2149585987715,776.2149585987715,False,False,False,False
4388,1829.7,1,1829.7,False,5070.06,63.911669684382446,63.911669684382446,False,False,False,False
4389,1829.7,1,1829.7,False,19283.48,90.51156741418043,90.51156741418043,False,False,False,False
4390,1829.7,1,1829.7,False,19283.48,90.51156741418043,90.51156741418043,False,False,False,False
4391,49185.1,1,49185.1,False,45098.77,9.060845783598982,9.060845783598982,True,True,False,False
4392,21.99,1,21.99,False,20.0,9.949999999999992,9.949999999999992,True,True,False,False
4393,310.5,2,951.49,True,310.5,0.0,206.4380032206119,True,False,False,True
4394,951.49,1,951.49,False,951.49,0.0,0.0,True,True,False,False
4395,199.64,1,199.64,False,199.64,0.0,0.0,True,True,False,False
4396,209.64,1,209.64,False,120.64,73.77320954907161,73.77320954907161,False,False,False,False
4397,256.79,5,256.79,True,256.79,0.0,0.0,True,True,False,False
4398,209.64,1,209.64,False,135.4,54.830132939438684,54.830132939438684,False,False,False,False
4399,110.64,1,110.64,False,110.64,0.0,0.0,True,True,False,False
4400,5100.0,2,5100.0,True,9047.5,43.63083724785852,43.63083724785852,False,False,False,False
4401,16187.5,1,16187.5,False,17125.25,5.475832469598984,5.475832469598984,True,True,False,False
4402,6328.0,1,6328.0,False,10933.75,42.12415685377844,42.12415685377844,False,False,False,False
4403,50.0,5,0.85,True,0.05,99900.0,1599.9999999999998,False,False,False,False
4404,50.0,5,0.85,True,0.05,99900.0,1599.9999999999998,False,False,False,False
4405,1.34,1,1.34,False,1.29,3.8759689922480653,3.8759689922480653,True,True,False,False
4406,2.23,4,2.23,True,7.5,70.26666666666667,70.26666666666667,False,False,False,False
4407,2922.0,1,2922.0,False,2130.0,37.183098591549296,37.183098591549296,False,False,False,False
4408,3762.0,1,3762.0,False,3630.0,3.6363636363636362,3.6363636363636362,True,True,False,False
4409,2130.0,10,2922.0,True,13441.68,84.15376649347404,78.26164586569536,False,False,False,False
4410,2130.0,10,2922.0,True,10584.0,79.87528344671202,72.39229024943312,False,False,False,False
4411,3630.0,10,3762.0,True,3762.0,3.508771929824561,0.0,True,True,False,False
4412,3630.0,10,3762.0,True,4410.0,17.687074829931973,14.69387755102041,False,False,False,False
4413,54.43,1,54.43,False,14.16,284.3926553672316,284.3926553672316,False,False,False,False
4414,364.47,1,364.47,False,19.72,1748.2251521298174,1748.2251521298174,False,False,False,False
4415,8052.9,4,7327.74,True,3834.5,110.01173555874297,91.100273829704,False,False,False,False
4416,142.5,5,121.9,True,179.85,20.767306088407004,32.22129552404781,False,False,False,False
4417,266.69,2,142.5,True,47.4,462.63713080168776,200.63291139240508,False,False,False,False
4418,266.69,2,142.5,True,24.6,984.1056910569105,479.26829268292687,False,False,False,False
4419,142.5,1,142.5,False,715.0,80.06993006993007,80.06993006993007,False,False,False,False
4420,1.92,5,10.02,True,0.45,326.6666666666667,2126.6666666666665,False,False,False,False
4421,266.69,2,142.5,True,312.44,14.6428114197926,54.39124311867879,False,False,False,False
4422,7.0,3,30.01,True,7.0,0.0,328.7142857142857,True,False,False,True
4423,3.9,1,3.9,False,3.9,0.0,0.0,True,True,False,False
4424,18.5,1,18.5,False,7.0,164.28571428571428,164.28571428571428,False,False,False,False
4425,18.5,1,18.5,False,30.01,38.35388203932023,38.35388203932023,False,False,False,False
4426,18.5,1,18.5,False,18.5,0.0,0.0,True,True,False,False
4427,5.7,1,5.7,False,5.7,0.0,0.0,True,True,False,False
4428,5.7,1,5.7,False,5.7,0.0,0.0,True,True,False,False
4429,5.7,1,5.7,False,5.7,0.0,0.0,True,True,False,False
4430,5.7,1,5.7,False,5.7,0.0,0.0,True,True,False,False
4431,5.7,1,5.7,False,5.7,0.0,0.0,True,True,False,False
4432,5.7,1,5.7,False,5.7,0.0,0.0,True,True,False,False
4433,68937.35,6,62353.59,True,89407.33,22.89519215035277,30.258973173676036,False,False,False,False
4434,62353.59,1,62353.59,False,81339.12,23.34120408482413,23.34120408482413,False,False,False,False
4435,30998.42,1,30998.42,False,60755.8,48.97866541136814,48.97866541136814,False,False,False,False
4436,151041.67,1,151041.67,False,151041.67,0.0,0.0,True,True,False,False
4437,120000.0,1,120000.0,False,120000.0,0.0,0.0,True,True,False,False
4438,96.23,1,96.23,False,96.23,0.0,0.0,True,True,False,False
4439,8.38,1,8.38,False,11.4,26.49122807017543,26.49122807017543,False,False,False,False
4440,8.38,1,8.38,False,122.55,93.16197470420236,93.16197470420236,False,False,False,False
4441,2258.33,1,2258.33,False,2199.0,2.698044565711684,2.698044565711684,True,True,False,False
4442,47.4,1,47.4,False,149.5,68.29431438127091,68.29431438127091,False,False,False,False
4443,150.6,1,150.6,False,150.6,0.0,0.0,True,True,False,False
4444,97.2,4,99.0,True,97.2,0.0,1.851851851851849,True,True,False,False
4445,61.56,4,5.77,True,5.53,1013.2007233273056,4.339963833634707,False,True,True,False
4446,3825.79,1,3825.79,False,3825.79,0.0,0.0,True,True,False,False
4447,3852.56,1,3852.56,False,224.0,1619.892857142857,1619.892857142857,False,False,False,False
4448,5833.5,1,5833.5,False,6932.5,15.852866931121529,15.852866931121529,False,False,False,False
4449,5833.5,1,5833.5,False,9046.5,35.51649809318521,35.51649809318521,False,False,False,False
4450,5833.5,1,5833.5,False,15637.5,62.695443645083934,62.695443645083934,False,False,False,False
4451,5833.5,1,5833.5,False,10926.5,46.61144922893882,46.61144922893882,False,False,False,False
4452,5833.5,1,5833.5,False,3562.5,63.74736842105263,63.74736842105263,False,False,False,False
4453,34785.6,1,34785.6,False,30852.68,12.747417728378856,12.747417728378856,False,False,False,False
4454,34785.6,7,22837.34,True,22742.95,52.95113430755464,0.415029712504312,False,True,True,False
4455,34785.6,1,34785.6,False,116198.57,70.06365913108912,70.06365913108912,False,False,False,False
4456,28700.0,5,82707.76,True,43550.66,34.099735801937335,89.91161098362227,False,False,False,False
4457,28700.0,4,82707.76,True,42718.15,32.8154426163118,93.61269156084707,False,False,False,False
4458,71744.66,1,71744.66,False,64150.75,11.837601275121497,11.837601275121497,False,False,False,False
4459,0.05,1,0.05,False,0.05,0.0,0.0,True,True,False,False
4460,549.15,1,549.15,False,549.15,0.0,0.0,True,True,False,False
4461,549.15,2,1500.0,True,1500.0,63.39,0.0,False,True,True,False
4462,3.9,1,3.9,False,3.9,0.0,0.0,True,True,False,False
4463,0.85,2,0.85,True,8.32,89.78365384615385,89.78365384615385,False,False,False,False
4464,0.85,1,0.85,False,8.32,89.78365384615385,89.78365384615385,False,False,False,False
4465,21.24,1,21.24,False,21.24,0.0,0.0,True,True,False,False
4466,49.35,8,49.35,True,49.35,0.0,0.0,True,True,False,False
4467,759.8,1,759.8,False,61.8,1129.4498381877024,1129.4498381877024,False,False,False,False
4468,23.49,1,23.49,False,23.49,0.0,0.0,True,True,False,False
4469,177.96,5,167.4,True,169.85,4.774801295260532,1.442449219899905,True,True,False,False
4470,130202.9,1,130202.9,False,84459.14,54.160816697873074,54.160816697873074,False,False,False,False
4471,7866.0,1,7866.0,False,124272.51,93.67036201328838,93.67036201328838,False,False,False,False
4472,8656.0,4,42722.0,True,13796.5,37.25944986047186,209.65824665676078,False,False,False,False
4473,5100.0,2,5100.0,True,5700.0,10.526315789473683,10.526315789473683,False,False,False,False
4474,3700.0,1,3700.0,False,3700.0,0.0,0.0,True,True,False,False
4475,9050.0,1,9050.0,False,9050.0,0.0,0.0,True,True,False,False
4476,5100.0,1,5100.0,False,5700.0,10.526315789473683,10.526315789473683,False,False,False,False
4477,9050.0,4,9050.0,True,14100.0,35.815602836879435,35.815602836879435,False,False,False,False
4478,3700.0,1,3700.0,False,3800.0,2.631578947368421,2.631578947368421,True,True,False,False
4479,4526.0,1,4526.0,False,24.0,18758.333333333336,18758.333333333336,False,False,False,False
4480,235.0,1,235.0,False,72.0,226.38888888888889,226.38888888888889,False,False,False,False
4481,7153.0,2,4526.0,True,2515.0,184.41351888667992,79.96023856858847,False,False,False,False
4482,117.0,1,117.0,False,115.0,1.7391304347826086,1.7391304347826086,True,True,False,False
4483,3762.0,1,3762.0,False,3762.0,0.0,0.0,True,True,False,False
4484,2922.0,1,2922.0,False,4158.0,29.725829725829726,29.725829725829726,False,False,False,False
4485,2922.0,1,2922.0,False,2922.0,0.0,0.0,True,True,False,False
4486,563.06,1,563.06,False,704.06,20.026702269692926,20.026702269692926,False,False,False,False
4487,164.99,1,164.99,False,164.99,0.0,0.0,True,True,False,False
4488,2676.06,2,2071.34,True,1904.98,40.477065376014444,8.73290008294051,False,True,True,False
4489,244.74,1,244.74,False,244.74,0.0,0.0,True,True,False,False
4490,1785.0,6,2364.24,True,2673.01,33.22134971436695,11.551397114114813,False,False,False,False
4491,38.99,2,25.99,True,25.99,50.01923816852637,0.0,False,True,True,False
4492,1285.0,5,1285.0,True,1285.0,0.0,0.0,True,True,False,False
4493,142.99,3,227.0,True,159.49,10.345476205404728,42.328672644052915,False,False,False,False
4494,100.0,2,38.99,True,36.24,175.9381898454746,7.588300220750551,False,True,True,False
4495,21.99,4,21.99,True,21.99,0.0,0.0,True,True,False,False
4496,127.5,1,127.5,False,127.5,0.0,0.0,True,True,False,False
4497,132.5,7,140.0,True,132.5,0.0,5.660377358490567,True,True,False,False
4498,155.0,10,155.0,True,131.25,18.095238095238095,18.095238095238095,False,False,False,False
4499,155.0,4,155.0,True,155.0,0.0,0.0,True,True,False,False
4500,176041.67,2,217952.0,True,12909.63,1263.6461308341138,1588.2900594362504,False,False,False,False
4501,176041.67,1,176041.67,False,4250.0,4042.156941176471,4042.156941176471,False,False,False,False
4502,6.55,1,6.55,False,6.55,0.0,0.0,True,True,False,False
4503,7.44,1,7.44,False,7.44,0.0,0.0,True,True,False,False
4504,21.99,1,21.99,False,35.19,37.510656436487636,37.510656436487636,False,False,False,False
4505,19.23,1,19.23,False,18.49,4.002163331530568,4.002163331530568,True,True,False,False
4506,230.99,1,230.99,False,249.77,7.518917404011691,7.518917404011691,True,True,False,False
4507,239.07,1,239.07,False,360.03,33.59720023331389,33.59720023331389,False,False,False,False
4508,21.99,1,21.99,False,18.49,18.92915089237426,18.92915089237426,False,False,False,False
4509,662.0,1,662.0,False,662.0,0.0,0.0,True,True,False,False
4510,1829.48,1,1829.48,False,2215.0,17.40496613995485,17.40496613995485,False,False,False,False
4511,6.06,1,6.06,False,6.06,0.0,0.0,True,True,False,False
4512,122.4,1,122.4,False,208.3,41.23859817570811,41.23859817570811,False,False,False,False
4513,15.0,1,15.0,False,20.0,25.0,25.0,False,False,False,False
4514,25.0,1,25.0,False,25.0,0.0,0.0,True,True,False,False
4515,123.75,8,123.75,True,123.75,0.0,0.0,True,True,False,False
4516,316.0,10,1200.0,True,395.0,20.0,203.7974683544304,False,False,False,False
4517,316.0,10,1200.0,True,355.0,10.985915492957748,238.0281690140845,False,False,False,False
4518,19.09,1,19.09,False,19.09,0.0,0.0,True,True,False,False
4519,1428.1,1,1428.1,False,1405.27,1.6245988315412643,1.6245988315412643,True,True,False,False
4520,1428.1,1,1428.1,False,434.08,228.99465536306673,228.99465536306673,False,False,False,False
4521,1428.1,1,1428.1,False,1172.28,21.82243150100658,21.82243150100658,False,False,False,False
4522,248.93,1,248.93,False,341.13,27.027819306422767,27.027819306422767,False,False,False,False
4523,45.0,1,45.0,False,70.0,35.714285714285715,35.714285714285715,False,False,False,False
4524,450.8,5,20.0,True,45.0,901.7777777777778,55.55555555555556,False,False,False,False
4525,50.0,2,450.8,True,465.5,89.25886143931257,3.1578947368421026,False,True,True,False
4526,21.24,1,21.24,False,21.24,0.0,0.0,True,True,False,False
4527,147.96,1,147.96,False,147.96,0.0,0.0,True,True,False,False
4528,319.0,3,319.0,True,319.0,0.0,0.0,True,True,False,False
4529,845.06,1,845.06,False,845.06,0.0,0.0,True,True,False,False
4530,47.4,1,47.4,False,65.0,27.07692307692308,27.07692307692308,False,False,False,False
4531,179.85,7,24.6,True,9.2,1854.8913043478262,167.39130434782612,False,False,False,False
4532,0.45,1,0.45,False,0.52,13.461538461538463,13.461538461538463,False,False,False,False
4533,47.4,1,47.4,False,4.6,930.4347826086957,930.4347826086957,False,False,False,False
4534,164.99,9,164.99,True,175.0,5.719999999999994,5.719999999999994,True,True,False,False
4535,27.0,1,27.0,False,59.99,54.99249874979163,54.99249874979163,False,False,False,False
4536,265.0,7,280.0,True,218.99,21.01009178501301,27.859719621900535,False,False,False,False
4537,1415.0,10,1400.0,True,2245.5,36.98508127365842,37.65308394566912,False,False,False,False
4538,90.0,3,2625.0,True,3625.0,97.51724137931035,27.586206896551722,False,False,False,False
4539,57.5,1,57.5,False,3750.0,98.46666666666667,98.46666666666667,False,False,False,False
4540,71.4,6,307.62,True,82.67,13.632514817950883,272.10596346921494,False,False,False,False
4541,75246.0,6,72198.25,True,75100.1,0.19427404224494266,3.863976213080949,True,True,False,False
4542,4.23,6,12.73,True,13.41,68.45637583892618,5.07084265473527,False,True,True,False
4543,7.29,1,7.29,False,7.65,4.70588235294118,4.70588235294118,True,True,False,False
4544,3.9,1,3.9,False,3.9,0.0,0.0,True,True,False,False
4545,625.45,1,625.45,False,218.18,186.66697222476856,186.66697222476856,False,False,False,False
4546,625.45,1,625.45,False,58.73,964.9582836710371,964.9582836710371,False,False,False,False
4547,625.45,1,625.45,False,451.68,38.47192702798442,38.47192702798442,False,False,False,False
4548,1400.0,4,1425.0,True,1440.0,2.7777777777777777,1.0416666666666665,True,True,False,False
4549,5600.0,1,5600.0,False,5600.0,0.0,0.0,True,True,False,False
4550,18.49,5,355.0,True,26.8,31.007462686567173,1224.6268656716418,False,False,False,False
4551,212.5,4,229.7,True,57.96,266.63216011042095,296.3077984817115,False,False,False,False
4552,2204.48,1,2204.48,False,580.0,280.0827586206897,280.0827586206897,False,False,False,False
4553,50.0,1,50.0,False,50.0,0.0,0.0,True,True,False,False
4554,286.13,1,286.13,False,286.13,0.0,0.0,True,True,False,False
4555,286.13,1,286.13,False,343.35,16.66521042667832,16.66521042667832,False,False,False,False
4556,311.25,1,311.25,False,311.25,0.0,0.0,True,True,False,False
4557,9.2,10,8.5,True,132.59,93.06131684139075,93.58926012519798,False,False,False,False
4558,0.45,1,0.45,False,0.46,2.1739130434782625,2.1739130434782625,True,True,False,False
4559,0.52,1,0.52,False,0.3,73.33333333333336,73.33333333333336,False,False,False,False
4560,0.45,1,0.45,False,0.56,19.64285714285715,19.64285714285715,False,False,False,False
4561,10.02,1,10.02,False,9.54,5.031446540880508,5.031446540880508,True,True,False,False
4562,24.6,1,24.6,False,17.82,38.04713804713805,38.04713804713805,False,False,False,False
4563,10.02,1,10.02,False,42.97,76.68140563183617,76.68140563183617,False,False,False,False
4564,24.6,1,24.6,False,715.0,96.55944055944056,96.55944055944056,False,False,False,False
4565,96.74,7,99.0,True,119.0,18.70588235294118,16.80672268907563,False,False,False,False
4566,99.0,4,96.74,True,99.0,0.0,2.282828282828288,True,True,False,False
4567,7425.62,8,6822.1,True,7218.8,2.865019116750702,5.4953731922203115,True,True,False,False
4568,105.0,9,107.73,True,105.0,0.0,2.6000000000000036,True,True,False,False
4569,279000.0,1,279000.0,False,501750.0,44.39461883408072,44.39461883408072,False,False,False,False
4570,167511.0,7,179192.0,True,1156129.0,85.51104591269659,84.50069153182733,False,False,False,False
4571,7.65,1,7.65,False,5.71,33.975481611208416,33.975481611208416,False,False,False,False
4572,13.41,1,13.41,False,55.68,75.91594827586206,75.91594827586206,False,False,False,False
4573,13.41,6,13.41,True,1.65,712.7272727272727,712.7272727272727,False,False,False,False
4574,8.81,1,8.81,False,26.14,66.29686304514154,66.29686304514154,False,False,False,False
4575,2423.03,4,459.0,True,751.74,222.32287759065636,38.94165535956581,False,False,False,False
4576,1381.07,3,459.0,True,728.76,89.50957791316758,37.01630166309896,False,False,False,False
4577,2423.03,4,783.0,True,1026.24,136.10753819769258,23.702057998129096,False,False,False,False
4578,1381.07,1,1381.07,False,2061.68,33.012397656280314,33.012397656280314,False,False,False,False
4579,3800.0,1,3800.0,False,3700.0,2.7027027027027026,2.7027027027027026,True,True,False,False
4580,3800.0,1,3800.0,False,3800.0,0.0,0.0,True,True,False,False
4581,3800.0,1,3800.0,False,3800.0,0.0,0.0,True,True,False,False
4582,5790.0,8,5790.0,True,9075.0,36.19834710743802,36.19834710743802,False,False,False,False
4583,260.0,1,260.0,False,260.0,0.0,0.0,True,True,False,False
4584,131.25,3,132.5,True,132.5,0.9433962264150944,0.0,True,True,False,False
4585,132.5,5,140.0,True,140.0,5.357142857142857,0.0,True,True,False,False
4586,127.5,1,127.5,False,127.5,0.0,0.0,True,True,False,False
4587,2000.0,3,2052.63,True,2400.0,16.666666666666664,14.473749999999995,False,False,False,False
4588,46.2,1,46.2,False,21.2,117.92452830188682,117.92452830188682,False,False,False,False
4589,464.99,3,213.04,True,439.1,5.896151218401272,51.48257800045548,True,False,False,True
4590,4.99,2,27.5,True,5.6,10.892857142857133,391.07142857142856,False,False,False,False
4591,464.99,5,364.63,True,120.2,286.846921797005,203.35274542429283,False,False,False,False
4592,27.5,1,27.5,False,1.7,1517.6470588235295,1517.6470588235295,False,False,False,False
4593,464.99,5,213.04,True,418.15,11.201721870142302,49.05177567858424,False,False,False,False
4594,46.2,1,46.2,False,124.1,62.77195809830781,62.77195809830781,False,False,False,False
4595,46.2,1,46.2,False,14.5,218.62068965517244,218.62068965517244,False,False,False,False
4596,13890.0,1,13890.0,False,585.0,2274.3589743589746,2274.3589743589746,False,False,False,False
4597,108.0,4,108.0,True,100.0,8.0,8.0,True,True,False,False
4598,100.0,2,100.0,True,100.0,0.0,0.0,True,True,False,False
4599,1008244.66,1,1008244.66,False,1122248.0,10.158480122040759,10.158480122040759,False,False,False,False
4600,1008244.66,2,1099114.0,True,1407131.0,28.347491456019373,21.889717446350055,False,False,False,False
4601,1008244.66,2,1099114.0,True,1124248.0,10.318305213796242,2.2356277262668023,False,True,True,False
4602,46.0,1,46.0,False,46.0,0.0,0.0,True,True,False,False
4603,46.51,1,46.51,False,46.51,0.0,0.0,True,True,False,False
4604,1343.92,1,1343.92,False,1697.21,20.815927316006857,20.815927316006857,False,False,False,False
4605,13.89,1,13.89,False,13.89,0.0,0.0,True,True,False,False
4606,8.16,1,8.16,False,49.75,83.59798994974875,83.59798994974875,False,False,False,False
4607,39.5,1,39.5,False,39.5,0.0,0.0,True,True,False,False
4608,45098.77,3,24903.0,True,18574.81,142.79532334381884,34.068666112870055,False,False,False,False
4609,45098.77,3,24903.0,True,18457.8,144.33448189925127,34.918571010629655,False,False,False,False
4610,2074.4,1,2074.4,False,2074.4,0.0,0.0,True,True,False,False
4611,21.24,1,21.24,False,21.24,0.0,0.0,True,True,False,False
4612,1883.0,1,1883.0,False,1883.0,0.0,0.0,True,True,False,False
4613,1325.53,1,1325.53,False,1340.43,1.111583596308654,1.111583596308654,True,True,False,False
4614,1325.53,1,1325.53,False,1343.02,1.3022888713496454,1.3022888713496454,True,True,False,False
4615,1343.02,1,1343.02,False,1343.02,0.0,0.0,True,True,False,False
4616,1575.29,9,1434.2,True,1434.2,9.837540092037367,0.0,True,True,False,False
4617,3.9,1,3.9,False,3.9,0.0,0.0,True,True,False,False
4618,53.93,1,53.93,False,56.76,4.985905567300914,4.985905567300914,True,True,False,False
4619,76.31,1,76.31,False,76.31,0.0,0.0,True,True,False,False
4620,164.99,3,164.99,True,164.99,0.0,0.0,True,True,False,False
4621,1285.0,7,1285.0,True,1285.0,0.0,0.0,True,True,False,False
4622,21.99,1,21.99,False,21.99,0.0,0.0,True,True,False,False
4623,1285.0,3,1285.0,True,1285.0,0.0,0.0,True,True,False,False
4624,573.59,1,573.59,False,79.0,626.0632911392405,626.0632911392405,False,False,False,False
4625,200.49,5,573.59,True,5995.0,96.65571309424521,90.43219349457881,False,False,False,False
4626,573.59,1,573.59,False,775.0,25.98838709677419,25.98838709677419,False,False,False,False
4627,1427.62,8,879.58,True,1279.0,11.620015637216568,31.22908522283033,False,False,False,False
4628,573.59,1,573.59,False,99.0,479.38383838383845,479.38383838383845,False,False,False,False
4629,200.49,4,573.59,True,925.0,78.3254054054054,37.990270270270265,False,False,False,False
4630,1427.62,1,1427.62,False,949.0,50.43414120126448,50.43414120126448,False,False,False,False
4631,200.49,4,573.59,True,1279.0,84.32447224394058,55.153244722439396,False,False,False,False
4632,573.59,4,573.59,True,169.0,239.4023668639053,239.4023668639053,False,False,False,False
4633,1080.19,1,1080.19,False,6695.0,83.8657206870799,83.8657206870799,False,False,False,False
4634,573.59,4,573.59,True,252.0,127.61507936507938,127.61507936507938,False,False,False,False
4635,1080.19,1,1080.19,False,795.0,35.872955974842775,35.872955974842775,False,False,False,False
4636,1427.62,1,1427.62,False,141.0,912.4964539007092,912.4964539007092,False,False,False,False
4637,1427.62,9,676.09,True,2595.0,44.98574181117534,73.94643545279382,False,False,False,False
4638,1427.62,8,879.58,True,1279.0,11.620015637216568,31.22908522283033,False,False,False,False
4639,9.2,1,9.2,False,47.95,80.81334723670489,80.81334723670489,False,False,False,False
4640,0.56,1,0.56,False,0.35,60.00000000000002,60.00000000000002,False,False,False,False
4641,0.46,1,0.46,False,0.58,20.689655172413783,20.689655172413783,False,False,False,False
4642,17.82,1,17.82,False,11.4,56.315789473684205,56.315789473684205,False,False,False,False
4643,0.45,1,0.45,False,0.52,13.461538461538463,13.461538461538463,False,False,False,False
4644,9.2,1,9.2,False,10.7,14.018691588785048,14.018691588785048,False,False,False,False
4645,45177.0,1,45177.0,False,44925.0,0.5609348914858097,0.5609348914858097,True,True,False,False
4646,53357.5,1,53357.5,False,60504.25,11.81198015015474,11.81198015015474,False,False,False,False
4647,53743.64,1,53743.64,False,33475.0,60.54858849887977,60.54858849887977,False,False,False,False
4648,53743.64,1,53743.64,False,33075.0,62.49021919879063,62.49021919879063,False,False,False,False
4649,2950.0,1,2950.0,False,2444.0,20.7037643207856,20.7037643207856,False,False,False,False
4650,8050.0,1,8050.0,False,5810.0,38.55421686746988,38.55421686746988,False,False,False,False
4651,3700.0,10,3770.0,True,3706.0,0.16189962223421478,1.7269293038316245,True,True,False,False
4652,5100.0,1,5100.0,False,4537.0,12.409080890456249,12.409080890456249,False,False,False,False
4653,6400.0,5,5850.0,True,4949.0,29.31905435441503,18.20569812083249,False,False,False,False
4654,151041.67,3,151041.67,True,151041.67,0.0,0.0,True,True,False,False
4655,167921.88,1,167921.88,False,167921.88,0.0,0.0,True,True,False,False
4656,940.0,1,940.0,False,680.0,38.23529411764706,38.23529411764706,False,False,False,False
4657,480.0,1,480.0,False,335.61,43.023151872709384,43.023151872709384,False,False,False,False
4658,153.99,1,153.99,False,175.99,12.500710267628842,12.500710267628842,False,False,False,False
4659,227.0,4,227.0,True,159.49,42.328672644052915,42.328672644052915,False,False,False,False
4660,97.2,2,99.0,True,19.44,400.0,409.25925925925924,False,False,False,False
4661,99301.47,1,99301.47,False,10425.68,852.4699587940548,852.4699587940548,False,False,False,False
4662,110.25,5,118.51,True,108.8,1.3327205882352968,8.924632352941183,True,True,False,False
4663,118.51,1,118.51,False,11.5,930.5217391304348,930.5217391304348,False,False,False,False
4664,318.6,3,110.25,True,65.0,390.1538461538462,69.61538461538461,False,False,False,False
4665,15.0,1,15.0,False,15.0,0.0,0.0,True,True,False,False
4666,15.0,1,15.0,False,15.0,0.0,0.0,True,True,False,False
4667,22.5,9,15.0,True,20.0,12.5,25.0,False,False,False,False
4668,31.25,1,31.25,False,35.0,10.714285714285714,10.714285714285714,False,False,False,False
4669,175.5,1,175.5,False,34.0,416.1764705882353,416.1764705882353,False,False,False,False
4670,43.25,1,43.25,False,50.0,13.5,13.5,False,False,False,False
4671,15020.0,1,15020.0,False,16522.0,9.090909090909092,9.090909090909092,True,True,False,False
4672,131.27,1,131.27,False,131.27,0.0,0.0,True,True,False,False
4673,208.3,1,208.3,False,204.3,1.957905041605482,1.957905041605482,True,True,False,False
4674,38.7,1,38.7,False,38.7,0.0,0.0,True,True,False,False
4675,208.3,7,222.5,True,151.5,37.4917491749175,46.864686468646866,False,False,False,False
4676,135.4,1,135.4,False,256.79,47.27209003465867,47.27209003465867,False,False,False,False
4677,199.64,1,199.64,False,110.64,80.44107013738248,80.44107013738248,False,False,False,False
4678,199.64,1,199.64,False,199.64,0.0,0.0,True,True,False,False
4679,120.64,1,120.64,False,120.64,0.0,0.0,True,True,False,False
4680,155.0,7,127.5,True,138.75,11.711711711711711,8.108108108108109,False,True,True,False
4681,155.0,9,155.0,True,132.5,16.9811320754717,16.9811320754717,False,False,False,False
4682,102.0,8,102.0,True,127.5,20.0,20.0,False,False,False,False
4683,102.0,2,102.0,True,155.0,34.193548387096776,34.193548387096776,False,False,False,False
4684,1178.0,1,1178.0,False,5616.67,79.02671867850523,79.02671867850523,False,False,False,False
4685,1399.95,1,1399.95,False,2063.0,32.14008725157537,32.14008725157537,False,False,False,False
4686,1399.95,8,11023.81,True,957.0,46.28526645768026,1051.9132706374085,False,False,False,False
4687,1729.13,3,1053.19,True,1806.66,4.29134424850276,41.70513544330422,True,False,False,True
4688,2469.14,1,2469.14,False,4109.2,39.911904993672735,39.911904993672735,False,False,False,False
4689,2880.0,1,2880.0,False,2689.0,7.103012272220156,7.103012272220156,True,True,False,False
4690,1989.0,1,1989.0,False,589.0,237.69100169779284,237.69100169779284,False,False,False,False
4691,2880.0,1,2880.0,False,1075.0,167.90697674418604,167.90697674418604,False,False,False,False
4692,2880.0,1,2880.0,False,783.0,267.81609195402297,267.81609195402297,False,False,False,False
4693,6000.0,1,6000.0,False,12000.0,50.0,50.0,False,False,False,False
4694,11.0682,1,11.0682,False,11.0682,0.0,0.0,True,True,False,False
4695,147.96,1,147.96,False,147.96,0.0,0.0,True,True,False,False
4696,2074.4,1,2074.4,False,2074.4,0.0,0.0,True,True,False,False
4697,100.0,2,100.0,True,100.0,0.0,0.0,True,True,False,False
4698,70.0,6,100.0,True,10.0,600.0,900.0,False,False,False,False
4699,147.96,1,147.96,False,147.96,0.0,0.0,True,True,False,False
4700,11.0682,1,11.0682,False,11.0682,0.0,0.0,True,True,False,False
4701,1950.0,1,1950.0,False,69.0,2726.086956521739,2726.086956521739,False,False,False,False
4702,735.0,1,735.0,False,680.0,8.088235294117647,8.088235294117647,True,True,False,False
4703,3.2,1,3.2,False,3.2,0.0,0.0,True,True,False,False
4704,51046.0,1,51046.0,False,51270.45,0.43777653599685024,0.43777653599685024,True,True,False,False
4705,34625.0,7,37450.0,True,34776.14,0.4346083262834789,7.688777420380758,True,True,False,False
4706,45344.0,4,45344.0,True,45542.05,0.43487282632205376,0.43487282632205376,True,True,False,False
4707,18574.81,1,18574.81,False,729.69,2445.575518370815,2445.575518370815,False,False,False,False
4708,284.05,1,284.05,False,266.76,6.48148148148149,6.48148148148149,True,True,False,False
4709,26.46,6,27.0,True,31.11,14.94696239151398,13.211186113789777,False,False,False,False
4710,312.44,8,270.0,True,345.0,9.43768115942029,21.73913043478261,True,False,False,True
4711,11.4,1,11.4,False,161.0,92.91925465838509,92.91925465838509,False,False,False,False
4712,9.54,1,9.54,False,14.84,35.71428571428572,35.71428571428572,False,False,False,False
4713,0.3,2,0.56,True,1.02,70.58823529411764,45.09803921568627,False,False,False,False
4714,9.54,1,9.54,False,3.3,189.0909090909091,189.0909090909091,False,False,False,False
4715,9.54,1,9.54,False,4.43,115.34988713318283,115.34988713318283,False,False,False,False
4716,11.4,1,11.4,False,625.0,98.176,98.176,False,False,False,False
4717,1490.0,3,1550.0,True,1850.0,19.45945945945946,16.216216216216218,False,False,False,False
4718,1287.08,1,1287.08,False,1011.08,27.29754322111009,27.29754322111009,False,False,False,False
4719,219.12,1,219.12,False,113.52,93.0232558139535,93.0232558139535,False,False,False,False
4720,309.26,2,1287.08,True,1409.06,78.05203468979319,8.656835053156007,False,True,True,False
4721,309.26,1,309.26,False,34.95,784.8640915593704,784.8640915593704,False,False,False,False
4722,309.26,2,1287.08,True,1195.08,74.12223449476186,7.698229407236336,False,True,True,False
4723,183.0,5,170.0,True,418.0,56.2200956937799,59.33014354066985,False,False,False,False
4724,1454.95,9,1253.32,True,136.5,965.897435897436,818.1831501831501,False,False,False,False
4725,10790.87,9,1253.32,True,1027.0,950.7176241480039,22.037000973709826,False,False,False,False
4726,1454.95,9,1253.32,True,18154.5,91.98573356468093,93.09636729185601,False,False,False,False
4727,662.0,1,662.0,False,662.0,0.0,0.0,True,True,False,False
4728,13950.0,5,2775.0,True,905.0,1441.4364640883978,206.62983425414362,False,False,False,False
4729,70.0,3,100.0,True,15.0,366.66666666666663,566.6666666666667,False,False,False,False
4730,70.0,3,100.0,True,70.0,0.0,42.857142857142854,True,False,False,True
4731,874.54,1,874.54,False,730.12,19.78031008601325,19.78031008601325,False,False,False,False
4732,250.02,2,255.36,True,221.795,12.72571518744788,15.133343853558479,False,False,False,False
4733,166.68,1,166.68,False,147.86,12.728256458812384,12.728256458812384,False,False,False,False
4734,153.99,9,680.0,True,680.0,77.35441176470587,0.0,False,True,True,False
4735,164.99,1,164.99,False,164.99,0.0,0.0,True,True,False,False
4736,454.07,1,454.07,False,767.88,40.867062561858624,40.867062561858624,False,False,False,False
4737,12937.0,1,12937.0,False,2941.5,339.8096209416964,339.8096209416964,False,False,False,False
4738,12937.0,1,12937.0,False,5.0,258640.0,258640.0,False,False,False,False
4739,12937.0,1,12937.0,False,23.0,56147.82608695653,56147.82608695653,False,False,False,False
4740,12937.0,1,12937.0,False,450.7,2770.423785222986,2770.423785222986,False,False,False,False
4741,235.0,1,235.0,False,198.0,18.68686868686869,18.68686868686869,False,False,False,False
4742,235.0,4,124.0,True,982.0,76.06924643584522,87.37270875763747,False,False,False,False
4743,9.54,1,9.54,False,9.54,0.0,0.0,True,True,False,False
4744,15.73,1,15.73,False,14.01,12.276945039257678,12.276945039257678,False,False,False,False
4745,33.0,2,145.0,True,120.95,72.71599834642414,19.884249689954526,False,False,False,False
4746,39.5,1,39.5,False,39.5,0.0,0.0,True,True,False,False
4747,60.67,2,17.35,True,8.55,609.5906432748537,102.92397660818713,False,False,False,False
4748,103.02,1,103.02,False,11.53,793.4952298352125,793.4952298352125,False,False,False,False
4749,19.09,1,19.09,False,19.09,0.0,0.0,True,True,False,False
4750,247.5,1,247.5,False,247.5,0.0,0.0,True,True,False,False
4751,2071.34,1,2071.34,False,1904.84,8.740891623443451,8.740891623443451,True,True,False,False
4752,19.49,1,19.49,False,21.99,11.36880400181901,11.36880400181901,False,False,False,False
4753,1285.01,1,1285.01,False,1285.0,0.0007782101167308097,0.0007782101167308097,True,True,False,False
4754,164.99,1,164.99,False,164.99,0.0,0.0,True,True,False,False
4755,63.5,1,63.5,False,132.91,52.22330900609434,52.22330900609434,False,False,False,False
4756,95.15,8,99.4,True,86.22,10.357225701693352,15.28647645557876,False,False,False,False
4757,79.8,1,79.8,False,42.73,86.75403697636321,86.75403697636321,False,False,False,False
4758,23400.0,1,23400.0,False,24128.0,3.0172413793103448,3.0172413793103448,True,True,False,False
4759,19098.21,1,19098.21,False,23975.29,20.34211056466888,20.34211056466888,False,False,False,False
4760,569.12,5,569.12,True,685.85,17.019756506524754,17.019756506524754,False,False,False,False
4761,829.29,1,829.29,False,423.6,95.77195467422095,95.77195467422095,False,False,False,False
4762,277.83,1,277.83,False,135.45,105.11627906976744,105.11627906976744,False,False,False,False
4763,432.55,1,432.55,False,510.6,15.285938112025072,15.285938112025072,False,False,False,False
4764,829.29,1,829.29,False,129.0,542.860465116279,542.860465116279,False,False,False,False
4765,308.4,1,308.4,False,308.4,0.0,0.0,True,True,False,False
4766,27.74,1,27.74,False,236.73,88.2820090398344,88.2820090398344,False,False,False,False
4767,27.74,9,1704.3,True,178.09,84.42360604188893,856.9880397551799,False,False,False,False
4768,2370.0,4,1704.3,True,45.17,5146.845251272968,3673.0794775293334,False,False,False,False
4769,247.5,1,247.5,False,247.5,0.0,0.0,True,True,False,False
4770,175.99,5,175.99,True,159.49,10.345476205404728,10.345476205404728,False,False,False,False
4771,113.52,1,113.52,False,219.12,48.19277108433735,48.19277108433735,False,False,False,False
4772,113.52,1,113.52,False,69.0,64.52173913043478,64.52173913043478,False,False,False,False
4773,113.52,1,113.52,False,307.12,63.03724928366763,63.03724928366763,False,False,False,False
4774,113.52,1,113.52,False,113.52,0.0,0.0,True,True,False,False
4775,1287.08,1,1287.08,False,1011.08,27.29754322111009,27.29754322111009,False,False,False,False
4776,2275.0,1,2275.0,False,2275.0,0.0,0.0,True,True,False,False
4777,100.0,1,100.0,False,100.0,0.0,0.0,True,True,False,False
4778,2472.0,8,10371.47,True,13000.0,80.98461538461538,20.219461538461545,False,False,False,False
4779,132.5,8,140.0,True,140.0,5.357142857142857,0.0,True,True,False,False
4780,69.99,1,69.99,False,69.99,0.0,0.0,True,True,False,False
4781,1700.0,1,1700.0,False,1675.0,1.4925373134328357,1.4925373134328357,True,True,False,False
4782,6400.0,1,6400.0,False,6400.0,0.0,0.0,True,True,False,False
4783,14700.0,3,10560.11,True,958.44,1433.7423312883434,1001.8018863987312,False,False,False,False
4784,29338.0,4,28948.24,True,30095.0,2.5153680013291244,3.81046685495929,True,True,False,False
4785,1645.0,1,1645.0,False,1525.0,7.868852459016394,7.868852459016394,True,True,False,False
4786,1285.0,1,1285.0,False,1285.0,0.0,0.0,True,True,False,False
4787,21.99,1,21.99,False,21.99,0.0,0.0,True,True,False,False
4788,219.99,5,218.99,True,175.99,25.001420535257683,24.433206432183646,False,False,False,False
4789,164.99,2,164.99,True,164.99,0.0,0.0,True,True,False,False
4790,279000.0,5,278458.0,True,22495.0,1140.2756168037342,1137.8661924872195,False,False,False,False
4791,279000.0,1,279000.0,False,22495.0,1140.2756168037342,1140.2756168037342,False,False,False,False
4792,63880.6,1,63880.6,False,53707.6,18.941453351108596,18.941453351108596,False,False,False,False
4793,9500.0,3,9500.0,True,11000.0,13.636363636363635,13.636363636363635,False,False,False,False
4794,1381.07,1,1381.07,False,1391.35,0.7388507564595518,0.7388507564595518,True,True,False,False
4795,2368.0,1,2368.0,False,704.95,235.91034825164905,235.91034825164905,False,False,False,False
4796,2181.73,6,974.87,True,5710.0,61.79106830122591,82.92697022767076,False,False,False,False
4797,3.9,2,3.9,True,3.9,0.0,0.0,True,True,False,False
4798,3762.0,1,3762.0,False,3630.0,3.6363636363636362,3.6363636363636362,True,True,False,False
4799,13441.68,1,13441.68,False,13441.68,0.0,0.0,True,True,False,False
4800,2922.0,1,2922.0,False,4158.0,29.725829725829726,29.725829725829726,False,False,False,False
4801,3762.0,2,3630.0,True,4998.0,24.729891956782712,27.370948379351738,False,False,False,False
4802,2922.0,1,2922.0,False,2922.0,0.0,0.0,True,True,False,False
4803,3762.0,1,3762.0,False,4998.0,24.729891956782712,24.729891956782712,False,False,False,False
4804,3762.0,1,3762.0,False,6066.0,37.98219584569733,37.98219584569733,False,False,False,False
4805,3762.0,1,3762.0,False,3762.0,0.0,0.0,True,True,False,False
4806,3762.0,1,3762.0,False,4998.0,24.729891956782712,24.729891956782712,False,False,False,False
4807,3762.0,1,3762.0,False,4998.0,24.729891956782712,24.729891956782712,False,False,False,False
4808,2922.0,1,2922.0,False,2922.0,0.0,0.0,True,True,False,False
4809,159.49,1,159.49,False,159.49,0.0,0.0,True,True,False,False
4810,1415.0,4,1285.0,True,1415.0,0.0,9.187279151943462,True,True,False,False
4811,2061.68,1,2061.68,False,1267.6,62.644367308299145,62.644367308299145,False,False,False,False
4812,2423.03,1,2423.03,False,1308.19,85.22003684480084,85.22003684480084,False,False,False,False
4813,2061.68,1,2061.68,False,1086.41,89.76997634410579,89.76997634410579,False,False,False,False
4814,2061.68,1,2061.68,False,1460.21,41.190650659836585,41.190650659836585,False,False,False,False
4815,2061.68,1,2061.68,False,994.16,107.37909390842519,107.37909390842519,False,False,False,False
4816,2061.68,1,2061.68,False,709.84,190.44291671362555,190.44291671362555,False,False,False,False
4817,2061.68,1,2061.68,False,452.75,355.36830480397566,355.36830480397566,False,False,False,False
4818,2061.68,1,2061.68,False,710.84,190.03432558662985,190.03432558662985,False,False,False,False
4819,2061.68,1,2061.68,False,861.56,139.29616045313153,139.29616045313153,False,False,False,False
4820,2061.68,1,2061.68,False,708.04,191.18128919270097,191.18128919270097,False,False,False,False
4821,2061.68,1,2061.68,False,794.0,159.65743073047858,159.65743073047858,False,False,False,False
4822,2061.68,1,2061.68,False,710.75,190.0710517059444,190.0710517059444,False,False,False,False
4823,2061.68,1,2061.68,False,1140.26,80.80788592075491,80.80788592075491,False,False,False,False
4824,751.74,1,751.74,False,994.07,24.377558924421823,24.377558924421823,False,False,False,False
4825,2061.68,1,2061.68,False,953.56,116.20873358781827,116.20873358781827,False,False,False,False
4826,945.07,1,945.07,False,1111.83,14.99869584378906,14.99869584378906,False,False,False,False
4827,945.07,1,945.07,False,3240.57,70.83630348981814,70.83630348981814,False,False,False,False
4828,2125.2,1,2125.2,False,24346.8,91.27113214056878,91.27113214056878,False,False,False,False
4829,945.07,1,945.07,False,500.41,88.85913550888272,88.85913550888272,False,False,False,False
4830,33.5,1,33.5,False,33.5,0.0,0.0,True,True,False,False
4831,1.82,4,1.79,True,2.44,25.409836065573764,26.63934426229508,False,False,False,False
4832,15.8,1,15.8,False,15.8,0.0,0.0,True,True,False,False
4833,2814.74,1,2814.74,False,1415.0,98.92155477031801,98.92155477031801,False,False,False,False
4834,3800.0,1,3800.0,False,9727.5,60.935492161398095,60.935492161398095,False,False,False,False
4835,100.0,4,100.0,True,108.0,7.4074074074074066,7.4074074074074066,True,True,False,False
4836,100.0,4,100.0,True,100.0,0.0,0.0,True,True,False,False
4837,648.9,1,648.9,False,7.35,8728.571428571428,8728.571428571428,False,False,False,False
4838,80.85,8,86.1,True,13.65,492.30769230769226,530.7692307692307,False,False,False,False
4839,86.1,1,86.1,False,86.1,0.0,0.0,True,True,False,False
4840,80.85,10,86.1,True,80.85,0.0,6.493506493506494,True,True,False,False
4841,648.9,1,648.9,False,648.9,0.0,0.0,True,True,False,False
4842,648.9,3,160.65,True,160.65,303.92156862745094,0.0,False,True,True,False
4843,22.24,1,22.24,False,22.24,0.0,0.0,True,True,False,False
4844,241.0,1,241.0,False,241.0,0.0,0.0,True,True,False,False
4845,127.88,1,127.88,False,127.88,0.0,0.0,True,True,False,False
4846,8.24,3,8.24,True,8.24,0.0,0.0,True,True,False,False
4847,8.24,1,8.24,False,8.24,0.0,0.0,True,True,False,False
4848,39.19,3,39.19,True,39.19,0.0,0.0,True,True,False,False
4849,23.88,1,23.88,False,23.88,0.0,0.0,True,True,False,False
4850,8.24,9,19.76,True,39.19,78.97422811941821,49.57897422811941,False,False,False,False
4851,49.49,1,49.49,False,49.49,0.0,0.0,True,True,False,False
4852,1303.09,1,1303.09,False,1303.09,0.0,0.0,True,True,False,False
4853,7800.0,2,7800.0,True,8500.0,8.235294117647058,8.235294117647058,True,True,False,False
4854,7800.0,2,7800.0,True,8400.0,7.142857142857142,7.142857142857142,True,True,False,False
4855,73.0,3,5240.4,True,584.1,87.50214004451293,797.1751412429377,False,False,False,False
4856,73.0,1,73.0,False,539.1,86.4589130031534,86.4589130031534,False,False,False,False
4857,73.0,1,73.0,False,980.1,92.55178043056831,92.55178043056831,False,False,False,False
4858,3762.0,10,3762.0,True,3762.0,0.0,0.0,True,True,False,False
4859,2922.0,1,2922.0,False,2922.0,0.0,0.0,True,True,False,False
4860,2922.0,1,2922.0,False,3030.0,3.564356435643564,3.564356435643564,True,True,False,False
4861,2922.0,1,2922.0,False,4158.0,29.725829725829726,29.725829725829726,False,False,False,False
4862,3762.0,1,3762.0,False,3630.0,3.6363636363636362,3.6363636363636362,True,True,False,False
4863,2673.01,1,2673.01,False,2755.0,2.976043557168776,2.976043557168776,True,True,False,False
4864,214.0,1,214.0,False,247.0,13.360323886639677,13.360323886639677,False,False,False,False
4865,9500.0,3,9500.0,True,9575.0,0.7832898172323759,0.7832898172323759,True,True,False,False
4866,9500.0,3,9500.0,True,9575.0,0.7832898172323759,0.7832898172323759,True,True,False,False
4867,184.5,5,3109.7,True,55.95,229.75871313672923,5457.998212689901,False,False,False,False
4868,175.99,1,175.99,False,159.49,10.345476205404728,10.345476205404728,False,False,False,False
4869,214.0,1,214.0,False,244.74,12.56026803955218,12.56026803955218,False,False,False,False
4870,2755.0,1,2755.0,False,2695.0,2.2263450834879404,2.2263450834879404,True,True,False,False
4871,105.0,2,105.0,True,5.88,1685.7142857142858,1685.7142857142858,False,False,False,False
4872,28662.0,5,27108.0,True,28897.0,0.8132332075994049,6.190954078278022,True,True,False,False
4873,84.0,1,84.0,False,84.0,0.0,0.0,True,True,False,False
4874,8500.0,1,8500.0,False,7750.0,9.67741935483871,9.67741935483871,True,True,False,False
4875,9200.0,5,9200.0,True,10000.0,8.0,8.0,True,True,False,False
4876,4980.0,1,4980.0,False,6500.0,23.384615384615383,23.384615384615383,False,False,False,False
4877,11000.0,1,11000.0,False,11000.0,0.0,0.0,True,True,False,False
4878,9200.0,5,9200.0,True,10000.0,8.0,8.0,True,True,False,False
4879,3700.0,4,3800.0,True,3700.0,0.0,2.7027027027027026,True,True,False,False
4880,3800.0,3,3800.0,True,3700.0,2.7027027027027026,2.7027027027027026,True,True,False,False
4881,8500.0,1,8500.0,False,8400.0,1.1904761904761905,1.1904761904761905,True,True,False,False
4882,9200.0,1,9200.0,False,9800.0,6.122448979591836,6.122448979591836,True,True,False,False
4883,2950.0,1,2950.0,False,2950.0,0.0,0.0,True,True,False,False
4884,2950.0,1,2950.0,False,2950.0,0.0,0.0,True,True,False,False
4885,9200.0,1,9200.0,False,9800.0,6.122448979591836,6.122448979591836,True,True,False,False
4886,7800.0,1,7800.0,False,8400.0,7.142857142857142,7.142857142857142,True,True,False,False
4887,42.0,2,46.0,True,39.0,7.6923076923076925,17.94871794871795,True,False,False,True
4888,2000.0,1,2000.0,False,70.0,2757.1428571428573,2757.1428571428573,False,False,False,False
4889,2000.0,1,2000.0,False,30.0,6566.666666666667,6566.666666666667,False,False,False,False
4890,2000.0,1,2000.0,False,100.0,1900.0,1900.0,False,False,False,False
4891,1757.0,1,1757.0,False,1257.9,39.67723984418474,39.67723984418474,False,False,False,False
4892,189.0,2,1473.59,True,1257.9,84.97495826377296,17.146832021623325,False,False,False,False
4893,10.7,6,9.54,True,4.2,154.76190476190476,127.14285714285711,False,False,False,False
4894,10.7,1,10.7,False,9.17,16.684841875681563,16.684841875681563,False,False,False,False
4895,0.58,4,0.56,True,0.48,20.83333333333333,16.666666666666682,False,False,False,False
4896,265.0,1,265.0,False,175.99,50.576737314620146,50.576737314620146,False,False,False,False
4897,228.15,1,228.15,False,318.6,28.389830508474578,28.389830508474578,False,False,False,False
4898,106076.8,1,106076.8,False,63084.0,68.15167078815549,68.15167078815549,False,False,False,False
4899,16117.76,1,16117.76,False,15550.0,3.6511897106109337,3.6511897106109337,True,True,False,False
4900,42.0,1,42.0,False,42.0,0.0,0.0,True,True,False,False
4901,74.52,1,74.52,False,601.43,87.60953061869212,87.60953061869212,False,False,False,False
4902,10723.0,1,10723.0,False,22386.57,52.100746116979956,52.100746116979956,False,False,False,False
4903,74.52,3,10723.0,True,4316.81,98.27372527398704,148.40101834456462,False,False,False,False
4904,6500.0,1,6500.0,False,5485.0,18.505013673655423,18.505013673655423,False,False,False,False
4905,10000.0,3,9200.0,True,9140.0,9.409190371991247,0.6564551422319475,True,True,False,False
4906,10000.0,4,9200.0,True,9140.0,9.409190371991247,0.6564551422319475,True,True,False,False
4907,8360.0,9,8360.0,True,8360.0,0.0,0.0,True,True,False,False
4908,5790.0,3,5575.0,True,260.0,2126.923076923077,2044.2307692307693,False,False,False,False
4909,14100.0,1,14100.0,False,14100.0,0.0,0.0,True,True,False,False
4910,5200.0,1,5200.0,False,5295.0,1.794145420207743,1.794145420207743,True,True,False,False
4911,5020.0,1,5020.0,False,5300.0,5.283018867924529,5.283018867924529,True,True,False,False
4912,9050.0,1,9050.0,False,9050.0,0.0,0.0,True,True,False,False
4913,155.0,1,155.0,False,132.5,16.9811320754717,16.9811320754717,False,False,False,False
4914,127.5,4,155.0,True,138.75,8.108108108108109,11.711711711711711,True,False,False,True
4915,127.5,5,155.0,True,132.5,3.7735849056603774,16.9811320754717,True,False,False,True
4916,127.5,5,155.0,True,127.5,0.0,21.568627450980394,True,False,False,True
4917,127.5,5,129.0,True,155.0,17.741935483870968,16.7741935483871,False,False,False,False
4918,127.5,8,129.0,True,127.5,0.0,1.1764705882352942,True,True,False,False
4919,17324.39,1,17324.39,False,1209766.39,98.56795575218452,98.56795575218452,False,False,False,False
4920,17324.39,1,17324.39,False,2013970.12,99.13978912457748,99.13978912457748,False,False,False,False
4921,28849.0,1,28849.0,False,219648.0,86.86580346736596,86.86580346736596,False,False,False,False
4922,33.48,3,30.97,True,19.01,76.11783271962122,62.91425565491845,False,False,False,False
4923,60.0,1,60.0,False,59.2,1.3513513513513467,1.3513513513513467,True,True,False,False
4924,65.0,1,65.0,False,90.73,28.358866967926822,28.358866967926822,False,False,False,False
4925,369.0,2,375.0,True,42.64,765.3846153846155,779.4559099437149,False,False,False,False
4926,25.21,1,25.21,False,25.21,0.0,0.0,True,True,False,False
4927,127.49,1,127.49,False,3175.0,95.98456692913386,95.98456692913386,False,False,False,False
4928,127.49,1,127.49,False,65.0,96.13846153846153,96.13846153846153,False,False,False,False
4929,61120.0,1,61120.0,False,65.0,93930.76923076922,93930.76923076922,False,False,False,False
4930,49.99,2,62.0,True,87.5,42.86857142857143,29.142857142857142,False,False,False,False
4931,64.32,1,64.32,False,30.0,114.39999999999996,114.39999999999996,False,False,False,False
4932,25.61,1,25.61,False,0.55,4556.363636363635,4556.363636363635,False,False,False,False
4933,11979.25,1,11979.25,False,1501.2,697.978284039435,697.978284039435,False,False,False,False
4934,11979.25,1,11979.25,False,95.0,12509.736842105263,12509.736842105263,False,False,False,False
4935,8784.05,5,64.32,True,15.0,58460.33333333332,328.79999999999995,False,False,False,False
4936,64.32,1,64.32,False,2.75,2238.9090909090905,2238.9090909090905,False,False,False,False
4937,18.0,1,18.0,False,16.0,12.5,12.5,False,False,False,False
4938,106.0,1,106.0,False,98.0,8.16326530612245,8.16326530612245,True,True,False,False
4939,17.58,8,18.69,True,17.58,0.0,6.313993174061451,True,True,False,False
4940,18.69,7,19.51,True,30.72,39.16015624999999,36.49088541666666,False,False,False,False
4941,15.67,1,15.67,False,14.69,6.671204901293399,6.671204901293399,True,True,False,False
4942,18.69,3,15.67,True,17.34,7.78546712802769,9.630911188004614,True,True,False,False
4943,45.86,5,17.34,True,30.49,50.40997048212529,43.12889471958019,False,False,False,False
4944,13.02,7,17.34,True,13.02,0.0,33.17972350230415,True,False,False,True
4945,18.69,3,15.67,True,19.76,5.414979757085021,20.698380566801628,True,False,False,True
4946,1221.57,1,1221.57,False,337.0,262.4836795252225,262.4836795252225,False,False,False,False
4947,1075.0,1,1075.0,False,795.0,35.22012578616352,35.22012578616352,False,False,False,False
4948,16.378,10,54.73,True,7.673,113.449758894826,613.2803336374299,False,False,False,False
4949,19.95,9,44.0,True,34.702,42.51051812575644,26.79384473517377,False,False,False,False
4950,6000.0,1,6000.0,False,10000.0,40.0,40.0,False,False,False,False
4951,70.0,4,70.0,True,10.0,600.0,600.0,False,False,False,False
4952,100.0,1,100.0,False,100.0,0.0,0.0,True,True,False,False
4953,3762.0,1,3762.0,False,3762.0,0.0,0.0,True,True,False,False
4954,3030.0,1,3030.0,False,4158.0,27.12842712842713,27.12842712842713,False,False,False,False
4955,13441.68,1,13441.68,False,13441.68,0.0,0.0,True,True,False,False
4956,3030.0,1,3030.0,False,3810.0,20.47244094488189,20.47244094488189,False,False,False,False
4957,3630.0,5,3762.0,True,2730.0,32.967032967032964,37.8021978021978,False,False,False,False
4958,13441.68,1,13441.68,False,13441.68,0.0,0.0,True,True,False,False
4959,3030.0,1,3030.0,False,4158.0,27.12842712842713,27.12842712842713,False,False,False,False
4960,3030.0,1,3030.0,False,2922.0,3.696098562628337,3.696098562628337,True,True,False,False
4961,3630.0,5,3762.0,True,4998.0,27.370948379351738,24.729891956782712,False,False,False,False
4962,3630.0,5,3762.0,True,3762.0,3.508771929824561,0.0,True,True,False,False
4963,3762.0,1,3762.0,False,6066.0,37.98219584569733,37.98219584569733,False,False,False,False
4964,3030.0,1,3030.0,False,2130.0,42.25352112676056,42.25352112676056,False,False,False,False
4965,3630.0,5,3762.0,True,4998.0,27.370948379351738,24.729891956782712,False,False,False,False
4966,2922.0,1,2922.0,False,3810.0,23.30708661417323,23.30708661417323,False,False,False,False
4967,3630.0,5,3762.0,True,4998.0,27.370948379351738,24.729891956782712,False,False,False,False
4968,2922.0,1,2922.0,False,3030.0,3.564356435643564,3.564356435643564,True,True,False,False
4969,3762.0,1,3762.0,False,3630.0,3.6363636363636362,3.6363636363636362,True,True,False,False
4970,3030.0,1,3030.0,False,2922.0,3.696098562628337,3.696098562628337,True,True,False,False
4971,3030.0,1,3030.0,False,4158.0,27.12842712842713,27.12842712842713,False,False,False,False
4972,3630.0,5,3762.0,True,6066.0,40.15825914935707,37.98219584569733,False,False,False,False
4973,3630.0,5,3762.0,True,4998.0,27.370948379351738,24.729891956782712,False,False,False,False
4974,3030.0,1,3030.0,False,5226.0,42.020665901262916,42.020665901262916,False,False,False,False
4975,13441.68,1,13441.68,False,13441.68,0.0,0.0,True,True,False,False
4976,3030.0,1,3030.0,False,2922.0,3.696098562628337,3.696098562628337,True,True,False,False
4977,23.0,2,22.73,True,33.0,30.303030303030305,31.12121212121212,False,False,False,False
4978,25.0,8,21.0,True,25.0,0.0,16.0,True,False,False,True
4979,25.0,10,23.51,True,25.0,0.0,5.959999999999994,True,True,False,False
4980,25.0,2,25.0,True,25.0,0.0,0.0,True,True,False,False
4981,16.0,10,407.47,True,325.0,95.07692307692308,25.375384615384622,False,False,False,False
4982,16.0,10,192.0,True,245.0,93.46938775510203,21.63265306122449,False,False,False,False
4983,16.0,1,16.0,False,105.0,84.76190476190476,84.76190476190476,False,False,False,False
4984,16.0,9,66.0,True,90.0,82.22222222222221,26.666666666666668,False,False,False,False
4985,850.0,10,9603.38,True,600.0,41.66666666666667,1500.5633333333333,False,False,False,False
4986,2175.0,6,9603.38,True,11120.0,80.4406474820144,13.638669064748207,False,False,False,False
4987,5700.0,1,5700.0,False,5100.0,11.76470588235294,11.76470588235294,False,False,False,False
4988,5100.0,1,5100.0,False,5700.0,10.526315789473683,10.526315789473683,False,False,False,False
4989,5100.0,1,5100.0,False,5700.0,10.526315789473683,10.526315789473683,False,False,False,False
4990,654.0,9,677.0,True,654.0,0.0,3.5168195718654434,True,True,False,False
4991,654.0,2,677.0,True,677.0,3.3973412112259975,0.0,True,True,False,False
4992,654.0,9,677.0,True,983.0,33.46897253306205,31.129196337741604,False,False,False,False
4993,654.0,9,677.0,True,391.0,67.26342710997443,73.1457800511509,False,False,False,False
4994,2400.0,2,2400.0,True,2400.0,0.0,0.0,True,True,False,False
4995,299.0,4,299.0,True,305.28,2.057127882599572,2.057127882599572,True,True,False,False
4996,3.9,1,3.9,False,3.9,0.0,0.0,True,True,False,False
4997,4468.36,1,4468.36,False,205.0,2079.6878048780486,2079.6878048780486,False,False,False,False
4998,119.0,1,119.0,False,245.03,51.4345182222585,51.4345182222585,False,False,False,False
4999,119.0,9,119.0,True,213.26,44.19956860170684,44.19956860170684,False,False,False,False
5000,40.0,10,39.99,True,339.99,88.23494808670843,88.23788934968675,False,False,False,False
5001,127.5,2,140.0,True,140.0,8.928571428571429,0.0,True,True,False,False
5002,136.0,1,136.0,False,144.2,5.686546463245485,5.686546463245485,True,True,False,False
5003,124.1,8,8.5,True,108.0,14.907407407407403,92.12962962962963,False,False,False,False
5004,13.59,1,13.59,False,14.99,9.339559706470983,9.339559706470983,True,True,False,False
5005,0.12,1,0.12,False,0.12,0.0,0.0,True,True,False,False
5006,0.36,1,0.36,False,0.36,0.0,0.0,True,True,False,False
5007,24.5,3,22.5,True,24.5,0.0,8.16326530612245,True,True,False,False
5008,386.0,1,386.0,False,1013.07,61.89799322850346,61.89799322850346,False,False,False,False
5009,1260.0,1,1260.0,False,5162.0,75.59085625726463,75.59085625726463,False,False,False,False
5010,15030.38,8,4998.0,True,8463.0,77.60108708495804,40.94292803970223,False,False,False,False
5011,100.0,3,100.0,True,100.0,0.0,0.0,True,True,False,False
5012,100.0,3,100.0,True,15.0,566.6666666666667,566.6666666666667,False,False,False,False
5013,100.0,3,100.0,True,108.0,7.4074074074074066,7.4074074074074066,True,True,False,False
5014,119.0,1,119.0,False,125.0,4.8,4.8,True,True,False,False
5015,105.0,1,105.0,False,105.0,0.0,0.0,True,True,False,False
5016,14.39,1,14.39,False,19784.53,99.92726640461007,99.92726640461007,False,False,False,False
5017,277.83,1,277.83,False,107847.68,99.74238666979205,99.74238666979205,False,False,False,False
5018,13.9,1,13.9,False,28.0,50.357142857142854,50.357142857142854,False,False,False,False
5019,22008.51,2,945.0,True,4435.0,396.24599774520857,78.69222096956031,False,False,False,False
5020,2074.4,1,2074.4,False,2074.4,0.0,0.0,True,True,False,False
5021,1883.0,1,1883.0,False,1883.0,0.0,0.0,True,True,False,False
5022,100.0,6,15.0,True,15.0,566.6666666666667,0.0,False,True,True,False
5023,108.0,1,108.0,False,108.0,0.0,0.0,True,True,False,False
5024,100.0,1,100.0,False,100.0,0.0,0.0,True,True,False,False
5025,1545.7,5,998.59,True,2028.93,23.816987279009133,50.782432119392986,False,False,False,False
5026,49.68,1,49.68,False,1357.08,96.3391988681581,96.3391988681581,False,False,False,False
5027,2160.0,1,2160.0,False,1223.21,76.58456029626964,76.58456029626964,False,False,False,False
5028,1350.0,3,604.8,True,1155.66,16.816364674731314,47.66626862572038,False,False,False,False
5029,270.0,2,5885.6,True,3957.09,93.17680416669826,48.73556072770647,False,False,False,False
5030,90.0,1,90.0,False,730.12,87.67325919027009,87.67325919027009,False,False,False,False
5031,1285.01,8,1285.01,True,1285.0,0.0007782101167308097,0.0007782101167308097,True,True,False,False
5032,247.0,2,244.74,True,164.99,49.70604279047215,48.33626280380629,False,False,False,False
5033,21.99,1,21.99,False,21.99,0.0,0.0,True,True,False,False
5034,1415.0,2,1415.0,True,1415.0,0.0,0.0,True,True,False,False
5035,155.48,8,155.48,True,176.9,12.108535895986442,12.108535895986442,False,False,False,False
5036,14.0,1,14.0,False,227.9,93.85695480473892,93.85695480473892,False,False,False,False
5037,105.0,9,105.0,True,105.0,0.0,0.0,True,True,False,False
5038,3929.84,1,3929.84,False,4302.07,8.65234642857972,8.65234642857972,True,True,False,False
5039,489.0,1,489.0,False,489.0,0.0,0.0,True,True,False,False
5040,34.99,1,34.99,False,35.0,0.028571428571422888,0.028571428571422888,True,True,False,False
5041,346.63,1,346.63,False,629.75,44.957522826518456,44.957522826518456,False,False,False,False
5042,59.99,1,59.99,False,2322.42,97.41691855908924,97.41691855908924,False,False,False,False
5043,59.99,10,1071.18,True,305.12,80.33888306240168,251.06843209229157,False,False,False,False
5044,319.0,2,319.0,True,319.0,0.0,0.0,True,True,False,False
5045,1904.84,1,1904.84,False,1904.84,0.0,0.0,True,True,False,False
5046,105.0,6,108.0,True,213.26,50.76432523680015,49.357591672137296,False,False,False,False
5047,281.39,1,281.39,False,2909.04,90.32704947336579,90.32704947336579,False,False,False,False
5048,417.99,1,417.99,False,198.03,111.07407968489622,111.07407968489622,False,False,False,False
5049,901.65,1,901.65,False,33.68,2577.1080760095015,2577.1080760095015,False,False,False,False
5050,901.65,1,901.65,False,231.57,289.36390724187066,289.36390724187066,False,False,False,False
5051,901.65,1,901.65,False,1102.27,18.200622352055305,18.200622352055305,False,False,False,False
5052,82.36,1,82.36,False,88.3,6.727066817667042,6.727066817667042,True,True,False,False
5053,49.0,1,49.0,False,148.5,67.003367003367,67.003367003367,False,False,False,False
5054,49.0,1,49.0,False,0.95,5057.894736842106,5057.894736842106,False,False,False,False
5055,49.0,1,49.0,False,148.5,67.003367003367,67.003367003367,False,False,False,False
5056,70.0,4,70.0,True,70.0,0.0,0.0,True,True,False,False
5057,19.09,1,19.09,False,19.09,0.0,0.0,True,True,False,False
5058,71.5,1,71.5,False,71.5,0.0,0.0,True,True,False,False
5059,71.5,1,71.5,False,30.8,132.14285714285714,132.14285714285714,False,False,False,False
5060,204.15,1,204.15,False,50.0,308.3,308.3,False,False,False,False
5061,1115.07,1,1115.07,False,563.06,98.03750932405073,98.03750932405073,False,False,False,False
5062,71.99,8,113.52,True,234.06,69.24292916346235,51.49961548320944,False,False,False,False
5063,68.32,1,68.32,False,86.25,20.788405797101458,20.788405797101458,False,False,False,False
5064,12.62,1,12.62,False,3.81527,230.77606565197217,230.77606565197217,False,False,False,False
5065,1.76,1,1.76,False,27.21,93.53178978316795,93.53178978316795,False,False,False,False
5066,89.28,1,89.28,False,10.5,750.2857142857142,750.2857142857142,False,False,False,False
5067,89.28,1,89.28,False,17.5,410.1714285714285,410.1714285714285,False,False,False,False
5068,7.29,4,7.65,True,7.65,4.70588235294118,0.0,True,True,False,False
5069,54.23,4,34.21,True,35.93,50.93236849429446,4.787086000556635,False,True,True,False
5070,75.0,1,75.0,False,75.0,0.0,0.0,True,True,False,False
5071,24607.0,1,24607.0,False,24607.0,0.0,0.0,True,True,False,False
5072,1675.0,1,1675.0,False,1675.0,0.0,0.0,True,True,False,False
5073,1020.0,1,1020.0,False,1020.0,0.0,0.0,True,True,False,False
5074,17.5,1,17.5,False,170.0,89.70588235294117,89.70588235294117,False,False,False,False
5075,100.0,5,100.0,True,70.0,42.857142857142854,42.857142857142854,False,False,False,False
5076,108.0,3,100.0,True,108.0,0.0,7.4074074074074066,True,True,False,False
5077,100.0,1,100.0,False,100.0,0.0,0.0,True,True,False,False
5078,108.0,3,100.0,True,15.0,620.0,566.6666666666667,False,False,False,False
5079,13441.68,1,13441.68,False,10584.0,27.0,27.0,False,False,False,False
5080,3030.0,1,3030.0,False,2130.0,42.25352112676056,42.25352112676056,False,False,False,False
5081,3762.0,1,3762.0,False,3762.0,0.0,0.0,True,True,False,False
5082,3762.0,1,3762.0,False,3630.0,3.6363636363636362,3.6363636363636362,True,True,False,False
5083,113.53,9,115.0,True,113.53,0.0,1.2948119439795638,True,True,False,False
5084,9.17,1,9.17,False,36.14,74.62645268400664,74.62645268400664,False,False,False,False
5085,11.4,1,11.4,False,312.5,96.352,96.352,False,False,False,False
5086,4.2,1,4.2,False,79.0,94.68354430379746,94.68354430379746,False,False,False,False
5087,9.17,5,10.02,True,96.0,90.44791666666666,89.5625,False,False,False,False
5088,99.99,9,95.69,True,75.0,33.31999999999999,27.586666666666666,False,False,False,False
5089,1287.08,7,303.2,True,319.2,303.2205513784461,5.012531328320803,False,True,True,False
5090,1011.08,1,1011.08,False,3150.52,67.90752002843975,67.90752002843975,False,False,False,False
5091,11.99,2,12.79,True,575.1,97.9151451921405,97.77603894974789,False,False,False,False
5092,113.6,1,113.6,False,111.63,1.7647585774433385,1.7647585774433385,True,True,False,False
5093,119.0,1,119.0,False,36.45,226.47462277091904,226.47462277091904,False,False,False,False
5094,7425.62,1,7425.62,False,3772.94,96.8125652674042,96.8125652674042,False,False,False,False
5095,119.0,1,119.0,False,61.56,93.30734243014945,93.30734243014945,False,False,False,False
5096,257552.0,1,257552.0,False,149851.66,71.87130259351147,71.87130259351147,False,False,False,False
5097,257552.0,1,257552.0,False,149851.66,71.87130259351147,71.87130259351147,False,False,False,False
5098,257552.0,1,257552.0,False,150251.66,71.41374677657471,71.41374677657471,False,False,False,False
5099,147.96,1,147.96,False,147.96,0.0,0.0,True,True,False,False
5100,11.0682,1,11.0682,False,11.0682,0.0,0.0,True,True,False,False
5101,2074.4,1,2074.4,False,2074.4,0.0,0.0,True,True,False,False
5102,2249.4,1,2249.4,False,2249.4,0.0,0.0,True,True,False,False
5103,11.0682,1,11.0682,False,11.0682,0.0,0.0,True,True,False,False
5104,147.96,1,147.96,False,147.96,0.0,0.0,True,True,False,False
5105,70.0,2,55.45,True,800.0,91.25,93.06875,False,False,False,False
5106,19.44,1,19.44,False,745.0,97.39060402684562,97.39060402684562,False,False,False,False
5107,52.0,8,347.8,True,670.0,92.23880597014926,48.089552238805965,False,False,False,False
5108,18.5,3,113.53,True,54.0,65.74074074074075,110.24074074074075,False,False,False,False
5109,50.0,4,50.0,True,50.0,0.0,0.0,True,True,False,False
5110,315.49,1,315.49,False,315.49,0.0,0.0,True,True,False,False
5111,800.0,1,800.0,False,18998.89,95.78922768645958,95.78922768645958,False,False,False,False
5112,800.0,1,800.0,False,473.59,68.922485694377,68.922485694377,False,False,False,False
5113,175.99,2,159.49,True,159.49,10.345476205404728,0.0,False,True,True,False
5114,5295.0,1,5295.0,False,5300.0,0.09433962264150944,0.09433962264150944,True,True,False,False
5115,8360.0,1,8360.0,False,9075.0,7.878787878787878,7.878787878787878,True,True,False,False
5116,8360.0,1,8360.0,False,260.0,3115.3846153846152,3115.3846153846152,False,False,False,False
5117,135.4,7,135.4,True,256.79,47.27209003465867,47.27209003465867,False,False,False,False
5118,256.79,1,256.79,False,256.79,0.0,0.0,True,True,False,False
5119,256.79,1,256.79,False,135.4,89.65288035450519,89.65288035450519,False,False,False,False
5120,256.79,1,256.79,False,120.64,112.85643236074274,112.85643236074274,False,False,False,False
5121,199.64,1,199.64,False,199.64,0.0,0.0,True,True,False,False
5122,110.64,7,110.64,True,110.64,0.0,0.0,True,True,False,False
5123,256.79,1,256.79,False,209.64,22.490936844113737,22.490936844113737,False,False,False,False
5124,1.0,1,1.0,False,5.5,81.81818181818183,81.81818181818183,False,False,False,False
5125,6939.0,3,7596.56,True,7835.0,11.435864709636249,3.043267389917034,False,True,True,False
5126,42.32,10,1436.9,True,1164.85,96.36691419496073,23.354938404086383,False,False,False,False
5127,60.0,1,60.0,False,1254.52,95.21729426394158,95.21729426394158,False,False,False,False
5128,895.0,1,895.0,False,533.55,67.74435385624591,67.74435385624591,False,False,False,False
5129,3995.0,1,3995.0,False,3026.45,32.00284161311108,32.00284161311108,False,False,False,False
5130,17.68,7,21.24,True,17.68,0.0,20.135746606334834,True,False,False,True
5131,0.52,3,0.48,True,0.46,13.043478260869565,4.3478260869565135,False,True,True,False
5132,9.17,1,9.17,False,156.0,94.12179487179489,94.12179487179489,False,False,False,False
5133,9.17,1,9.17,False,55.0,83.32727272727273,83.32727272727273,False,False,False,False
5134,9.17,1,9.17,False,41.0,77.6341463414634,77.6341463414634,False,False,False,False
5135,3.3,7,0.52,True,0.85,288.2352941176471,38.8235294117647,False,False,False,False
5136,9.17,1,9.17,False,8.2,11.829268292682936,11.829268292682936,False,False,False,False
5137,9.17,1,9.17,False,79.0,88.39240506329114,88.39240506329114,False,False,False,False
5138,853.2,10,222.5,True,19.45,4286.632390745501,1043.9588688946017,False,False,False,False
5139,33075.0,1,33075.0,False,35959.76,8.022189247091754,8.022189247091754,True,True,False,False
5140,33475.0,1,33475.0,False,35559.76,5.86269423640655,5.86269423640655,True,True,False,False
5141,16364.43,1,16364.43,False,45497.0,64.03184825373101,64.03184825373101,False,False,False,False
5142,16364.43,1,16364.43,False,45497.0,64.03184825373101,64.03184825373101,False,False,False,False
5143,7812.0,1,7812.0,False,3802.5,105.44378698224853,105.44378698224853,False,False,False,False
5144,57787.56,9,63084.0,True,343000.65,83.15234679584427,81.60819811857499,False,False,False,False
5145,7750.0,1,7750.0,False,9345.0,17.067950775815945,17.067950775815945,False,False,False,False
5146,9140.0,3,9140.0,True,10985.0,16.79563040509786,16.79563040509786,False,False,False,False
5147,6500.0,1,6500.0,False,8050.0,19.25465838509317,19.25465838509317,False,False,False,False
5148,3000.0,1,3000.0,False,6900.0,56.52173913043478,56.52173913043478,False,False,False,False
5149,11000.0,3,11000.0,True,15647.0,29.69898383076628,29.69898383076628,False,False,False,False
5150,6500.0,1,6500.0,False,8050.0,19.25465838509317,19.25465838509317,False,False,False,False
5151,10000.0,1,10000.0,False,10300.0,2.912621359223301,2.912621359223301,True,True,False,False
5152,11000.0,1,11000.0,False,11300.0,2.6548672566371683,2.6548672566371683,True,True,False,False
5153,3.9,1,3.9,False,3.9,0.0,0.0,True,True,False,False
5154,165604.0,1,165604.0,False,213650.0,22.488181605429443,22.488181605429443,False,False,False,False
5155,2670.0,2,495.0,True,32.5,8115.384615384616,1423.076923076923,False,False,False,False
5156,6400.0,1,6400.0,False,6400.0,0.0,0.0,True,True,False,False
5157,10933.75,2,3057.0,True,6600.0,65.66287878787878,53.68181818181819,False,False,False,False
5158,10933.75,1,10933.75,False,6600.0,65.66287878787878,65.66287878787878,False,False,False,False
5159,124.0,1,124.0,False,140.0,11.428571428571429,11.428571428571429,False,False,False,False
5160,124.0,2,132.5,True,127.5,2.7450980392156863,3.9215686274509802,True,True,False,False
5161,124389.0,1,124389.0,False,155138.6,19.820728045760376,19.820728045760376,False,False,False,False
5162,58.900076,1,58.900076,False,1638.0,96.40414676434676,96.40414676434676,False,False,False,False
5163,315.49,1,315.49,False,267.42,17.975469299229673,17.975469299229673,False,False,False,False
5164,0.6,1,0.6,False,6.89,91.29172714078375,91.29172714078375,False,False,False,False
5165,11.57,1,11.57,False,125.82,90.80432363694166,90.80432363694166,False,False,False,False
5166,480.0,1,480.0,False,329.44,45.70179698882953,45.70179698882953,False,False,False,False
5167,164.99,9,164.99,True,164.99,0.0,0.0,True,True,False,False
5168,1285.0,2,1285.0,True,1285.0,0.0,0.0,True,True,False,False
5169,21.99,1,21.99,False,21.99,0.0,0.0,True,True,False,False
5170,249.77,3,250.0,True,137.49,81.66412102698376,81.83140592043057,False,False,False,False
5171,21.99,5,21.99,True,21.99,0.0,0.0,True,True,False,False
5172,218.0,1,218.0,False,164.99,32.129219952724405,32.129219952724405,False,False,False,False
5173,1285.0,5,1285.0,True,1285.0,0.0,0.0,True,True,False,False
5174,119.88,1,119.88,False,101.46,18.154937906564168,18.154937906564168,False,False,False,False
5175,119.88,1,119.88,False,101.46,18.154937906564168,18.154937906564168,False,False,False,False
5176,5485.0,1,5485.0,False,5199.0,5.501057895749183,5.501057895749183,True,True,False,False
5177,9140.0,2,9140.0,True,9140.0,0.0,0.0,True,True,False,False
5178,4537.0,1,4537.0,False,4538.0,0.022036139268400177,0.022036139268400177,True,True,False,False
5179,1308.19,1,1308.19,False,4958.0,73.61456232351755,73.61456232351755,False,False,False,False
5180,1308.19,1,1308.19,False,3717.0,64.80521926284638,64.80521926284638,False,False,False,False
5181,3706.0,2,6400.0,True,5962.0,37.839651123783966,7.3465280107346524,False,True,True,False
5182,6400.0,6,5810.0,True,5962.0,7.3465280107346524,2.5494800402549482,True,True,False,False
5183,4537.0,1,4537.0,False,4538.0,0.022036139268400177,0.022036139268400177,True,True,False,False
5184,1308.19,1,1308.19,False,3717.0,64.80521926284638,64.80521926284638,False,False,False,False
5185,1308.19,1,1308.19,False,4958.0,73.61456232351755,73.61456232351755,False,False,False,False
5186,236.73,10,45.17,True,93.43,153.3768596810446,51.65364443968746,False,False,False,False
5187,87.26,1,87.26,False,87.26,0.0,0.0,True,True,False,False
5188,5424.29,1,5424.29,False,10156.83,46.594656009798335,46.594656009798335,False,False,False,False
5189,80.85,5,86.1,True,648.9,87.54045307443366,86.7313915857605,False,False,False,False
5190,86.1,1,86.1,False,86.1,0.0,0.0,True,True,False,False
5191,80.85,1,80.85,False,80.85,0.0,0.0,True,True,False,False
5192,41.0,1,41.0,False,4.8,754.1666666666667,754.1666666666667,False,False,False,False
5193,8.2,1,8.2,False,41.0,80.0,80.0,False,False,False,False
5194,8.2,1,8.2,False,9.18,10.675381263616563,10.675381263616563,False,False,False,False
5195,8.2,1,8.2,False,55.0,85.09090909090908,85.09090909090908,False,False,False,False
5196,8.2,1,8.2,False,79.0,89.62025316455696,89.62025316455696,False,False,False,False
5197,3999.0,7,3670.0,True,3699.0,8.110300081103,0.7839956745066234,True,True,False,False
5198,1.76,1,1.76,False,3.5,49.714285714285715,49.714285714285715,False,False,False,False
5199,12.2,1,12.2,False,36.52,66.59364731653888,66.59364731653888,False,False,False,False
5200,97.5,6,90.0,True,10.63,817.2154280338664,746.6603951081844,False,False,False,False
5201,70.4,3,72.65,True,599.46,88.25609715410536,87.88075935008175,False,False,False,False
5202,86.25,1,86.25,False,3616.75,97.61526232114467,97.61526232114467,False,False,False,False
5203,70.4,7,77.17,True,486.66,85.53404841162207,84.14293346484199,False,False,False,False
5204,70.4,5,72.65,True,255.06,72.39865129773386,71.51650592017565,False,False,False,False
5205,70.4,9,77.17,True,154.26,54.36276416439776,49.97406975236613,False,False,False,False
5206,70.4,1,70.4,False,119.46,41.068139963167575,41.068139963167575,False,False,False,False
5207,12.62,2,72.65,True,70.4,82.07386363636364,3.196022727272727,False,True,True,False
5208,12.2,7,77.17,True,79.5,84.65408805031446,2.930817610062891,False,True,True,False
5209,70.4,3,72.65,True,359.46,80.41506704501195,79.78912813664941,False,False,False,False
5210,1847.38,9,176.5,True,197.57,835.0508680467683,10.664574581161105,False,False,False,False
5211,127.5,1,127.5,False,132.5,3.7735849056603774,3.7735849056603774,True,True,False,False
5212,66433.66,9,1253.32,True,1027.0,6368.710808179163,22.037000973709826,False,False,False,False
5213,10790.87,1,10790.87,False,136.5,7805.399267399268,7805.399267399268,False,False,False,False
5214,10790.87,1,10790.87,False,18154.5,40.560907763915274,40.560907763915274,False,False,False,False
5215,0.42,1,0.42,False,0.504,16.66666666666667,16.66666666666667,False,False,False,False
5216,1381.94,1,1381.94,False,18944.92,92.7054851643607,92.7054851643607,False,False,False,False
5217,21.25,1,21.25,False,21.25,0.0,0.0,True,True,False,False
5218,3.5,9,34.16,True,1.0,250.0,3315.9999999999995,False,False,False,False
5219,3.5,8,1.0,True,1.0,250.0,0.0,False,True,True,False
5220,3.5,8,1.0,True,1.0,250.0,0.0,False,True,True,False
5221,58859.0,8,29315.0,True,57254.0,2.803297586194851,48.79833723407971,True,False,False,True
5222,58859.0,5,29315.0,True,56854.0,3.5265768459563094,48.43810461884828,True,False,False,True
5223,1099.01,1,1099.01,False,1307.56,15.949554896142432,15.949554896142432,False,False,False,False
5224,42718.15,4,67136.05,True,62118.84,31.231571613378478,8.076792805532117,False,True,True,False
5225,500.0,1,500.0,False,499.0,0.2004008016032064,0.2004008016032064,True,True,False,False
5226,244.74,2,244.74,True,268.94,8.998289581319248,8.998289581319248,True,True,False,False
5227,2398.33,9,2486.79,True,2625.0,8.635047619047622,5.265142857142859,True,True,False,False
5228,1285.0,1,1285.0,False,1285.0,0.0,0.0,True,True,False,False
5229,108.0,10,100.0,True,70.0,54.285714285714285,42.857142857142854,False,False,False,False
5230,108.0,10,100.0,True,15.0,620.0,566.6666666666667,False,False,False,False
5231,108.0,10,100.0,True,100.0,8.0,0.0,True,True,False,False
5232,1285.01,1,1285.01,False,1285.0,0.0007782101167308097,0.0007782101167308097,True,True,False,False
5233,35.19,1,35.19,False,23.75,48.16842105263157,48.16842105263157,False,False,False,False
5234,175.0,4,19.49,True,21.99,695.8162801273306,11.36880400181901,False,False,False,False
5235,25.99,2,35.8,True,90.84,71.38925583443417,60.59004843681198,False,False,False,False
5236,234.06,6,18.8,True,71.99,225.12849006806502,73.88526184192249,False,False,False,False
5237,563.06,1,563.06,False,93.49,502.26762220558345,502.26762220558345,False,False,False,False
5238,62.1,2,563.06,True,704.06,91.17972900036928,20.026702269692926,False,False,False,False
5239,27.75,1,27.75,False,27.75,0.0,0.0,True,True,False,False
5240,140.0,9,140.0,True,140.0,0.0,0.0,True,True,False,False
5241,5300.0,2,5300.0,True,5300.0,0.0,0.0,True,True,False,False
5242,14100.0,1,14100.0,False,8400.0,67.85714285714286,67.85714285714286,False,False,False,False
5243,384.99,1,384.99,False,227.69,69.08515964688831,69.08515964688831,False,False,False,False
5244,19.23,3,21.0,True,13.74,39.956331877729255,52.838427947598255,False,False,False,False
5245,285.99,1,285.99,False,141.89,101.55754457678485,101.55754457678485,False,False,False,False
5246,16.27,9,32.99,True,13.74,18.413391557496357,140.1018922852984,False,False,False,False
5247,27.3,3,25.57,True,19.3,41.45077720207254,32.48704663212435,False,False,False,False
5248,26.75,1,26.75,False,3.25,723.0769230769231,723.0769230769231,False,False,False,False
5249,26.75,1,26.75,False,26.75,0.0,0.0,True,True,False,False
5250,1688.0,1,1688.0,False,725.0,132.82758620689654,132.82758620689654,False,False,False,False
5251,599.46,1,599.46,False,67.0,794.7164179104478,794.7164179104478,False,False,False,False
5252,418.15,1,418.15,False,599.0,30.191986644407347,30.191986644407347,False,False,False,False
5253,1675.0,4,1638.0,True,3852.71,56.524109003792134,57.48447196908151,False,False,False,False
5254,958.44,2,1169.63,True,2704.35,64.55932109379333,56.750050844010566,False,False,False,False
5255,1169.63,1,1169.63,False,3407.76,65.67745381130126,65.67745381130126,False,False,False,False
5256,28.8,1,28.8,False,79.2,63.63636363636365,63.63636363636365,False,False,False,False
5257,28.8,1,28.8,False,7.22,298.8919667590028,298.8919667590028,False,False,False,False
5258,3.25,2,4.43,True,21.96,85.20036429872495,79.82695810564663,False,False,False,False
5259,5240.4,8,1155.66,True,319.19,1541.7807575425295,262.06021491901373,False,False,False,False
5260,32.99,2,35.74,True,39.0,15.410256410256403,8.358974358974354,False,True,True,False
5261,244.74,4,42.24,True,73.0,235.26027397260276,42.13698630136986,False,False,False,False
5262,508.2894,9,1380.96,True,1285.0,60.4444046692607,7.467704280155645,False,True,True,False
5263,2377.02,1,2377.02,False,1950.0,21.89846153846154,21.89846153846154,False,False,False,False
5264,175.0,1,175.0,False,164.99,6.067034365719129,6.067034365719129,True,True,False,False
5265,21.99,1,21.99,False,21.99,0.0,0.0,True,True,False,False
5266,322.0,1,322.0,False,164.99,95.1633432329232,95.1633432329232,False,False,False,False
5267,19.49,1,19.49,False,21.99,11.36880400181901,11.36880400181901,False,False,False,False
5268,159.49,1,159.49,False,137.49,16.00116372099789,16.00116372099789,False,False,False,False
5269,1285.0,5,1285.0,True,1285.0,0.0,0.0,True,True,False,False
5270,205.0,1,205.0,False,225.0,8.88888888888889,8.88888888888889,True,True,False,False
5271,680.0,3,164.49,True,175.99,286.38559009034606,6.53446218535144,False,True,True,False
5272,955.0,1,955.0,False,955.0,0.0,0.0,True,True,False,False
5273,12.0,1,12.0,False,9.7,23.71134020618558,23.71134020618558,False,False,False,False
5274,308.95,1,308.95,False,510.04,39.426319504352605,39.426319504352605,False,False,False,False
5275,2073.79,1,2073.79,False,7041.0,70.54693935520523,70.54693935520523,False,False,False,False
5276,2.79,7,2.58,True,2.66,4.887218045112777,3.0075187969924837,True,True,False,False
5277,2.79,7,2.58,True,2.66,4.887218045112777,3.0075187969924837,True,True,False,False
5278,2.58,1,2.58,False,2.29,12.663755458515286,12.663755458515286,False,False,False,False
5279,2.58,5,2.58,True,2.29,12.663755458515286,12.663755458515286,False,False,False,False
5280,2.58,1,2.58,False,2.29,12.663755458515286,12.663755458515286,False,False,False,False
5281,2.79,1,2.79,False,2.66,4.887218045112777,4.887218045112777,True,True,False,False
5282,2.58,1,2.58,False,2.29,12.663755458515286,12.663755458515286,False,False,False,False
5283,2.58,8,2.58,True,2.29,12.663755458515286,12.663755458515286,False,False,False,False
5284,2.79,7,2.58,True,2.66,4.887218045112777,3.0075187969924837,True,True,False,False
5285,8.47,1,8.47,False,116.6,92.73584905660377,92.73584905660377,False,False,False,False
5286,844.35,1,844.35,False,700000.0,99.87937857142857,99.87937857142857,False,False,False,False
5287,486.66,6,67.0,True,723.7125,32.75506502927612,90.74218007841512,False,False,False,False
5288,48.68,1,48.68,False,691.2,92.95717592592594,92.95717592592594,False,False,False,False
5289,100.0,1,100.0,False,100.0,0.0,0.0,True,True,False,False
5290,108.0,1,108.0,False,108.0,0.0,0.0,True,True,False,False
5291,19.09,1,19.09,False,19.09,0.0,0.0,True,True,False,False
5292,36.14,1,36.14,False,36.14,0.0,0.0,True,True,False,False
5293,36.14,2,9.17,True,79.0,54.25316455696202,88.39240506329114,False,False,False,False
5294,96.0,1,96.0,False,96.0,0.0,0.0,True,True,False,False
5295,3.3,1,3.3,False,2.87,14.982578397212535,14.982578397212535,False,False,False,False
5296,3.3,1,3.3,False,13.25,75.0943396226415,75.0943396226415,False,False,False,False
5297,3.3,1,3.3,False,9.2,64.13043478260869,64.13043478260869,False,False,False,False
5298,36.14,8,8.2,True,4.6,685.6521739130435,78.26086956521739,False,False,False,False
5299,625.0,1,625.0,False,21.85,2760.4118993135007,2760.4118993135007,False,False,False,False
5300,625.0,1,625.0,False,135.4,361.5952732644018,361.5952732644018,False,False,False,False
5301,0.85,1,0.85,False,0.46,84.78260869565216,84.78260869565216,False,False,False,False
5302,1285.0,1,1285.0,False,1285.0,0.0,0.0,True,True,False,False
5303,164.99,1,164.99,False,164.99,0.0,0.0,True,True,False,False
5304,21.99,3,21.99,True,21.99,0.0,0.0,True,True,False,False
5305,164.99,1,164.99,False,247.49,33.33468018909855,33.33468018909855,False,False,False,False
5306,2673.01,3,2515.0,True,2710.0,1.3649446494464863,7.195571955719557,True,True,False,False
5307,159.49,1,159.49,False,158.39,0.69448828840206,0.69448828840206,True,True,False,False
5308,1285.0,6,1285.0,True,1285.0,0.0,0.0,True,True,False,False
5309,164.99,2,175.0,True,158.12,4.344801416645589,10.675436377434856,True,False,False,True
5310,879.12,4,24.0,True,35.81,2354.956716001117,32.97961463278414,False,False,False,False
5311,3587.08,3,610.99,True,610.99,487.09307844645576,0.0,False,True,True,False
5312,1011.08,1,1011.08,False,55.2,1731.6666666666667,1731.6666666666667,False,False,False,False
5313,1058.7,1,1058.7,False,150.6,602.988047808765,602.988047808765,False,False,False,False
5314,197919.49,1,197919.49,False,160203.03,23.542913014816257,23.542913014816257,False,False,False,False
5315,21.0,1,21.0,False,30.0,30.0,30.0,False,False,False,False
5316,70.0,5,213.04,True,69.0,1.4492753623188406,208.75362318840578,True,False,False,True
5317,96.23,1,96.23,False,96.23,0.0,0.0,True,True,False,False
5318,2556.75,1,2556.75,False,81.08,3053.3670448939324,3053.3670448939324,False,False,False,False
5319,2556.75,1,2556.75,False,5545.4,53.89421863165866,53.89421863165866,False,False,False,False
5320,2556.75,1,2556.75,False,2702.98,5.409954938623298,5.409954938623298,True,True,False,False
5321,36.0,1,36.0,False,5.12,603.125,603.125,False,False,False,False
5322,2556.75,1,2556.75,False,837.6,205.24713467048713,205.24713467048713,False,False,False,False
5323,36.0,1,36.0,False,25.58,40.73494917904614,40.73494917904614,False,False,False,False
5324,2556.75,10,3444.0,True,2693.21,5.066816178463619,27.877142888968926,True,False,False,True
5325,2556.75,1,2556.75,False,5.48,46556.02189781022,46556.02189781022,False,False,False,False
5326,2556.75,1,2556.75,False,57.44,4351.16643454039,4351.16643454039,False,False,False,False
5327,2556.75,1,2556.75,False,12.47,20403.207698476344,20403.207698476344,False,False,False,False
5328,2556.75,1,2556.75,False,1.61,158704.34782608692,158704.34782608692,False,False,False,False
5329,2556.75,1,2556.75,False,0.94,271894.6808510638,271894.6808510638,False,False,False,False
5330,2556.75,1,2556.75,False,438.67,482.8413157954726,482.8413157954726,False,False,False,False
5331,2556.75,1,2556.75,False,1.76,145169.88636363635,145169.88636363635,False,False,False,False
5332,2556.75,1,2556.75,False,3236.15,20.994082474545372,20.994082474545372,False,False,False,False
5333,140.0,1,140.0,False,27.6,407.24637681159425,407.24637681159425,False,False,False,False
5334,21.85,5,725.0,True,29.0,24.655172413793096,2400.0,False,False,False,False
5335,21.85,9,452.27,True,1349.0,98.38028169014085,66.47368421052632,False,False,False,False
5336,723.7125,1,723.7125,False,49.0,1376.9642857142858,1376.9642857142858,False,False,False,False
5337,9.39,1,9.39,False,15.4,39.02597402597402,39.02597402597402,False,False,False,False
5338,9.39,1,9.39,False,15.7,40.19108280254776,40.19108280254776,False,False,False,False
5339,1011.08,1,1011.08,False,2537.05,60.147415305177276,60.147415305177276,False,False,False,False
5340,1285.0,5,1285.0,True,1530.0,16.013071895424837,16.013071895424837,False,False,False,False
5341,1415.0,2,1415.0,True,1415.0,0.0,0.0,True,True,False,False
5342,159.49,2,164.49,True,159.49,0.0,3.1349927895165837,True,True,False,False
5343,322.0,1,322.0,False,164.99,95.1633432329232,95.1633432329232,False,False,False,False
5344,1285.0,1,1285.0,False,1285.0,0.0,0.0,True,True,False,False
5345,21.99,1,21.99,False,21.99,0.0,0.0,True,True,False,False
5346,45497.0,1,45497.0,False,23136.5,96.64599226330691,96.64599226330691,False,False,False,False
5347,210587.0,1,210587.0,False,225255.0,6.511731149142083,6.511731149142083,True,True,False,False
5348,600.0,1,600.0,False,2300.0,73.91304347826086,73.91304347826086,False,False,False,False
5349,285.0,9,275.0,True,315.0,9.523809523809524,12.698412698412698,True,False,False,True
5350,593.57,1,593.57,False,593.57,0.0,0.0,True,True,False,False
5351,75.0,1,75.0,False,75.0,0.0,0.0,True,True,False,False
5352,1523.96,3,3479.5,True,69.482,2093.316254569529,4907.771797012176,False,False,False,False
5353,582.353,7,1146.96,True,5.74,10045.52264808362,19881.881533101045,False,False,False,False
5354,3700.0,10,1146.96,True,0.51153,723220.2353723143,224121.45328719722,False,False,False,False
5355,223.0,3,84.8,True,80.0,178.75,5.9999999999999964,False,True,True,False
5356,6.45,1,6.45,False,8.95,27.93296089385474,27.93296089385474,False,False,False,False
5357,1.63,7,83.4,True,1.47,10.884353741496595,5573.469387755103,False,False,False,False
5358,7.5,3,2.23,True,7.5,0.0,70.26666666666667,True,False,False,True
5359,13.89,1,13.89,False,13.89,0.0,0.0,True,True,False,False
5360,399.0,1,399.0,False,160.0,149.375,149.375,False,False,False,False
5361,960.0,1,960.0,False,550.0,74.54545454545455,74.54545454545455,False,False,False,False
5362,960.0,1,960.0,False,86.62,1008.2890787347033,1008.2890787347033,False,False,False,False
5363,960.0,1,960.0,False,253.75,278.32512315270935,278.32512315270935,False,False,False,False
5364,960.0,1,960.0,False,2883.12,66.70273869974194,66.70273869974194,False,False,False,False
5365,960.0,1,960.0,False,258.12,271.92003719200375,271.92003719200375,False,False,False,False
5366,960.0,1,960.0,False,5013.75,80.85265519820494,80.85265519820494,False,False,False,False
5367,960.0,1,960.0,False,38.02,2424.9868490268277,2424.9868490268277,False,False,False,False
5368,21.85,1,21.85,False,125.0,82.52000000000001,82.52000000000001,False,False,False,False
5369,4.8,4,4.2,True,4.5,6.6666666666666625,6.6666666666666625,True,True,False,False
5370,13.25,1,13.25,False,9.2,44.021739130434796,44.021739130434796,False,False,False,False
5371,1.02,6,0.48,True,0.46,121.73913043478262,4.3478260869565135,False,True,True,False
5372,21.85,1,21.85,False,40.25,45.714285714285715,45.714285714285715,False,False,False,False
5373,13.25,1,13.25,False,2.87,361.6724738675958,361.6724738675958,False,False,False,False
5374,164.99,1,164.99,False,360.03,54.173263339166176,54.173263339166176,False,False,False,False
5375,164.99,8,164.99,True,164.99,0.0,0.0,True,True,False,False
5376,159.49,5,159.49,True,159.49,0.0,0.0,True,True,False,False
5377,164.99,1,164.99,False,244.74,32.58560104600801,32.58560104600801,False,False,False,False
5378,3.9,1,3.9,False,3.9,0.0,0.0,True,True,False,False
5379,100.0,1,100.0,False,108.0,7.4074074074074066,7.4074074074074066,True,True,False,False
5380,100.0,1,100.0,False,100.0,0.0,0.0,True,True,False,False
5381,17.68,4,18.74,True,17.68,0.0,5.995475113122165,True,True,False,False
5382,175.99,1,175.99,False,1632.47,89.21940372564274,89.21940372564274,False,False,False,False
5383,10926.5,1,10926.5,False,36752.5,70.27004965648595,70.27004965648595,False,False,False,False
5384,15975.0,1,15975.0,False,159955.5,90.01284732316176,90.01284732316176,False,False,False,False
5385,124272.51,7,130202.9,True,81936.9,51.66855226399828,58.90630472961511,False,False,False,False
5386,84459.14,1,84459.14,False,67589.5,24.958965519792276,24.958965519792276,False,False,False,False
5387,84459.14,1,84459.14,False,78420.0,7.701020147921447,7.701020147921447,True,True,False,False
5388,1999.0,1,1999.0,False,16684.0,88.0184608007672,88.0184608007672,False,False,False,False
5389,164.99,6,164.99,True,179.57,8.119396335690809,8.119396335690809,True,True,False,False
5390,1285.0,8,1285.0,True,1285.0,0.0,0.0,True,True,False,False
5391,21.51,3,22.59,True,1037.55,97.92684689894463,97.82275552985398,False,False,False,False
5392,1133.25,1,1133.25,False,204.9,453.07467057101024,453.07467057101024,False,False,False,False
5393,12602.67,1,12602.67,False,15091.83,16.49342723844623,16.49342723844623,False,False,False,False
5394,12602.67,1,12602.67,False,15091.83,16.49342723844623,16.49342723844623,False,False,False,False
5395,12602.67,4,15299.56,True,39366.6,67.98638947737422,61.1356835489984,False,False,False,False
5396,60755.8,4,15299.56,True,39366.6,54.33336889647571,61.1356835489984,False,False,False,False
5397,9046.5,1,9046.5,False,31144.0,70.95267146159773,70.95267146159773,False,False,False,False
5398,1308.19,1,1308.19,False,1472.53,11.160383829191929,11.160383829191929,False,False,False,False
5399,1308.19,1,1308.19,False,1537.84,14.933283046350718,14.933283046350718,False,False,False,False
5400,1267.6,1,1267.6,False,1440.48,12.001555037209826,12.001555037209826,False,False,False,False
5401,1267.6,1,1267.6,False,917.33,38.183641655674606,38.183641655674606,False,False,False,False
5402,953.56,1,953.56,False,1191.83,19.99194515996409,19.99194515996409,False,False,False,False
5403,953.56,1,953.56,False,1187.42,19.69480049182262,19.69480049182262,False,False,False,False
5404,953.56,1,953.56,False,1124.21,15.179548305031986,15.179548305031986,False,False,False,False
5405,4538.0,3,4958.0,True,1200.16,278.1162511665111,313.1115851219837,False,False,False,False
5406,4538.0,3,4958.0,True,1337.96,239.1730694490119,270.5641424257825,False,False,False,False
5407,2444.0,1,2444.0,False,2444.0,0.0,0.0,True,True,False,False
5408,5810.0,1,5810.0,False,5810.0,0.0,0.0,True,True,False,False
5409,4537.0,1,4537.0,False,4537.0,0.0,0.0,True,True,False,False
5410,3706.0,1,3706.0,False,3706.0,0.0,0.0,True,True,False,False
5411,4949.0,1,4949.0,False,4949.0,0.0,0.0,True,True,False,False
5412,3641.4,1,3641.4,False,330.48,1001.851851851852,1001.851851851852,False,False,False,False
5413,589.78,1,589.78,False,703.84,16.20538758808821,16.20538758808821,False,False,False,False
5414,14.5,6,120.2,True,416.87,96.52169741166311,71.16607095737281,False,False,False,False
5415,120.2,2,25.79,True,17.5,586.8571428571429,47.37142857142857,False,False,False,False
5416,14.5,6,213.04,True,50.0,71.0,326.08,False,False,False,False
5417,14.5,5,120.2,True,466.6,96.89241320188599,74.23917702528932,False,False,False,False
5418,21.2,2,124.1,True,125.0,83.04,0.7200000000000045,False,True,True,False
5419,14.5,2,364.63,True,364.63,96.02336615198969,0.0,False,True,True,False
5420,175.99,2,175.99,True,191.39,8.046397408433032,8.046397408433032,True,True,False,False
5421,164.99,1,164.99,False,164.99,0.0,0.0,True,True,False,False
5422,21.99,2,21.99,True,21.99,0.0,0.0,True,True,False,False
5423,1285.0,1,1285.0,False,1285.0,0.0,0.0,True,True,False,False
5424,32.83,1,32.83,False,239.85,86.31227850740045,86.31227850740045,False,False,False,False
5425,21.42,2,32.66,True,90.0,76.2,63.711111111111116,False,False,False,False
5426,264.31,1,264.31,False,90.0,193.67777777777778,193.67777777777778,False,False,False,False
5427,32.66,1,32.66,False,10.3,217.08737864077662,217.08737864077662,False,False,False,False
5428,264.31,1,264.31,False,4.65,5584.086021505376,5584.086021505376,False,False,False,False
5429,356.0,1,356.0,False,325.65,9.319821894672202,9.319821894672202,True,True,False,False
5430,356.0,1,356.0,False,434.2,18.010133578995852,18.010133578995852,False,False,False,False
5431,264.31,1,264.31,False,19.0,1291.1052631578948,1291.1052631578948,False,False,False,False
5432,32.83,4,32.66,True,322.35,89.81541802388708,89.86815573134793,False,False,False,False
5433,356.0,1,356.0,False,689.0,48.33091436865022,48.33091436865022,False,False,False,False
5434,32.83,4,32.66,True,456.0,92.80043859649123,92.83771929824563,False,False,False,False
5435,70.0,10,70.0,True,100.0,30.0,30.0,False,False,False,False
5436,3834.5,6,8858.21,True,286.53,1238.2542840191256,2991.547132935469,False,False,False,False
5437,3834.5,8,8858.21,True,180.32,2026.4973380656609,4812.49445430346,False,False,False,False
5438,3834.5,10,7845.33,True,63.11,5975.89922357788,12331.19949294882,False,False,False,False
5439,11694.79,1,11694.79,False,245.03,4672.799249071542,4672.799249071542,False,False,False,False
5440,311.25,1,311.25,False,373.5,16.666666666666664,16.666666666666664,False,False,False,False
5441,343.35,1,343.35,False,343.35,0.0,0.0,True,True,False,False
5442,87.35,1,87.35,False,87.35,0.0,0.0,True,True,False,False
5443,96.74,4,119.0,True,96.74,0.0,23.010130246020267,True,False,False,True
5444,3772.94,9,4028.3,True,3929.84,3.992528957921953,2.5054455143211944,True,True,False,False
5445,61.56,1,61.56,False,101.25,39.199999999999996,39.199999999999996,False,False,False,False
5446,58698.25,1,58698.25,False,50383.47,16.502991953511735,16.502991953511735,False,False,False,False
5447,58698.25,1,58698.25,False,73334.0,19.957659475822947,19.957659475822947,False,False,False,False
5448,58698.25,1,58698.25,False,50383.47,16.502991953511735,16.502991953511735,False,False,False,False
5449,58698.25,1,58698.25,False,48156.96,21.889442356826514,21.889442356826514,False,False,False,False
5450,58698.25,1,58698.25,False,54935.62,6.849162710824047,6.849162710824047,True,True,False,False
5451,58698.25,1,58698.25,False,54935.62,6.849162710824047,6.849162710824047,True,True,False,False
5452,58698.25,9,69134.22,True,53950.41,8.800377976738261,28.14401225125073,True,False,False,True
5453,58698.25,1,58698.25,False,54935.62,6.849162710824047,6.849162710824047,True,True,False,False
5454,58698.25,1,58698.25,False,53950.41,8.800377976738261,8.800377976738261,True,True,False,False
5455,58698.25,1,58698.25,False,53950.41,8.800377976738261,8.800377976738261,True,True,False,False
5456,58698.25,1,58698.25,False,48156.96,21.889442356826514,21.889442356826514,False,False,False,False
5457,1337.96,1,1337.96,False,1351.94,1.0340695592999702,1.0340695592999702,True,True,False,False
5458,5962.0,2,5962.0,True,2008.62,196.82070277105677,196.82070277105677,False,False,False,False
5459,1187.42,1,1187.42,False,914.53,29.839371043049447,29.839371043049447,False,False,False,False
5460,1187.42,1,1187.42,False,883.91,34.33720627665714,34.33720627665714,False,False,False,False
5461,1187.42,1,1187.42,False,908.51,30.6997171192392,30.6997171192392,False,False,False,False
5462,1187.42,1,1187.42,False,852.02,39.365273115654574,39.365273115654574,False,False,False,False
5463,1187.42,1,1187.42,False,912.92,30.068352100950808,30.068352100950808,False,False,False,False
5464,1187.42,1,1187.42,False,1397.25,15.017355519770973,15.017355519770973,False,False,False,False
5465,1472.53,1,1472.53,False,1117.7,31.746443589514172,31.746443589514172,False,False,False,False
5466,1472.53,1,1472.53,False,1146.52,28.434741653002128,28.434741653002128,False,False,False,False
5467,1472.53,1,1472.53,False,1141.9,28.95437428846658,28.95437428846658,False,False,False,False
5468,1187.42,1,1187.42,False,1147.7,3.4608347129040715,3.4608347129040715,True,True,False,False
5469,1187.42,1,1187.42,False,1221.83,2.8162674021754137,2.8162674021754137,True,True,False,False
5470,1187.42,1,1187.42,False,1221.83,2.8162674021754137,2.8162674021754137,True,True,False,False
5471,1187.42,1,1187.42,False,957.56,24.004762103680203,24.004762103680203,False,False,False,False
5472,1187.42,1,1187.42,False,1221.83,2.8162674021754137,2.8162674021754137,True,True,False,False
5473,1187.42,1,1187.42,False,1183.01,0.37277791396523124,0.37277791396523124,True,True,False,False
5474,1187.42,1,1187.42,False,1902.92,37.60010930569861,37.60010930569861,False,False,False,False
5475,1187.42,1,1187.42,False,1852.49,35.901408374674084,35.901408374674084,False,False,False,False
5476,75.0,7,70.54,True,75.0,0.0,5.946666666666658,True,True,False,False
5477,7022.62,4,4011.1,True,137.47,5008.474576271186,2817.8002473266897,False,False,False,False
5478,319.0,1,319.0,False,319.0,0.0,0.0,True,True,False,False
5479,11.0682,1,11.0682,False,11.0682,0.0,0.0,True,True,False,False
5480,147.96,4,147.96,True,190.0,22.12631578947368,22.12631578947368,False,False,False,False
5481,2215.0,7,2219.31,True,1100.0,101.36363636363637,101.75545454545454,False,False,False,False
5482,159.49,1,159.49,False,158.39,0.69448828840206,0.69448828840206,True,True,False,False
5483,3929.84,8,3929.84,True,4203.82,6.517405597765831,6.517405597765831,True,True,False,False
5484,1045.62,1,1045.62,False,1275.0,17.990588235294126,17.990588235294126,False,False,False,False
5485,249.77,9,227.0,True,175.99,41.92283652480254,28.984601397806685,False,False,False,False
5486,249.77,9,227.0,True,141.89,76.0307280287547,59.98308548875892,False,False,False,False
5487,35.19,10,35.19,True,46.24,23.89705882352942,23.89705882352942,False,False,False,False
5488,35.19,10,35.19,True,13.74,156.1135371179039,156.1135371179039,False,False,False,False
5489,5310.0,1,5310.0,False,4071.0,30.434782608695656,30.434782608695656,False,False,False,False
5490,24.62,1,24.62,False,375.02,93.43501679910405,93.43501679910405,False,False,False,False
5491,23452.25,1,23452.25,False,1902.85,1132.4802270278792,1132.4802270278792,False,False,False,False
5492,23452.25,1,23452.25,False,177.8,13090.241844769404,13090.241844769404,False,False,False,False
5493,23452.25,1,23452.25,False,7712.03,204.09956911474674,204.09956911474674,False,False,False,False
5494,23292.25,1,23292.25,False,3167.13,635.4371307777071,635.4371307777071,False,False,False,False
5495,23452.25,1,23452.25,False,130.88,17818.895171149143,17818.895171149143,False,False,False,False
5496,23452.25,1,23452.25,False,214.11,10853.365092709355,10853.365092709355,False,False,False,False
5497,23452.25,1,23452.25,False,144.51,16128.807694969208,16128.807694969208,False,False,False,False
5498,3.39,1,3.39,False,3.39,0.0,0.0,True,True,False,False
5499,3.87,1,3.87,False,3.87,0.0,0.0,True,True,False,False
5500,826.5,1,826.5,False,802.16,3.034307370100732,3.034307370100732,True,True,False,False
5501,826.5,1,826.5,False,826.5,0.0,0.0,True,True,False,False
5502,1340.43,1,1340.43,False,1328.1,0.9283939462389997,0.9283939462389997,True,True,False,False
5503,70.0,2,100.0,True,70.0,0.0,42.857142857142854,True,False,False,True
5504,147.96,1,147.96,False,190.0,22.12631578947368,22.12631578947368,False,False,False,False
5505,49000.0,1,49000.0,False,1750.0,2700.0,2700.0,False,False,False,False
5506,58534.0,7,64150.75,True,96122.0,39.104471400927984,33.26111608164624,False,False,False,False
5507,0.23,2,0.227,True,0.23,0.0,1.3043478260869577,True,True,False,False
5508,191.75,1,191.75,False,430.0,55.40697674418604,55.40697674418604,False,False,False,False
5509,88.2,1,88.2,False,85.0,3.7647058823529442,3.7647058823529442,True,True,False,False
5510,7896.87,1,7896.87,False,6697.6,17.905966316292396,17.905966316292396,False,False,False,False
5511,7896.87,1,7896.87,False,6697.6,17.905966316292396,17.905966316292396,False,False,False,False
5512,7896.87,1,7896.87,False,3844.75,105.39358865986084,105.39358865986084,False,False,False,False
5513,147.96,1,147.96,False,190.0,22.12631578947368,22.12631578947368,False,False,False,False
5514,955.0,1,955.0,False,955.0,0.0,0.0,True,True,False,False
5515,75.0,5,19.49,True,21.99,241.0641200545703,11.36880400181901,False,False,False,False
5516,1285.0,9,1285.0,True,1400.0,8.214285714285714,8.214285714285714,True,True,False,False
5517,218.0,1,218.0,False,164.99,32.129219952724405,32.129219952724405,False,False,False,False
5518,159.49,5,159.49,True,139.44,14.378944348823875,14.378944348823875,False,False,False,False
5519,4468.36,8,155.99,True,185.0,2315.3297297297295,15.681081081081077,False,False,False,False
5520,0.67,1,0.67,False,1.1,39.09090909090909,39.09090909090909,False,False,False,False
5521,0.21,9,0.3,True,0.3,30.0,0.0,False,True,True,False
5522,1221.83,1,1221.83,False,1537.84,20.54895177651771,20.54895177651771,False,False,False,False
5523,1221.83,1,1221.83,False,1557.29,21.541267201356202,21.541267201356202,False,False,False,False
5524,1221.83,1,1221.83,False,1576.66,22.50516915504929,22.50516915504929,False,False,False,False
5525,1221.83,1,1221.83,False,1452.62,15.887844033539396,15.887844033539396,False,False,False,False
5526,9870.0,3,4295.0,True,1904.75,418.1782386139913,125.48890930568315,False,False,False,False
5527,707.0,4,380.4,True,433.0,63.279445727482674,12.147806004618943,False,False,False,False
5528,380.4,1,380.4,False,433.0,12.147806004618943,12.147806004618943,False,False,False,False
5529,23.96,1,23.96,False,347.96,93.11415105184504,93.11415105184504,False,False,False,False
5530,673.64,3,139.97,True,683.57,1.4526676126804954,79.52367716546952,True,False,False,True
5531,139.97,1,139.97,False,347.96,59.77411196689274,59.77411196689274,False,False,False,False
5532,45.0,3,139.97,True,683.57,93.41691414193133,79.52367716546952,False,False,False,False
5533,45.0,4,139.97,True,683.57,93.41691414193133,79.52367716546952,False,False,False,False
5534,139.97,1,139.97,False,347.96,59.77411196689274,59.77411196689274,False,False,False,False
5535,5295.0,1,5295.0,False,3391.0,56.14862872309053,56.14862872309053,False,False,False,False
5536,6934.0,9,7298.5,True,7625.0,9.062295081967212,4.281967213114754,True,True,False,False
5537,164.99,1,164.99,False,164.99,0.0,0.0,True,True,False,False
5538,1285.0,1,1285.0,False,1285.0,0.0,0.0,True,True,False,False
5539,21.99,1,21.99,False,21.99,0.0,0.0,True,True,False,False
5540,339.99,1,339.99,False,339.99,0.0,0.0,True,True,False,False
5541,233.0,2,252.0,True,240.0,2.9166666666666665,5.0,True,True,False,False
5542,233.0,1,233.0,False,240.0,2.9166666666666665,2.9166666666666665,True,True,False,False
5543,115.0,4,120.0,True,115.0,0.0,4.3478260869565215,True,True,False,False
5544,252.0,2,233.0,True,168.2,49.821640903686095,38.525564803805004,False,False,False,False
5545,1.35,5,11.61,True,3.15,57.14285714285714,268.57142857142856,False,False,False,False
5546,1.35,10,2.5,True,2.87,52.961672473867594,12.891986062717772,False,False,False,False
5547,1.35,9,11.61,True,3.15,57.14285714285714,268.57142857142856,False,False,False,False
5548,97.49,10,64.99,True,58.77,65.88395439850262,10.583631104304903,False,False,False,False
5549,3519.12,2,307.99,True,21.37,16367.571361722039,1341.2260177819373,False,False,False,False
5550,155.99,1,155.99,False,193.32,19.309952410511062,19.309952410511062,False,False,False,False
5551,530.55,5,530.55,True,530.55,0.0,0.0,True,True,False,False
5552,119.0,2,119.0,True,120.73,1.4329495568624235,1.4329495568624235,True,True,False,False
5553,61.56,7,61.56,True,61.56,0.0,0.0,True,True,False,False
5554,111.63,9,105.0,True,51.19,118.06993553428404,105.11818714592695,False,False,False,False
5555,96.74,9,105.0,True,96.74,0.0,8.538350217076706,True,True,False,False
5556,9.06,1,9.06,False,9.72,6.790123456790124,6.790123456790124,True,True,False,False
5557,4302.07,10,4203.82,True,4203.82,2.3371600116084896,0.0,True,True,False,False
5558,1.0,1,1.0,False,1.0,0.0,0.0,True,True,False,False
5559,218116.87,1,218116.87,False,656586.86,66.78019569261559,66.78019569261559,False,False,False,False
5560,23975.29,4,19098.21,True,24776.16,3.2324218119353403,22.91698955770386,True,False,False,True
5561,53707.6,1,53707.6,False,51898.0,3.4868395699256203,3.4868395699256203,True,True,False,False
5562,60504.25,1,60504.25,False,53955.75,12.136797282958721,12.136797282958721,False,False,False,False
5563,593.57,1,593.57,False,593.57,0.0,0.0,True,True,False,False
5564,1013.07,2,1118.42,True,883.19,14.70578244771793,26.634133085745987,False,False,False,False
5565,1.81,1,1.81,False,2.04,11.274509803921568,11.274509803921568,False,False,False,False
5566,55.75,4,64.0,True,498.0,88.80522088353415,87.14859437751004,False,False,False,False
5567,80.85,1,80.85,False,80.85,0.0,0.0,True,True,False,False
5568,648.9,1,648.9,False,648.9,0.0,0.0,True,True,False,False
5569,86.1,1,86.1,False,86.1,0.0,0.0,True,True,False,False
5570,648.9,4,80.85,True,160.65,303.92156862745094,49.67320261437909,False,False,False,False
5571,175.99,1,175.99,False,175.99,0.0,0.0,True,True,False,False
5572,21.99,1,21.99,False,21.99,0.0,0.0,True,True,False,False
5573,164.99,1,164.99,False,164.99,0.0,0.0,True,True,False,False
5574,1285.0,1,1285.0,False,1285.0,0.0,0.0,True,True,False,False
5575,92290.0,5,84434.0,True,155549.03,40.668225317766364,45.718722900425675,False,False,False,False
5576,29845.93,1,29845.93,False,102000.0,70.73928431372549,70.73928431372549,False,False,False,False
5577,3439.7,7,3352.8,True,3439.7,0.0,2.5263831148065132,True,True,False,False
5578,22.5,1,22.5,False,22.5,0.0,0.0,True,True,False,False
5579,8050.0,1,8050.0,False,8050.0,0.0,0.0,True,True,False,False
5580,1957.0,3,285.0,True,899.0,117.68631813125697,68.29810901001112,False,False,False,False
5581,71.5,1,71.5,False,71.5,0.0,0.0,True,True,False,False
5582,21.25,6,21.25,True,21.25,0.0,0.0,True,True,False,False
5583,1904.84,3,2045.0,True,1855.82,2.6414199652983577,10.19387656130444,True,False,False,True
5584,53357.5,1,53357.5,False,62424.3,14.5244720405355,14.5244720405355,False,False,False,False
5585,343000.65,3,57787.56,True,63832.25,437.34695236342134,9.46964896271086,False,True,True,False
5586,75720.16,1,75720.16,False,29815.34,153.96376496125822,153.96376496125822,False,False,False,False
5587,2444.0,1,2444.0,False,917.33,166.42538672015525,166.42538672015525,False,False,False,False
5588,2444.0,1,2444.0,False,959.87,154.61781282882058,154.61781282882058,False,False,False,False
5589,2444.0,1,2444.0,False,908.51,169.01189860320744,169.01189860320744,False,False,False,False
5590,18.74,8,17.68,True,28.1,33.309608540925275,37.08185053380783,False,False,False,False
5591,18.74,10,21.24,True,35.78,47.624371157070996,40.63722750139743,False,False,False,False
5592,18.74,3,19.5,True,19.34,3.1023784901758087,0.8273009307135478,True,True,False,False
5593,2395.0,1,2395.0,False,3085.0,22.366288492706644,22.366288492706644,False,False,False,False
5594,305.28,6,4081.0,True,582.47,47.58871701546861,600.6369426751592,False,False,False,False
5595,150.0,2,150.0,True,150.0,0.0,0.0,True,True,False,False
5596,100.0,1,100.0,False,361.0,72.29916897506925,72.29916897506925,False,False,False,False
5597,10939.0,1,10939.0,False,10131.0,7.975520679103741,7.975520679103741,True,True,False,False
5598,899.0,1,899.0,False,48.0,1772.9166666666667,1772.9166666666667,False,False,False,False
5599,6.26,6,7.95,True,14.04,55.41310541310541,43.376068376068375,False,False,False,False
5600,319.2,1,319.2,False,650.0,50.89230769230769,50.89230769230769,False,False,False,False
5601,2182.5,1,2182.5,False,9485.0,76.98998418555614,76.98998418555614,False,False,False,False
5602,466.6,3,345.0,True,161.0,189.81366459627333,114.28571428571428,False,False,False,False
5603,212.92,4,195.92,True,750.0,71.61066666666667,73.87733333333334,False,False,False,False
5604,1010.0,5,3439.7,True,6355.0,84.10700236034619,45.87411487018097,False,False,False,False
5605,1904.75,1,1904.75,False,2468.0,22.822123176661265,22.822123176661265,False,False,False,False
5606,150.0,2,176.0,True,126.0,19.047619047619047,39.682539682539684,False,False,False,False
5607,98.08,1,98.08,False,538.0,81.76951672862454,81.76951672862454,False,False,False,False
5608,361.0,10,29.62,True,22.0,1540.9090909090908,34.63636363636364,False,False,False,False
5609,361.0,1,361.0,False,17.0,2023.5294117647059,2023.5294117647059,False,False,False,False
5610,3.9,1,3.9,False,3.9,0.0,0.0,True,True,False,False
5611,40.25,1,40.25,False,79.0,49.050632911392405,49.050632911392405,False,False,False,False
5612,125.0,1,125.0,False,312.5,60.0,60.0,False,False,False,False
5613,158.39,3,159.49,True,158.39,0.0,0.69448828840206,True,True,False,False
5614,2.58,6,35.47,True,63.85,95.9592795614722,44.44792482380579,False,False,False,False
5615,114.45,1,114.45,False,135.39,15.466430312430745,15.466430312430745,False,False,False,False
5616,3825.79,1,3825.79,False,2724.21,40.43667705499943,40.43667705499943,False,False,False,False
5617,1952.0,2,1651.0,True,93905.5,97.92131451299446,98.24184951893128,False,False,False,False
5618,5613.36,1,5613.36,False,44817.92,87.47518849603016,87.47518849603016,False,False,False,False
5619,5613.36,1,5613.36,False,35645.84,84.25241206266986,84.25241206266986,False,False,False,False
5620,5613.36,1,5613.36,False,47574.8,88.20098035094209,88.20098035094209,False,False,False,False
5621,5700.0,1,5700.0,False,4500.0,26.666666666666668,26.666666666666668,False,False,False,False
5622,6600.0,1,6600.0,False,6600.0,0.0,0.0,True,True,False,False
5623,6600.0,2,6600.0,True,6600.0,0.0,0.0,True,True,False,False
5624,11695.0,1,11695.0,False,528.26,2113.871956990876,2113.871956990876,False,False,False,False
5625,905.0,1,905.0,False,647.77,39.71008228229156,39.71008228229156,False,False,False,False
5626,4500.0,1,4500.0,False,225.0,1900.0,1900.0,False,False,False,False
5627,4500.0,1,4500.0,False,225.0,1900.0,1900.0,False,False,False,False
5628,11499.0,6,302.22,True,46.4,24682.3275862069,551.3362068965517,False,False,False,False
5629,33.5,1,33.5,False,33.5,0.0,0.0,True,True,False,False
5630,33.5,1,33.5,False,33.5,0.0,0.0,True,True,False,False
5631,3439.7,1,3439.7,False,1690.0,103.5325443786982,103.5325443786982,False,False,False,False
5632,24776.16,8,899.0,True,94.24,26190.492359932086,853.9473684210527,False,False,False,False
5633,3439.7,6,361.0,True,1990.0,72.84924623115577,81.85929648241206,False,False,False,False
5634,28.98,1,28.98,False,15.0,93.2,93.2,False,False,False,False
5635,361.0,1,361.0,False,1755.0,79.43019943019944,79.43019943019944,False,False,False,False
5636,5725.0,4,4939.0,True,5976.92,4.214879904700081,17.365465825207632,True,False,False,True
5637,13.42,4,429.12,True,44.52,69.85624438454627,863.8814016172507,False,False,False,False
5638,4378.53,1,4378.53,False,11.75,37164.085106382976,37164.085106382976,False,False,False,False
5639,13.42,7,429.36,True,68.75,80.47999999999999,524.5236363636363,False,False,False,False
5640,4378.53,1,4378.53,False,344.26,1171.8671934003369,1171.8671934003369,False,False,False,False
5641,4378.53,1,4378.53,False,28.87,15066.36647038448,15066.36647038448,False,False,False,False
5642,4378.53,1,4378.53,False,155.29,2719.582716208384,2719.582716208384,False,False,False,False
5643,13.42,4,429.12,True,32.54,58.758451137062075,1218.7461585740627,False,False,False,False
5644,4378.53,1,4378.53,False,39.67,10937.383413158557,10937.383413158557,False,False,False,False
5645,4378.53,1,4378.53,False,45.24,9578.448275862069,9578.448275862069,False,False,False,False
5646,13.42,6,429.36,True,91.64,85.3557398515932,368.52902662592754,False,False,False,False
5647,4378.53,1,4378.53,False,182.1,2304.464579901153,2304.464579901153,False,False,False,False
5648,48156.96,5,50383.47,True,44992.0,7.034495021337124,11.983174786628737,True,False,False,True
5649,30852.68,1,30852.68,False,24143.51,27.788710092277398,27.788710092277398,False,False,False,False
5650,30852.68,1,30852.68,False,96809.16,68.13041245270594,68.13041245270594,False,False,False,False
5651,30852.68,1,30852.68,False,141686.42,78.22467389605863,78.22467389605863,False,False,False,False
5652,30852.68,1,30852.68,False,141686.45,78.22467850666031,78.22467850666031,False,False,False,False
5653,86634.0,1,86634.0,False,72279.1,19.86037457577639,19.86037457577639,False,False,False,False
5654,60504.25,1,60504.25,False,57612.7,5.0189454755635525,5.0189454755635525,True,True,False,False
5655,160203.03,10,170055.0,True,65818.75,143.4002924698509,158.36862596144715,False,False,False,False
5656,160203.03,1,160203.03,False,65818.75,143.4002924698509,143.4002924698509,False,False,False,False
5657,53707.6,1,53707.6,False,30410.46,76.60896941381353,76.60896941381353,False,False,False,False
5658,4500.0,1,4500.0,False,5100.0,11.76470588235294,11.76470588235294,False,False,False,False
5659,4500.0,1,4500.0,False,5100.0,11.76470588235294,11.76470588235294,False,False,False,False
5660,500.41,1,500.41,False,3477.68,85.61080950518736,85.61080950518736,False,False,False,False
5661,315.87,1,315.87,False,220.97,42.947006380956694,42.947006380956694,False,False,False,False
5662,21.99,1,21.99,False,18.49,18.92915089237426,18.92915089237426,False,False,False,False
5663,8050.0,1,8050.0,False,11850.0,32.06751054852321,32.06751054852321,False,False,False,False
5664,6500.0,3,6500.0,True,6500.0,0.0,0.0,True,True,False,False
5665,6500.0,3,6500.0,True,6500.0,0.0,0.0,True,True,False,False
5666,8050.0,1,8050.0,False,11850.0,32.06751054852321,32.06751054852321,False,False,False,False
5667,22386.57,1,22386.57,False,4836.0,362.9150124069479,362.9150124069479,False,False,False,False
5668,24143.51,1,24143.51,False,1200.0,1911.9591666666665,1911.9591666666665,False,False,False,False
5669,9727.5,1,9727.5,False,650.0,1396.5384615384614,1396.5384615384614,False,False,False,False
5670,30410.46,1,30410.46,False,17810.0,70.7493542953397,70.7493542953397,False,False,False,False
5671,5100.0,1,5100.0,False,4500.0,13.333333333333334,13.333333333333334,False,False,False,False
5672,1253.32,1,1253.32,False,3412.5,63.272673992674,63.272673992674,False,False,False,False
5673,159.4,1,159.4,False,256.79,37.92593169515947,37.92593169515947,False,False,False,False
5674,159.4,1,159.4,False,256.79,37.92593169515947,37.92593169515947,False,False,False,False
5675,199.64,1,199.64,False,199.64,0.0,0.0,True,True,False,False
5676,199.64,1,199.64,False,110.64,80.44107013738248,80.44107013738248,False,False,False,False
5677,159.4,1,159.4,False,120.64,32.12864721485412,32.12864721485412,False,False,False,False
5678,11000.0,1,11000.0,False,11300.0,2.6548672566371683,2.6548672566371683,True,True,False,False
5679,139.2,1,139.2,False,139.2,0.0,0.0,True,True,False,False
5680,33.5,1,33.5,False,33.5,0.0,0.0,True,True,False,False
5681,1421.0,1,1421.0,False,6809.25,79.1313287072732,79.1313287072732,False,False,False,False
5682,999.0,1,999.0,False,2339.0,57.2894399315947,57.2894399315947,False,False,False,False
5683,0.44,1,0.44,False,0.46,4.347826086956525,4.347826086956525,True,True,False,False
5684,0.59,7,0.78,True,0.8,26.250000000000007,2.500000000000002,False,True,True,False
5685,0.59,2,0.53,True,0.6,1.6666666666666683,11.666666666666659,True,False,False,True
5686,480.0,1,480.0,False,500.0,4.0,4.0,True,True,False,False
5687,780.0,4,175.99,True,139.44,459.38037865748703,26.211990820424564,False,False,False,False
5688,57612.7,1,57612.7,False,55271.0,4.2367606882451865,4.2367606882451865,True,True,False,False
5689,341857.0,7,68343.0,True,82238.91,315.68765928439467,16.89700167475469,False,False,False,False
5690,54879.38,3,59261.49,True,96927.72,43.38112977381496,38.86012174845339,False,False,False,False
5691,93629.0,2,84434.0,True,60713.29,54.21499971423061,39.0700454546278,False,False,False,False
5692,64150.75,1,64150.75,False,84428.62,24.017767908559915,24.017767908559915,False,False,False,False
5693,132.5,4,155.0,True,138.75,4.504504504504505,11.711711711711711,True,False,False,True
5694,155.0,4,155.0,True,127.5,21.568627450980394,21.568627450980394,False,False,False,False
5695,140.0,1,140.0,False,140.0,0.0,0.0,True,True,False,False
5696,140.0,1,140.0,False,127.5,9.803921568627452,9.803921568627452,True,True,False,False
5697,64.95,1,64.95,False,15.3,324.5098039215686,324.5098039215686,False,False,False,False
5698,85.5,1,85.5,False,234.0,63.46153846153846,63.46153846153846,False,False,False,False
5699,332.75,10,28.47,True,86.65,284.01615695326024,67.14368147720717,False,False,False,False
5700,584.8,1,584.8,False,37.5,1459.4666666666665,1459.4666666666665,False,False,False,False
5701,470.0,2,39.0,True,111.5,321.52466367713004,65.02242152466367,False,False,False,False
5702,100.0,3,100.0,True,100.0,0.0,0.0,True,True,False,False
5703,100.0,9,108.0,True,108.0,7.4074074074074066,0.0,True,True,False,False
5704,350.0,1,350.0,False,42.0,733.3333333333333,733.3333333333333,False,False,False,False
5705,11.83,3,102.7,True,52.0,77.25000000000001,97.50000000000001,False,False,False,False
5706,11.83,1,11.83,False,44.0,73.11363636363637,73.11363636363637,False,False,False,False
5707,345.0,2,336.17,True,251.0,37.45019920318725,33.932270916334666,False,False,False,False
5708,175.99,1,175.99,False,158.39,11.111812614432745,11.111812614432745,False,False,False,False
5709,1285.0,4,1285.0,True,1285.0,0.0,0.0,True,True,False,False
5710,164.99,10,164.99,True,164.99,0.0,0.0,True,True,False,False
5711,37.69,8,37.69,True,97.49,61.33962457687968,61.33962457687968,False,False,False,False
5712,150.6,4,114.45,True,180.0,16.333333333333336,36.416666666666664,False,False,False,False
5713,37.69,8,114.45,True,123.75,69.54343434343434,7.515151515151512,False,True,True,False
5714,13.41,1,13.41,False,26.58,49.54853273137697,49.54853273137697,False,False,False,False
5715,1.58,1,1.58,False,1.58,0.0,0.0,True,True,False,False
5716,55.68,10,7.99,True,6.84,714.0350877192983,16.81286549707603,False,False,False,False
5717,7.99,1,7.99,False,25.5,68.66666666666666,68.66666666666666,False,False,False,False
5718,49.06,1,49.06,False,6.84,617.2514619883041,617.2514619883041,False,False,False,False
5719,7.29,3,7.65,True,7.65,4.70588235294118,0.0,True,True,False,False
5720,110.0,1,110.0,False,8.81,1148.5811577752554,1148.5811577752554,False,False,False,False
5721,7.99,1,7.99,False,8.43,5.219454329774608,5.219454329774608,True,True,False,False
5722,110.0,2,110.0,True,110.0,0.0,0.0,True,True,False,False
5723,13.41,1,13.41,False,13.41,0.0,0.0,True,True,False,False
5724,95.94,3,6.39,True,17.77,439.8987056837367,64.04051772650534,False,False,False,False
5725,236.73,2,45.17,True,47.43,399.11448450347876,4.764916719375918,False,True,True,False
5726,308.4,1,308.4,False,317.08,2.7374795004415313,2.7374795004415313,True,True,False,False
5727,27.74,1,27.74,False,89.59,69.03672284853221,69.03672284853221,False,False,False,False
5728,4270.0,1,4270.0,False,4482.0,4.730031236055333,4.730031236055333,True,True,False,False
5729,230.99,6,218.99,True,774.0,70.156330749354,71.70671834625323,False,False,False,False
5730,80.85,5,86.1,True,160.65,49.67320261437909,46.40522875816994,False,False,False,False
5731,668.47,1,668.47,False,668.47,0.0,0.0,True,True,False,False
5732,86.1,1,86.1,False,86.1,0.0,0.0,True,True,False,False
5733,175.99,10,159.49,True,159.49,10.345476205404728,0.0,False,True,True,False
5734,32.49,7,32.99,True,24.63,31.912302070645566,33.942346731628106,False,False,False,False
5735,179.57,1,179.57,False,179.57,0.0,0.0,True,True,False,False
5736,213.26,1,213.26,False,120.73,76.642093928601,76.642093928601,False,False,False,False
5737,7.0,1,7.0,False,18.86,62.88441145281018,62.88441145281018,False,False,False,False
5738,7.0,1,7.0,False,127.61,94.51453647833242,94.51453647833242,False,False,False,False
5739,3700.0,1,3700.0,False,3600.0,2.7777777777777777,2.7777777777777777,True,True,False,False
5740,2950.0,2,2950.0,True,2950.0,0.0,0.0,True,True,False,False
5741,3700.0,1,3700.0,False,4360.0,15.137614678899084,15.137614678899084,False,False,False,False
5742,2950.0,2,2950.0,True,2950.0,0.0,0.0,True,True,False,False
5743,662.0,1,662.0,False,688.0,3.77906976744186,3.77906976744186,True,True,False,False
5744,662.0,1,662.0,False,662.0,0.0,0.0,True,True,False,False
5745,1666.83,1,1666.83,False,4687.45,64.44058069952746,64.44058069952746,False,False,False,False
5746,2721.0,7,1180.0,True,400.0,580.25,195.0,False,False,False,False
5747,483.18,1,483.18,False,5.0,9563.6,9563.6,False,False,False,False
5748,2904.0,1,2904.0,False,575.0,405.0434782608695,405.0434782608695,False,False,False,False
5749,1425.0,9,200.0,True,275.0,418.1818181818182,27.27272727272727,False,False,False,False
5750,454.86,1,454.86,False,250.0,81.944,81.944,False,False,False,False
5751,2235.0,5,77.1,True,1190.0,87.81512605042016,93.52100840336135,False,False,False,False
5752,38.98,10,77.1,True,88.0,55.70454545454546,12.386363636363642,False,False,False,False
5753,3569.6,1,3569.6,False,440.0,711.2727272727273,711.2727272727273,False,False,False,False
5754,8225.0,1,8225.0,False,3729.0,120.56851702869402,120.56851702869402,False,False,False,False
5755,86.0,1,86.0,False,286.0,69.93006993006993,69.93006993006993,False,False,False,False
5756,3569.6,1,3569.6,False,440.0,711.2727272727273,711.2727272727273,False,False,False,False
5757,100.0,10,108.0,True,100.0,0.0,8.0,True,True,False,False
5758,70.0,7,70.0,True,70.0,0.0,0.0,True,True,False,False
5759,3.9,4,3.9,True,3.9,0.0,0.0,True,True,False,False
5760,1011.08,1,1011.08,False,1195.08,15.396458814472663,15.396458814472663,False,False,False,False
5761,610.99,1,610.99,False,623.04,1.9340652285567468,1.9340652285567468,True,True,False,False
5762,234.06,1,234.06,False,157.52,48.59065515490096,48.59065515490096,False,False,False,False
5763,234.06,1,234.06,False,89.99,160.09556617401935,160.09556617401935,False,False,False,False
5764,610.99,2,563.06,True,1011.08,39.57055821497805,44.311033746093294,False,False,False,False
5765,265.0,2,265.0,True,265.0,0.0,0.0,True,True,False,False
5766,81936.9,1,81936.9,False,175085.48,53.201773213861024,53.201773213861024,False,False,False,False
5767,81936.9,1,81936.9,False,131627.19,37.750779303273134,37.750779303273134,False,False,False,False
5768,81936.9,1,81936.9,False,66258.56,23.662361512233282,23.662361512233282,False,False,False,False
5769,81936.9,1,81936.9,False,115965.57,29.34376987928401,29.34376987928401,False,False,False,False
5770,82781.3,1,82781.3,False,168208.86,50.786599469255066,50.786599469255066,False,False,False,False
5771,81936.9,1,81936.9,False,112196.61,26.970253379313334,26.970253379313334,False,False,False,False
5772,81936.9,1,81936.9,False,265930.92,69.18865245154645,69.18865245154645,False,False,False,False
5773,81936.9,1,81936.9,False,223643.07,63.3626474542672,63.3626474542672,False,False,False,False
5774,24776.16,1,24776.16,False,40881.79,39.395608656078906,39.395608656078906,False,False,False,False
5775,24776.16,1,24776.16,False,25690.45,3.558871098015024,3.558871098015024,True,True,False,False
5776,24776.16,1,24776.16,False,25690.45,3.558871098015024,3.558871098015024,True,True,False,False
5777,35959.76,1,35959.76,False,33075.0,8.72187452758882,8.72187452758882,True,True,False,False
5778,35959.76,1,35959.76,False,33475.0,7.42273338312174,7.42273338312174,True,True,False,False
5779,265914.0,5,278420.0,True,350885.0,24.216196189634783,20.65206549154281,False,False,False,False
5780,593.57,1,593.57,False,593.57,0.0,0.0,True,True,False,False
5781,117.6,2,55.36,True,48.64,141.77631578947367,13.815789473684209,False,False,False,False
5782,117.6,1,117.6,False,113.28,3.813559322033892,3.813559322033892,True,True,False,False
5783,416.87,3,69.0,True,139.2,199.4755747126437,50.43103448275862,False,False,False,False
5784,14.5,3,70.0,True,44.5,67.41573033707866,57.30337078651685,False,False,False,False
5785,416.87,3,69.0,True,139.2,199.4755747126437,50.43103448275862,False,False,False,False
5786,364.63,6,70.0,True,83.5,336.6826347305389,16.16766467065868,False,False,False,False
5787,5.39,1,5.39,False,5.39,0.0,0.0,True,True,False,False
5788,35.0,7,1799.0,True,385.0,90.9090909090909,367.2727272727273,False,False,False,False
5789,35.0,4,2000.0,True,98.0,64.28571428571429,1940.8163265306123,False,False,False,False
5790,35.0,7,1799.0,True,129.0,72.86821705426357,1294.5736434108528,False,False,False,False
5791,9269.69,1,9269.69,False,75.0,12259.586666666668,12259.586666666668,False,False,False,False
5792,25690.45,1,25690.45,False,790.0,3151.9556962025317,3151.9556962025317,False,False,False,False
5793,35.0,8,1799.0,True,385.0,90.9090909090909,367.2727272727273,False,False,False,False
5794,25690.45,1,25690.45,False,35555.0,27.744480382505976,27.744480382505976,False,False,False,False
5795,35.0,3,1799.0,True,69.0,49.275362318840585,2507.246376811594,False,False,False,False
5796,25690.45,1,25690.45,False,1062.0,2319.063088512241,2319.063088512241,False,False,False,False
5797,35.0,9,1799.0,True,98.0,64.28571428571429,1735.7142857142858,False,False,False,False
5798,3729.0,1,3729.0,False,9139.0,59.19684867053287,59.19684867053287,False,False,False,False
5799,35.0,4,2000.0,True,173.0,79.76878612716763,1056.0693641618498,False,False,False,False
5800,3729.0,1,3729.0,False,1415.0,163.53356890459364,163.53356890459364,False,False,False,False
5801,6.0,1,6.0,False,131.0,95.41984732824427,95.41984732824427,False,False,False,False
5802,1904.98,3,1904.84,True,1904.84,0.0073496986623600965,0.0,True,True,False,False
5803,164.99,2,164.99,True,179.57,8.119396335690809,8.119396335690809,True,True,False,False
5804,1334.92,4,1550.0,True,1490.0,10.408053691275162,4.026845637583892,False,True,True,False
5805,2300.0,1,2300.0,False,2694.0,14.625092798812176,14.625092798812176,False,False,False,False
5806,200.74,1,200.74,False,268.94,25.3588160928088,25.3588160928088,False,False,False,False
5807,185.0,9,35.74,True,39.0,374.35897435897436,8.358974358974354,False,True,True,False
5808,21.99,7,21.99,True,20.26,8.538993089832166,8.538993089832166,True,True,False,False
5809,158.39,6,223.99,True,158.39,0.0,41.416756108340195,True,False,False,True
5810,955.0,2,955.0,True,1300.0,26.53846153846154,26.53846153846154,False,False,False,False
5811,955.0,3,902.0,True,955.0,0.0,5.549738219895288,True,True,False,False
5812,164.99,1,164.99,False,27.49,500.1818843215715,500.1818843215715,False,False,False,False
5813,1285.0,7,1285.0,True,1285.0,0.0,0.0,True,True,False,False
5814,97.2,3,99.0,True,68.85,41.17647058823531,43.79084967320262,False,False,False,False
5815,97.2,1,97.2,False,97.2,0.0,0.0,True,True,False,False
5816,317390.0,2,441715.0,True,473855.45,33.0196582101145,6.782754107819169,False,True,True,False
5817,1538.05,4,11403.0,True,317.63,384.22693070553794,3490.0261310329633,False,False,False,False
5818,96.23,1,96.23,False,96.23,0.0,0.0,True,True,False,False
5819,35950.0,1,35950.0,False,1335.68,2591.5129372304746,2591.5129372304746,False,False,False,False
5820,35950.0,1,35950.0,False,10713.45,235.55950697487737,235.55950697487737,False,False,False,False
5821,35950.0,2,2650.0,True,1335.68,2591.5129372304746,98.4008145663632,False,False,False,False
5822,100.0,2,108.0,True,108.0,7.4074074074074066,0.0,True,True,False,False
5823,100.0,2,108.0,True,100.0,0.0,8.0,True,True,False,False
5824,100.0,2,108.0,True,15.0,566.6666666666667,620.0,False,False,False,False
5825,241.0,1,241.0,False,241.0,0.0,0.0,True,True,False,False
5826,15.0,1,15.0,False,20.0,25.0,25.0,False,False,False,False
5827,25.0,1,25.0,False,25.0,0.0,0.0,True,True,False,False
5828,164.99,3,179.57,True,179.57,8.119396335690809,0.0,True,True,False,False
5829,21.99,1,21.99,False,48.09,54.273237679351226,54.273237679351226,False,False,False,False
5830,175.99,1,175.99,False,158.39,11.111812614432745,11.111812614432745,False,False,False,False
5831,164.99,1,164.99,False,164.99,0.0,0.0,True,True,False,False
5832,19.49,1,19.49,False,21.99,11.36880400181901,11.36880400181901,False,False,False,False
5833,158.39,1,158.39,False,158.39,0.0,0.0,True,True,False,False
5834,1285.0,10,1285.0,True,1400.0,8.214285714285714,8.214285714285714,True,True,False,False
5835,50.0,7,50.0,True,50.0,0.0,0.0,True,True,False,False
5836,245.0,1,245.0,False,245.0,0.0,0.0,True,True,False,False
5837,90.0,1,90.0,False,90.0,0.0,0.0,True,True,False,False
5838,50.0,7,50.0,True,50.0,0.0,0.0,True,True,False,False
5839,0.53,1,0.53,False,0.53,0.0,0.0,True,True,False,False
5840,35555.0,1,35555.0,False,215262.17,83.48293153413812,83.48293153413812,False,False,False,False
5841,1225.0,1,1225.0,False,1377.0,11.038489469862018,11.038489469862018,False,False,False,False
5842,305.28,6,299.0,True,2200.0,86.12363636363636,86.4090909090909,False,False,False,False
5843,191.39,3,175.99,True,158.39,20.834648652061368,11.111812614432745,False,False,False,False
5844,1855.82,1,1855.82,False,955.0,94.32670157068063,94.32670157068063,False,False,False,False
5845,158.39,4,159.49,True,158.39,0.0,0.69448828840206,True,True,False,False
5846,1645.6,8,1645.6,True,1625.0,1.2676923076923021,1.2676923076923021,True,True,False,False
5847,34.98,7,25.57,True,19.9,75.7788944723618,28.492462311557798,False,False,False,False
5848,120.25,5,129.0,True,15802.16,99.23902808223686,99.18365590526864,False,False,False,False
5849,1285.0,6,1285.0,True,1285.0,0.0,0.0,True,True,False,False
5850,164.99,7,164.99,True,193.32,14.654458928201938,14.654458928201938,False,False,False,False
5851,500.0,1,500.0,False,404.99,23.45983851453122,23.45983851453122,False,False,False,False
5852,158.39,3,159.49,True,158.39,0.0,0.69448828840206,True,True,False,False
5853,158.39,2,158.39,True,158.39,0.0,0.0,True,True,False,False
5854,21.99,2,48.09,True,48.09,54.273237679351226,0.0,False,True,True,False
5855,74.0,1,74.0,False,48.0,54.166666666666664,54.166666666666664,False,False,False,False
5856,334.5,1,334.5,False,316.5,5.687203791469194,5.687203791469194,True,True,False,False
5857,178.8,1,178.8,False,189.35,5.571692632690775,5.571692632690775,True,True,False,False
5858,113.5,1,113.5,False,128.0,11.328125,11.328125,False,False,False,False
5859,49.68,6,53.05,True,53.82,7.6923076923076925,1.4306949089557843,True,True,False,False
5860,49.68,3,121.97,True,53.82,7.6923076923076925,126.62578966926795,True,False,False,True
5861,12420.29,1,12420.29,False,13455.32,7.692347710793938,7.692347710793938,True,True,False,False
5862,2607.0,2,1563.06,True,1372.45,89.95227512841997,13.888301941782935,False,False,False,False
5863,943.94,8,874.54,True,1022.6,7.692157246235083,14.478779581459031,True,False,False,True
5864,3630.0,8,3762.0,True,2730.0,32.967032967032964,37.8021978021978,False,False,False,False
5865,3630.0,2,3762.0,True,4998.0,27.370948379351738,24.729891956782712,False,False,False,False
5866,3762.0,1,3762.0,False,3762.0,0.0,0.0,True,True,False,False
5867,3762.0,1,3762.0,False,4410.0,14.69387755102041,14.69387755102041,False,False,False,False
5868,3762.0,1,3762.0,False,4998.0,24.729891956782712,24.729891956782712,False,False,False,False
5869,2922.0,1,2922.0,False,175.0,1569.7142857142858,1569.7142857142858,False,False,False,False
5870,3762.0,1,3762.0,False,3762.0,0.0,0.0,True,True,False,False
5871,3762.0,1,3762.0,False,3630.0,3.6363636363636362,3.6363636363636362,True,True,False,False
5872,2922.0,1,2922.0,False,3030.0,3.564356435643564,3.564356435643564,True,True,False,False
5873,135.0,5,115.0,True,425.0,68.23529411764706,72.94117647058823,False,False,False,False
5874,2734.0,1,2734.0,False,4874.0,43.906442347148136,43.906442347148136,False,False,False,False
5875,2074.4,1,2074.4,False,2074.4,0.0,0.0,True,True,False,False
5876,1883.0,1,1883.0,False,1883.0,0.0,0.0,True,True,False,False
5877,1883.0,1,1883.0,False,1883.0,0.0,0.0,True,True,False,False
5878,3762.0,1,3762.0,False,3630.0,3.6363636363636362,3.6363636363636362,True,True,False,False
5879,3762.0,1,3762.0,False,2730.0,37.8021978021978,37.8021978021978,False,False,False,False
5880,3630.0,2,3762.0,True,3630.0,0.0,3.6363636363636362,True,True,False,False
5881,251.0,1,251.0,False,289.99,13.445291216938518,13.445291216938518,False,False,False,False
5882,54935.62,1,54935.62,False,57053.9,3.7127698544709453,3.7127698544709453,True,True,False,False
5883,53950.41,3,73334.0,True,56653.9,4.77193979584812,29.44210372101479,True,False,False,True
5884,53950.41,9,50383.47,True,56653.9,4.77193979584812,11.06795825177084,True,False,False,True
5885,53950.41,3,73334.0,True,56653.9,4.77193979584812,29.44210372101479,True,False,False,True
5886,53950.41,3,54935.62,True,56653.9,4.77193979584812,3.0329421275499104,True,True,False,False
5887,188948.0,1,188948.0,False,230588.58,18.058387800471294,18.058387800471294,False,False,False,False
5888,530.0,1,530.0,False,610.28,13.154617552598804,13.154617552598804,False,False,False,False
5889,236.73,3,544.5,True,153.42,54.301916308173645,254.9080954243254,False,False,False,False
5890,236.73,1,236.73,False,173.74,36.25532404742718,36.25532404742718,False,False,False,False
5891,137.47,3,560.68,True,314.19,56.246220439861226,78.45252872465704,False,False,False,False
5892,3030.0,8,2922.0,True,2922.0,3.696098562628337,0.0,True,True,False,False
5893,3762.0,1,3762.0,False,4998.0,24.729891956782712,24.729891956782712,False,False,False,False
5894,3630.0,1,3630.0,False,3762.0,3.508771929824561,3.508771929824561,True,True,False,False
5895,3030.0,8,2922.0,True,5226.0,42.020665901262916,44.08725602755453,False,False,False,False
5896,3762.0,1,3762.0,False,6066.0,37.98219584569733,37.98219584569733,False,False,False,False
5897,3762.0,1,3762.0,False,2730.0,37.8021978021978,37.8021978021978,False,False,False,False
5898,3030.0,3,2922.0,True,3810.0,20.47244094488189,23.30708661417323,False,False,False,False
5899,3030.0,3,2922.0,True,3030.0,0.0,3.564356435643564,True,True,False,False
5900,4050.0,1,4050.0,False,2370.0,70.88607594936708,70.88607594936708,False,False,False,False
5901,45.49,3,200.74,True,50.0,9.019999999999996,301.48,True,False,False,True
5902,7425.62,1,7425.62,False,4121.32,80.1757689284016,80.1757689284016,False,False,False,False
5903,105.0,10,105.0,True,105.0,0.0,0.0,True,True,False,False
5904,23.49,2,23.49,True,23.49,0.0,0.0,True,True,False,False
5905,144.9,1,144.9,False,40.5,257.77777777777777,257.77777777777777,False,False,False,False
5906,6500.0,1,6500.0,False,6000.0,8.333333333333332,8.333333333333332,True,True,False,False
5907,60.0,1,60.0,False,59.2,1.3513513513513467,1.3513513513513467,True,True,False,False
5908,7.25,1,7.25,False,7.9,8.227848101265826,8.227848101265826,True,True,False,False
5909,3400.0,1,3400.0,False,2499.0,36.054421768707485,36.054421768707485,False,False,False,False
5910,51.75,2,112.0,True,1490.0,96.52684563758389,92.48322147651007,False,False,False,False
5911,51.75,2,112.0,True,247.0,79.04858299595142,54.655870445344135,False,False,False,False
5912,3035.0,4,112.0,True,273.0,1011.7216117216117,58.97435897435898,False,False,False,False
5913,3035.0,10,3297.0,True,1900.0,59.73684210526316,73.52631578947368,False,False,False,False
5914,5.83,2,28.59,True,13.37,56.39491398653702,113.83694839192222,False,False,False,False
5915,5.83,2,28.59,True,12.2,52.213114754098356,134.344262295082,False,False,False,False
5916,5.83,2,28.59,True,13.16,55.69908814589666,117.24924012158053,False,False,False,False
5917,53.82,2,53.82,True,493.73,89.09930528831548,89.09930528831548,False,False,False,False
5918,687.26,6,268.12,True,510.35,34.664445968453016,47.463505437444894,False,False,False,False
5919,2074.4,1,2074.4,False,2074.4,0.0,0.0,True,True,False,False
5920,2074.4,1,2074.4,False,2074.4,0.0,0.0,True,True,False,False
5921,1883.0,1,1883.0,False,1883.0,0.0,0.0,True,True,False,False
5922,2203.0,1,2203.0,False,2203.0,0.0,0.0,True,True,False,False
5923,404.0,1,404.0,False,404.0,0.0,0.0,True,True,False,False
5924,955.0,3,1904.84,True,955.0,0.0,99.45968586387434,True,False,False,True
5925,31.12,1,31.12,False,31.12,0.0,0.0,True,True,False,False
5926,37.25,1,37.25,False,46.55,19.97851772287862,19.97851772287862,False,False,False,False
5927,68.1,1,68.1,False,81.61,16.554343830412947,16.554343830412947,False,False,False,False
5928,105.0,1,105.0,False,105.0,0.0,0.0,True,True,False,False
5929,147.96,1,147.96,False,190.0,22.12631578947368,22.12631578947368,False,False,False,False
5930,2074.4,1,2074.4,False,2074.4,0.0,0.0,True,True,False,False
5931,11.0682,1,11.0682,False,11.0682,0.0,0.0,True,True,False,False
5932,190.0,1,190.0,False,190.0,0.0,0.0,True,True,False,False
5933,192.49,1,192.49,False,190.0,1.3105263157894784,1.3105263157894784,True,True,False,False
5934,175.99,10,680.0,True,680.0,74.11911764705881,0.0,False,True,True,False
5935,2370.0,10,2430.0,True,561.04,322.4297732781976,333.12419791815205,False,False,False,False
5936,16.0,1,16.0,False,16.0,0.0,0.0,True,True,False,False
5937,27.9,4,79.24,True,62.1,55.072463768115945,27.600644122383244,False,False,False,False
5938,27.9,4,29.17,True,76.5,63.52941176470588,61.869281045751634,False,False,False,False
5939,3269.0,1,3269.0,False,10499.0,68.86370130488618,68.86370130488618,False,False,False,False
5940,190.0,1,190.0,False,190.0,0.0,0.0,True,True,False,False
5941,3.9,1,3.9,False,3.9,0.0,0.0,True,True,False,False
5942,345.0,1,345.0,False,400.0,13.750000000000002,13.750000000000002,False,False,False,False
5943,1285.0,1,1285.0,False,1285.0,0.0,0.0,True,True,False,False
5944,158.39,1,158.39,False,158.39,0.0,0.0,True,True,False,False
5945,1285.0,1,1285.0,False,1285.0,0.0,0.0,True,True,False,False
5946,164.99,1,164.99,False,164.99,0.0,0.0,True,True,False,False
5947,21.99,1,21.99,False,21.99,0.0,0.0,True,True,False,False
5948,164.99,1,164.99,False,179.57,8.119396335690809,8.119396335690809,True,True,False,False
5949,153.99,3,154.94,True,139.44,10.434595524956979,11.115892139988526,False,False,False,False
5950,159.49,9,158.39,True,158.39,0.69448828840206,0.0,True,True,False,False
5951,10425.68,4,11400.0,True,498306.2,97.90777638327599,97.71225001816153,False,False,False,False
5952,10425.68,4,11400.0,True,358926.08,97.09531277303672,96.82385855048481,False,False,False,False
5953,44925.0,1,44925.0,False,47123.9,4.666209715240041,4.666209715240041,True,True,False,False
5954,160203.03,1,160203.03,False,72866.67,119.85776212910513,119.85776212910513,False,False,False,False
5955,44925.0,1,44925.0,False,47523.9,5.46861684331463,5.46861684331463,True,True,False,False
5956,44925.0,1,44925.0,False,47123.9,4.666209715240041,4.666209715240041,True,True,False,False
5957,160203.03,1,160203.03,False,72866.67,119.85776212910513,119.85776212910513,False,False,False,False
5958,21.99,8,21.37,True,24.06,8.60349127182045,11.180382377389849,True,False,False,True
5959,1659.79,10,3808.44,True,2599.99,36.16167754491363,46.479024919326626,False,False,False,False
5960,247.5,1,247.5,False,247.5,0.0,0.0,True,True,False,False
5961,247.5,1,247.5,False,247.5,0.0,0.0,True,True,False,False
5962,2710.0,3,2694.0,True,2462.51,10.050314516489262,9.400570962148368,False,True,True,False
5963,164.99,6,164.99,True,247.49,33.33468018909855,33.33468018909855,False,False,False,False
5964,1285.0,7,1285.0,True,1285.0,0.0,0.0,True,True,False,False
5965,164.99,2,164.99,True,164.99,0.0,0.0,True,True,False,False
5966,190.0,2,192.49,True,174.89,8.639716393161425,10.06346846589286,True,False,False,True
5967,109.99,1,109.99,False,15.0,633.2666666666667,633.2666666666667,False,False,False,False
5968,164.99,1,164.99,False,179.57,8.119396335690809,8.119396335690809,True,True,False,False
5969,25.99,2,25.99,True,15.0,73.26666666666665,73.26666666666665,False,False,False,False
5970,3439.7,8,3352.8,True,3439.7,0.0,2.5263831148065132,True,True,False,False
5971,127.5,2,132.5,True,127.5,0.0,3.9215686274509802,True,True,False,False
5972,132.5,1,132.5,False,132.5,0.0,0.0,True,True,False,False
5973,1307.0,1,1307.0,False,2440.0,46.4344262295082,46.4344262295082,False,False,False,False
5974,1287.08,6,1287.08,True,3219.08,60.017147756501856,60.017147756501856,False,False,False,False
5975,50.0,1,50.0,False,133.0,62.40601503759399,62.40601503759399,False,False,False,False
5976,50.0,1,50.0,False,67.0,25.37313432835821,25.37313432835821,False,False,False,False
5977,8511.05,5,8890.0,True,135.0,6204.481481481481,6485.185185185184,False,False,False,False
5978,50.0,1,50.0,False,7.0,614.2857142857143,614.2857142857143,False,False,False,False
5979,45.75,6,48.0,True,158.0,71.04430379746836,69.62025316455697,False,False,False,False
5980,8511.05,5,48.0,True,975.0,772.928205128205,95.07692307692308,False,False,False,False
5981,50.0,1,50.0,False,760.0,93.42105263157895,93.42105263157895,False,False,False,False
5982,45.75,2,50.0,True,888.0,94.84797297297297,94.36936936936937,False,False,False,False
5983,1473.0,1,1473.0,False,110.0,1239.090909090909,1239.090909090909,False,False,False,False
5984,5900.0,1,5900.0,False,1167.0,405.5698371893745,405.5698371893745,False,False,False,False
5985,45.75,3,50.0,True,2901.0,98.4229576008273,98.27645639434678,False,False,False,False
5986,1190.0,1,1190.0,False,446.37,166.59497726101665,166.59497726101665,False,False,False,False
5987,100.0,1,100.0,False,135.0,25.925925925925924,25.925925925925924,False,False,False,False
5988,19.09,1,19.09,False,19.09,0.0,0.0,True,True,False,False
5989,139.44,7,142.99,True,139.44,0.0,2.5458978772231866,True,True,False,False
5990,955.0,1,955.0,False,955.0,0.0,0.0,True,True,False,False
5991,4.6,1,4.6,False,4.6,0.0,0.0,True,True,False,False
5992,13.25,5,2.87,True,9.2,44.021739130434796,68.80434782608695,False,False,False,False
5993,21.85,1,21.85,False,30.25,27.768595041322307,27.768595041322307,False,False,False,False
5994,158.39,7,159.49,True,158.39,0.0,0.69448828840206,True,True,False,False
5995,96.74,2,31.5,True,89.1,8.574635241301909,64.64646464646464,True,False,False,True
5996,105.0,10,105.0,True,105.0,0.0,0.0,True,True,False,False
5997,120.73,8,111.63,True,96.74,24.798428778168297,15.391771759354974,False,False,False,False
5998,18.49,1,18.49,False,45.75,59.58469945355191,59.58469945355191,False,False,False,False
5999,156.8,1,156.8,False,4922.0,96.81430312880941,96.81430312880941,False,False,False,False
6000,7650.0,1,7650.0,False,5300.0,44.339622641509436,44.339622641509436,False,False,False,False
6001,174.0,1,174.0,False,68.0,155.88235294117646,155.88235294117646,False,False,False,False
6002,885.0,1,885.0,False,889.0,0.44994375703037126,0.44994375703037126,True,True,False,False
6003,67.0,2,67.0,True,68.0,1.4705882352941175,1.4705882352941175,True,True,False,False
6004,174.0,1,174.0,False,175.0,0.5714285714285714,0.5714285714285714,True,True,False,False
6005,1075.29,1,1075.29,False,8875.2,87.88432936722553,87.88432936722553,False,False,False,False
6006,280.25,4,285.95,True,354.99,21.05411420040001,19.448435167187814,False,False,False,False
6007,280.25,1,280.25,False,424.99,34.057271935810256,34.057271935810256,False,False,False,False
6008,8961.83,3,8961.83,True,11294.68,20.65441429062178,20.65441429062178,False,False,False,False
6009,179.57,1,179.57,False,179.57,0.0,0.0,True,True,False,False
6010,2700.0,1,2700.0,False,2516.21,7.304239312299051,7.304239312299051,True,True,False,False
6011,499.0,1,499.0,False,680.0,26.61764705882353,26.61764705882353,False,False,False,False
6012,174.89,8,175.99,True,191.39,8.621140080463976,8.046397408433032,True,True,False,False
6013,174.89,10,164.49,True,158.39,10.417324326030684,3.851253235684086,False,True,True,False
6014,1285.0,1,1285.0,False,1415.0,9.187279151943462,9.187279151943462,True,True,False,False
6015,424.99,1,424.99,False,189.79,123.926445018178,123.926445018178,False,False,False,False
6016,1285.0,1,1285.0,False,1285.0,0.0,0.0,True,True,False,False
6017,18.86,1,18.86,False,19.25,2.025974025974029,2.025974025974029,True,True,False,False
6018,3.9,4,3.9,True,3.9,0.0,0.0,True,True,False,False
6019,9.95,1,9.95,False,9.95,0.0,0.0,True,True,False,False
6020,8875.2,8,4121.32,True,818.1,984.8551521818848,403.76726561545036,False,False,False,False
6021,4477.5,1,4477.5,False,5895.4,24.05095498185025,24.05095498185025,False,False,False,False
6022,228.0,1,228.0,False,101.28,125.11848341232228,125.11848341232228,False,False,False,False
6023,99.0,1,99.0,False,216.93,54.363158622597155,54.363158622597155,False,False,False,False
6024,164.99,2,179.57,True,179.57,8.119396335690809,0.0,True,True,False,False
6025,158.39,1,158.39,False,158.39,0.0,0.0,True,True,False,False
6026,1490.0,8,1405.51,True,1490.0,0.0,5.670469798657718,True,True,False,False
6027,384.99,2,384.99,True,227.69,69.08515964688831,69.08515964688831,False,False,False,False
6028,2215.0,1,2215.0,False,2215.0,0.0,0.0,True,True,False,False
6029,3477.68,1,3477.68,False,555.16,526.4284170329275,526.4284170329275,False,False,False,False
6030,260.77,9,499.0,True,73.5,254.78911564625847,578.9115646258504,False,False,False,False
6031,260.77,3,16155.75,True,42.0,520.8809523809523,38366.07142857143,False,False,False,False
6032,677.0,1,677.0,False,677.0,0.0,0.0,True,True,False,False
6033,654.0,5,677.0,True,983.0,33.46897253306205,31.129196337741604,False,False,False,False
6034,654.0,5,677.0,True,391.0,67.26342710997443,73.1457800511509,False,False,False,False
6035,654.0,4,677.0,True,654.0,0.0,3.5168195718654434,True,True,False,False
6036,299.0,1,299.0,False,299.0,0.0,0.0,True,True,False,False
6037,30.89,1,30.89,False,270.0,88.55925925925926,88.55925925925926,False,False,False,False
6038,18.25,3,23.0,True,540.0,96.62037037037037,95.74074074074073,False,False,False,False
6039,110.0,1,110.0,False,840.0,86.90476190476191,86.90476190476191,False,False,False,False
6040,844.35,8,608.7,True,252.0,235.05952380952385,141.54761904761907,False,False,False,False
6041,844.35,5,600.0,True,60.0,1307.25,900.0,False,False,False,False
6042,844.35,1,844.35,False,45.0,1776.3333333333335,1776.3333333333335,False,False,False,False
6043,844.35,7,608.7,True,290.0,191.1551724137931,109.89655172413795,False,False,False,False
6044,844.35,5,608.7,True,70.0,1106.2142857142858,769.5714285714287,False,False,False,False
6045,844.35,1,844.35,False,430.0,96.36046511627907,96.36046511627907,False,False,False,False
6046,844.35,6,600.0,True,446.0,89.31614349775785,34.52914798206278,False,False,False,False
6047,844.35,6,608.7,True,375.0,125.16000000000001,62.32000000000001,False,False,False,False
6048,963.0,1,963.0,False,200.0,381.5,381.5,False,False,False,False
6049,289.99,1,289.99,False,784.0,63.01147959183674,63.01147959183674,False,False,False,False
6050,844.35,1,844.35,False,250.0,237.74,237.74,False,False,False,False
6051,648.9,1,648.9,False,648.9,0.0,0.0,True,True,False,False
6052,80.85,6,86.1,True,80.85,0.0,6.493506493506494,True,True,False,False
6053,86.1,1,86.1,False,86.1,0.0,0.0,True,True,False,False
6054,4.6,1,4.6,False,18.2,74.72527472527473,74.72527472527473,False,False,False,False
6055,2.87,1,2.87,False,2.85,0.7017543859649129,0.7017543859649129,True,True,False,False
6056,4.6,1,4.6,False,125.89,96.34601636349194,96.34601636349194,False,False,False,False
6057,50.0,9,50.0,True,50.0,0.0,0.0,True,True,False,False
6058,175.7,1,175.7,False,175.7,0.0,0.0,True,True,False,False
6059,40.5,1,40.5,False,40.5,0.0,0.0,True,True,False,False
6060,3929.84,5,3929.84,True,4121.32,4.646084264264837,4.646084264264837,True,True,False,False
6061,473.59,4,500.0,True,5047.97,90.61820890377716,90.09502829850416,False,False,False,False
6062,35959.76,1,35959.76,False,39145.0,8.137028994763055,8.137028994763055,True,True,False,False
6063,89615.51,1,89615.51,False,54638.64,64.01489861387472,64.01489861387472,False,False,False,False
6064,112196.61,6,124272.51,True,137428.97,18.360291865681596,9.57327992780562,False,True,True,False
6065,112196.61,6,124272.51,True,134817.62,16.77897147271996,7.821759499982273,False,True,True,False
6066,44817.92,1,44817.92,False,107803.7,58.42636198943079,58.42636198943079,False,False,False,False
6067,44817.92,1,44817.92,False,93536.08,52.08488531911964,52.08488531911964,False,False,False,False
6068,265914.0,8,278420.0,True,383145.0,30.597032455075755,27.332994036200393,False,False,False,False
6069,72866.67,5,65818.75,True,72866.67,0.0,9.67235088415595,True,True,False,False
6070,16919.55,1,16919.55,False,52647.6,67.86263761311058,67.86263761311058,False,False,False,False
6071,16919.55,1,16919.55,False,48089.9,64.81683264053368,64.81683264053368,False,False,False,False
6072,16919.55,1,16919.55,False,96304.52,82.43119845257523,82.43119845257523,False,False,False,False
6073,62683.32,1,62683.32,False,32743.5,91.43744559989005,91.43744559989005,False,False,False,False
6074,16919.55,1,16919.55,False,52350.24,67.68009086491294,67.68009086491294,False,False,False,False
6075,51571.64,1,51571.64,False,16959.0,204.09599622619257,204.09599622619257,False,False,False,False
6076,16919.55,1,16919.55,False,98551.21,82.83171764202591,82.83171764202591,False,False,False,False
6077,16919.55,1,16919.55,False,30698.33,44.884461141697294,44.884461141697294,False,False,False,False
6078,16919.55,1,16919.55,False,47243.6,64.1865776528461,64.1865776528461,False,False,False,False
6079,72279.1,1,72279.1,False,32316.68,123.65880406031809,123.65880406031809,False,False,False,False
6080,29845.94,10,27199.9,True,113350.0,73.6692192324658,76.00361711513013,False,False,False,False
6081,29845.94,1,29845.94,False,49650.0,39.88733131923464,39.88733131923464,False,False,False,False
6082,46.51,3,46.51,True,6.65,599.3984962406015,599.3984962406015,False,False,False,False
6083,46.51,1,46.51,False,46.51,0.0,0.0,True,True,False,False
6084,2028.93,9,1266.87,True,465.0,336.32903225806456,172.44516129032255,False,False,False,False
6085,5956.0,1,5956.0,False,4245.5,40.289718525497584,40.289718525497584,False,False,False,False
6086,176.0,1,176.0,False,15716.0,98.88012216849071,98.88012216849071,False,False,False,False
6087,5956.0,1,5956.0,False,3775.27,57.763550686440965,57.763550686440965,False,False,False,False
6088,1950.0,1,1950.0,False,600.0,225.0,225.0,False,False,False,False
6089,1950.0,1,1950.0,False,600.0,225.0,225.0,False,False,False,False
6090,100.0,2,108.0,True,100.0,0.0,8.0,True,True,False,False
6091,100.0,2,108.0,True,108.0,7.4074074074074066,0.0,True,True,False,False
6092,100.0,2,108.0,True,15.0,566.6666666666667,620.0,False,False,False,False
6093,3149.79,2,3834.5,True,8258.83,61.86154697457146,53.57090532194027,False,False,False,False
6094,3929.84,8,4121.32,True,8258.83,52.41650451698364,50.09801630497298,False,False,False,False
6095,49.13,6,51.19,True,139.88,64.87703746068058,63.404346582785244,False,False,False,False
6096,3134.38,2,7436.25,True,3929.84,20.241536551106407,89.22526107933146,False,False,False,False
6097,1572.7,3,277.83,True,454.56,245.98292854628653,38.87935586061246,False,False,False,False
6098,423.6,1,423.6,False,172.71,145.26663192635056,145.26663192635056,False,False,False,False
6099,105.0,1,105.0,False,115.0,8.695652173913043,8.695652173913043,True,True,False,False
6100,120.64,1,120.64,False,120.64,0.0,0.0,True,True,False,False
6101,110.64,1,110.64,False,110.64,0.0,0.0,True,True,False,False
6102,110.64,1,110.64,False,199.64,44.580244439991986,44.580244439991986,False,False,False,False
6103,120.64,1,120.64,False,256.79,53.01997741345069,53.01997741345069,False,False,False,False
6104,9139.0,1,9139.0,False,971.69,840.5262995399767,840.5262995399767,False,False,False,False
6105,16959.0,1,16959.0,False,3898.0,335.0692662904053,335.0692662904053,False,False,False,False
6106,1361.8,1,1361.8,False,5984.0,77.24264705882352,77.24264705882352,False,False,False,False
6107,158.39,1,158.39,False,158.39,0.0,0.0,True,True,False,False
6108,158.39,2,158.39,True,191.39,17.24228016092795,17.24228016092795,False,False,False,False
6109,11694.79,1,11694.79,False,89.1,13025.465768799102,13025.465768799102,False,False,False,False
6110,3600.0,1,3600.0,False,3600.0,0.0,0.0,True,True,False,False
6111,2950.0,1,2950.0,False,2950.0,0.0,0.0,True,True,False,False
6112,2950.0,1,2950.0,False,2950.0,0.0,0.0,True,True,False,False
6113,3540.0,1,3540.0,False,6200.0,42.90322580645161,42.90322580645161,False,False,False,False
6114,4360.0,1,4360.0,False,4360.0,0.0,0.0,True,True,False,False
6115,3540.0,1,3540.0,False,6200.0,42.90322580645161,42.90322580645161,False,False,False,False
6116,7835.0,1,7835.0,False,321.0,2340.809968847352,2340.809968847352,False,False,False,False
6117,12000.0,1,12000.0,False,2524.0,375.43581616481777,375.43581616481777,False,False,False,False
6118,4220.0,2,975.0,True,73.15,5668.967874231032,1232.8776486671225,False,False,False,False
6119,7882.72,1,7882.72,False,653.0,1107.154670750383,1107.154670750383,False,False,False,False
6120,1.79,1,1.79,False,1.79,0.0,0.0,True,True,False,False
6121,0.09,1,0.09,False,0.09,0.0,0.0,True,True,False,False
6122,6.5,4,7.0,True,6.5,0.0,7.6923076923076925,True,True,False,False
6123,5984.0,1,5984.0,False,57800.0,89.64705882352942,89.64705882352942,False,False,False,False
6124,227.0,2,164.49,True,87.99,157.98386180247755,86.94169792021823,False,False,False,False
6125,480.0,1,480.0,False,425.0,12.941176470588237,12.941176470588237,False,False,False,False
6126,480.0,1,480.0,False,85.0,464.7058823529412,464.7058823529412,False,False,False,False
6127,24.5,1,24.5,False,24.5,0.0,0.0,True,True,False,False
6128,1695.0,6,1665.49,True,1695.0,0.0,1.7410029498525068,True,True,False,False
6129,8360.0,4,9075.0,True,9075.0,7.878787878787878,0.0,True,True,False,False
6130,8360.0,1,8360.0,False,260.0,3115.3846153846152,3115.3846153846152,False,False,False,False
6131,8360.0,4,9075.0,True,24860.0,66.3716814159292,63.495575221238944,False,False,False,False
6132,10.0,2,70.0,True,100.0,90.0,30.0,False,False,False,False
6133,70.0,10,100.0,True,70.0,0.0,42.857142857142854,True,False,False,True
6134,3.87,1,3.87,False,4.57,15.317286652078776,15.317286652078776,False,False,False,False
6135,28.49,1,28.49,False,32.37,11.986407167130055,11.986407167130055,False,False,False,False
6136,94.63,3,87.99,True,107.53,11.996652097089191,18.17167302148238,False,False,False,False
6137,113.53,3,113.53,True,113.53,0.0,0.0,True,True,False,False
6138,105.0,2,100.0,True,120.73,13.02907313840802,17.17054584610288,False,False,False,False
6139,164328.0,1,164328.0,False,175229.0,6.221002231365812,6.221002231365812,True,True,False,False
6140,164328.0,4,81339.12,True,169469.13,3.033667547594069,52.003577288677896,True,False,False,True
6141,164328.0,1,164328.0,False,169469.13,3.033667547594069,3.033667547594069,True,True,False,False
6142,164328.0,1,164328.0,False,175229.0,6.221002231365812,6.221002231365812,True,True,False,False
6143,164328.0,1,164328.0,False,169469.13,3.033667547594069,3.033667547594069,True,True,False,False
6144,31144.0,1,31144.0,False,9212.5,238.06241519674356,238.06241519674356,False,False,False,False
6145,259540.0,1,259540.0,False,380158.0,31.728386618195593,31.728386618195593,False,False,False,False
6146,39145.0,1,39145.0,False,43790.0,10.60744462205983,10.60744462205983,False,False,False,False
6147,33475.0,1,33475.0,False,43390.0,22.85088730122148,22.85088730122148,False,False,False,False
6148,32316.68,2,101985.0,True,32316.68,0.0,215.58006577408327,True,False,False,True
6149,75100.1,1,75100.1,False,32316.68,132.38804233603204,132.38804233603204,False,False,False,False
6150,358926.08,6,10425.68,True,15600.0,2200.8082051282054,33.16871794871795,False,False,False,False
6151,8050.0,1,8050.0,False,8050.0,0.0,0.0,True,True,False,False
6152,9050.0,1,9050.0,False,9050.0,0.0,0.0,True,True,False,False
6153,6000.0,1,6000.0,False,6000.0,0.0,0.0,True,True,False,False
6154,7422.68,7,2252.0,True,446.0,1564.2780269058296,404.93273542600895,False,False,False,False
6155,129.0,2,134.0,True,14.6,783.5616438356165,817.8082191780823,False,False,False,False
6156,35555.0,9,98.0,True,8074.0,340.3641317810255,98.78622739658162,False,False,False,False
6157,35555.0,9,98.0,True,6076.55,485.1182002945751,98.38724276110622,False,False,False,False
6158,35555.0,10,385.0,True,1411.2,2419.486961451247,72.71825396825396,False,False,False,False
6159,98.0,1,98.0,False,5.8,1589.6551724137933,1589.6551724137933,False,False,False,False
6160,12036.0,1,12036.0,False,1115.79,978.6976043879225,978.6976043879225,False,False,False,False
6161,37.5,1,37.5,False,2181.05,98.28064464363496,98.28064464363496,False,False,False,False
6162,38.69,1,38.69,False,3980.0,99.02788944723618,99.02788944723618,False,False,False,False
6163,20896.5,1,20896.5,False,22600.0,7.537610619469026,7.537610619469026,True,True,False,False
6164,42.0,2,44.0,True,46.0,8.695652173913043,4.3478260869565215,True,True,False,False
6165,42.0,3,44.0,True,54.0,22.22222222222222,18.51851851851852,False,False,False,False
6166,42.0,1,42.0,False,44.0,4.545454545454546,4.545454545454546,True,True,False,False
6167,86.1,1,86.1,False,86.1,0.0,0.0,True,True,False,False
6168,80.85,4,86.1,True,160.65,49.67320261437909,46.40522875816994,False,False,False,False
6169,30887.0,1,30887.0,False,32339.0,4.4899347537029595,4.4899347537029595,True,True,False,False
6170,115.0,7,110.0,True,115.0,0.0,4.3478260869565215,True,True,False,False
6171,115.0,1,115.0,False,115.0,0.0,0.0,True,True,False,False
6172,1490.0,3,1530.0,True,1285.0,15.953307392996107,19.06614785992218,False,False,False,False
6173,360.03,1,360.03,False,164.99,118.21322504394203,118.21322504394203,False,False,False,False
6174,1415.0,3,1400.0,True,1415.0,0.0,1.0600706713780919,True,True,False,False
6175,191.39,8,191.0,True,191.39,0.0,0.20377240190186863,True,True,False,False
6176,191.39,2,680.0,True,825.95,76.8278951510382,17.67056117198378,False,False,False,False
6177,4121.32,4,4302.07,True,10081.3,59.1191612192872,57.326237687599814,False,False,False,False
6178,3439.7,1,3439.7,False,3439.7,0.0,0.0,True,True,False,False
6179,63.59,1,63.59,False,63.59,0.0,0.0,True,True,False,False
6180,70.53,1,70.53,False,70.53,0.0,0.0,True,True,False,False
6181,73.52,1,73.52,False,73.52,0.0,0.0,True,True,False,False
6182,22.5,1,22.5,False,22.5,0.0,0.0,True,True,False,False
6183,113.52,7,119.0,True,179.1,36.61641541038526,33.556672250139584,False,False,False,False
6184,113.52,1,113.52,False,89.1,27.407407407407412,27.407407407407412,False,False,False,False
6185,113.52,1,113.52,False,134.1,15.346756152125279,15.346756152125279,False,False,False,False
6186,180.0,4,168.2,True,115.0,56.52173913043478,46.260869565217384,False,False,False,False
6187,654.0,4,677.0,True,391.0,67.26342710997443,73.1457800511509,False,False,False,False
6188,677.0,1,677.0,False,677.0,0.0,0.0,True,True,False,False
6189,654.0,4,677.0,True,654.0,0.0,3.5168195718654434,True,True,False,False
6190,654.0,4,677.0,True,983.0,33.46897253306205,31.129196337741604,False,False,False,False
6191,1600.0,1,1600.0,False,2392.0,33.11036789297659,33.11036789297659,False,False,False,False
6192,500.97,1,500.97,False,287.15,74.46282430785305,74.46282430785305,False,False,False,False
6193,500.97,2,318.0,True,318.0,57.53773584905662,0.0,False,True,True,False
6194,500.97,3,523.08,True,524.67,4.517125050031436,0.30304762993880313,True,True,False,False
6195,622.0,1,622.0,False,622.0,0.0,0.0,True,True,False,False
6196,315.49,1,315.49,False,315.49,0.0,0.0,True,True,False,False
6197,318.0,1,318.0,False,122.06,160.52760937243977,160.52760937243977,False,False,False,False
6198,622.0,1,622.0,False,241.23,157.845209965593,157.845209965593,False,False,False,False
6199,318.0,2,315.49,True,45.97,591.7554927126387,586.2954100500326,False,False,False,False
6200,4922.0,7,600.0,True,4694.0,4.857264593097571,87.21772475500639,True,False,False,True
6201,18006.92,7,3600.0,True,11235.0,60.27521139296839,67.95727636849132,False,False,False,False
6202,79.0,1,79.0,False,229.0,65.50218340611353,65.50218340611353,False,False,False,False
6203,949.0,4,879.58,True,949.0,0.0,7.315068493150681,True,True,False,False
6204,925.0,1,925.0,False,79.0,1070.886075949367,1070.886075949367,False,False,False,False
6205,925.0,5,1279.0,True,850.0,8.823529411764707,50.47058823529412,True,False,False,True
6206,925.0,1,925.0,False,925.0,0.0,0.0,True,True,False,False
6207,775.0,1,775.0,False,169.0,358.57988165680473,358.57988165680473,False,False,False,False
6208,925.0,1,925.0,False,925.0,0.0,0.0,True,True,False,False
6209,99.0,4,5995.0,True,5995.0,98.34862385321101,0.0,False,True,True,False
6210,2595.0,2,6695.0,True,9075.0,71.40495867768595,26.225895316804408,False,False,False,False
6211,141.0,1,141.0,False,116.0,21.551724137931032,21.551724137931032,False,False,False,False
6212,1279.0,1,1279.0,False,2295.0,44.270152505446625,44.270152505446625,False,False,False,False
6213,775.0,1,775.0,False,359.0,115.87743732590529,115.87743732590529,False,False,False,False
6214,252.0,3,1279.0,True,1279.0,80.29710711493354,0.0,False,True,True,False
6215,99.0,1,99.0,False,99.0,0.0,0.0,True,True,False,False
6216,13.41,1,13.41,False,20.39,34.23246689553703,34.23246689553703,False,False,False,False
6217,43390.0,1,43390.0,False,43446.64,0.13036681317588522,0.13036681317588522,True,True,False,False
6218,343000.65,3,63832.25,True,69408.01,394.18021061257923,8.033309123831668,False,True,True,False
6219,317.63,1,317.63,False,313.38,1.356180994319995,1.356180994319995,True,True,False,False
6220,623.04,2,119.2,True,1287.08,51.592752587251766,90.73872641949218,False,False,False,False
6221,219.12,6,307.12,True,307.12,28.653295128939828,0.0,False,True,True,False
6222,70.0,10,70.0,True,70.0,0.0,0.0,True,True,False,False
6223,100.0,10,100.0,True,100.0,0.0,0.0,True,True,False,False
6224,100.0,10,100.0,True,15.0,566.6666666666667,566.6666666666667,False,False,False,False
6225,108.0,9,100.0,True,70.0,54.285714285714285,42.857142857142854,False,False,False,False
6226,108.0,9,100.0,True,100.0,8.0,0.0,True,True,False,False
6227,108.0,9,100.0,True,15.0,620.0,566.6666666666667,False,False,False,False
6228,1.85,1,1.85,False,1.85,0.0,0.0,True,True,False,False
6229,0.46,3,0.48,True,0.46,0.0,4.3478260869565135,True,True,False,False
6230,179.57,1,179.57,False,42.0,327.54761904761904,327.54761904761904,False,False,False,False
6231,8258.83,1,8258.83,False,10081.3,18.077728070784516,18.077728070784516,False,False,False,False
6232,1279.0,5,1279.0,True,1279.0,0.0,0.0,True,True,False,False
6233,850.0,1,850.0,False,850.0,0.0,0.0,True,True,False,False
6234,99.0,4,99.0,True,99.0,0.0,0.0,True,True,False,False
6235,1279.0,7,169.0,True,169.0,656.8047337278107,0.0,False,True,True,False
6236,1279.0,2,252.0,True,229.0,458.51528384279476,10.043668122270741,False,False,False,False
6237,949.0,1,949.0,False,949.0,0.0,0.0,True,True,False,False
6238,9075.0,1,9075.0,False,9075.0,0.0,0.0,True,True,False,False
6239,99.0,3,79.0,True,79.0,25.31645569620253,0.0,False,True,True,False
6240,116.0,8,5995.0,True,5995.0,98.0650542118432,0.0,False,True,True,False
6241,99.0,5,252.0,True,359.0,72.42339832869081,29.805013927576603,False,False,False,False
6242,1279.0,4,2595.0,True,2295.0,44.270152505446625,13.071895424836603,False,False,False,False
6243,116.0,1,116.0,False,116.0,0.0,0.0,True,True,False,False
6244,925.0,1,925.0,False,925.0,0.0,0.0,True,True,False,False
6245,3439.7,1,3439.7,False,48900.0,92.96584867075666,92.96584867075666,False,False,False,False
6246,24128.0,1,24128.0,False,29934.0,19.396004543328658,19.396004543328658,False,False,False,False
6247,1195.08,1,1195.08,False,183.2,552.3362445414847,552.3362445414847,False,False,False,False
6248,1301.07,1,1301.07,False,1208.07,7.698229407236336,7.698229407236336,True,True,False,False
6249,422.06,1,422.06,False,53.1,694.8399246704331,694.8399246704331,False,False,False,False
6250,132.5,6,140.0,True,132.5,0.0,5.660377358490567,True,True,False,False
6251,127.5,5,138.75,True,127.5,0.0,8.823529411764707,True,True,False,False
6252,127.5,6,138.75,True,155.0,17.741935483870968,10.483870967741936,False,False,False,False
6253,115.0,8,252.0,True,241.0,52.282157676348554,4.564315352697095,False,True,True,False
6254,168.2,1,168.2,False,262.0,35.80152671755726,35.80152671755726,False,False,False,False
6255,54.0,1,54.0,False,41.0,31.70731707317073,31.70731707317073,False,False,False,False
6256,41.92,3,333.0,True,171.75,75.5924308588064,93.88646288209607,False,False,False,False
6257,3963.7,1,3963.7,False,9292.85,57.34677736108944,57.34677736108944,False,False,False,False
6258,3963.7,1,3963.7,False,207.75,1807.9181708784595,1807.9181708784595,False,False,False,False
6259,510.35,1,510.35,False,95.0,437.2105263157895,437.2105263157895,False,False,False,False
6260,41.92,3,333.0,True,243.75,82.80205128205128,36.61538461538461,False,False,False,False
6261,41.92,1,41.92,False,150.15,72.08125208125207,72.08125208125207,False,False,False,False
6262,41.92,1,41.92,False,5159.18,99.18746777588686,99.18746777588686,False,False,False,False
6263,41.92,3,333.0,True,222.15,81.12986720684223,49.898717083051984,False,False,False,False
6264,3963.7,1,3963.7,False,178.95,2114.9762503492598,2114.9762503492598,False,False,False,False
6265,3963.7,1,3963.7,False,193.35,1950.0129299198345,1950.0129299198345,False,False,False,False
6266,510.35,1,510.35,False,160.0,218.96875000000003,218.96875000000003,False,False,False,False
6267,70.0,9,108.0,True,100.0,30.0,8.0,False,True,True,False
6268,70.0,9,108.0,True,70.0,0.0,54.285714285714285,True,False,False,True
6269,70.0,9,108.0,True,15.0,366.66666666666663,620.0,False,False,False,False
6270,3.37,1,3.37,False,3.37,0.0,0.0,True,True,False,False
6271,3.72,1,3.72,False,3.72,0.0,0.0,True,True,False,False
6272,4.8,1,4.8,False,4.8,0.0,0.0,True,True,False,False
6273,0.92,1,0.92,False,0.92,0.0,0.0,True,True,False,False
6274,0.92,2,1.68,True,1.68,45.238095238095234,0.0,False,True,True,False
6275,3.72,1,3.72,False,3.72,0.0,0.0,True,True,False,False
6276,0.62,1,0.62,False,0.62,0.0,0.0,True,True,False,False
6277,15355.0,1,15355.0,False,1600.0,859.6875000000001,859.6875000000001,False,False,False,False
6278,1322.69,8,4351.89,True,848.34,55.9150812174364,412.98889596152486,False,False,False,False
6279,9.2,1,9.2,False,41.0,77.5609756097561,77.5609756097561,False,False,False,False
6280,18.2,1,18.2,False,79.0,76.9620253164557,76.9620253164557,False,False,False,False
6281,9.2,1,9.2,False,55.0,83.27272727272727,83.27272727272727,False,False,False,False
6282,9.2,1,9.2,False,9.7,5.154639175257732,5.154639175257732,True,True,False,False
6283,1443.75,1,1443.75,False,1435.0,0.6097560975609756,0.6097560975609756,True,True,False,False
6284,132.5,10,132.5,True,155.0,14.516129032258066,14.516129032258066,False,False,False,False
6285,21.99,1,21.99,False,24.06,8.60349127182045,8.60349127182045,True,True,False,False
6286,21.99,1,21.99,False,13.74,60.04366812227073,60.04366812227073,False,False,False,False
6287,19.23,2,18.49,True,13.74,39.956331877729255,34.57059679767102,False,False,False,False
6288,141.89,1,141.89,False,175.99,19.37610091482472,19.37610091482472,False,False,False,False
6289,21.99,1,21.99,False,47.0,53.21276595744682,53.21276595744682,False,False,False,False
6290,141.89,1,141.89,False,141.89,0.0,0.0,True,True,False,False
6291,4898.82,1,4898.82,False,1555.19,214.99816742648807,214.99816742648807,False,False,False,False
6292,1356.55,6,2718.22,True,3220.21,57.873865369028735,15.588734896171374,False,False,False,False
6293,5659.75,1,5659.75,False,72.79,7675.44992444017,7675.44992444017,False,False,False,False
6294,1000.0,2,940.0,True,1000.0,0.0,6.0,True,True,False,False
6295,4998.0,1,4998.0,False,3630.0,37.68595041322314,37.68595041322314,False,False,False,False
6296,3030.0,3,2922.0,True,3030.0,0.0,3.564356435643564,True,True,False,False
6297,4998.0,1,4998.0,False,2730.0,83.07692307692308,83.07692307692308,False,False,False,False
6298,241.0,1,241.0,False,241.0,0.0,0.0,True,True,False,False
6299,25.99,1,25.99,False,27.27,4.693802713604698,4.693802713604698,True,True,False,False
6300,1490.0,1,1490.0,False,1490.0,0.0,0.0,True,True,False,False
6301,25.99,3,15.0,True,21.37,21.619092185306492,29.808142255498364,False,False,False,False
6302,158.39,1,158.39,False,158.39,0.0,0.0,True,True,False,False
6303,3635.29,3,3770.0,True,3950.0,7.967341772151899,4.556962025316456,True,True,False,False
6304,2995.0,1,2995.0,False,5600.0,46.517857142857146,46.517857142857146,False,False,False,False
6305,17.5,2,17.94,True,17.5,0.0,2.514285714285722,True,True,False,False
6306,65833.05,1,65833.05,False,93530.5,29.61328122911777,29.61328122911777,False,False,False,False
6307,169469.13,1,169469.13,False,303507.28,44.16307575884177,44.16307575884177,False,False,False,False
6308,169469.13,1,169469.13,False,200858.0,15.627393481962379,15.627393481962379,False,False,False,False
6309,169469.13,1,169469.13,False,303507.28,44.16307575884177,44.16307575884177,False,False,False,False
6310,78420.0,1,78420.0,False,134193.76,41.56211138282436,41.56211138282436,False,False,False,False
6311,78420.0,1,78420.0,False,134193.76,41.56211138282436,41.56211138282436,False,False,False,False
6312,9046.5,1,9046.5,False,10116.5,10.576780507092373,10.576780507092373,False,False,False,False
6313,62424.3,1,62424.3,False,59072.33,5.674348717919204,5.674348717919204,True,True,False,False
6314,175229.0,3,164328.0,True,336096.5,47.86348563582186,51.10689935777374,False,False,False,False
6315,593.57,1,593.57,False,593.57,0.0,0.0,True,True,False,False
6316,593.57,1,593.57,False,593.57,0.0,0.0,True,True,False,False
6317,1189.13,1,1189.13,False,715.0,66.31188811188812,66.31188811188812,False,False,False,False
6318,600.0,2,68.02,True,71.38,740.5715886803026,4.707200896609694,False,True,True,False
6319,24.06,1,24.06,False,11.75,104.7659574468085,104.7659574468085,False,False,False,False
6320,9000.0,1,9000.0,False,9500.0,5.263157894736842,5.263157894736842,True,True,False,False
6321,319.0,7,319.0,True,326.65,2.341956222256231,2.341956222256231,True,True,False,False
6322,147.96,1,147.96,False,190.0,22.12631578947368,22.12631578947368,False,False,False,False
6323,11.0682,1,11.0682,False,11.0682,0.0,0.0,True,True,False,False
6324,1883.0,1,1883.0,False,1883.0,0.0,0.0,True,True,False,False
6325,190.0,1,190.0,False,190.0,0.0,0.0,True,True,False,False
6326,11.0682,1,11.0682,False,11.0682,0.0,0.0,True,True,False,False
6327,190.0,1,190.0,False,190.0,0.0,0.0,True,True,False,False
6328,2074.4,1,2074.4,False,2074.4,0.0,0.0,True,True,False,False
6329,11.0682,1,11.0682,False,11.0682,0.0,0.0,True,True,False,False
6330,1695.0,1,1695.0,False,1695.0,0.0,0.0,True,True,False,False
6331,1095.0,1,1095.0,False,1095.0,0.0,0.0,True,True,False,False
6332,50.0,1,50.0,False,50.0,0.0,0.0,True,True,False,False
6333,4200.0,1,4200.0,False,4256.0,1.3157894736842104,1.3157894736842104,True,True,False,False
6334,24128.0,2,23400.0,True,35783.0,32.57133275577788,34.605818405388035,False,False,False,False
6335,36284.09,8,35788.0,True,29415.89,23.348605124645207,21.66213566885109,False,False,False,False
6336,7094.0,1,7094.0,False,7498.63,5.396052345561791,5.396052345561791,True,True,False,False
6337,19.09,1,19.09,False,19.09,0.0,0.0,True,True,False,False
6338,575.1,1,575.1,False,235.43,144.27643036146625,144.27643036146625,False,False,False,False
6339,37.69,1,37.69,False,132.0,71.4469696969697,71.4469696969697,False,False,False,False
6340,575.1,1,575.1,False,139.67,311.7562826662849,311.7562826662849,False,False,False,False
6341,575.1,1,575.1,False,125.9,356.791104050834,356.791104050834,False,False,False,False
6342,575.1,1,575.1,False,74.1,676.1133603238867,676.1133603238867,False,False,False,False
6343,89.1,1,89.1,False,89.1,0.0,0.0,True,True,False,False
6344,1351.94,1,1351.94,False,1276.86,5.88004949642092,5.88004949642092,True,True,False,False
6345,2736.0,1,2736.0,False,50.35,5333.962264150943,5333.962264150943,False,False,False,False
6346,49.0,3,6270.0,True,66.0,25.757575757575758,9400.0,False,False,False,False
6347,6270.0,1,6270.0,False,242.0,2490.909090909091,2490.909090909091,False,False,False,False
6348,6270.0,1,6270.0,False,304.4,1959.7897503285153,1959.7897503285153,False,False,False,False
6349,6270.0,1,6270.0,False,275.0,2180.0,2180.0,False,False,False,False
6350,6270.0,1,6270.0,False,114.4,5380.7692307692305,5380.7692307692305,False,False,False,False
6351,6270.0,1,6270.0,False,4847.0,29.35836599958737,29.35836599958737,False,False,False,False
6352,1038.0,7,1038.0,True,1.9,54531.57894736841,54531.57894736841,False,False,False,False
6353,2074.4,5,2074.4,True,2249.4,7.7798524050858004,7.7798524050858004,True,True,False,False
6354,3030.0,1,3030.0,False,3258.0,6.998158379373849,6.998158379373849,True,True,False,False
6355,4410.0,1,4410.0,False,3630.0,21.487603305785125,21.487603305785125,False,False,False,False
6356,4410.0,1,4410.0,False,3762.0,17.22488038277512,17.22488038277512,False,False,False,False
6357,11.55,6,86.1,True,160.65,92.81045751633987,46.40522875816994,False,False,False,False
6358,160.65,1,160.65,False,668.47,75.96750789115443,75.96750789115443,False,False,False,False
6359,160.65,10,160.65,True,86.1,86.58536585365856,86.58536585365856,False,False,False,False
6360,1576.66,1,1576.66,False,1537.84,2.5243198252093957,2.5243198252093957,True,True,False,False
6361,190.0,4,194.0,True,115.0,65.21739130434783,68.69565217391305,False,False,False,False
6362,70.68,1,70.68,False,34.7,103.68876080691642,103.68876080691642,False,False,False,False
6363,1495.0,1,1495.0,False,375.0,298.6666666666667,298.6666666666667,False,False,False,False
6364,1013.07,1,1013.07,False,270.0,275.2111111111111,275.2111111111111,False,False,False,False
6365,1013.07,1,1013.07,False,460.0,120.23260869565217,120.23260869565217,False,False,False,False
6366,784.0,5,200.0,True,199.95,292.09802450612654,0.02500625156289641,False,True,True,False
6367,108.0,1,108.0,False,100.0,8.0,8.0,True,True,False,False
6368,108.0,1,108.0,False,15.0,620.0,620.0,False,False,False,False
6369,108.0,1,108.0,False,108.0,0.0,0.0,True,True,False,False
6370,70.0,2,100.0,True,15.0,366.66666666666663,566.6666666666667,False,False,False,False
6371,70.0,2,100.0,True,70.0,0.0,42.857142857142854,True,False,False,True
6372,70.0,2,100.0,True,100.0,30.0,0.0,False,True,True,False
6373,164.99,6,179.57,True,78.74,109.53771907543816,128.05435610871223,False,False,False,False
6374,6131.57,1,6131.57,False,20080.71,69.46537248931935,69.46537248931935,False,False,False,False
6375,105.0,1,105.0,False,422.25,75.13321492007104,75.13321492007104,False,False,False,False
6376,8258.83,1,8258.83,False,9326.8,11.450551100055748,11.450551100055748,False,False,False,False
6377,96.74,6,105.0,True,82.58,17.147008961007504,27.149430854928557,False,False,False,False
6378,96.74,6,105.0,True,49.01,97.38828810446847,114.24199143032034,False,False,False,False
6379,175.15,1,175.15,False,2399.2,92.69964988329443,92.69964988329443,False,False,False,False
6380,125.9,1,125.9,False,204.9,38.555392874572966,38.555392874572966,False,False,False,False
6381,180400.0,1,180400.0,False,100299.0,79.86221198616138,79.86221198616138,False,False,False,False
6382,3675.93,1,3675.93,False,3439.7,6.867750094484985,6.867750094484985,True,True,False,False
6383,0.23,6,0.23,True,0.23,0.0,0.0,True,True,False,False
6384,144270.83,1,144270.83,False,190043.88,24.08551646072476,24.08551646072476,False,False,False,False
6385,151041.67,3,151041.67,True,185440.34,18.549723323414952,18.549723323414952,False,False,False,False
6386,89895.83,1,89895.83,False,110190.05,18.41747054293922,18.41747054293922,False,False,False,False
6387,120416.67,1,120416.67,False,159191.27,24.357240192882433,24.357240192882433,False,False,False,False
6388,167921.88,2,167921.88,True,216602.81,22.474745364568445,22.474745364568445,False,False,False,False
6389,176041.67,1,176041.67,False,228524.82,22.9660611919528,22.9660611919528,False,False,False,False
6390,91770.83,1,91770.83,False,117744.58,22.05940180006587,22.05940180006587,False,False,False,False
6391,104791.67,1,104791.67,False,155738.6,32.713103880476645,32.713103880476645,False,False,False,False
6392,88593.75,1,88593.75,False,117419.97,24.5496741312402,24.5496741312402,False,False,False,False
6393,983.0,6,983.0,True,391.0,151.4066496163683,151.4066496163683,False,False,False,False
6394,654.0,1,654.0,False,654.0,0.0,0.0,True,True,False,False
6395,983.0,6,983.0,True,983.0,0.0,0.0,True,True,False,False
6396,654.0,5,677.0,True,654.0,0.0,3.5168195718654434,True,True,False,False
6397,654.0,1,654.0,False,654.0,0.0,0.0,True,True,False,False
6398,155138.6,2,2137.51,True,2914.36,5223.247642707147,26.655938181967908,False,False,False,False
6399,2124.99,1,2124.99,False,3201.11,33.617089072228076,33.617089072228076,False,False,False,False
6400,1340.43,2,1328.1,True,1328.1,0.9283939462389997,0.0,True,True,False,False
6401,191.39,7,191.0,True,191.39,0.0,0.20377240190186863,True,True,False,False
6402,1120222.0,1,1120222.0,False,608801.0,84.00462548517496,84.00462548517496,False,False,False,False
6403,48089.9,1,48089.9,False,16080.08,199.0650544027144,199.0650544027144,False,False,False,False
6404,32743.5,2,48089.9,True,11444.84,186.09836397887608,320.1884866891979,False,False,False,False
6405,29815.34,6,61745.42,True,205500.0,85.49131873479318,69.95356690997568,False,False,False,False
6406,30998.42,4,39366.6,True,23305.51,33.0089751307738,68.91541957245305,False,False,False,False
6407,48089.9,1,48089.9,False,55890.42,13.95681048737869,13.95681048737869,False,False,False,False
6408,303507.28,1,303507.28,False,289820.0,4.722683044648412,4.722683044648412,True,True,False,False
6409,13612.0,1,13612.0,False,36687.5,62.897444633730835,62.897444633730835,False,False,False,False
6410,22495.0,1,22495.0,False,13328.0,68.78001200480192,68.78001200480192,False,False,False,False
6411,11120.0,3,11170.06,True,11120.0,0.0,0.4501798561151033,True,True,False,False
6412,11120.0,2,600.0,True,600.0,1753.3333333333335,0.0,False,True,True,False
6413,13.74,2,13.74,True,13.74,0.0,0.0,True,True,False,False
6414,24.06,3,64.79,True,13.74,75.10917030567684,371.5429403202329,False,False,False,False
6415,24.06,3,64.79,True,24.06,0.0,169.28512053200336,True,False,False,True
6416,24.06,3,64.79,True,47.0,48.808510638297875,37.85106382978724,False,False,False,False
6417,175.99,1,175.99,False,175.99,0.0,0.0,True,True,False,False
6418,175.99,1,175.99,False,141.89,24.032701388399484,24.032701388399484,False,False,False,False
6419,1795.0,1,1795.0,False,185.25,868.9608636977058,868.9608636977058,False,False,False,False
6420,27.17,2,4495.0,True,4840.25,99.43866535819431,7.132896028097722,False,True,True,False
6421,49.0,7,1950.0,True,1895.25,97.4145891043398,2.888800949742778,False,True,True,False
6422,418.0,3,178.0,True,418.0,0.0,57.41626794258373,True,False,False,True
6423,1.9,4,1090.0,True,0.92,106.52173913043477,118378.2608695652,False,False,False,False
6424,1090.0,5,1140.0,True,5145.0,78.81438289601554,77.84256559766763,False,False,False,False
6425,0.63,1,0.63,False,0.63,0.0,0.0,True,True,False,False
6426,2.87,1,2.87,False,9.6,70.10416666666667,70.10416666666667,False,False,False,False
6427,9.2,1,9.2,False,79.0,88.35443037974683,88.35443037974683,False,False,False,False
6428,21.85,7,40.25,True,60.0,63.583333333333336,32.916666666666664,False,False,False,False
6429,13.25,2,2.87,True,41.0,67.6829268292683,93.0,False,False,False,False
6430,13.25,2,2.87,True,55.0,75.9090909090909,94.7818181818182,False,False,False,False
6431,21.85,7,40.25,True,312.5,93.008,87.12,False,False,False,False
6432,21.85,7,40.25,True,78.0,71.98717948717949,48.3974358974359,False,False,False,False
6433,0.46,5,0.46,True,0.49,6.122448979591831,6.122448979591831,True,True,False,False
6434,2.87,1,2.87,False,4.2,31.666666666666664,31.666666666666664,False,False,False,False
6435,4.5,1,4.5,False,6.0,25.0,25.0,False,False,False,False
6436,1075.0,1,1075.0,False,1250.0,14.000000000000002,14.000000000000002,False,False,False,False
6437,955.0,2,1145.0,True,1300.0,26.53846153846154,11.923076923076923,False,False,False,False
6438,7425.62,3,4121.32,True,4121.32,80.1757689284016,0.0,False,True,True,False
6439,11300.0,1,11300.0,False,6000.0,88.33333333333333,88.33333333333333,False,False,False,False
6440,6200.0,10,6500.0,True,7850.0,21.019108280254777,17.197452229299362,False,False,False,False
6441,1021.92,1,1021.92,False,428.57,138.44879482931606,138.44879482931606,False,False,False,False
6442,6474.0,1,6474.0,False,25795.0,74.90211281256057,74.90211281256057,False,False,False,False
6443,648.9,1,648.9,False,648.9,0.0,0.0,True,True,False,False
6444,80.85,3,80.85,True,13.65,492.30769230769226,492.30769230769226,False,False,False,False
6445,80.85,1,80.85,False,80.85,0.0,0.0,True,True,False,False
6446,86.1,1,86.1,False,86.1,0.0,0.0,True,True,False,False
6447,160.65,1,160.65,False,160.65,0.0,0.0,True,True,False,False
6448,71.5,1,71.5,False,71.5,0.0,0.0,True,True,False,False
6449,35.78,1,35.78,False,19.9,79.79899497487439,79.79899497487439,False,False,False,False
6450,680.0,1,680.0,False,475.0,43.15789473684211,43.15789473684211,False,False,False,False
6451,3439.7,1,3439.7,False,3439.7,0.0,0.0,True,True,False,False
6452,19.34,2,19.9,True,21.24,8.945386064030124,6.30885122410546,True,True,False,False
6453,17.68,1,17.68,False,21.24,16.760828625235398,16.760828625235398,False,False,False,False
6454,3219.08,1,3219.08,False,41.14,7724.696159455518,7724.696159455518,False,False,False,False
6455,2537.05,1,2537.05,False,9.1,27779.670329670334,27779.670329670334,False,False,False,False
6456,231.86,1,231.86,False,424.03,45.31990661038133,45.31990661038133,False,False,False,False
6457,199.2,1,199.2,False,8.15,2344.1717791411043,2344.1717791411043,False,False,False,False
6458,3150.52,1,3150.52,False,80.79,3799.641044683748,3799.641044683748,False,False,False,False
6459,153.89,1,153.89,False,2062.71,92.53942628871728,92.53942628871728,False,False,False,False
6460,255.0,1,255.0,False,38.76,557.8947368421053,557.8947368421053,False,False,False,False
6461,610.99,1,610.99,False,167.72,264.29167660386355,264.29167660386355,False,False,False,False
6462,684.99,1,684.99,False,429.64,59.433479191881574,59.433479191881574,False,False,False,False
6463,309.26,1,309.26,False,85.27,262.68324146827723,262.68324146827723,False,False,False,False
6464,2150.0,1,2150.0,False,79.75,2595.924764890282,2595.924764890282,False,False,False,False
6465,572.46,1,572.46,False,26.77,2038.4385506163617,2038.4385506163617,False,False,False,False
6466,309.26,1,309.26,False,503.39,38.56453246985439,38.56453246985439,False,False,False,False
6467,110.64,1,110.64,False,110.64,0.0,0.0,True,True,False,False
6468,199.64,1,199.64,False,199.64,0.0,0.0,True,True,False,False
6469,120.64,1,120.64,False,120.64,0.0,0.0,True,True,False,False
6470,120.64,1,120.64,False,135.4,10.901033973412115,10.901033973412115,False,False,False,False
6471,120.64,1,120.64,False,256.79,53.01997741345069,53.01997741345069,False,False,False,False
6472,127.5,5,132.5,True,127.5,0.0,3.9215686274509802,True,True,False,False
6473,127.5,2,132.5,True,132.5,3.7735849056603774,0.0,True,True,False,False
6474,155.0,1,155.0,False,155.0,0.0,0.0,True,True,False,False
6475,1449.03,3,19500.0,True,30982.5,95.32306947470347,37.061244250786736,False,False,False,False
6476,50.0,2,59.84,True,44.5,12.359550561797752,34.47191011235956,False,False,False,False
6477,28.1,2,19.9,True,28.1,0.0,29.181494661921715,True,False,False,True
6478,24143.51,4,141686.42,True,50345.66,52.04450592166236,181.4272769489962,False,False,False,False
6479,43446.64,2,43390.0,True,34267.54,26.786574116496247,26.62128650028569,False,False,False,False
6480,24143.51,3,141686.42,True,24846.4,2.8289410135874937,470.2492916478847,True,False,False,True
6481,33119.0,3,42009.5,True,82551.0,59.88055868493416,49.11085268500685,False,False,False,False
6482,600.0,4,647.0,True,320.0,87.5,102.18750000000001,False,False,False,False
6483,0.49,1,0.49,False,0.76,35.526315789473685,35.526315789473685,False,False,False,False
6484,3258.0,1,3258.0,False,2130.0,52.95774647887323,52.95774647887323,False,False,False,False
6485,3258.0,1,3258.0,False,3810.0,14.488188976377952,14.488188976377952,False,False,False,False
6486,1950.0,1,1950.0,False,1415.0,37.80918727915194,37.80918727915194,False,False,False,False
6487,191.39,1,191.39,False,191.39,0.0,0.0,True,True,False,False
6488,9075.0,3,9075.0,True,9075.0,0.0,0.0,True,True,False,False
6489,52.25,1,52.25,False,59.99,12.902150358393069,12.902150358393069,False,False,False,False
6490,241.0,1,241.0,False,241.0,0.0,0.0,True,True,False,False
6491,79.0,10,78.0,True,71.05,11.189303307529913,9.781843771991559,False,True,True,False
6492,55.0,5,4.2,True,1.44,3719.444444444445,191.66666666666669,False,False,False,False
6493,9.2,1,9.2,False,41.0,77.5609756097561,77.5609756097561,False,False,False,False
6494,79.0,10,78.0,True,345.0,77.10144927536233,77.39130434782608,False,False,False,False
6495,79.0,1,79.0,False,63.25,24.90118577075099,24.90118577075099,False,False,False,False
6496,9.7,1,9.7,False,106.9,90.92609915809167,90.92609915809167,False,False,False,False
6497,4.6,1,4.6,False,3.36,36.9047619047619,36.9047619047619,False,False,False,False
6498,79.0,1,79.0,False,12.0,558.3333333333333,558.3333333333333,False,False,False,False
6499,9.2,4,9.6,True,2.88,219.44444444444443,233.33333333333334,False,False,False,False
6500,4.6,1,4.6,False,43.49,89.42285582892619,89.42285582892619,False,False,False,False
6501,79.0,10,78.0,True,22.25,255.05617977528087,250.561797752809,False,False,False,False
6502,79.0,1,79.0,False,287.5,72.52173913043478,72.52173913043478,False,False,False,False
6503,79.0,10,78.0,True,715.0,88.95104895104895,89.0909090909091,False,False,False,False
6504,55.0,5,4.2,True,11.4,382.4561403508772,63.1578947368421,False,False,False,False
6505,9.7,1,9.7,False,264.5,96.3327032136106,96.3327032136106,False,False,False,False
6506,79.0,5,4.8,True,79.0,0.0,93.92405063291139,True,False,False,True
6507,79.0,1,79.0,False,74.75,5.68561872909699,5.68561872909699,True,True,False,False
6508,9.7,1,9.7,False,17.25,43.76811594202899,43.76811594202899,False,False,False,False
6509,9.2,4,9.6,True,9.6,4.1666666666666705,0.0,True,True,False,False
6510,4.6,7,4.8,True,4.6,0.0,4.347826086956526,True,True,False,False
6511,9.2,1,9.2,False,55.0,83.27272727272727,83.27272727272727,False,False,False,False
6512,4.6,1,4.6,False,172.5,97.33333333333334,97.33333333333334,False,False,False,False
6513,9.7,1,9.7,False,36.0,73.05555555555556,73.05555555555556,False,False,False,False
6514,0.46,2,0.49,True,0.42,9.523809523809533,16.666666666666668,True,False,False,True
6515,79.0,10,78.0,True,625.0,87.36,87.52,False,False,False,False
6516,79.0,10,78.0,True,937.5,91.57333333333332,91.67999999999999,False,False,False,False
6517,79.0,10,78.0,True,18.0,338.88888888888886,333.33333333333337,False,False,False,False
6518,1525.0,1,1525.0,False,1435.0,6.2717770034843205,6.2717770034843205,True,True,False,False
6519,1415.0,6,1415.0,True,1415.0,0.0,0.0,True,True,False,False
6520,174.89,10,175.99,True,883.55,80.20598721068417,80.08148944598494,False,False,False,False
6521,50.0,1,50.0,False,50.0,0.0,0.0,True,True,False,False
6522,54.67,1,54.67,False,72.0,24.069444444444443,24.069444444444443,False,False,False,False
6523,23.49,2,96.74,True,89.1,73.63636363636364,8.574635241301909,False,True,True,False
6524,48.62,1,48.62,False,48.62,0.0,0.0,True,True,False,False
6525,82.58,10,97.2,True,97.2,15.04115226337449,0.0,False,True,True,False
6526,82.58,10,97.2,True,68.85,19.941902687000734,41.17647058823531,False,False,False,False
6527,82.58,10,97.2,True,23.49,251.55385270327804,313.79310344827593,False,False,False,False
6528,23.49,1,23.49,False,89.1,73.63636363636364,73.63636363636364,False,False,False,False
6529,96.74,3,101.25,True,175.0,44.720000000000006,42.142857142857146,False,False,False,False
6530,96.74,3,101.25,True,20.72,366.8918918918919,388.6583011583012,False,False,False,False
6531,10982.0,1,10982.0,False,64537.07,82.98342332553989,82.98342332553989,False,False,False,False
6532,70245.05,1,70245.05,False,71247.17,1.4065400773111345,1.4065400773111345,True,True,False,False
6533,10982.0,1,10982.0,False,68657.13,84.00457461592117,84.00457461592117,False,False,False,False
6534,1272.33,1,1272.33,False,312.21,307.5237820697607,307.5237820697607,False,False,False,False
6535,1272.33,1,1272.33,False,519.12,145.09361997226074,145.09361997226074,False,False,False,False
6536,360.03,1,360.03,False,158.12,127.69415633695924,127.69415633695924,False,False,False,False
6537,506.99,1,506.99,False,142.58,255.58283069154152,255.58283069154152,False,False,False,False
6538,1490.0,3,1490.0,True,1400.0,6.428571428571428,6.428571428571428,True,True,False,False
6539,6400.0,1,6400.0,False,6400.0,0.0,0.0,True,True,False,False
6540,122.4,1,122.4,False,20121.0,99.39168033397941,99.39168033397941,False,False,False,False
6541,21.99,10,21.99,True,20.62,6.644034917555758,6.644034917555758,True,True,False,False
6542,1400.0,1,1400.0,False,1380.38,1.4213477448238812,1.4213477448238812,True,True,False,False
6543,158.12,1,158.12,False,137.49,15.004727616553925,15.004727616553925,False,False,False,False
6544,156.0,1,156.0,False,158.39,1.5089336448007997,1.5089336448007997,True,True,False,False
6545,24.63,1,24.63,False,20.62,19.44713870029097,19.44713870029097,False,False,False,False
6546,175.99,10,190.0,True,158.39,11.111812614432745,19.957067996716972,False,False,False,False
6547,164.99,1,164.99,False,137.49,20.001454651247364,20.001454651247364,False,False,False,False
6548,1400.0,8,1415.0,True,1380.38,1.4213477448238812,2.5080050420898514,True,True,False,False
6549,244.74,1,244.74,False,268.94,8.998289581319248,8.998289581319248,True,True,False,False
6550,21.99,1,21.99,False,20.62,6.644034917555758,6.644034917555758,True,True,False,False
6551,2462.51,2,2694.0,True,2462.51,0.0,9.400570962148368,True,True,False,False
6552,418.0,1,418.0,False,418.0,0.0,0.0,True,True,False,False
6553,5843.4,8,1103.08,True,3825.79,52.73708175304969,71.16726218637197,False,False,False,False
6554,36133.0,3,32888.15,True,67208.73,46.23763906861504,51.06565769060061,False,False,False,False
6555,200858.0,1,200858.0,False,198750.0,1.06062893081761,1.06062893081761,True,True,False,False
6556,63068.61,1,63068.61,False,70097.39,10.027163636192444,10.027163636192444,False,False,False,False
6557,63068.61,1,63068.61,False,64743.42,2.58684202966108,2.58684202966108,True,True,False,False
6558,51442.15,1,51442.15,False,65143.42,21.032469587872416,21.032469587872416,False,False,False,False
6559,5300.0,1,5300.0,False,5300.0,0.0,0.0,True,True,False,False
6560,7850.0,1,7850.0,False,7850.0,0.0,0.0,True,True,False,False
6561,6000.0,1,6000.0,False,6000.0,0.0,0.0,True,True,False,False
6562,5114.99,7,5525.0,True,4479.0,14.199374860459917,23.353427104264345,False,False,False,False
6563,2678.0,1,2678.0,False,4597.09,41.74575655469003,41.74575655469003,False,False,False,False
6564,7334.0,1,7334.0,False,3776.15,94.21897964858387,94.21897964858387,False,False,False,False
6565,2678.0,1,2678.0,False,3402.2,21.286226559285165,21.286226559285165,False,False,False,False
6566,6450.0,1,6450.0,False,595.0,984.0336134453783,984.0336134453783,False,False,False,False
6567,15740.0,1,15740.0,False,1300.0,1110.7692307692307,1110.7692307692307,False,False,False,False
6568,6450.0,8,7875.07,True,8745.0,26.243567753001717,9.947741566609494,False,True,True,False
6569,2200.0,1,2200.0,False,2040.57,7.813013030672805,7.813013030672805,True,True,False,False
6570,265.0,6,158.39,True,139.44,90.04589787722318,13.590074584050479,False,False,False,False
6571,137.49,1,137.49,False,179.57,23.43375842289914,23.43375842289914,False,False,False,False
6572,179.57,1,179.57,False,247.49,27.44353307204332,27.44353307204332,False,False,False,False
6573,1415.0,3,1285.0,True,1285.0,10.116731517509727,0.0,False,True,True,False
6574,126.0,1,126.0,False,164.99,23.631735256682227,23.631735256682227,False,False,False,False
6575,20.62,1,20.62,False,33.43,38.31887526174095,38.31887526174095,False,False,False,False
6576,1415.0,2,1285.0,True,2462.51,42.538304412977006,47.81747079199678,False,False,False,False
6577,33.91,1,33.91,False,191.95,82.33394113050274,82.33394113050274,False,False,False,False
6578,3219.08,10,623.04,True,1740.1,84.99396586403081,64.19516119763232,False,False,False,False
6579,105.0,1,105.0,False,240.2,56.28642797668609,56.28642797668609,False,False,False,False
6580,198.55,1,198.55,False,209.0,4.999999999999995,4.999999999999995,True,True,False,False
6581,755.25,1,755.25,False,825.0,8.454545454545455,8.454545454545455,True,True,False,False
6582,28.4525,6,5223.1,True,5748.0,99.50500173973555,9.131871955462763,False,True,True,False
6583,474.05,1,474.05,False,499.0,4.999999999999997,4.999999999999997,True,True,False,False
6584,13299.05,1,13299.05,False,9637.0,37.999896233267606,37.999896233267606,False,False,False,False
6585,312.55,2,322.52,True,329.0,4.9999999999999964,1.9696048632218899,True,True,False,False
6586,0.28,3,4.25119,True,0.28,0.0,1418.2821428571428,True,False,False,True
6587,0.28,3,4.25119,True,0.28,0.0,1418.2821428571428,True,False,False,True
6588,18.0,5,17.25,True,40.0,55.00000000000001,56.875,False,False,False,False
6589,17.25,1,17.25,False,4.8,259.375,259.375,False,False,False,False
6590,1.44,1,1.44,False,0.48,200.0,200.0,False,False,False,False
6591,17.25,1,17.25,False,9.2,87.50000000000001,87.50000000000001,False,False,False,False
6592,191.39,1,191.39,False,158.39,20.834648652061368,20.834648652061368,False,False,False,False
6593,1400.0,7,1285.0,True,1380.38,1.4213477448238812,6.909691534215224,True,True,False,False
6594,164.99,1,164.99,False,137.49,20.001454651247364,20.001454651247364,False,False,False,False
6595,12.0,1,12.0,False,7.28,64.83516483516483,64.83516483516483,False,False,False,False
6596,72866.67,2,72866.67,True,318053.94,77.08983891222981,77.08983891222981,False,False,False,False
6597,1124248.0,1,1124248.0,False,1693566.0,33.61652276911558,33.61652276911558,False,False,False,False
6598,16959.0,1,16959.0,False,45738.16,62.921551719614435,62.921551719614435,False,False,False,False
6599,75100.1,1,75100.1,False,62418.66,20.316745024644877,20.316745024644877,False,False,False,False
6600,75100.1,7,82238.91,True,92692.99,18.979741618001533,11.278177562294625,False,False,False,False
6601,3439.7,2,3439.7,True,3439.7,0.0,0.0,True,True,False,False
6602,2016.6,1,2016.6,False,2183.51,7.644114293041951,7.644114293041951,True,True,False,False
6603,1289.91,1,1289.91,False,1435.61,10.148995897214412,10.148995897214412,False,False,False,False
6604,190.0,3,158.39,True,158.39,19.957067996716972,0.0,False,True,True,False
6605,17580.62,1,17580.62,False,295.0,5859.53220338983,5859.53220338983,False,False,False,False
6606,7495.0,1,7495.0,False,595.0,1159.6638655462184,1159.6638655462184,False,False,False,False
6607,2372.0,4,3479.5,True,4495.0,47.23025583982202,22.591768631813125,False,False,False,False
6608,100.0,9,100.0,True,15.0,566.6666666666667,566.6666666666667,False,False,False,False
6609,108.0,6,100.0,True,70.0,54.285714285714285,42.857142857142854,False,False,False,False
6610,30.01,1,30.01,False,6.5,361.69230769230774,361.69230769230774,False,False,False,False
6611,102.69,2,19.49,True,20.62,398.01163918525697,5.480116391852582,False,True,True,False
6612,164.99,7,179.57,True,179.57,8.119396335690809,0.0,True,True,False,False
6613,218.99,1,218.99,False,191.39,14.420816134594297,14.420816134594297,False,False,False,False
6614,1285.0,1,1285.0,False,1285.0,0.0,0.0,True,True,False,False
6615,1380.38,1,1380.38,False,191.39,621.2393541982341,621.2393541982341,False,False,False,False
6616,50.0,1,50.0,False,50.0,0.0,0.0,True,True,False,False
6617,25.0,4,26.03,True,25.0,0.0,4.1200000000000045,True,True,False,False
6618,25.0,3,25.0,True,17.5,42.857142857142854,42.857142857142854,False,False,False,False
6619,175.99,5,174.89,True,158.39,11.111812614432745,10.417324326030684,False,False,False,False
6620,6000.0,1,6000.0,False,6000.0,0.0,0.0,True,True,False,False
6621,132.5,3,132.5,True,132.5,0.0,0.0,True,True,False,False
6622,127.5,8,132.5,True,127.5,0.0,3.9215686274509802,True,True,False,False
6623,7850.0,2,7850.0,True,7850.0,0.0,0.0,True,True,False,False
6624,2950.0,1,2950.0,False,2950.0,0.0,0.0,True,True,False,False
6625,9050.0,1,9050.0,False,9050.0,0.0,0.0,True,True,False,False
6626,49.005,1,49.005,False,44.55,10.000000000000012,10.000000000000012,False,False,False,False
6627,49.005,7,51.0,True,44.63,9.802823213085368,14.27291059825229,True,False,False,True
6628,24128.0,1,24128.0,False,6100.0,295.54098360655735,295.54098360655735,False,False,False,False
6629,404.0,5,404.0,True,404.0,0.0,0.0,True,True,False,False
6630,2203.0,10,2250.0,True,2203.0,0.0,2.133454380390377,True,True,False,False
6631,50.0,1,50.0,False,408.0,87.74509803921569,87.74509803921569,False,False,False,False
6632,325.0,1,325.0,False,325.0,0.0,0.0,True,True,False,False
6633,105.0,1,105.0,False,125.0,16.0,16.0,False,False,False,False
6634,105.0,1,105.0,False,105.0,0.0,0.0,True,True,False,False
6635,90.0,1,90.0,False,90.0,0.0,0.0,True,True,False,False
6636,245.0,1,245.0,False,245.0,0.0,0.0,True,True,False,False
6637,95.69,1,95.69,False,44.5,115.03370786516854,115.03370786516854,False,False,False,False
6638,293800.0,10,1399.0,True,10825.0,2614.0877598152424,87.07621247113164,False,False,False,False
6639,293800.0,10,1399.0,True,42125.0,597.4480712166172,96.67893175074184,False,False,False,False
6640,69.99,1,69.99,False,69.99,0.0,0.0,True,True,False,False
6641,820.9,7,675.65,True,1502.06,45.348388213520096,55.018441340558965,False,False,False,False
6642,670.8,3,987.67,True,1010.72,33.631470634795,2.2805524774418306,False,True,True,False
6643,623.04,1,623.04,False,563.06,10.652505949632369,10.652505949632369,False,False,False,False
6644,157.52,1,157.52,False,127.49,23.554788610871455,23.554788610871455,False,False,False,False
6645,158.39,8,164.49,True,191.39,17.24228016092795,14.055070797847316,False,False,False,False
6646,600.6,3,579.47,True,632.3,5.013442985924392,8.35521113395539,True,True,False,False
6647,13219.0,1,13219.0,False,12241.0,7.989543337962584,7.989543337962584,True,True,False,False
6648,1883.0,1,1883.0,False,1883.0,0.0,0.0,True,True,False,False
6649,3.9,1,3.9,False,3.9,0.0,0.0,True,True,False,False
6650,12.0,1,12.0,False,287.5,95.82608695652173,95.82608695652173,False,False,False,False
6651,41.0,5,3.36,True,9.6,327.08333333333337,65.0,False,False,False,False
6652,12.0,1,12.0,False,37.58,68.0681213411389,68.0681213411389,False,False,False,False
6653,9.2,10,4.6,True,9.6,4.1666666666666705,52.083333333333336,True,False,False,True
6654,715.0,7,63.25,True,312.5,128.8,79.75999999999999,False,False,False,False
6655,0.42,6,0.45,True,0.48,12.5,6.249999999999995,False,True,True,False
6656,715.0,7,63.25,True,715.0,0.0,91.15384615384615,True,False,False,True
6657,11.4,1,11.4,False,11.85,3.797468354430374,3.797468354430374,True,True,False,False
6658,41.0,4,9.2,True,41.0,0.0,77.5609756097561,True,False,False,True
6659,11.4,1,11.4,False,41.0,72.19512195121952,72.19512195121952,False,False,False,False
6660,715.0,7,63.25,True,250.0,186.0,74.7,False,False,False,False
6661,11.4,1,11.4,False,55.0,79.27272727272727,79.27272727272727,False,False,False,False
6662,9.2,1,9.2,False,79.0,88.35443037974683,88.35443037974683,False,False,False,False
6663,715.0,7,63.25,True,12.0,5858.333333333334,427.0833333333333,False,False,False,False
6664,41.0,5,3.36,True,3.42,1098.830409356725,1.7543859649122824,False,True,True,False
6665,715.0,7,63.25,True,54.0,1224.0740740740741,17.12962962962963,False,False,False,False
6666,4.6,1,4.6,False,5.6,17.857142857142858,17.857142857142858,False,False,False,False
6667,50.0,1,50.0,False,110.0,54.54545454545454,54.54545454545454,False,False,False,False
6668,641.99,1,641.99,False,500.0,28.398,28.398,False,False,False,False
6669,12.12,7,96.74,True,8.31,45.848375451263514,1064.1395908543923,False,False,False,False
6670,89.82,2,89.1,True,9.4,855.5319148936169,847.8723404255318,False,False,False,False
6671,9.2,1,9.2,False,180.42,94.90078705243322,94.90078705243322,False,False,False,False
6672,0.42,2,0.45,True,0.42,0.0,7.1428571428571495,True,True,False,False
6673,41.0,4,9.6,True,13.35,207.11610486891385,28.08988764044944,False,False,False,False
6674,41.0,4,9.6,True,43.56,5.876951331496791,77.96143250688705,True,False,False,True
6675,0.42,3,0.45,True,0.54,22.22222222222223,16.66666666666667,False,False,False,False
6676,9.2,1,9.2,False,9.46,2.748414376321369,2.748414376321369,True,True,False,False
6677,0.42,3,0.45,True,0.36,16.666666666666664,25.000000000000007,False,False,False,False
6678,115.0,1,115.0,False,170.2,32.43243243243243,32.43243243243243,False,False,False,False
6679,227.69,1,227.69,False,227.69,0.0,0.0,True,True,False,False
6680,175.99,1,175.99,False,191.39,8.046397408433032,8.046397408433032,True,True,False,False
6681,175.99,8,159.49,True,141.89,24.032701388399484,12.403974910141677,False,False,False,False
6682,9727.5,3,1300.0,True,1137.15,755.4280437936948,14.320889944158633,False,False,False,False
6683,2625.84,7,65.6,True,174.15,1407.8036175710595,62.331323571633654,False,False,False,False
6684,9727.5,1,9727.5,False,127.36,7537.798366834169,7537.798366834169,False,False,False,False
6685,1385.5,1,1385.5,False,4766.93,70.9351721128693,70.9351721128693,False,False,False,False
6686,29.1,2,27.6,True,22457.94,99.87042444676582,99.87710359899438,False,False,False,False
6687,1332.23,1,1332.23,False,2549.69,47.74933423278909,47.74933423278909,False,False,False,False
6688,2124.99,7,2137.51,True,2914.36,27.08553507459615,26.655938181967908,False,False,False,False
6689,2124.99,10,2137.51,True,2897.28,26.65569085487079,26.223561409321842,False,False,False,False
6690,273.86,1,273.86,False,249.0,9.983935742971893,9.983935742971893,True,True,False,False
6691,311.25,1,311.25,False,311.25,0.0,0.0,True,True,False,False
6692,273.86,1,273.86,False,186.75,46.645247657295855,46.645247657295855,False,False,False,False
6693,64947.89,1,64947.89,False,75946.63,14.482196247549107,14.482196247549107,False,False,False,False
6694,65241.89,3,68055.44,True,75546.63,13.640237823977063,9.91598169236669,False,True,True,False
6695,169469.13,2,169469.13,True,161852.28,4.706050480104454,4.706050480104454,True,True,False,False
6696,67589.5,1,67589.5,False,65482.46,3.217716622130569,3.217716622130569,True,True,False,False
6697,67589.5,1,67589.5,False,4849.44,1293.7588670032005,1293.7588670032005,False,False,False,False
6698,19.09,6,25.57,True,23.81,19.823603527929436,7.391852162956749,False,True,True,False
6699,22.42,8,21.24,True,19.9,12.663316582914588,6.733668341708543,False,True,True,False
6700,29.42,1,29.42,False,332.1,91.14122252333634,91.14122252333634,False,False,False,False
6701,17.5,9,161.0,True,16.09,8.763206960845245,900.6215040397763,True,False,False,True
6702,107.53,1,107.53,False,257.74,58.27966167455575,58.27966167455575,False,False,False,False
6703,17.5,4,161.0,True,14.4,21.527777777777775,1018.0555555555555,False,False,False,False
6704,128.14,1,128.14,False,36.44,251.64654226125137,251.64654226125137,False,False,False,False
6705,110.25,9,499.99,True,20.7,432.60869565217394,2315.410628019324,False,False,False,False
6706,2.5,1,2.5,False,4.37,42.79176201372998,42.79176201372998,False,False,False,False
6707,12.95,1,12.95,False,3.75,245.33333333333331,245.33333333333331,False,False,False,False
6708,2.98,2,12.95,True,8.68,65.66820276497695,49.19354838709677,False,False,False,False
6709,110.25,9,499.99,True,15.53,609.9162910495814,3119.5106245975535,False,False,False,False
6710,5.38,1,5.38,False,4.37,23.112128146453085,23.112128146453085,False,False,False,False
6711,5.38,1,5.38,False,10.33,47.91868344627299,47.91868344627299,False,False,False,False
6712,2.5,1,2.5,False,10.63,76.48165569143931,76.48165569143931,False,False,False,False
6713,110.25,9,499.99,True,15.4,615.9090909090909,3146.688311688312,False,False,False,False
6714,27.0,1,27.0,False,2.76,878.2608695652176,878.2608695652176,False,False,False,False
6715,247.5,1,247.5,False,247.5,0.0,0.0,True,True,False,False
6716,70.0,3,100.0,True,70.0,0.0,42.857142857142854,True,False,False,True
6717,3.39,4,3.39,True,3.39,0.0,0.0,True,True,False,False
6718,802.16,1,802.16,False,826.5,2.9449485783424114,2.9449485783424114,True,True,False,False
6719,802.16,1,802.16,False,802.16,0.0,0.0,True,True,False,False
6720,1133.25,3,1346.42,True,1148.47,1.325241408134303,17.2359748186718,True,False,False,True
6721,22.5,1,22.5,False,22.5,0.0,0.0,True,True,False,False
6722,4360.0,1,4360.0,False,3800.0,14.736842105263156,14.736842105263156,False,False,False,False
6723,722.0,3,1225.0,True,1606.0,55.04358655043586,23.723536737235367,False,False,False,False
6724,70.0,5,100.0,True,70.0,0.0,42.857142857142854,True,False,False,True
6725,1343.02,9,1373.83,True,2737.11,50.932918297035926,49.8072784798565,False,False,False,False
6726,71.5,1,71.5,False,30.8,132.14285714285714,132.14285714285714,False,False,False,False
6727,1285.01,2,1285.0,True,1285.0,0.0007782101167308097,0.0,True,True,False,False
6728,6000.0,1,6000.0,False,6500.0,7.6923076923076925,7.6923076923076925,True,True,False,False
6729,6000.0,1,6000.0,False,6000.0,0.0,0.0,True,True,False,False
6730,3.9,10,3.9,True,3.9,0.0,0.0,True,True,False,False
6731,14927.67,1,14927.67,False,3480.0,328.95603448275864,328.95603448275864,False,False,False,False
6732,13047.72,1,13047.72,False,13908.49,6.188809856425827,6.188809856425827,True,True,False,False
6733,289820.0,1,289820.0,False,514057.47,43.62108968088723,43.62108968088723,False,False,False,False
6734,441715.0,5,322090.0,True,470155.0,6.04906892407823,31.492805564122474,True,False,False,True
6735,104728.0,1,104728.0,False,469155.0,77.67731346783047,77.67731346783047,False,False,False,False
6736,2736.0,1,2736.0,False,5000.0,45.28,45.28,False,False,False,False
6737,9260.0,1,9260.0,False,7385.63,25.37860683516504,25.37860683516504,False,False,False,False
6738,19.09,1,19.09,False,19.09,0.0,0.0,True,True,False,False
6739,11.0682,1,11.0682,False,11.0682,0.0,0.0,True,True,False,False
6740,190.0,1,190.0,False,190.0,0.0,0.0,True,True,False,False
6741,2074.4,1,2074.4,False,2074.4,0.0,0.0,True,True,False,False
6742,326.65,1,326.65,False,326.65,0.0,0.0,True,True,False,False
6743,190.0,1,190.0,False,190.0,0.0,0.0,True,True,False,False
6744,190.0,5,190.0,True,190.0,0.0,0.0,True,True,False,False
6745,4.57,1,4.57,False,4.57,0.0,0.0,True,True,False,False
6746,532.5,10,1670.5,True,224.96,136.7087482219061,642.5764580369843,False,False,False,False
6747,4850.0,1,4850.0,False,255.0,1801.9607843137255,1801.9607843137255,False,False,False,False
6748,42.25,1,42.25,False,72.0,41.31944444444444,41.31944444444444,False,False,False,False
6749,4850.0,1,4850.0,False,6618.71,26.722881044795738,26.722881044795738,False,False,False,False
6750,4850.0,1,4850.0,False,5.82,83233.33333333334,83233.33333333334,False,False,False,False
6751,4850.0,9,61.25,True,133.0,3546.6165413533836,53.94736842105263,False,False,False,False
6752,4850.0,1,4850.0,False,15.62,30949.935979513448,30949.935979513448,False,False,False,False
6753,42.25,4,45.5,True,2328.0,98.18513745704468,98.0455326460481,False,False,False,False
6754,4850.0,5,4896.5,True,939.06,416.4739207292399,421.42568100014915,False,False,False,False
6755,33.8,1,33.8,False,63.0,46.34920634920635,46.34920634920635,False,False,False,False
6756,33.8,1,33.8,False,81.0,58.2716049382716,58.2716049382716,False,False,False,False
6757,4850.0,1,4850.0,False,36.0,13372.222222222223,13372.222222222223,False,False,False,False
6758,4850.0,1,4850.0,False,18.0,26844.444444444445,26844.444444444445,False,False,False,False
6759,4196.5,1,4196.5,False,40.0,10391.25,10391.25,False,False,False,False
6760,97.75,1,97.75,False,21.75,349.42528735632186,349.42528735632186,False,False,False,False
6761,106.25,2,26.0,True,24.0,342.70833333333337,8.333333333333332,False,True,True,False
6762,45.5,1,45.5,False,41.25,10.303030303030303,10.303030303030303,False,False,False,False
6763,4850.0,5,2975.0,True,9.0,53788.88888888889,32955.555555555555,False,False,False,False
6764,4850.0,1,4850.0,False,3167.12,53.13597211346587,53.13597211346587,False,False,False,False
6765,4850.0,7,699.99,True,3167.12,53.13597211346587,77.89821667634949,False,False,False,False
6766,42.25,4,45.5,True,369.81,88.57521429923474,87.69638462994511,False,False,False,False
6767,4850.0,7,599.99,True,114.8,4124.738675958188,422.63937282229966,False,False,False,False
6768,33.8,1,33.8,False,45.0,24.888888888888896,24.888888888888896,False,False,False,False
6769,4850.0,1,4850.0,False,193.2,2410.3519668737063,2410.3519668737063,False,False,False,False
6770,45.5,1,45.5,False,74.25,38.72053872053872,38.72053872053872,False,False,False,False
6771,247.0,1,247.0,False,90.0,174.44444444444446,174.44444444444446,False,False,False,False
6772,4600.0,10,1670.5,True,21.0,21804.761904761905,7854.7619047619055,False,False,False,False
6773,890.0,3,850.0,True,21.0,4138.095238095238,3947.6190476190473,False,False,False,False
6774,4850.0,1,4850.0,False,112.0,4230.357142857143,4230.357142857143,False,False,False,False
6775,4850.0,1,4850.0,False,1278.75,279.2766373411535,279.2766373411535,False,False,False,False
6776,4850.0,1,4850.0,False,11.62,41638.38209982788,41638.38209982788,False,False,False,False
6777,4850.0,1,4850.0,False,235.76,1957.1767899558874,1957.1767899558874,False,False,False,False
6778,4850.0,1,4850.0,False,86.05,5536.257989540964,5536.257989540964,False,False,False,False
6779,4850.0,1,4850.0,False,488.0,893.8524590163935,893.8524590163935,False,False,False,False
6780,4850.0,1,4850.0,False,24.2,19941.32231404959,19941.32231404959,False,False,False,False
6781,42.25,10,97.75,True,23.25,81.72043010752688,320.4301075268817,False,False,False,False
6782,4850.0,1,4850.0,False,1412.96,243.25104744649528,243.25104744649528,False,False,False,False
6783,4850.0,1,4850.0,False,49.04,9789.885807504079,9789.885807504079,False,False,False,False
6784,4850.0,1,4850.0,False,303.26,1499.287739893161,1499.287739893161,False,False,False,False
6785,4850.0,1,4850.0,False,721.0,572.6768377253813,572.6768377253813,False,False,False,False
6786,4850.0,1,4850.0,False,170.8,2739.5784543325526,2739.5784543325526,False,False,False,False
6787,4850.0,1,4850.0,False,1297.5,273.79576107899805,273.79576107899805,False,False,False,False
6788,42.25,1,42.25,False,58.13,27.318080165147084,27.318080165147084,False,False,False,False
6789,4850.0,1,4850.0,False,150.0,3133.333333333333,3133.333333333333,False,False,False,False
6790,890.0,1,890.0,False,19.5,4464.102564102564,4464.102564102564,False,False,False,False
6791,45.5,1,45.5,False,3279.0,98.61238182372675,98.61238182372675,False,False,False,False
6792,4850.0,1,4850.0,False,49.5,9697.979797979799,9697.979797979799,False,False,False,False
6793,4850.0,1,4850.0,False,721.0,572.6768377253813,572.6768377253813,False,False,False,False
6794,2584.0,1,2584.0,False,293.36,780.8290155440413,780.8290155440413,False,False,False,False
6795,4850.0,1,4850.0,False,210.0,2209.5238095238096,2209.5238095238096,False,False,False,False
6796,33.8,1,33.8,False,54.0,37.40740740740741,37.40740740740741,False,False,False,False
6797,154.0,1,154.0,False,4839.12,96.81760320058193,96.81760320058193,False,False,False,False
6798,4850.0,1,4850.0,False,152.6,3078.24377457405,3078.24377457405,False,False,False,False
6799,4850.0,3,599.99,True,27.0,17862.962962962964,2122.185185185185,False,False,False,False
6800,42.25,1,42.25,False,104.63,59.61961196597534,59.61961196597534,False,False,False,False
6801,4850.0,10,625.0,True,727.16,566.9783816491557,14.04917762253149,False,False,False,False
6802,4600.0,9,1699.0,True,90.0,5011.111111111111,1787.7777777777776,False,False,False,False
6803,4850.0,1,4850.0,False,4914.86,1.3196713639859463,1.3196713639859463,True,True,False,False
6804,42.25,1,42.25,False,112.0,62.27678571428571,62.27678571428571,False,False,False,False
6805,4850.0,1,4850.0,False,3603.75,34.58203260492542,34.58203260492542,False,False,False,False
6806,4600.0,8,1670.5,True,18.0,25455.555555555555,9180.555555555557,False,False,False,False
6807,4850.0,1,4850.0,False,3121.92,55.35311603116031,55.35311603116031,False,False,False,False
6808,42.25,7,45.5,True,6537.0,99.35367905767171,99.303962062108,False,False,False,False
6809,247.5,1,247.5,False,247.5,0.0,0.0,True,True,False,False
6810,190.0,1,190.0,False,190.0,0.0,0.0,True,True,False,False
6811,2249.4,1,2249.4,False,2249.4,0.0,0.0,True,True,False,False
6812,11.0682,1,11.0682,False,11.0682,0.0,0.0,True,True,False,False
6813,0.53,3,0.53,True,0.53,0.0,0.0,True,True,False,False
6814,1625.0,3,1645.6,True,1625.0,0.0,1.2676923076923021,True,True,False,False
6815,57.0,1,57.0,False,57.0,0.0,0.0,True,True,False,False
6816,48.79,1,48.79,False,191.09,74.467528389764,74.467528389764,False,False,False,False
6817,125.13,2,127.75,True,161.99,22.754491017964078,21.13710722884129,False,False,False,False
6818,26.58,1,26.58,False,30.85,13.841166936790932,13.841166936790932,False,False,False,False
6819,48.79,3,1099.01,True,61.59,20.78259457704173,1684.3968176652056,False,False,False,False
6820,29915.38,1,29915.38,False,48207.5,37.94455219623502,37.94455219623502,False,False,False,False
6821,42.16,8,65.2,True,450.0,90.63111111111112,85.51111111111112,False,False,False,False
6822,680.0,1,680.0,False,630.0,7.936507936507936,7.936507936507936,True,True,False,False
6823,5.75,2,78.3,True,0.88,553.4090909090909,8797.727272727274,False,False,False,False
6824,27.75,1,27.75,False,27.75,0.0,0.0,True,True,False,False
6825,46.55,1,46.55,False,46.55,0.0,0.0,True,True,False,False
6826,59771.0,1,59771.0,False,34203.0,74.75367657807794,74.75367657807794,False,False,False,False
6827,10116.5,1,10116.5,False,10687.0,5.338261439131655,5.338261439131655,True,True,False,False
6828,57053.9,8,54935.62,True,52413.54,8.853361173467773,4.811886394240881,True,True,False,False
6829,59771.0,1,59771.0,False,59771.0,0.0,0.0,True,True,False,False
6830,57053.9,7,54935.62,True,49392.5,15.511261831249687,11.222594523460044,False,False,False,False
6831,54935.62,4,56653.9,True,48992.5,12.130673062203403,15.637903760779714,False,False,False,False
6832,2110.5,1,2110.5,False,272.1,675.6339581036383,675.6339581036383,False,False,False,False
6833,27.0,1,27.0,False,32.0,15.625,15.625,False,False,False,False
6834,945.07,1,945.07,False,682.55,38.46165116108712,38.46165116108712,False,False,False,False
6835,87.74,1,87.74,False,53.82,63.0248978075065,63.0248978075065,False,False,False,False
6836,1.09,1,1.09,False,1.09,0.0,0.0,True,True,False,False
6837,500.0,1,500.0,False,500.0,0.0,0.0,True,True,False,False
6838,139.44,1,139.44,False,158.39,11.96413915019887,11.96413915019887,False,False,False,False
6839,175.99,7,159.49,True,191.39,8.046397408433032,16.667537488897004,True,False,False,True
6840,59072.33,1,59072.33,False,65357.17,9.616144640289653,9.616144640289653,True,True,False,False
6841,22495.0,1,22495.0,False,373370.0,93.97514529822963,93.97514529822963,False,False,False,False
6842,150251.66,1,150251.66,False,462759.0,67.53133704584891,67.53133704584891,False,False,False,False
6843,150251.66,1,150251.66,False,462759.0,67.53133704584891,67.53133704584891,False,False,False,False
6844,257552.0,3,149851.66,True,285916.0,9.920396200282601,47.58892122161754,True,False,False,True
6845,150251.66,1,150251.66,False,225787.0,33.454246701537286,33.454246701537286,False,False,False,False
6846,514057.47,1,514057.47,False,161009.59,219.27133657069743,219.27133657069743,False,False,False,False
6847,26303.16,7,25763.94,True,11082.0,137.3502977801841,132.48456957227936,False,False,False,False
6848,114978.0,1,114978.0,False,127597.0,9.88973094978722,9.88973094978722,True,True,False,False
6849,2950.0,2,2950.0,True,2950.0,0.0,0.0,True,True,False,False
6850,227.69,1,227.69,False,227.69,0.0,0.0,True,True,False,False
6851,209.64,1,209.64,False,159.4,31.518193224592206,31.518193224592206,False,False,False,False
6852,209.64,1,209.64,False,120.64,73.77320954907161,73.77320954907161,False,False,False,False
6853,110.64,1,110.64,False,110.64,0.0,0.0,True,True,False,False
6854,199.64,1,199.64,False,199.64,0.0,0.0,True,True,False,False
6855,209.64,1,209.64,False,256.79,18.361306904474485,18.361306904474485,False,False,False,False
6856,209.64,1,209.64,False,209.64,0.0,0.0,True,True,False,False
6857,209.64,1,209.64,False,256.79,18.361306904474485,18.361306904474485,False,False,False,False
6858,422.06,1,422.06,False,4231.08,90.02476908968869,90.02476908968869,False,False,False,False
6859,89.1,1,89.1,False,319.2,72.08646616541353,72.08646616541353,False,False,False,False
6860,1700.0,1,1700.0,False,1675.0,1.4925373134328357,1.4925373134328357,True,True,False,False
6861,1656.0,1,1656.0,False,1665.0,0.5405405405405406,0.5405405405405406,True,True,False,False
6862,12264.65,1,12264.65,False,25564.89,52.02541454314883,52.02541454314883,False,False,False,False
6863,20121.0,1,20121.0,False,2493.75,706.8571428571429,706.8571428571429,False,False,False,False
6864,90.0,1,90.0,False,81.25,10.76923076923077,10.76923076923077,False,False,False,False
6865,0.42,10,0.42,True,0.42,0.0,0.0,True,True,False,False
6866,715.0,1,715.0,False,715.0,0.0,0.0,True,True,False,False
6867,4.8,1,4.8,False,9.75,50.76923076923077,50.76923076923077,False,False,False,False
6868,715.0,1,715.0,False,120.0,495.8333333333333,495.8333333333333,False,False,False,False
6869,41.0,1,41.0,False,3.12,1214.1025641025642,1214.1025641025642,False,False,False,False
6870,41.0,10,9.46,True,45.8,10.48034934497816,79.34497816593887,False,False,False,False
6871,0.48,10,0.46,True,0.54,11.11111111111112,14.814814814814817,False,False,False,False
6872,41.0,4,9.6,True,180.42,77.27524664671323,94.67908214166944,False,False,False,False
6873,0.54,9,0.49,True,0.36,50.000000000000014,36.111111111111114,False,False,False,False
6874,41.0,4,9.6,True,13.35,207.11610486891385,28.08988764044944,False,False,False,False
6875,39.65,1,39.65,False,78.92,49.759249873289406,49.759249873289406,False,False,False,False
6876,6.39,1,6.39,False,8.31,23.104693140794232,23.104693140794232,False,False,False,False
6877,1.48,8,1.52,True,1.88,21.276595744680847,19.14893617021276,False,False,False,False
6878,96.74,7,100.0,True,8.43,1047.5682087781734,1086.2396204033214,False,False,False,False
6879,6.7,4,6.21,True,7.96,15.829145728643212,21.984924623115578,False,False,False,False
6880,132.0,1,132.0,False,88.7,48.8162344983089,48.8162344983089,False,False,False,False
6881,1400.0,1,1400.0,False,1400.0,0.0,0.0,True,True,False,False
6882,158.12,1,158.12,False,158.12,0.0,0.0,True,True,False,False
6883,2950.0,2,2950.0,True,2949.0,0.0339097999321804,0.0339097999321804,True,True,False,False
6884,70.0,1,70.0,False,108.0,35.18518518518518,35.18518518518518,False,False,False,False
6885,0.23,2,0.23,True,0.23,0.0,0.0,True,True,False,False
6886,339.99,1,339.99,False,339.99,0.0,0.0,True,True,False,False
6887,275.0,1,275.0,False,164.0,67.6829268292683,67.6829268292683,False,False,False,False
6888,275.0,1,275.0,False,850.0,67.64705882352942,67.64705882352942,False,False,False,False
6889,275.0,1,275.0,False,420.0,34.523809523809526,34.523809523809526,False,False,False,False
6890,275.0,1,275.0,False,149.0,84.56375838926175,84.56375838926175,False,False,False,False
6891,289.99,1,289.99,False,475.0,38.949473684210524,38.949473684210524,False,False,False,False
6892,3802.5,1,3802.5,False,23167.5,83.58692133376498,83.58692133376498,False,False,False,False
6893,3802.5,1,3802.5,False,13772.0,72.38963113563753,72.38963113563753,False,False,False,False
6894,161852.28,1,161852.28,False,134414.77,20.412570731624218,20.412570731624218,False,False,False,False
6895,23975.29,4,27547.4,True,32673.31,26.62117795840091,15.688370722158238,False,False,False,False
6896,43446.64,1,43446.64,False,37027.94,17.334747760744985,17.334747760744985,False,False,False,False
6897,43446.64,1,43446.64,False,37027.94,17.334747760744985,17.334747760744985,False,False,False,False
6898,43446.64,1,43446.64,False,37027.94,17.334747760744985,17.334747760744985,False,False,False,False
6899,43390.0,4,43446.64,True,37427.94,15.929436672175912,16.080767469435926,False,False,False,False
6900,43446.64,1,43446.64,False,37027.94,17.334747760744985,17.334747760744985,False,False,False,False
6901,84.0,1,84.0,False,84.0,0.0,0.0,True,True,False,False
6902,593.57,1,593.57,False,593.57,0.0,0.0,True,True,False,False
6903,9700.0,3,6400.0,True,7800.0,24.358974358974358,17.94871794871795,False,False,False,False
6904,170.2,1,170.2,False,408.0,58.2843137254902,58.2843137254902,False,False,False,False
6905,86.1,1,86.1,False,86.1,0.0,0.0,True,True,False,False
6906,648.9,1,648.9,False,648.9,0.0,0.0,True,True,False,False
6907,160.65,1,160.65,False,11.55,1290.9090909090908,1290.9090909090908,False,False,False,False
6908,80.85,8,86.1,True,80.85,0.0,6.493506493506494,True,True,False,False
6909,319.0,5,319.0,True,326.65,2.341956222256231,2.341956222256231,True,True,False,False
6910,9.75,1,9.75,False,79.0,87.65822784810126,87.65822784810126,False,False,False,False
6911,9.75,10,37.58,True,312.5,96.88,87.9744,False,False,False,False
6912,9.75,1,9.75,False,41.0,76.21951219512195,76.21951219512195,False,False,False,False
6913,9.75,1,9.75,False,55.0,82.27272727272728,82.27272727272728,False,False,False,False
6914,9.75,1,9.75,False,255.8,96.18842845973417,96.18842845973417,False,False,False,False
6915,715.0,1,715.0,False,25.5,2703.921568627451,2703.921568627451,False,False,False,False
6916,715.0,1,715.0,False,11.5,6117.391304347826,6117.391304347826,False,False,False,False
6917,715.0,1,715.0,False,311.98,129.1813577793448,129.1813577793448,False,False,False,False
6918,9.75,1,9.75,False,23.0,57.608695652173914,57.608695652173914,False,False,False,False
6919,9.75,1,9.75,False,100.05,90.25487256371814,90.25487256371814,False,False,False,False
6920,9.75,8,12.0,True,67.0,85.44776119402985,82.08955223880598,False,False,False,False
6921,715.0,1,715.0,False,80.0,793.75,793.75,False,False,False,False
6922,0.42,10,2.85,True,1.84,77.17391304347827,54.891304347826086,False,False,False,False
6923,0.42,1,0.42,False,1.3,67.6923076923077,67.6923076923077,False,False,False,False
6924,9.75,1,9.75,False,193.7,94.96644295302013,94.96644295302013,False,False,False,False
6925,191.39,10,215.0,True,158.39,20.834648652061368,35.740892733127104,False,False,False,False
6926,164.99,3,179.57,True,137.49,20.001454651247364,30.60586224452686,False,False,False,False
6927,1400.0,5,1285.0,True,1380.48,1.4140009272137215,6.916434863235978,True,True,False,False
6928,159.49,2,175.99,True,158.39,0.69448828840206,11.111812614432745,True,False,False,True
6929,21.99,2,20.62,True,20.62,6.644034917555758,0.0,True,True,False,False
6930,1285.0,3,1285.0,True,1285.0,0.0,0.0,True,True,False,False
6931,179.57,5,164.99,True,179.57,0.0,8.119396335690809,True,True,False,False
6932,1115.07,1,1115.07,False,1022.07,9.099181073703356,9.099181073703356,True,True,False,False
6933,1839.08,3,1839.08,True,1839.08,0.0,0.0,True,True,False,False
6934,53.08,9,29.42,True,42.74,24.19279363593822,31.165184838558723,False,False,False,False
6935,3825.79,1,3825.79,False,1366.67,179.93517088982708,179.93517088982708,False,False,False,False
6936,40780.6,1,40780.6,False,45213.53,9.804432434273547,9.804432434273547,True,True,False,False
6937,15500.0,5,112395.0,True,103087.5,84.9642294167576,9.028737722808295,False,True,True,False
6938,64947.89,6,45332.64,True,84719.64,23.337858848314276,46.49099075491822,False,False,False,False
6939,44925.0,8,47523.9,True,53950.41,16.729085098704537,11.911883524147457,False,False,False,False
6940,44925.0,1,44925.0,False,54350.41,17.341929895285062,17.341929895285062,False,False,False,False
6941,171.0,1,171.0,False,1060.0,83.86792452830188,83.86792452830188,False,False,False,False
6942,3630.0,1,3630.0,False,3762.0,3.508771929824561,3.508771929824561,True,True,False,False
6943,3630.0,1,3630.0,False,2730.0,32.967032967032964,32.967032967032964,False,False,False,False
6944,3030.0,1,3030.0,False,4722.0,35.83227445997459,35.83227445997459,False,False,False,False
6945,3630.0,1,3630.0,False,2730.0,32.967032967032964,32.967032967032964,False,False,False,False
6946,3030.0,1,3030.0,False,2130.0,42.25352112676056,42.25352112676056,False,False,False,False
6947,3630.0,1,3630.0,False,4998.0,27.370948379351738,27.370948379351738,False,False,False,False
6948,3630.0,1,3630.0,False,3762.0,3.508771929824561,3.508771929824561,True,True,False,False
6949,3630.0,1,3630.0,False,3762.0,3.508771929824561,3.508771929824561,True,True,False,False
6950,3030.0,1,3030.0,False,250.0,1112.0,1112.0,False,False,False,False
6951,3030.0,1,3030.0,False,175.0,1631.4285714285713,1631.4285714285713,False,False,False,False
6952,3630.0,1,3630.0,False,2730.0,32.967032967032964,32.967032967032964,False,False,False,False
6953,3630.0,1,3630.0,False,3630.0,0.0,0.0,True,True,False,False
6954,329.0,1,329.0,False,81.0,306.1728395061728,306.1728395061728,False,False,False,False
6955,127.0,5,545.0,True,724.0,82.4585635359116,24.723756906077348,False,False,False,False
6956,491.0,1,491.0,False,332.0,47.89156626506024,47.89156626506024,False,False,False,False
6957,477.0,3,455.0,True,297.0,60.60606060606061,53.198653198653204,False,False,False,False
6958,510.0,3,545.0,True,377.0,35.278514588859416,44.56233421750663,False,False,False,False
6959,1155.66,1,1155.66,False,29.0,3885.0344827586214,3885.0344827586214,False,False,False,False
6960,2698.0,5,2698.0,True,144.0,1773.611111111111,1773.611111111111,False,False,False,False
6961,2698.0,1,2698.0,False,1127.0,139.396628216504,139.396628216504,False,False,False,False
6962,22933.3,7,142060.0,True,184250.0,87.55316146540028,22.898236092265943,False,False,False,False
6963,20000.0,6,5494.0,True,20000.0,0.0,72.53,True,False,False,True
6964,10000.0,1,10000.0,False,10000.0,0.0,0.0,True,True,False,False
6965,250896.0,1,250896.0,False,535982.0,53.18947278080234,53.18947278080234,False,False,False,False
6966,161852.28,1,161852.28,False,178321.34,9.235608032106532,9.235608032106532,True,True,False,False
6967,36249.0,1,36249.0,False,64688.0,43.96333168439278,43.96333168439278,False,False,False,False
6968,109061.1,1,109061.1,False,224392.0,51.39706406645514,51.39706406645514,False,False,False,False
6969,310.5,4,951.49,True,325.5,4.6082949308755765,192.31643625192012,True,False,False,True
6970,12799.0,2,2499.0,True,2607.0,390.94744917529727,4.1426927502876865,False,True,True,False
6971,253.0,1,253.0,False,484.0,47.72727272727273,47.72727272727273,False,False,False,False
6972,12799.0,1,12799.0,False,13322.0,3.925836961417205,3.925836961417205,True,True,False,False
6973,253.0,1,253.0,False,265.0,4.528301886792453,4.528301886792453,True,True,False,False
6974,158.39,1,158.39,False,158.39,0.0,0.0,True,True,False,False
6975,8.31,1,8.31,False,14.65,43.27645051194539,43.27645051194539,False,False,False,False
6976,194299.0,1,194299.0,False,101224.18,91.94919632838716,91.94919632838716,False,False,False,False
6977,42125.0,1,42125.0,False,165800.0,74.59288299155608,74.59288299155608,False,False,False,False
6978,42125.0,1,42125.0,False,165800.0,74.59288299155608,74.59288299155608,False,False,False,False
6979,61830.7,3,137967.0,True,97146.0,36.35280917382085,42.02025816811809,False,False,False,False
6980,164.99,2,244.74,True,179.57,8.119396335690809,36.29225371721335,True,False,False,True
6981,662.0,1,662.0,False,688.0,3.77906976744186,3.77906976744186,True,True,False,False
6982,662.0,1,662.0,False,688.0,3.77906976744186,3.77906976744186,True,True,False,False
6983,49392.5,1,49392.5,False,57053.9,13.428354591009557,13.428354591009557,False,False,False,False
6984,10825.0,1,10825.0,False,29850.0,63.735343383584585,63.735343383584585,False,False,False,False
6985,180.0,3,170.2,True,226.75,20.61742006615215,24.939360529217204,False,False,False,False
6986,688.0,3,662.0,True,662.0,3.927492447129909,0.0,True,True,False,False
6987,980.1,1,980.1,False,1078.0,9.081632653061222,9.081632653061222,True,True,False,False
6988,500.41,1,500.41,False,276.0,81.30797101449276,81.30797101449276,False,False,False,False
6989,555.16,1,555.16,False,7.0,7830.857142857142,7830.857142857142,False,False,False,False
6990,500.41,1,500.41,False,347.0,44.21037463976946,44.21037463976946,False,False,False,False
6991,1957.2,1,1957.2,False,65.0,2911.0769230769233,2911.0769230769233,False,False,False,False
6992,500.41,1,500.41,False,1704.0,70.63321596244131,70.63321596244131,False,False,False,False
6993,500.41,1,500.41,False,852.0,41.266431924882625,41.266431924882625,False,False,False,False
6994,1149.41,1,1149.41,False,1094.0,5.064899451553938,5.064899451553938,True,True,False,False
6995,1111.83,1,1111.83,False,1354.0,17.88552437223043,17.88552437223043,False,False,False,False
6996,1266.87,7,45.52,True,718.0,76.4442896935933,93.66016713091922,False,False,False,False
6997,555.16,1,555.16,False,1893.0,70.6730058108822,70.6730058108822,False,False,False,False
6998,500.41,1,500.41,False,5025.0,90.041592039801,90.041592039801,False,False,False,False
6999,500.41,1,500.41,False,347.0,44.21037463976946,44.21037463976946,False,False,False,False
7000,1142.15,1,1142.15,False,940.0,21.50531914893618,21.50531914893618,False,False,False,False
7001,96.51,5,45.52,True,302.0,68.04304635761589,84.92715231788081,False,False,False,False
7002,1111.83,1,1111.83,False,1220.0,8.866393442622957,8.866393442622957,True,True,False,False
7003,1111.83,1,1111.83,False,1780.0,37.53764044943821,37.53764044943821,False,False,False,False
7004,500.41,1,500.41,False,1136.0,55.94982394366197,55.94982394366197,False,False,False,False
7005,1111.83,1,1111.83,False,3290.0,66.20577507598784,66.20577507598784,False,False,False,False
7006,53.82,4,500.41,True,1193.19,95.48940235838384,58.06116377106747,False,False,False,False
7007,25288.2,7,277.5,True,17160.47,47.36309669840045,98.38291142375472,False,False,False,False
7008,500.41,1,500.41,False,14052.68,96.43904223251366,96.43904223251366,False,False,False,False
7009,3240.57,1,3240.57,False,1061.76,205.20739150090418,205.20739150090418,False,False,False,False
7010,555.16,1,555.16,False,1061.76,47.71323086196504,47.71323086196504,False,False,False,False
7011,13455.32,2,555.16,True,10117.54,32.99003512711586,94.51289542714929,False,False,False,False
7012,555.16,1,555.16,False,8180.7,93.21378366154485,93.21378366154485,False,False,False,False
7013,24346.8,1,24346.8,False,4247.03,473.26649446789884,473.26649446789884,False,False,False,False
7014,555.16,1,555.16,False,10117.54,94.51289542714929,94.51289542714929,False,False,False,False
7015,500.41,1,500.41,False,30.71,1529.4692282644091,1529.4692282644091,False,False,False,False
7016,1111.83,1,1111.83,False,14521.1,92.34334864438645,92.34334864438645,False,False,False,False
7017,500.41,1,500.41,False,15.62,3103.6491677336753,3103.6491677336753,False,False,False,False
7018,3477.68,1,3477.68,False,19456.8,82.12614612885983,82.12614612885983,False,False,False,False
7019,500.41,1,500.41,False,3903.52,87.18054473910726,87.18054473910726,False,False,False,False
7020,24346.8,1,24346.8,False,1561.41,1459.282955789959,1459.282955789959,False,False,False,False
7021,12500.0,1,12500.0,False,12366.35,1.080755437133832,1.080755437133832,True,True,False,False
7022,24346.8,10,584.1,True,26753.1,8.994471668703811,97.81670161588751,True,False,False,True
7023,144.0,1,144.0,False,26753.1,99.46174462024962,99.46174462024962,False,False,False,False
7024,24346.8,1,24346.8,False,6745.28,260.94572797571044,260.94572797571044,False,False,False,False
7025,795.0,9,857.0,True,995.0,20.100502512562816,13.869346733668342,False,False,False,False
7026,4.37,1,4.37,False,88.88,95.08325832583257,95.08325832583257,False,False,False,False
7027,4.37,1,4.37,False,4.59,4.793028322440082,4.793028322440082,True,True,False,False
7028,169.23,8,20.8,True,184.5,8.276422764227648,88.72628726287263,True,False,False,True
7029,4.37,1,4.37,False,4.37,0.0,0.0,True,True,False,False
7030,4.37,2,4.37,True,84.28,94.81490270526814,94.81490270526814,False,False,False,False
7031,72.133,1,72.133,False,3.5,1960.942857142857,1960.942857142857,False,False,False,False
7032,1377.0,1,1377.0,False,30.5,4414.754098360656,4414.754098360656,False,False,False,False
7033,520.5,3,688.0,True,8.0,6406.25,8500.0,False,False,False,False
7034,40.95,1,40.95,False,2.0,1947.5000000000002,1947.5000000000002,False,False,False,False
7035,299.0,6,299.0,True,6.0,4883.333333333334,4883.333333333334,False,False,False,False
7036,688.0,1,688.0,False,12.0,5633.333333333334,5633.333333333334,False,False,False,False
7037,688.0,4,2130.0,True,55.0,1150.909090909091,3772.7272727272725,False,False,False,False
7038,92.0,1,92.0,False,96.0,4.166666666666666,4.166666666666666,True,True,False,False
7039,685.1,1,685.1,False,1053.0,34.93827160493827,34.93827160493827,False,False,False,False
7040,503.0,1,503.0,False,280.2,79.5146324054247,79.5146324054247,False,False,False,False
7041,503.0,1,503.0,False,31.36,1503.954081632653,1503.954081632653,False,False,False,False
7042,54187.2,1,54187.2,False,283.09,19041.33314493624,19041.33314493624,False,False,False,False
7043,54187.2,1,54187.2,False,22.63,239348.51966416262,239348.51966416262,False,False,False,False
7044,54187.2,2,503.0,True,81.69,66232.72126331252,515.7424409352429,False,False,False,False
7045,503.0,1,503.0,False,33.8,1388.1656804733727,1388.1656804733727,False,False,False,False
7046,4085.62,1,4085.62,False,151.31,2600.1652237129074,2600.1652237129074,False,False,False,False
7047,54187.2,2,503.0,True,81.69,66232.72126331252,515.7424409352429,False,False,False,False
7048,503.0,1,503.0,False,20.4,2365.686274509804,2365.686274509804,False,False,False,False
7049,29.32,1,29.32,False,160.43,81.72411643707537,81.72411643707537,False,False,False,False
7050,4085.62,1,4085.62,False,20.32,20006.397637795275,20006.397637795275,False,False,False,False
7051,54187.2,2,503.0,True,81.69,66232.72126331252,515.7424409352429,False,False,False,False
7052,54187.2,2,503.0,True,68.39,79132.63635034362,635.4876443924551,False,False,False,False
7053,3908.0,1,3908.0,False,19.54,19900.0,19900.0,False,False,False,False
7054,503.0,1,503.0,False,5.36,9284.328358208953,9284.328358208953,False,False,False,False
7055,1272.95,1,1272.95,False,2436.9,47.76355205383889,47.76355205383889,False,False,False,False
7056,1528.26,1,1528.26,False,2938.85,47.99802643891318,47.99802643891318,False,False,False,False
7057,24.63,1,24.63,False,24.63,0.0,0.0,True,True,False,False
7058,141.89,1,141.89,False,159.49,11.03517461909839,11.03517461909839,False,False,False,False
7059,801.35,4,955.0,True,875.0,8.417142857142855,9.142857142857142,True,True,False,False
7060,179.57,1,179.57,False,268.94,33.23046032572321,33.23046032572321,False,False,False,False
7061,68.85,1,68.85,False,213.26,67.71546469098753,67.71546469098753,False,False,False,False
7062,20.72,5,96.74,True,530.25,96.0924092409241,81.75577557755776,False,False,False,False
7063,3852.56,1,3852.56,False,10272.553333,62.49656852475161,62.49656852475161,False,False,False,False
7064,68.85,1,68.85,False,40.5,69.99999999999999,69.99999999999999,False,False,False,False
7065,1037.55,2,42.18,True,1037.55,0.0,95.93465375162643,True,False,False,True
7066,28567.5,1,28567.5,False,95106.32,69.9625640020558,69.9625640020558,False,False,False,False
7067,59771.0,4,59771.0,True,34203.0,74.75367657807794,74.75367657807794,False,False,False,False
7068,180.0,9,194.0,True,262.0,31.297709923664126,25.954198473282442,False,False,False,False
7069,100.0,1,100.0,False,100.0,0.0,0.0,True,True,False,False
7070,108.0,4,108.0,True,108.0,0.0,0.0,True,True,False,False
7071,220.97,1,220.97,False,480.0,53.96458333333333,53.96458333333333,False,False,False,False
7072,6600.0,2,6600.0,True,6600.0,0.0,0.0,True,True,False,False
7073,44.55,1,44.55,False,422.4,89.453125,89.453125,False,False,False,False
7074,3650.42,1,3650.42,False,422.4,764.2092803030304,764.2092803030304,False,False,False,False
7075,3650.42,1,3650.42,False,528.0,591.3674242424242,591.3674242424242,False,False,False,False
7076,44.55,1,44.55,False,422.4,89.453125,89.453125,False,False,False,False
7077,3650.42,10,62.0,True,422.4,764.2092803030304,85.3219696969697,False,False,False,False
7078,3650.42,1,3650.42,False,528.0,591.3674242424242,591.3674242424242,False,False,False,False
7079,3650.42,1,3650.42,False,422.4,764.2092803030304,764.2092803030304,False,False,False,False
7080,3650.42,1,3650.42,False,422.4,764.2092803030304,764.2092803030304,False,False,False,False
7081,3650.42,1,3650.42,False,528.0,591.3674242424242,591.3674242424242,False,False,False,False
7082,3650.42,1,3650.42,False,528.0,591.3674242424242,591.3674242424242,False,False,False,False
7083,3650.42,1,3650.42,False,528.0,591.3674242424242,591.3674242424242,False,False,False,False
7084,44.55,1,44.55,False,422.4,89.453125,89.453125,False,False,False,False
7085,3650.42,1,3650.42,False,528.0,591.3674242424242,591.3674242424242,False,False,False,False
7086,3650.42,1,3650.42,False,422.4,764.2092803030304,764.2092803030304,False,False,False,False
7087,3762.0,1,3762.0,False,3630.0,3.6363636363636362,3.6363636363636362,True,True,False,False
7088,3630.0,1,3630.0,False,4998.0,27.370948379351738,27.370948379351738,False,False,False,False
7089,3762.0,1,3762.0,False,2730.0,37.8021978021978,37.8021978021978,False,False,False,False
7090,2922.0,3,3030.0,True,4494.0,34.979973297730304,32.576769025367156,False,False,False,False
7091,2922.0,3,3030.0,True,3258.0,10.313075506445673,6.998158379373849,False,True,True,False
7092,3630.0,1,3630.0,False,3630.0,0.0,0.0,True,True,False,False
7093,2922.0,3,3030.0,True,250.0,1068.8,1112.0,False,False,False,False
7094,3630.0,1,3630.0,False,2730.0,32.967032967032964,32.967032967032964,False,False,False,False
7095,2922.0,3,3030.0,True,175.0,1569.7142857142858,1631.4285714285713,False,False,False,False
7096,3762.0,1,3762.0,False,3762.0,0.0,0.0,True,True,False,False
7097,2922.0,3,3030.0,True,3030.0,3.564356435643564,0.0,True,True,False,False
7098,3630.0,1,3630.0,False,3762.0,3.508771929824561,3.508771929824561,True,True,False,False
7099,164.99,7,179.57,True,268.94,38.65174388339406,33.23046032572321,False,False,False,False
7100,2462.51,1,2462.51,False,2462.51,0.0,0.0,True,True,False,False
7101,50.0,1,50.0,False,50.0,0.0,0.0,True,True,False,False
7102,318053.94,1,318053.94,False,284942.62,11.620346580655434,11.620346580655434,False,False,False,False
7103,57053.9,2,52413.54,True,66225.08,13.848499692261603,20.85545234524443,False,False,False,False
7104,418.0,1,418.0,False,178.0,134.8314606741573,134.8314606741573,False,False,False,False
7105,6600.0,1,6600.0,False,6550.0,0.7633587786259541,0.7633587786259541,True,True,False,False
7106,6600.0,1,6600.0,False,6595.0,0.0758150113722517,0.0758150113722517,True,True,False,False
7107,422.06,3,563.06,True,623.04,32.257960965588076,9.626990241397024,False,True,True,False
7108,118.68,9,116.1,True,113.52,4.545454545454556,2.2727272727272716,True,True,False,False
7109,205.29,1,205.29,False,2312.8,91.12374610861293,91.12374610861293,False,False,False,False
7110,205.29,1,205.29,False,1775.9,88.44022749028662,88.44022749028662,False,False,False,False
7111,543.64,2,165.92,True,104.43,420.5783778607679,58.88154744805131,False,False,False,False
7112,205.29,1,205.29,False,257.83,20.37776829693984,20.37776829693984,False,False,False,False
7113,191.39,1,191.39,False,139.44,37.256167527251854,37.256167527251854,False,False,False,False
7114,2462.51,2,2694.0,True,2462.51,0.0,9.400570962148368,True,True,False,False
7115,268.94,1,268.94,False,268.94,0.0,0.0,True,True,False,False
7116,21.99,5,21.99,True,20.62,6.644034917555758,6.644034917555758,True,True,False,False
7117,191.39,1,191.39,False,158.39,20.834648652061368,20.834648652061368,False,False,False,False
7118,179.57,10,179.57,True,137.49,30.60586224452686,30.60586224452686,False,False,False,False
7119,191.39,10,191.39,True,158.39,20.834648652061368,20.834648652061368,False,False,False,False
7120,1380.38,8,1285.0,True,1400.0,1.4014285714285637,8.214285714285714,True,True,False,False
7121,21.99,1,21.99,False,20.62,6.644034917555758,6.644034917555758,True,True,False,False
7122,244.74,3,244.74,True,268.94,8.998289581319248,8.998289581319248,True,True,False,False
7123,15.0,1,15.0,False,27.49,45.434703528555836,45.434703528555836,False,False,False,False
7124,31615.0,1,31615.0,False,46838.22,32.50170480432433,32.50170480432433,False,False,False,False
7125,25564.89,1,25564.89,False,8290.0,208.3822677925211,208.3822677925211,False,False,False,False
7126,3513.17,3,3800.0,True,4650.0,24.44795698924731,18.27956989247312,False,False,False,False
7127,25564.89,1,25564.89,False,650.0,3833.0599999999995,3833.0599999999995,False,False,False,False
7128,3500.0,1,3500.0,False,475.0,636.8421052631579,636.8421052631579,False,False,False,False
7129,3844.0,1,3844.0,False,650.0,491.3846153846154,491.3846153846154,False,False,False,False
7130,2250.0,9,215.1,True,475.0,373.6842105263158,54.715789473684204,False,False,False,False
7131,25763.94,1,25763.94,False,18782.54,37.1696266852087,37.1696266852087,False,False,False,False
7132,25763.94,1,25763.94,False,17652.37,45.95173339330639,45.95173339330639,False,False,False,False
7133,2130.0,3,3030.0,True,2922.0,27.104722792607806,3.696098562628337,False,True,True,False
7134,2130.0,3,3030.0,True,4158.0,48.77344877344878,27.12842712842713,False,False,False,False
7135,2130.0,3,3030.0,True,2418.0,11.910669975186105,25.31017369727047,False,False,False,False
7136,3630.0,2,3762.0,True,4998.0,27.370948379351738,24.729891956782712,False,False,False,False
7137,3762.0,1,3762.0,False,3630.0,3.6363636363636362,3.6363636363636362,True,True,False,False
7138,2130.0,3,3030.0,True,3030.0,29.7029702970297,0.0,False,True,True,False
7139,2130.0,3,3030.0,True,250.0,752.0,1112.0,False,False,False,False
7140,3762.0,1,3762.0,False,4998.0,24.729891956782712,24.729891956782712,False,False,False,False
7141,3762.0,1,3762.0,False,4410.0,14.69387755102041,14.69387755102041,False,False,False,False
7142,3630.0,2,3762.0,True,3762.0,3.508771929824561,0.0,True,True,False,False
7143,3630.0,2,3762.0,True,2730.0,32.967032967032964,37.8021978021978,False,False,False,False
7144,2130.0,3,3030.0,True,2130.0,0.0,42.25352112676056,True,False,False,True
7145,3630.0,3,3762.0,True,2730.0,32.967032967032964,37.8021978021978,False,False,False,False
7146,3630.0,3,3762.0,True,4998.0,27.370948379351738,24.729891956782712,False,False,False,False
7147,2130.0,3,3030.0,True,4158.0,48.77344877344878,27.12842712842713,False,False,False,False
7148,3630.0,3,3762.0,True,3762.0,3.508771929824561,0.0,True,True,False,False
7149,3630.0,3,3762.0,True,3762.0,3.508771929824561,0.0,True,True,False,False
7150,2130.0,3,3030.0,True,1770.0,20.33898305084746,71.1864406779661,False,False,False,False
7151,2130.0,3,3030.0,True,2130.0,0.0,42.25352112676056,True,False,False,True
7152,3630.0,3,3762.0,True,2730.0,32.967032967032964,37.8021978021978,False,False,False,False
7153,3630.0,3,3762.0,True,4998.0,27.370948379351738,24.729891956782712,False,False,False,False
7154,2130.0,3,3030.0,True,250.0,752.0,1112.0,False,False,False,False
7155,225.0,4,247.5,True,247.5,9.090909090909092,0.0,True,True,False,False
7156,17.68,1,17.68,False,17.68,0.0,0.0,True,True,False,False
7157,173.82,1,173.82,False,173.82,0.0,0.0,True,True,False,False
7158,50.0,1,50.0,False,50.0,0.0,0.0,True,True,False,False
7159,183.0,1,183.0,False,183.0,0.0,0.0,True,True,False,False
7160,2.29,4,2.29,True,2.17,5.529953917050697,5.529953917050697,True,True,False,False
7161,2.79,10,2.58,True,2.59,7.722007722007729,0.3861003861003779,True,True,False,False
7162,239.07,3,227.69,True,227.69,4.998023628617855,0.0,True,True,False,False
7163,1775.9,10,257.83,True,220.0,707.2272727272727,17.195454545454538,False,False,False,False
7164,38.73,1,38.73,False,56.75,31.753303964757713,31.753303964757713,False,False,False,False
7165,30068.5,1,30068.5,False,30959.5,2.877953455320661,2.877953455320661,True,True,False,False
7166,30068.5,1,30068.5,False,29705.5,1.2219959266802443,1.2219959266802443,True,True,False,False
7167,60.0,1,60.0,False,43.16,39.01760889712698,39.01760889712698,False,False,False,False
7168,2887.21,1,2887.21,False,14175.64,79.63259507154528,79.63259507154528,False,False,False,False
7169,4580.37,1,4580.37,False,4300.0,6.520232558139533,6.520232558139533,True,True,False,False
7170,4580.37,1,4580.37,False,15491.07,70.43219093322799,70.43219093322799,False,False,False,False
7171,3762.0,1,3762.0,False,4998.0,24.729891956782712,24.729891956782712,False,False,False,False
7172,3762.0,1,3762.0,False,2730.0,37.8021978021978,37.8021978021978,False,False,False,False
7173,2130.0,1,2130.0,False,3030.0,29.7029702970297,29.7029702970297,False,False,False,False
7174,2130.0,1,2130.0,False,175.0,1117.142857142857,1117.142857142857,False,False,False,False
7175,3762.0,1,3762.0,False,3762.0,0.0,0.0,True,True,False,False
7176,2130.0,1,2130.0,False,250.0,752.0,752.0,False,False,False,False
7177,2130.0,1,2130.0,False,2670.0,20.224719101123593,20.224719101123593,False,False,False,False
7178,3762.0,1,3762.0,False,6066.0,37.98219584569733,37.98219584569733,False,False,False,False
7179,2130.0,1,2130.0,False,3258.0,34.622467771639045,34.622467771639045,False,False,False,False
7180,2130.0,1,2130.0,False,5226.0,59.24225028702641,59.24225028702641,False,False,False,False
7181,2384.0,3,2625.0,True,2462.51,3.188210403206493,6.598551884053254,True,True,False,False
7182,164.99,8,179.57,True,268.94,38.65174388339406,33.23046032572321,False,False,False,False
7183,955.0,3,955.0,True,955.0,0.0,0.0,True,True,False,False
7184,164.99,6,25.99,True,27.49,500.1818843215715,5.456529647144417,False,True,True,False
7185,20.62,2,21.99,True,20.62,0.0,6.644034917555758,True,True,False,False
7186,158.39,9,164.49,True,120.19,31.78301023379648,36.858307679507455,False,False,False,False
7187,1285.0,9,1285.0,True,1285.0,0.0,0.0,True,True,False,False
7188,1287.08,1,1287.08,False,704.06,82.80828338493879,82.80828338493879,False,False,False,False
7189,113.52,2,113.52,True,219.12,48.19277108433735,48.19277108433735,False,False,False,False
7190,158.39,6,158.39,True,158.39,0.0,0.0,True,True,False,False
7191,1.79,7,92.0,True,0.37,383.78378378378375,24764.864864864863,False,False,False,False
7192,7800.0,1,7800.0,False,5537.28,40.86338418862691,40.86338418862691,False,False,False,False
7193,3085.0,6,1351.94,True,4614.4,33.144070735090146,70.70171636615811,False,False,False,False
7194,8050.0,6,2950.0,True,6690.88,20.313023100100434,55.91013439188867,False,False,False,False
7195,2950.0,4,2950.0,True,3345.44,11.820268783777323,11.820268783777323,False,False,False,False
7196,6000.0,8,2949.0,True,7267.68,17.442705237434783,59.4230896241992,False,False,False,False
7197,9050.0,1,9050.0,False,6690.88,35.25874025539241,35.25874025539241,False,False,False,False
7198,2950.0,3,3200.0,True,3345.44,11.820268783777323,4.3474102061313324,False,True,True,False
7199,5100.0,2,5100.0,True,4614.4,10.523578363384198,10.523578363384198,False,False,False,False
7200,3800.0,6,3950.0,True,3922.24,3.116586440401398,0.7077588316880207,True,True,False,False
7201,6600.0,4,3770.0,True,5537.28,19.19209431345354,31.91603097549699,False,False,False,False
7202,4360.0,10,3950.0,True,3922.24,11.160969242065764,0.7077588316880207,False,True,True,False
7203,3600.0,1,3600.0,False,3922.24,8.215713469853956,8.215713469853956,True,True,False,False
7204,3800.0,7,3950.0,True,3922.24,3.116586440401398,0.7077588316880207,True,True,False,False
7205,2950.0,4,3200.0,True,3345.44,11.820268783777323,4.3474102061313324,False,True,True,False
7206,9050.0,3,9050.0,True,6690.88,35.25874025539241,35.25874025539241,False,False,False,False
7207,2950.0,5,2950.0,True,3345.44,11.820268783777323,11.820268783777323,False,False,False,False
7208,3085.0,6,1351.94,True,4614.4,33.144070735090146,70.70171636615811,False,False,False,False
7209,6600.0,10,2970.0,True,5537.28,19.19209431345354,46.36355755894591,False,False,False,False
7210,5100.0,2,5100.0,True,4614.4,10.523578363384198,10.523578363384198,False,False,False,False
7211,7800.0,1,7800.0,False,5537.28,40.86338418862691,40.86338418862691,False,False,False,False
7212,8050.0,1,8050.0,False,6690.88,20.313023100100434,20.313023100100434,False,False,False,False
7213,268.94,1,268.94,False,247.49,8.667016849165618,8.667016849165618,True,True,False,False
7214,2673.01,1,2673.01,False,2732.0,2.1592240117130226,2.1592240117130226,True,True,False,False
7215,825.95,6,454.99,True,400.0,106.4875,13.747500000000002,False,False,False,False
7216,45738.16,1,45738.16,False,12371.62,269.7022701958191,269.7022701958191,False,False,False,False
7217,89615.51,7,96927.72,True,66908.19,33.93802761664901,44.86674949658629,False,False,False,False
7218,336096.5,8,161009.59,True,137704.16,144.0714209360124,16.924274473625193,False,False,False,False
7219,3800.0,1,3800.0,False,3600.0,5.555555555555555,5.555555555555555,True,True,False,False
7220,3800.0,1,3800.0,False,3600.0,5.555555555555555,5.555555555555555,True,True,False,False
7221,3800.0,1,3800.0,False,3599.0,5.58488469019172,5.58488469019172,True,True,False,False
7222,87.35,1,87.35,False,89.95,2.8904947192885033,2.8904947192885033,True,True,False,False
7223,18.0,6,36.77,True,420.0,95.71428571428572,91.24523809523811,False,False,False,False
7224,19.02,2,192.0,True,1300.0,98.53692307692307,85.23076923076923,False,False,False,False
7225,10272.553333,1,10272.553333,False,4121.32,149.25396069705823,149.25396069705823,False,False,False,False
7226,13772.0,1,13772.0,False,5565.0,147.4752920035939,147.4752920035939,False,False,False,False
7227,13772.0,1,13772.0,False,12257.0,12.360283919393,12.360283919393,False,False,False,False
7228,75246.0,3,84486.0,True,58149.4,29.401163210626418,45.2912669778192,False,False,False,False
7229,80.0,8,1178.0,True,1478.0,94.5872801082544,20.29769959404601,False,False,False,False
7230,80.0,8,1178.0,True,926.0,91.36069114470843,27.213822894168466,False,False,False,False
7231,80.0,8,1178.0,True,1406.0,94.31009957325746,16.216216216216218,False,False,False,False
7232,419.0,8,1175.58,True,99.0,323.2323232323232,1087.4545454545453,False,False,False,False
7233,80.0,8,1178.0,True,5059.0,98.41865981419254,76.71476576398499,False,False,False,False
7234,419.0,8,1175.58,True,52.0,705.7692307692307,2160.730769230769,False,False,False,False
7235,419.0,8,1175.58,True,15.0,2693.3333333333335,7737.2,False,False,False,False
7236,419.0,8,1175.58,True,144.0,190.97222222222223,716.3749999999999,False,False,False,False
7237,64.61,1,64.61,False,183.125,64.71808873720136,64.71808873720136,False,False,False,False
7238,493.4,7,543.64,True,506.6775,2.6205031800306964,7.295074282951182,True,True,False,False
7239,64.61,1,64.61,False,183.125,64.71808873720136,64.71808873720136,False,False,False,False
7240,64.61,1,64.61,False,183.125,64.71808873720136,64.71808873720136,False,False,False,False
7241,64.61,8,495.0,True,183.125,64.71808873720136,170.3071672354949,False,False,False,False
7242,236.73,2,2370.0,True,2480.0,90.45443548387097,4.435483870967742,False,True,True,False
7243,86.22,4,95.15,True,86.22,0.0,10.357225701693352,True,False,False,True
7244,86.22,3,95.15,True,95.15,9.38518129269575,0.0,True,True,False,False
7245,132.91,7,95.15,True,42.73,211.04610344020597,122.67727591855842,False,False,False,False
7246,42.73,7,99.4,True,132.91,67.85042509969152,25.212549845760286,False,False,False,False
7247,86.22,4,95.15,True,241.74,64.33358153387938,60.63953007363283,False,False,False,False
7248,86.22,5,95.15,True,120.99,28.73791222415075,21.357136953467222,False,False,False,False
7249,593.57,1,593.57,False,593.57,0.0,0.0,True,True,False,False
7250,70.0,9,108.0,True,15.0,366.66666666666663,620.0,False,False,False,False
7251,70.0,3,100.0,True,70.0,0.0,42.857142857142854,True,False,False,True
7252,15.0,2,100.0,True,100.0,85.0,0.0,False,True,True,False
7253,1695.0,1,1695.0,False,1695.0,0.0,0.0,True,True,False,False
7254,500.0,1,500.0,False,975.0,48.717948717948715,48.717948717948715,False,False,False,False
7255,18.86,1,18.86,False,127.61,85.22059399733564,85.22059399733564,False,False,False,False
7256,18.86,1,18.86,False,18.86,0.0,0.0,True,True,False,False
7257,3.9,1,3.9,False,3.9,0.0,0.0,True,True,False,False
7258,506.6775,1,506.6775,False,457.0,10.870350109409193,10.870350109409193,False,False,False,False
7259,49288.0,5,98576.0,True,44900.0,9.7728285077951,119.5456570155902,True,False,False,True
7260,3407.76,1,3407.76,False,3475.91,1.960637645968959,1.960637645968959,True,True,False,False
7261,2704.35,1,2704.35,False,2758.43,1.960535522017957,1.960535522017957,True,True,False,False
7262,3407.76,1,3407.76,False,28.53,11844.479495268137,11844.479495268137,False,False,False,False
7263,2074.4,1,2074.4,False,2074.4,0.0,0.0,True,True,False,False
7264,11.0682,1,11.0682,False,11.0682,0.0,0.0,True,True,False,False
7265,190.0,1,190.0,False,190.0,0.0,0.0,True,True,False,False
7266,319.0,8,326.65,True,326.65,2.341956222256231,0.0,True,True,False,False
7267,190.0,1,190.0,False,190.0,0.0,0.0,True,True,False,False
7268,11.0682,1,11.0682,False,11.0682,0.0,0.0,True,True,False,False
7269,25.5,1,25.5,False,264.5,90.35916824196597,90.35916824196597,False,False,False,False
7270,25.5,1,25.5,False,43.49,41.3658312255691,41.3658312255691,False,False,False,False
7271,25.5,6,23.0,True,345.0,92.6086956521739,93.33333333333333,False,False,False,False
7272,67.0,4,9.75,True,3.36,1894.047619047619,190.17857142857147,False,False,False,False
7273,1.84,1,1.84,False,2.88,36.11111111111111,36.11111111111111,False,False,False,False
7274,25.5,6,23.0,True,74.75,65.88628762541806,69.23076923076923,False,False,False,False
7275,25.5,1,25.5,False,106.9,76.14593077642657,76.14593077642657,False,False,False,False
7276,25.5,1,25.5,False,71.05,64.10978184377198,64.10978184377198,False,False,False,False
7277,13.35,1,13.35,False,1.44,827.0833333333334,827.0833333333334,False,False,False,False
7278,9.6,1,9.6,False,36.0,73.33333333333333,73.33333333333333,False,False,False,False
7279,25.5,6,23.0,True,63.25,59.683794466403164,63.63636363636363,False,False,False,False
7280,25.5,1,25.5,False,12.0,112.5,112.5,False,False,False,False
7281,25.5,1,25.5,False,4.6,454.34782608695656,454.34782608695656,False,False,False,False
7282,25.5,6,23.0,True,287.5,91.13043478260869,92.0,False,False,False,False
7283,25.5,6,23.0,True,715.0,96.43356643356643,96.78321678321679,False,False,False,False
7284,25.5,1,25.5,False,172.5,85.21739130434783,85.21739130434783,False,False,False,False
7285,0.36,9,0.49,True,0.42,14.285714285714285,16.666666666666668,False,False,False,False
7286,25.5,1,25.5,False,287.5,91.13043478260869,91.13043478260869,False,False,False,False
7287,25.5,6,23.0,True,18.0,41.66666666666667,27.77777777777778,False,False,False,False
7288,3.12,1,3.12,False,9.6,67.5,67.5,False,False,False,False
7289,55.0,3,13.35,True,11.4,382.4561403508772,17.10526315789473,False,False,False,False
7290,25.5,1,25.5,False,17.25,47.82608695652174,47.82608695652174,False,False,False,False
7291,25.5,6,23.0,True,17.25,47.82608695652174,33.33333333333333,False,False,False,False
7292,1.84,3,0.42,True,0.42,338.09523809523813,0.0,False,True,True,False
7293,49.35,10,49.35,True,49.35,0.0,0.0,True,True,False,False
7294,158.39,1,158.39,False,975.0,83.7548717948718,83.7548717948718,False,False,False,False
7295,132.5,7,102.0,True,131.25,0.9523809523809524,22.285714285714285,True,False,False,True
7296,3600.0,2,3600.0,True,3599.0,0.02778549597110308,0.02778549597110308,True,True,False,False
7297,3600.0,2,3600.0,True,3598.0,0.055586436909394105,0.055586436909394105,True,True,False,False
7298,3600.0,5,3600.0,True,3585.0,0.41841004184100417,0.41841004184100417,True,True,False,False
7299,9050.0,2,9050.0,True,9050.0,0.0,0.0,True,True,False,False
7300,160.0,6,160.0,True,207.0,22.705314009661837,22.705314009661837,False,False,False,False
7301,289.0,1,289.0,False,814.0,64.4963144963145,64.4963144963145,False,False,False,False
7302,190.0,1,190.0,False,190.0,0.0,0.0,True,True,False,False
7303,2249.4,1,2249.4,False,2249.4,0.0,0.0,True,True,False,False
7304,11.0682,1,11.0682,False,11.0682,0.0,0.0,True,True,False,False
7305,1285.0,2,1285.0,True,1366.0,5.929721815519766,5.929721815519766,True,True,False,False
7306,175.99,1,175.99,False,175.99,0.0,0.0,True,True,False,False
7307,2462.51,1,2462.51,False,2570.0,4.182490272373532,4.182490272373532,True,True,False,False
7308,164.99,6,164.99,True,158.94,3.806467849502964,3.806467849502964,True,True,False,False
7309,179.57,9,179.57,True,179.57,0.0,0.0,True,True,False,False
7310,1285.0,1,1285.0,False,1285.0,0.0,0.0,True,True,False,False
7311,20.62,2,20.62,True,20.62,0.0,0.0,True,True,False,False
7312,1128.0346,6,2292.49,True,2145.0,47.410974358974364,6.875990675990666,False,True,True,False
7313,199.64,1,199.64,False,199.64,0.0,0.0,True,True,False,False
7314,110.64,9,120.64,True,110.64,0.0,9.038322487346347,True,True,False,False
7315,209.64,1,209.64,False,135.4,54.830132939438684,54.830132939438684,False,False,False,False
7316,7934.5,1,7934.5,False,691.06,1048.1636905623247,1048.1636905623247,False,False,False,False
7317,4950.0,1,4950.0,False,65000.0,92.38461538461539,92.38461538461539,False,False,False,False
7318,6694.0,1,6694.0,False,11405.0,41.306444541867606,41.306444541867606,False,False,False,False
7319,2514.0,1,2514.0,False,2350.0,6.978723404255319,6.978723404255319,True,True,False,False
7320,1148.47,1,1148.47,False,1148.47,0.0,0.0,True,True,False,False
7321,373370.0,1,373370.0,False,49325.0,656.9589457678662,656.9589457678662,False,False,False,False
7322,37027.94,7,34267.54,True,36752.3,0.7499938779341684,6.760828573994014,True,True,False,False
7323,37027.94,7,34267.54,True,36352.3,1.8585894152502023,5.734877848169171,True,True,False,False
7324,40881.79,1,40881.79,False,35731.59,14.413576333994666,14.413576333994666,False,False,False,False
7325,68330.76,1,68330.76,False,650.92,10397.566521231489,10397.566521231489,False,False,False,False
7326,68730.76,1,68730.76,False,650.92,10459.018005284828,10459.018005284828,False,False,False,False
7327,178321.34,1,178321.34,False,29445.0,505.60821871285447,505.60821871285447,False,False,False,False
7328,224392.0,1,224392.0,False,224876.0,0.21522972660488449,0.21522972660488449,True,True,False,False
7329,103.99,8,76.94,True,50.0,107.97999999999999,53.879999999999995,False,False,False,False
7330,7850.0,1,7850.0,False,9450.0,16.93121693121693,16.93121693121693,False,False,False,False
7331,9140.0,1,9140.0,False,8900.0,2.696629213483146,2.696629213483146,True,True,False,False
7332,9140.0,1,9140.0,False,8995.0,1.6120066703724294,1.6120066703724294,True,True,False,False
7333,6000.0,2,6600.0,True,7735.0,22.430510665804785,14.673561732385263,False,False,False,False
7334,36.0,7,151.0,True,56.0,35.714285714285715,169.64285714285714,False,False,False,False
7335,71.05,1,71.05,False,65.0,9.307692307692303,9.307692307692303,True,True,False,False
7336,16.0,3,16.77,True,16.0,0.0,4.812499999999997,True,True,False,False
7337,98.0,3,98.0,True,98.0,0.0,0.0,True,True,False,False
7338,43.2,1,43.2,False,60.8,28.947368421052623,28.947368421052623,False,False,False,False
7339,3.9,1,3.9,False,3.9,0.0,0.0,True,True,False,False
7340,307.99,2,96.84,True,55.0,459.9818181818182,76.07272727272728,False,False,False,False
7341,118.49,1,118.49,False,87.99,34.663029889760196,34.663029889760196,False,False,False,False
7342,132.5,6,138.75,True,155.0,14.516129032258066,10.483870967741936,False,False,False,False
7343,7825.0,1,7825.0,False,2895.0,170.293609671848,170.293609671848,False,False,False,False
7344,153.77,1,153.77,False,145.22,5.8876187852912905,5.8876187852912905,True,True,False,False
7345,37.0102,10,125.0,True,96.1,61.48782518210197,30.072840790842882,False,False,False,False
7346,4837.51,1,4837.51,False,373.56,1194.9753720955134,1194.9753720955134,False,False,False,False
7347,4837.51,1,4837.51,False,373.56,1194.9753720955134,1194.9753720955134,False,False,False,False
7348,885.04,1,885.04,False,3589.35,75.34261077911042,75.34261077911042,False,False,False,False
7349,3308.08,1,3308.08,False,3589.35,7.8362377589257095,7.8362377589257095,True,True,False,False
7350,3308.08,1,3308.08,False,3589.35,7.8362377589257095,7.8362377589257095,True,True,False,False
7351,6.5,1,6.5,False,6.5,0.0,0.0,True,True,False,False
7352,100.05,1,100.05,False,1959.75,94.89475698430923,94.89475698430923,False,False,False,False
7353,110.57,1,110.57,False,612.0,81.93300653594771,81.93300653594771,False,False,False,False
7354,1366.0,1,1366.0,False,1285.0,6.303501945525292,6.303501945525292,True,True,False,False
7355,227.69,4,227.69,True,179.57,26.797349223144177,26.797349223144177,False,False,False,False
7356,25893.23,1,25893.23,False,32071.87,19.26498205436727,19.26498205436727,False,False,False,False
7357,40780.6,5,29415.89,True,32071.87,27.153795522368977,8.281338132138847,False,True,True,False
7358,284942.62,1,284942.62,False,402454.0,29.198710908575887,29.198710908575887,False,False,False,False
7359,1400.0,3,1435.0,True,1485.19,5.735966442004057,3.379365603054158,True,True,False,False
7360,563.06,2,623.04,True,679.19,17.09830827897939,8.267200636051781,False,True,True,False
7361,102.0,3,132.5,True,127.5,20.0,3.9215686274509802,False,True,True,False
7362,102.0,3,132.5,True,138.75,26.486486486486488,4.504504504504505,False,True,True,False
7363,4140.06,1,4140.06,False,256.0,1517.2109375000002,1517.2109375000002,False,False,False,False
7364,1325.53,1,1325.53,False,1654.26,19.87172512180673,19.87172512180673,False,False,False,False
7365,1285.0,2,1285.0,True,1415.0,9.187279151943462,9.187279151943462,True,True,False,False
7366,179.57,2,179.57,True,179.57,0.0,0.0,True,True,False,False
7367,20.62,1,20.62,False,20.62,0.0,0.0,True,True,False,False
7368,44.5,3,53.99,True,55.0,19.090909090909093,1.8363636363636329,False,True,True,False
7369,57.0,1,57.0,False,30.93,84.28709990300679,84.28709990300679,False,False,False,False
7370,158.39,3,174.89,True,137.49,15.201105534947978,27.201978325696395,False,False,False,False
7371,563.06,1,563.06,False,422.06,33.40757238307348,33.40757238307348,False,False,False,False
7372,319.2,9,227.49,True,15.2,2000.0,1396.6447368421054,False,False,False,False
7373,593.57,1,593.57,False,593.57,0.0,0.0,True,True,False,False
7374,115.0,7,115.0,True,409.0,71.88264058679707,71.88264058679707,False,False,False,False
7375,115.0,5,115.0,True,120.0,4.166666666666666,4.166666666666666,True,True,False,False
7376,241.0,7,252.0,True,201.142857,19.815340994187036,25.28409099807109,False,False,False,False
7377,662.0,1,662.0,False,662.0,0.0,0.0,True,True,False,False
7378,1405.27,8,1329.0,True,1172.28,19.874944552495993,13.368819735899276,False,False,False,False
7379,1405.27,8,1329.0,True,434.08,223.73525617397715,206.1647622558054,False,False,False,False
7380,1405.27,8,1329.0,True,1517.69,7.407309793172523,12.432710237268484,True,False,False,True
7381,69.0,10,66.9,True,235.0,70.63829787234043,71.53191489361703,False,False,False,False
7382,83.5,10,66.9,True,443.0,81.15124153498871,84.89841986455983,False,False,False,False
7383,27.5,1,27.5,False,22.0,25.0,25.0,False,False,False,False
7384,23.0,1,23.0,False,23.0,0.0,0.0,True,True,False,False
7385,19.09,1,19.09,False,19.09,0.0,0.0,True,True,False,False
7386,19.09,1,19.09,False,19.09,0.0,0.0,True,True,False,False
7387,1011.08,6,1287.08,True,422.06,139.5583566317585,204.9519025730939,False,False,False,False
7388,113.53,4,113.53,True,113.53,0.0,0.0,True,True,False,False
7389,4121.32,1,4121.32,False,4021.32,2.486745645708363,2.486745645708363,True,True,False,False
7390,118.84,2,42.74,True,89.0,33.528089887640455,51.977528089887635,False,False,False,False
7391,178321.34,1,178321.34,False,152680.0,16.794170814776,16.794170814776,False,False,False,False
7392,883.19,8,974.11,True,883.19,0.0,10.294500617081257,True,False,False,True
7393,381.0,8,409.0,True,399.0,4.511278195488721,2.506265664160401,True,True,False,False
7394,381.0,3,350.0,True,115.0,231.30434782608694,204.34782608695653,False,False,False,False
7395,165.0,7,381.0,True,409.0,59.65770171149144,6.845965770171149,False,True,True,False
7396,5465.0,10,8463.0,True,5899.0,7.3571791829123585,43.46499406679098,True,False,False,True
7397,3513.17,1,3513.17,False,58976.0,94.04305141074336,94.04305141074336,False,False,False,False
7398,3762.0,1,3762.0,False,3762.0,0.0,0.0,True,True,False,False
7399,4998.0,1,4998.0,False,14457.68,65.43013816877951,65.43013816877951,False,False,False,False
7400,4998.0,1,4998.0,False,11384.0,56.096275474349966,56.096275474349966,False,False,False,False
7401,1770.0,1,1770.0,False,250.0,608.0,608.0,False,False,False,False
7402,470.0,4,1022.6,True,1155.66,59.33059896509354,11.513767024903522,False,False,False,False
7403,53.82,2,5550.0,True,730.12,92.62860899578152,660.149016600011,False,False,False,False
7404,3957.09,1,3957.09,False,3957.09,0.0,0.0,True,True,False,False
7405,730.12,3,1223.21,True,1223.22,40.31163650038423,0.0008175144291289305,False,True,True,False
7406,1770.0,1,1770.0,False,250.0,608.0,608.0,False,False,False,False
7407,13441.68,1,13441.68,False,10584.0,27.0,27.0,False,False,False,False
7408,3762.0,1,3762.0,False,3630.0,3.6363636363636362,3.6363636363636362,True,True,False,False
7409,500.0,1,500.0,False,500.0,0.0,0.0,True,True,False,False
7410,9717.7,1,9717.7,False,15458.0,37.13481692327597,37.13481692327597,False,False,False,False
7411,9531.25,5,8949.55,True,13645.0,30.1484060095273,34.411506046170764,False,False,False,False
7412,31144.0,1,31144.0,False,34992.0,10.996799268404207,10.996799268404207,False,False,False,False
7413,82551.0,1,82551.0,False,96112.0,14.109580489429,14.109580489429,False,False,False,False
7414,23305.51,3,39366.6,True,29389.47,20.701155890187888,33.947975244194595,False,False,False,False
7415,3762.0,1,3762.0,False,4998.0,24.729891956782712,24.729891956782712,False,False,False,False
7416,3762.0,1,3762.0,False,3630.0,3.6363636363636362,3.6363636363636362,True,True,False,False
7417,3762.0,1,3762.0,False,3762.0,0.0,0.0,True,True,False,False
7418,3762.0,2,4050.0,True,2370.0,58.734177215189874,70.88607594936708,False,False,False,False
7419,58.92,1,58.92,False,33.09,78.05983680870352,78.05983680870352,False,False,False,False
7420,1340.43,1,1340.43,False,1340.43,0.0,0.0,True,True,False,False
7421,1122.31,2,281.03,True,1340.43,16.272390203143775,79.03433972680409,False,False,False,False
7422,1654.26,1,1654.26,False,1654.26,0.0,0.0,True,True,False,False
7423,1343.02,1,1343.02,False,1325.53,1.3194722111155546,1.3194722111155546,True,True,False,False
7424,50.14,1,50.14,False,50.14,0.0,0.0,True,True,False,False
7425,1883.0,1,1883.0,False,1883.0,0.0,0.0,True,True,False,False
7426,2312.8,1,2312.8,False,109542.23,97.88866814195767,97.88866814195767,False,False,False,False
7427,2312.8,1,2312.8,False,84283.95,97.25594256083157,97.25594256083157,False,False,False,False
7428,500.0,7,158.39,True,158.39,215.67649472820256,0.0,False,True,True,False
7429,16000.0,1,16000.0,False,16800.0,4.761904761904762,4.761904761904762,True,True,False,False
7430,2360.0,2,1180.0,True,1630.0,44.785276073619634,27.607361963190186,False,False,False,False
7431,3110.0,1,3110.0,False,7995.0,61.10068792995622,61.10068792995622,False,False,False,False
7432,3990.0,4,828.0,True,506.0,688.5375494071146,63.63636363636363,False,False,False,False
7433,32673.31,1,32673.31,False,18423.02,77.35045611414415,77.35045611414415,False,False,False,False
7434,32673.31,10,27547.4,True,17962.14,81.9009872988408,53.363686064132686,False,False,False,False
7435,7.9,1,7.9,False,7.9,0.0,0.0,True,True,False,False
7436,8387.24,1,8387.24,False,12165.0,31.054336210439786,31.054336210439786,False,False,False,False
7437,18423.02,1,18423.02,False,5160.0,257.0352713178295,257.0352713178295,False,False,False,False
7438,1200.0,1,1200.0,False,4875.0,75.38461538461539,75.38461538461539,False,False,False,False
7439,247.5,1,247.5,False,247.5,0.0,0.0,True,True,False,False
7440,80.85,1,80.85,False,80.85,0.0,0.0,True,True,False,False
7441,80.85,9,86.1,True,160.65,49.67320261437909,46.40522875816994,False,False,False,False
7442,86.1,1,86.1,False,86.1,0.0,0.0,True,True,False,False
7443,71.5,1,71.5,False,71.5,0.0,0.0,True,True,False,False
7444,1490.0,5,1850.0,True,1490.0,0.0,24.161073825503358,True,False,False,True
7445,50.0,1,50.0,False,50.0,0.0,0.0,True,True,False,False
7446,12257.0,1,12257.0,False,14962.0,18.079133805640957,18.079133805640957,False,False,False,False
7447,12257.0,1,12257.0,False,19860.0,38.28298086606244,38.28298086606244,False,False,False,False
7448,12257.0,1,12257.0,False,6760.0,81.31656804733728,81.31656804733728,False,False,False,False
7449,50370.46,9,54638.64,True,226691.48,77.78017065308322,75.89735617765609,False,False,False,False
7450,65143.42,1,65143.42,False,67049.46,2.84273728677309,2.84273728677309,True,True,False,False
7451,63068.61,1,63068.61,False,66649.46,5.372661683980644,5.372661683980644,True,True,False,False
7452,73334.0,8,56653.9,True,48470.21,51.29705441754842,16.883958208557384,False,False,False,False
7453,73334.0,8,56653.9,True,48870.21,50.05869628962102,15.927269393767702,False,False,False,False
7454,35731.59,4,40881.79,True,97847.1,63.48221868609289,58.21870040093165,False,False,False,False
7455,15550.0,1,15550.0,False,14398.0,8.001111265453535,8.001111265453535,True,True,False,False
7456,59771.0,1,59771.0,False,34203.0,74.75367657807794,74.75367657807794,False,False,False,False
7457,113350.0,1,113350.0,False,20900.0,442.34449760765546,442.34449760765546,False,False,False,False
7458,285916.0,1,285916.0,False,421660.0,32.19276194090025,32.19276194090025,False,False,False,False
7459,462759.0,1,462759.0,False,457598.0,1.1278458384870562,1.1278458384870562,True,True,False,False
7460,285916.0,1,285916.0,False,457198.0,37.46341847514644,37.46341847514644,False,False,False,False
7461,62418.66,1,62418.66,False,151677.77,58.847852259431285,58.847852259431285,False,False,False,False
7462,6595.0,1,6595.0,False,10585.0,37.69485120453472,37.69485120453472,False,False,False,False
7463,5600.0,1,5600.0,False,5600.0,0.0,0.0,True,True,False,False
7464,5100.0,1,5100.0,False,5100.0,0.0,0.0,True,True,False,False
7465,2950.0,5,2950.0,True,2948.0,0.06784260515603799,0.06784260515603799,True,True,False,False
7466,3598.0,1,3598.0,False,3698.0,2.704164413196322,2.704164413196322,True,True,False,False
7467,5600.0,1,5600.0,False,5600.0,0.0,0.0,True,True,False,False
7468,1675.0,1,1675.0,False,1675.0,0.0,0.0,True,True,False,False
7469,6595.0,1,6595.0,False,10585.0,37.69485120453472,37.69485120453472,False,False,False,False
7470,5100.0,1,5100.0,False,5100.0,0.0,0.0,True,True,False,False
7471,2950.0,5,2950.0,True,2948.0,0.06784260515603799,0.06784260515603799,True,True,False,False
7472,3598.0,1,3598.0,False,3598.0,0.0,0.0,True,True,False,False
7473,2949.0,1,2949.0,False,2949.0,0.0,0.0,True,True,False,False
7474,6595.0,1,6595.0,False,6595.0,0.0,0.0,True,True,False,False
7475,3598.0,1,3598.0,False,3599.0,0.02778549597110308,0.02778549597110308,True,True,False,False
7476,5100.0,1,5100.0,False,5095.0,0.09813542688910697,0.09813542688910697,True,True,False,False
7477,5100.0,2,5100.0,True,5095.0,0.09813542688910697,0.09813542688910697,True,True,False,False
7478,6595.0,1,6595.0,False,6595.0,0.0,0.0,True,True,False,False
7479,2949.0,1,2949.0,False,2949.0,0.0,0.0,True,True,False,False
7480,3598.0,1,3598.0,False,3599.0,0.02778549597110308,0.02778549597110308,True,True,False,False
7481,1665.0,1,1665.0,False,1665.0,0.0,0.0,True,True,False,False
7482,2950.0,3,2950.0,True,2950.0,0.0,0.0,True,True,False,False
7483,6600.0,5,6600.0,True,6525.0,1.1494252873563218,1.1494252873563218,True,True,False,False
7484,5100.0,4,5100.0,True,4985.0,2.3069207622868606,2.3069207622868606,True,True,False,False
7485,3599.0,1,3599.0,False,3585.0,0.3905160390516039,0.3905160390516039,True,True,False,False
7486,5600.0,9,3635.29,True,3950.0,41.77215189873418,7.967341772151899,False,True,True,False
7487,6600.0,5,6600.0,True,6525.0,1.1494252873563218,1.1494252873563218,True,True,False,False
7488,2950.0,3,2950.0,True,2950.0,0.0,0.0,True,True,False,False
7489,1665.0,1,1665.0,False,1665.0,0.0,0.0,True,True,False,False
7490,5100.0,4,5100.0,True,4985.0,2.3069207622868606,2.3069207622868606,True,True,False,False
7491,3599.0,1,3599.0,False,3585.0,0.3905160390516039,0.3905160390516039,True,True,False,False
7492,5600.0,9,3635.29,True,3950.0,41.77215189873418,7.967341772151899,False,True,True,False
7493,2.87,2,3.15,True,2.87,0.0,9.756097560975602,True,True,False,False
7494,3.15,1,3.15,False,3.15,0.0,0.0,True,True,False,False
7495,160.65,1,160.65,False,11.55,1290.9090909090908,1290.9090909090908,False,False,False,False
7496,3361.4,1,3361.4,False,6768.75,50.33942751615882,50.33942751615882,False,False,False,False
7497,3030.0,9,3030.0,True,250.0,1112.0,1112.0,False,False,False,False
7498,3030.0,10,3030.0,True,2418.0,25.31017369727047,25.31017369727047,False,False,False,False
7499,3762.0,4,4050.0,True,3270.0,15.045871559633028,23.853211009174313,False,False,False,False
7500,3762.0,1,3762.0,False,3762.0,0.0,0.0,True,True,False,False
7501,3762.0,1,3762.0,False,4410.0,14.69387755102041,14.69387755102041,False,False,False,False
7502,3630.0,4,3762.0,True,2730.0,32.967032967032964,37.8021978021978,False,False,False,False
7503,3030.0,8,2922.0,True,250.0,1112.0,1068.8,False,False,False,False
7504,3030.0,10,3030.0,True,2670.0,13.48314606741573,13.48314606741573,False,False,False,False
7505,3762.0,1,3762.0,False,3630.0,3.6363636363636362,3.6363636363636362,True,True,False,False
7506,9.6,1,9.6,False,15.0,36.00000000000001,36.00000000000001,False,False,False,False
7507,156.05,1,156.05,False,597.0,73.8609715242881,73.8609715242881,False,False,False,False
7508,36.8,1,36.8,False,411.0,91.04622871046229,91.04622871046229,False,False,False,False
7509,176.9,1,176.9,False,88.0,101.02272727272728,101.02272727272728,False,False,False,False
7510,36.8,1,36.8,False,1875.0,98.03733333333334,98.03733333333334,False,False,False,False
7511,36.8,1,36.8,False,25.0,47.19999999999999,47.19999999999999,False,False,False,False
7512,36.8,1,36.8,False,656.0,94.39024390243902,94.39024390243902,False,False,False,False
7513,36.8,1,36.8,False,10.0,268.0,268.0,False,False,False,False
7514,174.89,10,158.39,True,660.0,73.50151515151515,76.00151515151515,False,False,False,False
7515,1823.31,1,1823.31,False,1145.0,59.241048034934494,59.241048034934494,False,False,False,False
7516,422.06,8,1287.08,True,469.06,10.02004008016032,174.3955997100584,False,False,False,False
7517,89.1,1,89.1,False,51.92,71.61016949152541,71.61016949152541,False,False,False,False
7518,262.0,5,241.0,True,265.333333,1.2562812829852712,9.170854157249812,True,True,False,False
7519,1285.0,4,1285.0,True,1285.0,0.0,0.0,True,True,False,False
7520,179.57,1,179.57,False,179.57,0.0,0.0,True,True,False,False
7521,158.39,3,174.89,True,158.39,0.0,10.417324326030684,True,False,False,True
7522,20.62,6,20.62,True,20.62,0.0,0.0,True,True,False,False
7523,77.99,1,77.99,False,92.72,15.886540120793793,15.886540120793793,False,False,False,False
7524,87.99,1,87.99,False,60.0,46.64999999999999,46.64999999999999,False,False,False,False
7525,17.94,5,18.7,True,15.31,17.17831482691052,22.142390594382746,False,False,False,False
7526,17.94,5,18.7,True,36.0,50.16666666666666,48.05555555555556,False,False,False,False
7527,17.94,5,18.7,True,32.73,45.187901008249305,42.865872288420405,False,False,False,False
7528,402454.0,5,72866.67,True,191544.52,110.10990029889658,61.958363517786886,False,False,False,False
7529,127.5,9,140.0,True,155.0,17.741935483870968,9.67741935483871,False,True,True,False
7530,5260.71,1,5260.71,False,33660.0,84.3710338680927,84.3710338680927,False,False,False,False
7531,232.0,1,232.0,False,290.0,20.0,20.0,False,False,False,False
7532,104.43,5,95.58,True,95.16,9.741488020176556,0.4413619167717546,True,True,False,False
7533,84283.95,1,84283.95,False,1499.25,5521.740870435217,5521.740870435217,False,False,False,False
7534,104.43,1,104.43,False,738.6,85.86108854589766,85.86108854589766,False,False,False,False
7535,104.43,1,104.43,False,152.01,31.300572330767707,31.300572330767707,False,False,False,False
7536,104.43,2,95.58,True,87.46,19.40315572833297,9.284244225931861,False,True,True,False
7537,191.39,1,191.39,False,152.89,25.18150304140232,25.18150304140232,False,False,False,False
7538,46.51,1,46.51,False,46.51,0.0,0.0,True,True,False,False
7539,593.57,1,593.57,False,593.57,0.0,0.0,True,True,False,False
7540,350.0,1,350.0,False,17.0,1958.8235294117649,1958.8235294117649,False,False,False,False
7541,136.0,1,136.0,False,136.85,0.6211180124223561,0.6211180124223561,True,True,False,False
7542,65.24,1,65.24,False,196.43,66.78715063890444,66.78715063890444,False,False,False,False
7543,5.04,5,56.5,True,125.86,95.99555061179088,55.108851104401715,False,False,False,False
7544,1895.0,1,1895.0,False,11323.82,83.26536451480155,83.26536451480155,False,False,False,False
7545,86.1,8,86.1,True,160.65,46.40522875816994,46.40522875816994,False,False,False,False
7546,86.1,7,86.1,True,11.55,645.4545454545454,645.4545454545454,False,False,False,False
7547,86.1,8,86.1,True,668.47,87.11984083055336,87.11984083055336,False,False,False,False
7548,2150.0,6,2150.0,True,1423.0,51.08924806746311,51.08924806746311,False,False,False,False
7549,20.62,4,20.62,True,20.62,0.0,0.0,True,True,False,False
7550,164.99,3,167.72,True,179.57,8.119396335690809,6.5990978448515865,True,True,False,False
7551,21.0,1,21.0,False,20.62,1.8428709990300631,1.8428709990300631,True,True,False,False
7552,1415.0,5,1490.0,True,268.94,426.1396594035844,454.0269205027143,False,False,False,False
7553,179.57,9,179.57,True,2805.0,93.5982174688057,93.5982174688057,False,False,False,False
7554,116135.25,3,117719.8,True,33430.43,247.39382652272198,252.13366983314302,False,False,False,False
7555,115.0,10,168.2,True,115.0,0.0,46.260869565217384,True,False,False,True
7556,2074.4,1,2074.4,False,2074.4,0.0,0.0,True,True,False,False
7557,32.37,1,32.37,False,32.37,0.0,0.0,True,True,False,False
7558,62118.84,1,62118.84,False,86993.19,28.59344507311435,28.59344507311435,False,False,False,False
7559,702.23,1,702.23,False,1425.0,50.72070175438596,50.72070175438596,False,False,False,False
7560,960.0,1,960.0,False,65.91,1356.5316340464271,1356.5316340464271,False,False,False,False
7561,960.0,1,960.0,False,1745.62,45.0052130475132,45.0052130475132,False,False,False,False
7562,99.98,1,99.98,False,127.2,21.399371069182386,21.399371069182386,False,False,False,False
7563,4.15,2,4.35,True,4.3,3.4883720930232434,1.1627906976744147,True,True,False,False
7564,191.14,1,191.14,False,238.93,20.001674130498483,20.001674130498483,False,False,False,False
7565,738.6,1,738.6,False,21649.76,96.58841483693122,96.58841483693122,False,False,False,False
7566,158.39,1,158.39,False,158.39,0.0,0.0,True,True,False,False
7567,173.82,1,173.82,False,217.85,20.211154464080792,20.211154464080792,False,False,False,False
7568,206.08,10,225.2,True,126.46,62.960619958880294,78.08002530444409,False,False,False,False
7569,250.0,1,250.0,False,100.0,150.0,150.0,False,False,False,False
7570,28.0,5,189.35,True,45.48,38.43447669305189,316.33685136323663,False,False,False,False
7571,36.17,1,36.17,False,80.1,54.84394506866417,54.84394506866417,False,False,False,False
7572,36.17,1,36.17,False,332.1,89.10870219813309,89.10870219813309,False,False,False,False
7573,61.76,1,61.76,False,49.15,25.656154628687688,25.656154628687688,False,False,False,False
7574,1883.0,1,1883.0,False,1883.0,0.0,0.0,True,True,False,False
7575,62418.66,10,56389.0,True,33691.68,85.26431451325669,67.36772995588228,False,False,False,False
7576,48470.21,1,48470.21,False,81838.47,40.77331846502018,40.77331846502018,False,False,False,False
7577,53950.41,4,56653.9,True,83410.17,35.319146334313906,32.07794684988653,False,False,False,False
7578,318053.94,4,402454.0,True,108219.99,193.89573959487524,271.8850833381153,False,False,False,False
7579,48470.21,4,56653.9,True,81438.47,40.48241574283014,30.43349169010665,False,False,False,False
7580,318053.94,4,402454.0,True,115239.66,175.99347308036138,249.23220009500199,False,False,False,False
7581,10000.0,10,10605.19,True,298820.0,96.65350378154073,96.45097717689579,False,False,False,False
7582,535982.0,9,112395.0,True,20000.0,2579.91,461.97499999999997,False,False,False,False
7583,20000.0,2,20000.0,True,10000.0,100.0,100.0,False,False,False,False
7584,650.0,1,650.0,False,68.66,846.6938537722109,846.6938537722109,False,False,False,False
7585,650.0,1,650.0,False,224.64,189.35185185185185,189.35185185185185,False,False,False,False
7586,650.0,1,650.0,False,209.52,210.2329133256968,210.2329133256968,False,False,False,False
7587,650.0,1,650.0,False,30.13,2057.318287421175,2057.318287421175,False,False,False,False
7588,650.0,1,650.0,False,2306.78,71.8221937072456,71.8221937072456,False,False,False,False
7589,650.0,1,650.0,False,34.24,1798.3644859813082,1798.3644859813082,False,False,False,False
7590,1904.84,2,2071.34,True,3257.95,41.53255881766141,36.42198314891265,False,False,False,False
7591,100.0,1,100.0,False,100.0,0.0,0.0,True,True,False,False
7592,108.0,1,108.0,False,108.0,0.0,0.0,True,True,False,False
7593,70.0,2,70.0,True,70.0,0.0,0.0,True,True,False,False
7594,15.0,2,15.0,True,15.0,0.0,0.0,True,True,False,False
7595,32.0,2,32.29,True,357.49,91.04870066295561,90.96757951271364,False,False,False,False
7596,32.0,1,32.0,False,175.0,81.71428571428572,81.71428571428572,False,False,False,False
7597,6768.75,1,6768.75,False,28.85,23361.87175043327,23361.87175043327,False,False,False,False
7598,74.15,1,74.15,False,114.95,35.49369290996085,35.49369290996085,False,False,False,False
7599,74.15,1,74.15,False,390.0,80.98717948717949,80.98717948717949,False,False,False,False
7600,74.15,6,2158.4,True,29.45,151.78268251273346,7229.032258064517,False,False,False,False
7601,74.15,1,74.15,False,131.0,43.39694656488549,43.39694656488549,False,False,False,False
7602,74.15,1,74.15,False,33.15,123.68024132730018,123.68024132730018,False,False,False,False
7603,74.15,6,2158.4,True,39.23,89.01351006882491,5401.9118021922,False,False,False,False
7604,74.15,1,74.15,False,72.53,2.2335585275058656,2.2335585275058656,True,True,False,False
7605,74.15,1,74.15,False,2151.75,96.55396770070872,96.55396770070872,False,False,False,False
7606,6768.75,1,6768.75,False,4299.0,57.449406838799725,57.449406838799725,False,False,False,False
7607,841.29,4,967.54,True,1073.74,21.64863002216552,9.890662544005071,False,True,True,False
7608,179.57,9,179.57,True,137.49,30.60586224452686,30.60586224452686,False,False,False,False
7609,1285.0,5,1415.0,True,2245.5,42.77443776441772,36.98508127365842,False,False,False,False
7610,1285.0,1,1285.0,False,2472.53,48.028942014859275,48.028942014859275,False,False,False,False
7611,95.15,1,95.15,False,99.6,4.467871485943764,4.467871485943764,True,True,False,False
7612,95.15,1,95.15,False,95.15,0.0,0.0,True,True,False,False
7613,95.15,4,95.15,True,79.8,19.23558897243109,19.23558897243109,False,False,False,False
7614,95.15,6,95.15,True,99.4,4.275653923541247,4.275653923541247,True,True,False,False
7615,95.15,6,95.15,True,156.48,39.193507157464204,39.193507157464204,False,False,False,False
7616,3929.84,10,3972.56,True,8258.83,52.41650451698364,51.89923996498293,False,False,False,False
7617,138.75,1,138.75,False,138.75,0.0,0.0,True,True,False,False
7618,127.5,3,132.5,True,127.5,0.0,3.9215686274509802,True,True,False,False
7619,132.5,6,140.0,True,161.25,17.829457364341085,13.178294573643413,False,False,False,False
7620,131.25,9,136.25,True,136.25,3.669724770642202,0.0,True,True,False,False
7621,131.25,7,140.0,True,146.25,10.256410256410255,4.273504273504273,False,True,True,False
7622,132.5,1,132.5,False,140.0,5.357142857142857,5.357142857142857,True,True,False,False
7623,155.0,8,102.0,True,127.5,21.568627450980394,20.0,False,False,False,False
7624,127.5,10,138.75,True,138.75,8.108108108108109,0.0,True,True,False,False
7625,155.0,8,155.0,True,146.25,5.982905982905983,5.982905982905983,True,True,False,False
7626,155.0,10,155.0,True,127.5,21.568627450980394,21.568627450980394,False,False,False,False
7627,127.5,7,138.75,True,161.25,20.930232558139537,13.953488372093023,False,False,False,False
7628,25.0,9,113.48,True,489.06,94.88815278288962,76.79630311209257,False,False,False,False
7629,895.46,1,895.46,False,500.35,78.96672329369441,78.96672329369441,False,False,False,False
7630,18.0,1,18.0,False,26.78,32.78566094100075,32.78566094100075,False,False,False,False
7631,895.46,1,895.46,False,2897.17,69.09190692986604,69.09190692986604,False,False,False,False
7632,895.46,1,895.46,False,47.98,1766.319299708212,1766.319299708212,False,False,False,False
7633,2413.64,1,2413.64,False,5163.69,53.25745736091826,53.25745736091826,False,False,False,False
7634,209.52,1,209.52,False,4580.37,95.42569705067494,95.42569705067494,False,False,False,False
7635,895.46,1,895.46,False,2999.33,70.14466564199337,70.14466564199337,False,False,False,False
7636,2413.64,1,2413.64,False,466.09,417.8484841983308,417.8484841983308,False,False,False,False
7637,15.0,1,15.0,False,74.4,79.83870967741936,79.83870967741936,False,False,False,False
7638,146.32,1,146.32,False,74.37,96.74599973107433,96.74599973107433,False,False,False,False
7639,895.46,1,895.46,False,1501.72,40.37104120608369,40.37104120608369,False,False,False,False
7640,2413.64,1,2413.64,False,409.84,488.9225063439391,488.9225063439391,False,False,False,False
7641,2413.64,1,2413.64,False,4368.0,44.742673992674,44.742673992674,False,False,False,False
7642,895.46,1,895.46,False,1050.67,14.772478513710302,14.772478513710302,False,False,False,False
7643,17140.0,6,116968.0,True,14800.0,15.81081081081081,690.3243243243243,False,False,False,False
7644,19.09,1,19.09,False,19.09,0.0,0.0,True,True,False,False
7645,151.88,1,151.88,False,157.62,3.641669838852943,3.641669838852943,True,True,False,False
7646,25.5,10,26.14,True,59.39,57.06347870011786,55.98585620474827,False,False,False,False
7647,469155.0,1,469155.0,False,483510.0,2.9689148104485947,2.9689148104485947,True,True,False,False
7648,469155.0,4,322090.0,True,483510.0,2.9689148104485947,33.38503857210813,True,False,False,True
7649,473855.45,1,473855.45,False,469146.45,1.0037377454310907,1.0037377454310907,True,True,False,False
7650,89615.51,5,89615.51,True,120689.02,25.74675807293821,25.74675807293821,False,False,False,False
7651,654.0,6,654.0,True,654.0,0.0,0.0,True,True,False,False
7652,983.0,4,654.0,True,391.0,151.4066496163683,67.26342710997443,False,False,False,False
7653,983.0,5,654.0,True,983.0,0.0,33.46897253306205,True,False,False,True
7654,654.0,1,654.0,False,654.0,0.0,0.0,True,True,False,False
7655,6827.0,2,6827.0,True,11110.0,38.55085508550855,38.55085508550855,False,False,False,False
7656,710.0,9,659.0,True,1197.44,40.70684126135757,44.96592731159808,False,False,False,False
7657,58.78,8,710.0,True,1197.44,95.09119454836986,40.70684126135757,False,False,False,False
7658,38.99,1,38.99,False,46.24,15.679065743944637,15.679065743944637,False,False,False,False
7659,164.99,10,164.99,True,188.31,12.38383516541872,12.38383516541872,False,False,False,False
7660,234.29,1,234.29,False,191.18,22.54942985667956,22.54942985667956,False,False,False,False
7661,164.99,2,179.57,True,27.49,500.1818843215715,553.2193524918152,False,False,False,False
7662,56.0,1,56.0,False,55.5,0.9009009009009009,0.9009009009009009,True,True,False,False
7663,74.0,1,74.0,False,80.0,7.5,7.5,True,True,False,False
7664,62418.66,1,62418.66,False,104530.32,40.286550352089236,40.286550352089236,False,False,False,False
7665,34992.0,2,10116.5,True,9852.0,255.17661388550547,2.6847340641494113,False,True,True,False
7666,22495.0,1,22495.0,False,94800.0,76.2710970464135,76.2710970464135,False,False,False,False
7667,26675.0,1,26675.0,False,780.0,3319.871794871795,3319.871794871795,False,False,False,False
7668,206.0,1,206.0,False,221.0,6.787330316742081,6.787330316742081,True,True,False,False
7669,22450.4,1,22450.4,False,3360.0,568.1666666666667,568.1666666666667,False,False,False,False
7670,3500.0,1,3500.0,False,90.0,3788.8888888888887,3788.8888888888887,False,False,False,False
7671,17.25,1,17.25,False,252.0,93.15476190476191,93.15476190476191,False,False,False,False
7672,18.0,1,18.0,False,342.6,94.7460595446585,94.7460595446585,False,False,False,False
7673,17.25,1,17.25,False,456.0,96.2171052631579,96.2171052631579,False,False,False,False
7674,9.75,8,12.0,True,9.2,5.978260869565226,30.43478260869566,True,False,False,True
7675,0.42,3,0.46,True,0.51,17.647058823529417,9.803921568627448,False,True,True,False
7676,18.0,6,23.0,True,48.0,62.5,52.083333333333336,False,False,False,False
7677,17.25,1,17.25,False,252.0,93.15476190476191,93.15476190476191,False,False,False,False
7678,9.6,2,3.12,True,9.2,4.347826086956526,66.08695652173913,True,False,False,True
7679,18.9,1,18.9,False,54.6,65.38461538461539,65.38461538461539,False,False,False,False
7680,9.75,1,9.75,False,42.54,77.08039492242595,77.08039492242595,False,False,False,False
7681,17.25,10,23.0,True,96.0,82.03125,76.04166666666666,False,False,False,False
7682,17.25,1,17.25,False,52.34,67.04241497898357,67.04241497898357,False,False,False,False
7683,11.4,1,11.4,False,0.42,2614.2857142857147,2614.2857142857147,False,False,False,False
7684,0.42,1,0.42,False,0.51,17.647058823529417,17.647058823529417,False,False,False,False
7685,100.05,2,172.5,True,272.4,63.27092511013215,36.67400881057269,False,False,False,False
7686,14.84,1,14.84,False,3.6,312.22222222222223,312.22222222222223,False,False,False,False
7687,287.5,3,715.0,True,241.5,19.047619047619047,196.06625258799173,False,False,False,False
7688,18.0,1,18.0,False,52.24,65.5436447166922,65.5436447166922,False,False,False,False
7689,100.05,1,100.05,False,84.0,19.107142857142854,19.107142857142854,False,False,False,False
7690,11.4,1,11.4,False,4.8,137.50000000000003,137.50000000000003,False,False,False,False
7691,23.0,1,23.0,False,174.6,86.8270332187858,86.8270332187858,False,False,False,False
7692,9.75,1,9.75,False,9.2,5.978260869565226,5.978260869565226,True,True,False,False
7693,0.58,1,0.58,False,0.46,26.08695652173912,26.08695652173912,False,False,False,False
7694,11.4,5,2.5,True,6.9,65.21739130434783,63.76811594202899,False,False,False,False
7695,11.4,5,2.5,True,4.6,147.82608695652178,45.65217391304348,False,False,False,False
7696,1500.0,4,1515.47,True,1562.0,3.969270166453265,2.978873239436618,True,True,False,False
7697,0.23,1,0.23,False,0.23,0.0,0.0,True,True,False,False
7698,3834.5,1,3834.5,False,120.73,3076.095419531185,3076.095419531185,False,False,False,False
7699,4121.32,7,4302.07,True,4121.32,0.0,4.3857307852823855,True,True,False,False
7700,65818.75,1,65818.75,False,138054.32,52.32401999444857,52.32401999444857,False,False,False,False
7701,198750.0,1,198750.0,False,213489.0,6.903868583393055,6.903868583393055,True,True,False,False
7702,34203.0,2,34203.0,True,132784.0,74.24162549704783,74.24162549704783,False,False,False,False
7703,65482.46,1,65482.46,False,14635.25,347.42973300763566,347.42973300763566,False,False,False,False
7704,21.24,1,21.24,False,19.65,8.091603053435115,8.091603053435115,True,True,False,False
7705,9230.0,1,9230.0,False,69450.0,86.70986321094313,86.70986321094313,False,False,False,False
7706,9230.0,1,9230.0,False,9160.0,0.7641921397379913,0.7641921397379913,True,True,False,False
7707,9230.0,1,9230.0,False,6450.0,43.100775193798455,43.100775193798455,False,False,False,False
7708,190.0,1,190.0,False,190.0,0.0,0.0,True,True,False,False
7709,2249.4,1,2249.4,False,2249.4,0.0,0.0,True,True,False,False
7710,2074.4,1,2074.4,False,2074.4,0.0,0.0,True,True,False,False
7711,11.0682,1,11.0682,False,11.0682,0.0,0.0,True,True,False,False
7712,11.0682,1,11.0682,False,11.0682,0.0,0.0,True,True,False,False
7713,190.0,1,190.0,False,190.0,0.0,0.0,True,True,False,False
7714,21.25,1,21.25,False,21.25,0.0,0.0,True,True,False,False
7715,319.0,1,319.0,False,326.65,2.341956222256231,2.341956222256231,True,True,False,False
7716,190.0,1,190.0,False,190.0,0.0,0.0,True,True,False,False
7717,268.94,1,268.94,False,27.49,878.3193888686797,878.3193888686797,False,False,False,False
7718,1904.84,10,1904.84,True,1860.0,2.4107526881720385,2.4107526881720385,True,True,False,False
7719,244.74,4,244.74,True,247.49,1.1111560063032848,1.1111560063032848,True,True,False,False
7720,191.18,1,191.18,False,171.87,11.235235934136266,11.235235934136266,False,False,False,False
7721,218.99,1,218.99,False,152.89,43.23369742952451,43.23369742952451,False,False,False,False
7722,1904.98,10,2025.0,True,2080.0,8.414423076923077,2.644230769230769,True,True,False,False
7723,2625.0,1,2625.0,False,2710.0,3.136531365313653,3.136531365313653,True,True,False,False
7724,73.0,1,73.0,False,61.87,17.989332471310817,17.989332471310817,False,False,False,False
7725,135.4,1,135.4,False,377.29,64.11248641628455,64.11248641628455,False,False,False,False
7726,199.64,1,199.64,False,199.64,0.0,0.0,True,True,False,False
7727,110.64,1,110.64,False,110.64,0.0,0.0,True,True,False,False
7728,9750.0,1,9750.0,False,3679.0,165.01766784452298,165.01766784452298,False,False,False,False
7729,2903.2,6,4340.55,True,23054.6,87.40728531399373,81.17273776166145,False,False,False,False
7730,348904.44,1,348904.44,False,68707.45,407.81165652341923,407.81165652341923,False,False,False,False
7731,343000.65,3,57787.56,True,68707.45,399.2190075457611,15.893312879462126,False,False,False,False
7732,49325.0,1,49325.0,False,167278.0,70.51315773741915,70.51315773741915,False,False,False,False
7733,49325.0,1,49325.0,False,349000.0,85.86676217765043,85.86676217765043,False,False,False,False
7734,82551.0,1,82551.0,False,20423.0,304.20604220731525,304.20604220731525,False,False,False,False
7735,92066.0,1,92066.0,False,152030.2,39.44229501770044,39.44229501770044,False,False,False,False
7736,593.57,1,593.57,False,593.57,0.0,0.0,True,True,False,False
7737,9.95,1,9.95,False,8.05,23.60248447204967,23.60248447204967,False,False,False,False
7738,40.74,1,40.74,False,155.0,73.71612903225807,73.71612903225807,False,False,False,False
7739,489.0,1,489.0,False,79.2,517.4242424242424,517.4242424242424,False,False,False,False
7740,307.0,10,249.32,True,208.04,47.56777542780235,19.842338011920784,False,False,False,False
7741,307.0,2,256.68,True,129.52,137.02903026559602,98.17788758492895,False,False,False,False
7742,53.82,2,53.05,True,53.82,0.0,1.4306949089557843,True,True,False,False
7743,1372.45,5,1428.0,True,1372.44,0.000728629302555369,4.048264405001308,True,True,False,False
7744,1372.45,3,4125.92,True,5448.58,74.81086815280312,24.2753157703475,False,False,False,False
7745,53.05,1,53.05,False,51.13,3.7551339722276444,3.7551339722276444,True,True,False,False
7746,3957.09,1,3957.09,False,2029.06,95.02084709175679,95.02084709175679,False,False,False,False
7747,152.89,1,152.89,False,173.52,11.88911940986631,11.88911940986631,False,False,False,False
7748,2869.28,1,2869.28,False,857.79,234.49678825819845,234.49678825819845,False,False,False,False
7749,2869.28,1,2869.28,False,28.35,10020.917107583775,10020.917107583775,False,False,False,False
7750,2869.28,1,2869.28,False,1227.96,133.66233427798952,133.66233427798952,False,False,False,False
7751,3519.3,1,3519.3,False,35.0,9955.142857142857,9955.142857142857,False,False,False,False
7752,3519.3,1,3519.3,False,4864.6,27.654894544258525,27.654894544258525,False,False,False,False
7753,1163.03,1,1163.03,False,219.0,431.06392694063925,431.06392694063925,False,False,False,False
7754,24.95,6,129.52,True,115.0,78.30434782608695,12.626086956521748,False,False,False,False
7755,864.0,1,864.0,False,8.0,10700.0,10700.0,False,False,False,False
7756,1099.01,2,1163.03,True,89.0,1134.8426966292134,1206.7752808988764,False,False,False,False
7757,56.05,10,474.05,True,69.0,18.76811594202899,587.0289855072464,False,False,False,False
7758,48.8,1,48.8,False,53.0,7.924528301886798,7.924528301886798,True,True,False,False
7759,1163.03,5,474.05,True,1099.0,5.826205641492263,56.865332120109194,True,False,False,True
7760,474.05,10,755.25,True,179.0,164.8324022346369,321.92737430167597,False,False,False,False
7761,268.94,1,268.94,False,1285.0,79.07081712062256,79.07081712062256,False,False,False,False
7762,773.55,2,773.55,True,830.15,6.8180449316388625,6.8180449316388625,True,True,False,False
7763,96.51,5,159.97,True,5.0,1830.2,3099.4,False,False,False,False
7764,925.32,4,1188.21,True,1275.15,27.434419480061173,6.818021409245975,False,True,True,False
7765,96.51,3,96.51,True,103.57,6.816645746837876,6.816645746837876,True,True,False,False
7766,378.6,1,378.6,False,4219.0,91.02630955202655,91.02630955202655,False,False,False,False
7767,3219.08,1,3219.08,False,167700.0,98.08045319022064,98.08045319022064,False,False,False,False
7768,137.47,2,238.88,True,43500.0,99.68397701149425,99.45085057471265,False,False,False,False
7769,3500.0,1,3500.0,False,90800.0,96.1453744493392,96.1453744493392,False,False,False,False
7770,208.04,2,66.35,True,115.0,80.90434782608695,42.30434782608696,False,False,False,False
7771,1862.73,1,1862.73,False,367.0,407.5558583106267,407.5558583106267,False,False,False,False
7772,16.0,2,16.0,True,16.0,0.0,0.0,True,True,False,False
7773,1955.0,1,1955.0,False,902.0,116.74057649667407,116.74057649667407,False,False,False,False
7774,1955.0,2,2485.0,True,2143.0,8.772748483434437,15.958936070928607,True,False,False,True
7775,648.9,1,648.9,False,648.9,0.0,0.0,True,True,False,False
7776,1.17,1,1.17,False,1.17,0.0,0.0,True,True,False,False
7777,1695.0,1,1695.0,False,1695.0,0.0,0.0,True,True,False,False
7778,300.0,6,300.0,True,300.0,0.0,0.0,True,True,False,False
7779,1095.0,4,1095.0,True,1095.0,0.0,0.0,True,True,False,False
7780,1415.0,4,1525.0,True,1970.0,28.17258883248731,22.588832487309645,False,False,False,False
7781,662.0,1,662.0,False,688.0,3.77906976744186,3.77906976744186,True,True,False,False
7782,500.0,1,500.0,False,500.0,0.0,0.0,True,True,False,False
7783,1091.93,1,1091.93,False,378.09,188.80160808273166,188.80160808273166,False,False,False,False
7784,58.49,1,58.49,False,243.0,75.93004115226337,75.93004115226337,False,False,False,False
7785,17324.39,1,17324.39,False,117.72,14616.60720353381,14616.60720353381,False,False,False,False
7786,26.57,9,50.5,True,249.81,89.36391657659821,79.78463632360594,False,False,False,False
7787,9.42,4,243.25,True,401.24,97.65227793839098,39.375436147941386,False,False,False,False
7788,103.99,1,103.99,False,147.83,29.65568558479335,29.65568558479335,False,False,False,False
7789,1415.0,1,1415.0,False,2260.72,37.409320924307295,37.409320924307295,False,False,False,False
7790,3142.79,1,3142.79,False,303.75,934.6633744855968,934.6633744855968,False,False,False,False
7791,955.0,1,955.0,False,1149.31,16.906665738573576,16.906665738573576,False,False,False,False
7792,1785.0,1,1785.0,False,1423.87,25.362568211985653,25.362568211985653,False,False,False,False
7793,1904.98,1,1904.98,False,1817.25,4.827624157380658,4.827624157380658,True,True,False,False
7794,35.0,6,35.0,True,200.0,82.5,82.5,False,False,False,False
7795,35.0,6,35.0,True,35.0,0.0,0.0,True,True,False,False
7796,20.01,1,20.01,False,22.52,11.145648312611003,11.145648312611003,False,False,False,False
7797,20.01,1,20.01,False,291.88,93.14444292174868,93.14444292174868,False,False,False,False
7798,5500.0,3,15.7,True,440.1,1149.715973642354,96.43262894796636,False,False,False,False
7799,20.01,1,20.01,False,35.14,43.05634604439385,43.05634604439385,False,False,False,False
7800,20.01,1,20.01,False,200.0,89.995,89.995,False,False,False,False
7801,107.53,4,106.07,True,14380.0,99.25222531293463,99.2623783031989,False,False,False,False
7802,70.0,1,70.0,False,100.0,30.0,30.0,False,False,False,False
7803,100.0,1,100.0,False,70.0,42.857142857142854,42.857142857142854,False,False,False,False
7804,70.0,1,70.0,False,15.0,366.66666666666663,366.66666666666663,False,False,False,False
7805,72.53,3,75.23,True,19.24,276.975051975052,291.00831600831606,False,False,False,False
7806,72.53,3,75.23,True,89.25,18.733893557422967,15.708683473389351,False,False,False,False
7807,77.3,9,77.3,True,67.82,13.978177528752589,13.978177528752589,False,False,False,False
7808,160.65,2,648.9,True,648.9,75.24271844660194,0.0,False,True,True,False
7809,80.85,1,80.85,False,80.85,0.0,0.0,True,True,False,False
7810,86.1,8,86.1,True,86.1,0.0,0.0,True,True,False,False
7811,30.8,6,71.5,True,71.5,56.923076923076934,0.0,False,True,True,False
7812,21649.76,1,21649.76,False,1321.6,1538.1476997578693,1538.1476997578693,False,False,False,False
7813,219.45,1,219.45,False,1750.0,87.46,87.46,False,False,False,False
7814,132.0,1,132.0,False,11.5,1047.8260869565217,1047.8260869565217,False,False,False,False
7815,277.83,1,277.83,False,68.5,305.59124087591243,305.59124087591243,False,False,False,False
7816,703.34,10,1347.75,True,337.5,108.39703703703705,299.3333333333333,False,False,False,False
7817,88.0,7,41.92,True,1.5,5766.666666666666,2694.666666666667,False,False,False,False
7818,23.61,4,135.45,True,146.25,83.85641025641026,7.384615384615392,False,True,True,False
7819,1218.75,1,1218.75,False,62.5,1850.0,1850.0,False,False,False,False
7820,8.96,1,8.96,False,0.09,9855.555555555557,9855.555555555557,False,False,False,False
7821,14.89,10,42.74,True,78.0,80.91025641025641,45.205128205128204,False,False,False,False
7822,8.96,1,8.96,False,0.58,1444.8275862068967,1444.8275862068967,False,False,False,False
7823,49325.0,1,49325.0,False,22250.0,121.68539325842698,121.68539325842698,False,False,False,False
7824,37027.94,6,37027.94,True,29131.64,27.10558004973288,27.10558004973288,False,False,False,False
7825,36352.3,5,43446.64,True,38016.92,4.378629305056789,14.282377425630486,True,False,False,True
7826,36352.3,5,43446.64,True,29131.64,24.786314810975295,49.139011741185875,False,False,False,False
7827,104530.32,1,104530.32,False,143580.1,27.197209083988653,27.197209083988653,False,False,False,False
7828,8.95,1,8.95,False,8.95,0.0,0.0,True,True,False,False
7829,103.99,1,103.99,False,5319.99,98.04529707762609,98.04529707762609,False,False,False,False
7830,829.29,1,829.29,False,767.9,7.994530537830445,7.994530537830445,True,True,False,False
7831,157.62,1,157.62,False,157.62,0.0,0.0,True,True,False,False
7832,120.73,1,120.73,False,213.26,43.38835224608459,43.38835224608459,False,False,False,False
7833,120.73,1,120.73,False,169.13,28.617040146632768,28.617040146632768,False,False,False,False
7834,175.7,1,175.7,False,1349.47,86.98007365854743,86.98007365854743,False,False,False,False
7835,175.7,2,530.55,True,534.65,67.137379594127,0.7668568222201483,False,True,True,False
7836,120.73,1,120.73,False,133.88,9.822228861667158,9.822228861667158,True,True,False,False
7837,105.0,3,96.74,True,113.0,7.079646017699115,14.389380530973456,True,False,False,True
7838,11694.79,3,9326.8,True,9293.48,25.838652474638145,0.35853092705853684,False,True,True,False
7839,5300.0,1,5300.0,False,6890.0,23.076923076923077,23.076923076923077,False,False,False,False
7840,3.87,1,3.87,False,3.65,6.027397260273978,6.027397260273978,True,True,False,False
7841,24.54,2,24.54,True,32.35,24.142194744976823,24.142194744976823,False,False,False,False
7842,23.51,5,24.54,True,29.64,20.68151147098515,17.206477732793527,False,False,False,False
7843,33.0,1,33.0,False,32.35,2.0092735703245705,2.0092735703245705,True,True,False,False
7844,24.54,2,24.54,True,29.64,17.206477732793527,17.206477732793527,False,False,False,False
7845,24.54,9,24.54,True,32.35,24.142194744976823,24.142194744976823,False,False,False,False
7846,24.54,7,24.54,True,29.64,17.206477732793527,17.206477732793527,False,False,False,False
7847,249.0,1,249.0,False,311.25,20.0,20.0,False,False,False,False
7848,61.8,9,1005.02,True,61.8,0.0,1526.2459546925568,True,False,False,True
7849,1148.47,1,1148.47,False,1301.6,11.764751075599253,11.764751075599253,False,False,False,False
7850,89.0,2,25.8,True,25.8,244.9612403100775,0.0,False,True,True,False
7851,1148.47,1,1148.47,False,2399.2,52.131127042347444,52.131127042347444,False,False,False,False
7852,98.27,6,226.75,True,33.75,191.17037037037036,571.8518518518518,False,False,False,False
7853,105.0,1,105.0,False,120.73,13.02907313840802,13.02907313840802,False,False,False,False
7854,25893.23,2,45213.53,True,29159.02,11.199930587516318,55.058469043198286,False,False,False,False
7855,3900.0,8,22250.0,True,3785.0,3.038309114927345,487.84676354029057,True,False,False,True
7856,32673.31,1,32673.31,False,19167.8,70.4593641419464,70.4593641419464,False,False,False,False
7857,48470.21,2,48992.5,True,55962.76,13.388456895263925,12.455175548882867,False,False,False,False
7858,146.25,5,140.0,True,146.25,0.0,4.273504273504273,True,True,False,False
7859,155.0,1,155.0,False,138.75,11.711711711711711,11.711711711711711,False,False,False,False
7860,127.5,9,136.25,True,127.5,0.0,6.862745098039216,True,True,False,False
7861,136.25,1,136.25,False,146.25,6.837606837606838,6.837606837606838,True,True,False,False
7862,127.5,2,155.0,True,138.75,8.108108108108109,11.711711711711711,True,False,False,True
7863,140.0,2,155.0,True,161.25,13.178294573643413,3.875968992248062,False,True,True,False
7864,127.5,5,138.75,True,127.5,0.0,8.823529411764707,True,True,False,False
7865,8995.0,1,8995.0,False,8993.0,0.022239519626376072,0.022239519626376072,True,True,False,False
7866,8995.0,1,8995.0,False,8899.0,1.0787728958309923,1.0787728958309923,True,True,False,False
7867,8995.0,1,8995.0,False,10250.0,12.24390243902439,12.24390243902439,False,False,False,False
7868,2.65,1,2.65,False,2.65,0.0,0.0,True,True,False,False
7869,2.65,1,2.65,False,1.9,39.473684210526315,39.473684210526315,False,False,False,False
7870,2.65,2,1.1,True,1.9,39.473684210526315,42.105263157894726,False,False,False,False
7871,2.65,1,2.65,False,1.9,39.473684210526315,39.473684210526315,False,False,False,False
7872,1.3,5,1.3,True,1.3,0.0,0.0,True,True,False,False
7873,2.65,1,2.65,False,3.2,17.187500000000007,17.187500000000007,False,False,False,False
7874,2.65,2,1.1,True,2.7,1.8518518518518614,59.25925925925925,True,False,False,True
7875,1.3,4,1.3,True,3.65,64.3835616438356,64.3835616438356,False,False,False,False
7876,1.3,1,1.3,False,1.3,0.0,0.0,True,True,False,False
7877,1.3,5,1.3,True,2.7,51.85185185185185,51.85185185185185,False,False,False,False
7878,11.18,3,8.5,True,9.18,21.78649237472767,7.407407407407404,False,True,True,False
7879,11.18,6,6.99,True,8.97,24.63768115942028,22.073578595317727,False,False,False,False
7880,66.76,7,66.9,True,74.45,10.329079919408995,10.141034251175281,False,False,False,False
7881,66.76,5,66.9,True,74.45,10.329079919408995,10.141034251175281,False,False,False,False
7882,364.63,8,120.2,True,33.99,972.7566931450426,253.63342159458665,False,False,False,False
7883,102.13,7,33.5,True,65.0,57.12307692307692,48.46153846153846,False,False,False,False
7884,102.13,1,102.13,False,58.0,76.08620689655172,76.08620689655172,False,False,False,False
7885,449.1,9,188.49,True,21250.0,97.88658823529413,99.11298823529411,False,False,False,False
7886,46838.22,1,46838.22,False,2540.0,1744.024409448819,1744.024409448819,False,False,False,False
7887,46838.22,1,46838.22,False,500.0,9267.644,9267.644,False,False,False,False
7888,46838.22,1,46838.22,False,5970.0,684.5597989949748,684.5597989949748,False,False,False,False
7889,46838.22,1,46838.22,False,29130.0,60.790319258496396,60.790319258496396,False,False,False,False
7890,46838.22,1,46838.22,False,633.0,7299.402843601896,7299.402843601896,False,False,False,False
7891,46838.22,1,46838.22,False,1375.0,3306.416,3306.416,False,False,False,False
7892,641.99,2,641.99,True,700.0,8.287142857142856,8.287142857142856,True,True,False,False
7893,2234.45,5,97.49,True,191.95,1064.0791872883563,49.210731961448296,False,False,False,False
7894,1740.1,1,1740.1,False,1713.7,1.5405263465017134,1.5405263465017134,True,True,False,False
7895,72.53,9,75.23,True,89.25,18.733893557422967,15.708683473389351,False,False,False,False
7896,72.53,9,71.24,True,28.4,155.38732394366198,150.8450704225352,False,False,False,False
7897,72.53,9,75.23,True,38.75,87.17419354838711,94.14193548387098,False,False,False,False
7898,955.0,9,1300.0,True,152.89,524.63208842959,750.2845182811174,False,False,False,False
7899,955.0,9,1490.0,True,207.89,359.37755543797203,616.7251912068883,False,False,False,False
7900,73.52,1,73.52,False,73.52,0.0,0.0,True,True,False,False
7901,63.59,4,63.59,True,63.59,0.0,0.0,True,True,False,False
7902,70.53,1,70.53,False,70.53,0.0,0.0,True,True,False,False
7903,3785.0,1,3785.0,False,530.0,614.1509433962265,614.1509433962265,False,False,False,False
7904,71.96,2,71.96,True,17.72,306.09480812641084,306.09480812641084,False,False,False,False
7905,71.25,1,71.25,False,29.73,139.656912209889,139.656912209889,False,False,False,False
7906,60.18,8,53.72,True,29.73,102.42179616548941,80.6929027917928,False,False,False,False
7907,71.25,10,71.25,True,72.53,1.7647869846959894,1.7647869846959894,True,True,False,False
7908,71.25,1,71.25,False,29.73,139.656912209889,139.656912209889,False,False,False,False
7909,71.96,1,71.96,False,17.72,306.09480812641084,306.09480812641084,False,False,False,False
7910,19.09,8,19.65,True,19.09,0.0,2.9334730225248755,True,True,False,False
7911,565.0,8,2567.0,True,587.0,3.747870528109029,337.3083475298126,True,False,False,True
7912,500.0,7,158.39,True,156.33,219.83624384315226,1.3177253246337708,False,True,True,False
7913,21.37,4,20.62,True,20.62,3.6372453928225026,0.0,True,True,False,False
7914,1285.0,1,1285.0,False,1285.0,0.0,0.0,True,True,False,False
7915,95.15,1,95.15,False,79.8,19.23558897243109,19.23558897243109,False,False,False,False
7916,63.5,10,99.6,True,42.73,48.60753568921134,133.0915047975661,False,False,False,False
7917,95.15,8,86.22,True,99.6,4.467871485943764,13.43373493975903,True,False,False,True
7918,95.15,8,86.22,True,95.15,0.0,9.38518129269575,True,True,False,False
7919,95.15,1,95.15,False,99.4,4.275653923541247,4.275653923541247,True,True,False,False
7920,95.15,1,95.15,False,156.48,39.193507157464204,39.193507157464204,False,False,False,False
7921,95.15,1,95.15,False,241.74,60.63953007363283,60.63953007363283,False,False,False,False
7922,1415.0,1,1415.0,False,1943.03,27.175596877042558,27.175596877042558,False,False,False,False
7923,1562.0,1,1562.0,False,321.75,385.47008547008545,385.47008547008545,False,False,False,False
7924,33.75,1,33.75,False,50.0,32.5,32.5,False,False,False,False
7925,13322.0,4,484.0,True,484.0,2652.4793388429753,0.0,False,True,True,False
7926,13322.0,2,12799.0,True,13322.0,0.0,3.925836961417205,True,True,False,False
7927,13322.0,3,2607.0,True,2607.0,411.00882240122746,0.0,False,True,True,False
7928,265.0,1,265.0,False,265.0,0.0,0.0,True,True,False,False
7929,1112.0,4,35490.0,True,8603.1,87.07442666015739,312.5257174739338,False,False,False,False
7930,1325.53,2,1343.02,True,1373.83,3.515718829840661,2.242635551705811,True,True,False,False
7931,33.09,3,58.92,True,58.92,43.83910386965376,0.0,False,True,True,False
7932,1325.53,5,1343.02,True,1351.81,1.944060185972879,0.6502393087785978,True,True,False,False
7933,1.17,1,1.17,False,1.17,0.0,0.0,True,True,False,False
7934,241.0,1,241.0,False,241.0,0.0,0.0,True,True,False,False
7935,219.99,1,219.99,False,156.33,40.721550566110146,40.721550566110146,False,False,False,False
7936,20.62,2,20.62,True,20.62,0.0,0.0,True,True,False,False
7937,179.57,1,179.57,False,158.94,12.979740782685287,12.979740782685287,False,False,False,False
7938,400.0,10,680.0,True,550.0,27.27272727272727,23.636363636363637,False,False,False,False
7939,1285.0,2,1366.0,True,1285.0,0.0,6.303501945525292,True,True,False,False
7940,374.99,1,374.99,False,415.36,9.71927966101695,9.71927966101695,True,True,False,False
7941,138.75,1,138.75,False,161.25,13.953488372093023,13.953488372093023,False,False,False,False
7942,161.25,1,161.25,False,155.0,4.032258064516129,4.032258064516129,True,True,False,False
7943,161.25,1,161.25,False,132.5,21.69811320754717,21.69811320754717,False,False,False,False
7944,131.25,3,138.75,True,138.75,5.405405405405405,0.0,True,True,False,False
7945,161.25,1,161.25,False,131.25,22.857142857142858,22.857142857142858,False,False,False,False
7946,136.25,1,136.25,False,127.5,6.862745098039216,6.862745098039216,True,True,False,False
7947,5448.58,1,5448.58,False,12803.55,57.44477117674395,57.44477117674395,False,False,False,False
7948,4643.1,1,4643.1,False,26.02,17744.35049961568,17744.35049961568,False,False,False,False
7949,69.0,9,170.45,True,537.03,87.15155577900676,68.26061858741598,False,False,False,False
7950,1417.6,4,1428.0,True,1327.2,6.811332127787814,7.594936708860756,True,True,False,False
7951,1061.76,1,1061.76,False,1327.2,20.000000000000004,20.000000000000004,False,False,False,False
7952,4125.92,3,5448.58,True,7059.19,41.55250106598632,22.8157904802109,False,False,False,False
7953,1354.0,2,5448.58,True,16710.94,91.89752341879033,67.39513157249083,False,False,False,False
7954,19.01,3,19.25,True,19.01,0.0,1.2624934245134056,True,True,False,False
7955,9030.0,7,1627.43,True,2208.0,308.9673913043478,26.293931159420286,False,False,False,False
7956,9750.0,10,2836.7,True,1391.2,600.8338125359401,103.90310523289246,False,False,False,False
7957,4.8,1,4.8,False,4.8,0.0,0.0,True,True,False,False
7958,3.37,1,3.37,False,3.37,0.0,0.0,True,True,False,False
7959,24.63,1,24.63,False,275.0,91.04363636363637,91.04363636363637,False,False,False,False
7960,160.65,2,668.47,True,86.1,86.58536585365856,676.3879210220674,False,False,False,False
7961,668.47,1,668.47,False,648.9,3.0158730158730234,3.0158730158730234,True,True,False,False
7962,247.5,7,247.5,True,247.5,0.0,0.0,True,True,False,False
7963,173.82,1,173.82,False,173.82,0.0,0.0,True,True,False,False
7964,8143.0,1,8143.0,False,858.0,849.0675990675991,849.0675990675991,False,False,False,False
7965,3572.0,2,3659.0,True,5325.0,32.92018779342723,31.28638497652582,False,False,False,False
7966,4926.0,1,4926.0,False,885.0,456.6101694915254,456.6101694915254,False,False,False,False
7967,2863.0,1,2863.0,False,2863.0,0.0,0.0,True,True,False,False
7968,5236.0,1,5236.0,False,5236.0,0.0,0.0,True,True,False,False
7969,7745.0,1,7745.0,False,7745.0,0.0,0.0,True,True,False,False
7970,1610.0,1,1610.0,False,3291.0,51.078699483439685,51.078699483439685,False,False,False,False
7971,8143.0,1,8143.0,False,8143.0,0.0,0.0,True,True,False,False
7972,3565.0,1,3565.0,False,7622.0,53.2274993440042,53.2274993440042,False,False,False,False
7973,38.95,1,38.95,False,6760.0,99.42381656804734,99.42381656804734,False,False,False,False
7974,190.7,1,190.7,False,669.0,71.49476831091181,71.49476831091181,False,False,False,False
7975,190.7,1,190.7,False,747.0,74.47121820615796,74.47121820615796,False,False,False,False
7976,190.7,1,190.7,False,1428.0,86.64565826330531,86.64565826330531,False,False,False,False
7977,599.0,1,599.0,False,450.0,33.111111111111114,33.111111111111114,False,False,False,False
7978,7600.0,1,7600.0,False,9750.0,22.05128205128205,22.05128205128205,False,False,False,False
7979,1883.0,1,1883.0,False,1883.0,0.0,0.0,True,True,False,False
7980,200.74,2,200.74,True,200.0,0.37000000000000455,0.37000000000000455,True,True,False,False
7981,1423.0,1,1423.0,False,2015.9,29.411181110174116,29.411181110174116,False,False,False,False
7982,1562.0,5,1415.0,True,27.49,5582.066205893052,5047.326300472899,False,False,False,False
7983,1285.0,1,1285.0,False,1612.8,20.32490079365079,20.32490079365079,False,False,False,False
7984,825.95,1,825.95,False,975.0,15.287179487179484,15.287179487179484,False,False,False,False
7985,13322.0,1,13322.0,False,31850.0,58.17268445839875,58.17268445839875,False,False,False,False
7986,13322.0,1,13322.0,False,31850.0,58.17268445839875,58.17268445839875,False,False,False,False
7987,13322.0,1,13322.0,False,127400.0,89.54317111459969,89.54317111459969,False,False,False,False
7988,13322.0,10,530.0,True,63700.0,79.08634222919937,99.1679748822606,False,False,False,False
7989,13322.0,1,13322.0,False,63700.0,79.08634222919937,79.08634222919937,False,False,False,False
7990,1300.0,3,1220.0,True,2260.0,42.47787610619469,46.017699115044245,False,False,False,False
7991,24860.0,3,9075.0,True,5790.0,329.3609671848014,56.73575129533679,False,False,False,False
7992,24860.0,3,9075.0,True,24860.0,0.0,63.495575221238944,True,False,False,True
7993,260.0,1,260.0,False,260.0,0.0,0.0,True,True,False,False
7994,24860.0,3,9075.0,True,9075.0,173.93939393939394,0.0,False,True,True,False
7995,945.07,1,945.07,False,107.1,782.4183006535949,782.4183006535949,False,False,False,False
7996,1223.22,9,1223.21,True,1102.24,10.975831034983308,10.974923791551753,False,False,False,False
7997,13455.32,4,12420.29,True,13455.32,0.0,7.692347710793938,True,True,False,False
7998,170.45,4,1193.19,True,391.75,56.490108487555844,204.57945118059988,False,False,False,False
7999,730.12,1,730.12,False,56.52,1191.790516631281,1191.790516631281,False,False,False,False
8000,600.0,4,1022.6,True,672.77,10.816475169820293,51.998454152236285,False,False,False,False
8001,1223.22,2,2029.06,True,328.31,272.5807925436325,518.0317382961226,False,False,False,False
8002,42.0,4,44.5,True,44.5,5.617977528089887,0.0,True,True,False,False
8003,164.99,9,164.99,True,179.57,8.119396335690809,8.119396335690809,True,True,False,False
8004,1380.38,1,1380.38,False,1285.0,7.422568093385222,7.422568093385222,True,True,False,False
8005,21.99,1,21.99,False,20.62,6.644034917555758,6.644034917555758,True,True,False,False
8006,219.12,1,219.12,False,4231.08,94.82118040783914,94.82118040783914,False,False,False,False
8007,95.92,1,95.92,False,319.2,69.94987468671678,69.94987468671678,False,False,False,False
8008,89.1,1,89.1,False,299.99,70.29900996699891,70.29900996699891,False,False,False,False
8009,33.99,3,83.55,True,250.0,86.404,66.58,False,False,False,False
8010,235.0,1,235.0,False,235.0,0.0,0.0,True,True,False,False
8011,33.99,6,74.45,True,131.0,74.05343511450381,43.167938931297705,False,False,False,False
8012,33.99,10,439.1,True,462.0,92.64285714285714,4.956709956709951,False,True,True,False
8013,235.0,1,235.0,False,235.0,0.0,0.0,True,True,False,False
8014,4300.0,1,4300.0,False,466.09,822.5686026303933,822.5686026303933,False,False,False,False
8015,4300.0,1,4300.0,False,409.84,949.1899277766934,949.1899277766934,False,False,False,False
8016,1659.79,1,1659.79,False,9048.0,81.65572502210433,81.65572502210433,False,False,False,False
8017,4300.0,1,4300.0,False,2897.17,48.42070020054052,48.42070020054052,False,False,False,False
8018,4300.0,1,4300.0,False,1501.72,186.33833204592065,186.33833204592065,False,False,False,False
8019,4300.0,1,4300.0,False,5163.69,16.726217104435,16.726217104435,False,False,False,False
8020,4300.0,1,4300.0,False,4580.37,6.121121219464801,6.121121219464801,True,True,False,False
8021,70.0,4,100.0,True,70.0,0.0,42.857142857142854,True,False,False,True
8022,108.0,7,108.0,True,108.0,0.0,0.0,True,True,False,False
8023,108.0,7,108.0,True,108.0,0.0,0.0,True,True,False,False
8024,100.0,3,100.0,True,100.0,0.0,0.0,True,True,False,False
8025,15.0,8,15.0,True,15.0,0.0,0.0,True,True,False,False
8026,5448.58,10,5025.0,True,1690.53,222.3001070670145,197.2440595552874,False,False,False,False
8027,1102.24,1,1102.24,False,1372.44,19.687563755063977,19.687563755063977,False,False,False,False
8028,672.77,1,672.77,False,349.84,92.30791218842901,92.30791218842901,False,False,False,False
8029,1102.24,2,328.31,True,602.8,82.85335102853352,45.53583278035832,False,False,False,False
8030,56.52,10,13455.32,True,4511.78,98.74727934429426,198.22642061448036,False,False,False,False
8031,56.52,2,391.75,True,306.19,81.54087331395539,27.943433815604692,False,False,False,False
8032,108.0,4,100.0,True,70.0,54.285714285714285,42.857142857142854,False,False,False,False
8033,108.0,4,100.0,True,100.0,8.0,0.0,True,True,False,False
8034,15.0,5,100.0,True,100.0,85.0,0.0,False,True,True,False
8035,15.0,5,100.0,True,108.0,86.11111111111111,7.4074074074074066,False,True,True,False
8036,108.0,7,70.0,True,108.0,0.0,35.18518518518518,True,False,False,True
8037,70.0,1,70.0,False,100.0,30.0,30.0,False,False,False,False
8038,108.0,7,70.0,True,100.0,8.0,30.0,True,False,False,True
8039,70.0,1,70.0,False,70.0,0.0,0.0,True,True,False,False
8040,158.94,1,158.94,False,158.97,0.018871485185884846,0.018871485185884846,True,True,False,False
8041,61.0,1,61.0,False,20.62,195.8292919495635,195.8292919495635,False,False,False,False
8042,1285.0,1,1285.0,False,1353.0,5.025868440502587,5.025868440502587,True,True,False,False
8043,50.0,1,50.0,False,50.0,0.0,0.0,True,True,False,False
8044,50.0,1,50.0,False,50.0,0.0,0.0,True,True,False,False
8045,66908.19,1,66908.19,False,95046.74,29.60496067513731,29.60496067513731,False,False,False,False
8046,3585.0,2,3598.0,True,3585.0,0.0,0.36262203626220363,True,True,False,False
8047,3585.0,1,3585.0,False,3576.0,0.25167785234899326,0.25167785234899326,True,True,False,False
8048,3585.0,3,3598.0,True,4360.0,17.775229357798164,17.477064220183486,False,False,False,False
8049,7800.0,1,7800.0,False,8900.0,12.359550561797752,12.359550561797752,False,False,False,False
8050,3599.0,3,3598.0,True,3585.0,0.3905160390516039,0.36262203626220363,True,True,False,False
8051,3585.0,1,3585.0,False,3576.0,0.25167785234899326,0.25167785234899326,True,True,False,False
8052,3585.0,3,3598.0,True,4360.0,17.775229357798164,17.477064220183486,False,False,False,False
8053,53.07,1,53.07,False,31.5,68.47619047619048,68.47619047619048,False,False,False,False
8054,4.57,1,4.57,False,4.57,0.0,0.0,True,True,False,False
8055,17.68,2,17.68,True,19.09,7.386066003143007,7.386066003143007,True,True,False,False
8056,17.5,3,25.0,True,25.0,30.0,0.0,False,True,True,False
8057,3.39,5,3.39,True,3.39,0.0,0.0,True,True,False,False
8058,193.32,10,179.57,True,20.62,837.5363724539282,770.8535402521823,False,False,False,False
8059,158.39,7,158.39,True,156.33,1.3177253246337708,1.3177253246337708,True,True,False,False
8060,1285.0,2,1353.0,True,1415.0,9.187279151943462,4.381625441696113,True,True,False,False
8061,179.57,6,164.99,True,179.57,0.0,8.119396335690809,True,True,False,False
8062,2462.51,4,1400.0,True,1400.0,75.89357142857145,0.0,False,True,True,False
8063,72.8,1,72.8,False,271990.0,99.97323431008493,99.97323431008493,False,False,False,False
8064,21.54,1,21.54,False,12000.0,99.8205,99.8205,False,False,False,False
8065,85.72,1,85.72,False,17454.0,99.50888048584851,99.50888048584851,False,False,False,False
8066,917.99,1,917.99,False,8600.0,89.3256976744186,89.3256976744186,False,False,False,False
8067,42.65,1,42.65,False,38434.0,99.88903054587084,99.88903054587084,False,False,False,False
8068,34614.14,1,34614.14,False,122016.0,71.63147456071334,71.63147456071334,False,False,False,False
8069,268.94,1,268.94,False,268.94,0.0,0.0,True,True,False,False
8070,2710.0,2,2625.0,True,2710.0,0.0,3.136531365313653,True,True,False,False
8071,21.99,4,21.37,True,20.62,6.644034917555758,3.6372453928225026,True,True,False,False
8072,2645.0,3,2687.5,True,3625.0,27.034482758620687,25.862068965517242,False,False,False,False
8073,2625.0,6,2687.5,True,3750.0,30.0,28.333333333333332,False,False,False,False
8074,29.67,2,132.0,True,21.67,36.91739732348869,509.1370558375634,False,False,False,False
8075,235.43,1,235.43,False,131.03,79.67640998244677,79.67640998244677,False,False,False,False
8076,204.9,10,11.99,True,56.8,260.73943661971833,78.89084507042253,False,False,False,False
8077,74.1,4,12.79,True,31.0,139.0322580645161,58.74193548387097,False,False,False,False
8078,50.89,2,14.39,True,30.8,65.22727272727272,53.27922077922078,False,False,False,False
8079,50.89,2,14.39,True,29.5,72.50847457627118,51.22033898305085,False,False,False,False
8080,9852.0,1,9852.0,False,5758.5,71.08622036988798,71.08622036988798,False,False,False,False
8081,6009.715,1,6009.715,False,205.0,2831.5682926829268,2831.5682926829268,False,False,False,False
8082,140.0,1,140.0,False,975.0,85.64102564102564,85.64102564102564,False,False,False,False
8083,3744.0,1,3744.0,False,195.89,1811.2767369442035,1811.2767369442035,False,False,False,False
8084,22410.0,1,22410.0,False,164.53,13520.616300978545,13520.616300978545,False,False,False,False
8085,22410.0,3,8784.05,True,289.33,7645.480938720491,2935.996958490305,False,False,False,False
8086,33.68,1,33.68,False,825.88,95.92192570349204,95.92192570349204,False,False,False,False
8087,12668.0,3,8784.05,True,57.85,21798.01210025929,15084.183232497839,False,False,False,False
8088,22410.0,3,8784.05,True,147.98,15043.93837005001,5835.97107717259,False,False,False,False
8089,22410.0,1,22410.0,False,3236.43,592.4296215274237,592.4296215274237,False,False,False,False
8090,6600.0,9,3120.0,True,5339.0,23.618655178872448,41.562090279078475,False,False,False,False
8091,826.5,1,826.5,False,990.0,16.515151515151516,16.515151515151516,False,False,False,False
8092,1883.0,1,1883.0,False,1883.0,0.0,0.0,True,True,False,False
8093,56.52,1,56.52,False,489.61,88.45611813484201,88.45611813484201,False,False,False,False
8094,306.19,1,306.19,False,552.13,44.54385742488182,44.54385742488182,False,False,False,False
8095,56.52,2,4511.78,True,10226.04,99.44729338042877,55.879499786818755,False,False,False,False
8096,96.85,1,96.85,False,4837.86,97.99808179649679,97.99808179649679,False,False,False,False
8097,4511.78,1,4511.78,False,793.87,468.3273079975311,468.3273079975311,False,False,False,False
8098,14457.68,9,6066.0,True,51562.0,71.96059113300493,88.23552228385245,False,False,False,False
8099,830.15,1,830.15,False,830.15,0.0,0.0,True,True,False,False
8100,96.51,2,5.0,True,5.0,1830.2,0.0,False,True,True,False
8101,103.57,1,103.57,False,103.57,0.0,0.0,True,True,False,False
8102,1275.15,1,1275.15,False,1275.15,0.0,0.0,True,True,False,False
8103,1904.84,1,1904.84,False,685.0,178.0788321167883,178.0788321167883,False,False,False,False
8104,20080.71,1,20080.71,False,8956.68,124.1981403823738,124.1981403823738,False,False,False,False
8105,0.52,1,0.52,False,0.4,30.0,30.0,False,False,False,False
8106,0.52,9,0.46,True,0.59,11.864406779661008,22.033898305084737,False,False,False,False
8107,3439.7,7,3352.8,True,3439.7,0.0,2.5263831148065132,True,True,False,False
8108,3675.93,8,3675.93,True,3675.93,0.0,0.0,True,True,False,False
8109,22.5,1,22.5,False,22.5,0.0,0.0,True,True,False,False
8110,157.5,1,157.5,False,157.5,0.0,0.0,True,True,False,False
8111,63.59,2,63.59,True,63.59,0.0,0.0,True,True,False,False
8112,3439.7,3,3439.7,True,3352.8,2.5918635170603563,2.5918635170603563,True,True,False,False
8113,3439.7,3,3439.7,True,3439.7,0.0,0.0,True,True,False,False
8114,70.53,4,70.53,True,70.53,0.0,0.0,True,True,False,False
8115,593.57,1,593.57,False,593.57,0.0,0.0,True,True,False,False
8116,8258.83,1,8258.83,False,308.7,2575.357952704892,2575.357952704892,False,False,False,False
8117,4.97,8,4.56,True,6.09,18.390804597701152,25.12315270935961,False,False,False,False
8118,28.44,1,28.44,False,4.41,544.8979591836735,544.8979591836735,False,False,False,False
8119,148.54,6,28.44,True,113.97,30.332543651838193,75.0460647538826,False,False,False,False
8120,28.44,1,28.44,False,3.86,636.7875647668394,636.7875647668394,False,False,False,False
8121,4.13,1,4.13,False,324.0,98.7253086419753,98.7253086419753,False,False,False,False
8122,14.0,3,14.0,True,14.0,0.0,0.0,True,True,False,False
8123,50.0,1,50.0,False,50.0,0.0,0.0,True,True,False,False
8124,14.0,2,14.0,True,14.0,0.0,0.0,True,True,False,False
8125,14.0,3,14.0,True,14.0,0.0,0.0,True,True,False,False
8126,14.0,5,14.0,True,14.0,0.0,0.0,True,True,False,False
8127,14.0,3,14.0,True,14.0,0.0,0.0,True,True,False,False
8128,42.16,1,42.16,False,61.62,31.580655631288547,31.580655631288547,False,False,False,False
8129,15.88,10,305.0,True,256.0,93.796875,19.140625,False,False,False,False
8130,700.0,1,700.0,False,773.35,9.484709381263338,9.484709381263338,True,True,False,False
8131,700.0,5,145.0,True,492.96,41.999350860110354,70.58584875040572,False,False,False,False
8132,700.0,10,365.0,True,242.0,189.25619834710744,50.82644628099173,False,False,False,False
8133,700.0,3,365.0,True,472.0,48.30508474576271,22.66949152542373,False,False,False,False
8134,85.0,1,85.0,False,7692.57,98.89503767921514,98.89503767921514,False,False,False,False
8135,55.0,1,55.0,False,47.01,16.996383748138697,16.996383748138697,False,False,False,False
8136,175.0,3,85.0,True,63.01,177.73369306459296,34.899222345659425,False,False,False,False
8137,11.0682,1,11.0682,False,11.0682,0.0,0.0,True,True,False,False
8138,190.0,1,190.0,False,190.0,0.0,0.0,True,True,False,False
8139,2074.4,1,2074.4,False,2074.4,0.0,0.0,True,True,False,False
8140,326.65,2,326.65,True,326.65,0.0,0.0,True,True,False,False
8141,190.0,8,190.0,True,190.0,0.0,0.0,True,True,False,False
8142,50.14,2,33.09,True,33.09,51.52614082804471,0.0,False,True,True,False
8143,70.0,4,70.0,True,70.0,0.0,0.0,True,True,False,False
8144,70.0,4,70.0,True,70.0,0.0,0.0,True,True,False,False
8145,100.0,3,100.0,True,100.0,0.0,0.0,True,True,False,False
8146,100.0,3,100.0,True,100.0,0.0,0.0,True,True,False,False
8147,11.0682,1,11.0682,False,11.0682,0.0,0.0,True,True,False,False
8148,100.0,5,100.0,True,100.0,0.0,0.0,True,True,False,False
8149,108.0,2,108.0,True,108.0,0.0,0.0,True,True,False,False
8150,100.0,6,100.0,True,100.0,0.0,0.0,True,True,False,False
8151,108.0,1,108.0,False,108.0,0.0,0.0,True,True,False,False
8152,190.0,1,190.0,False,190.0,0.0,0.0,True,True,False,False
8153,2249.4,1,2249.4,False,2249.4,0.0,0.0,True,True,False,False
8154,0.46,1,0.46,False,0.54,14.814814814814817,14.814814814814817,False,False,False,False
8155,9.2,1,9.2,False,6.0,53.33333333333332,53.33333333333332,False,False,False,False
8156,9.2,1,9.2,False,9.2,0.0,0.0,True,True,False,False
8157,9.2,3,17.25,True,45.0,79.55555555555554,61.66666666666667,False,False,False,False
8158,173.52,1,173.52,False,156.33,10.995970063327574,10.995970063327574,False,False,False,False
8159,5095.0,2,5095.0,True,4960.0,2.721774193548387,2.721774193548387,True,True,False,False
8160,5095.0,2,5095.0,True,4969.0,2.535721473133427,2.535721473133427,True,True,False,False
8161,5095.0,2,5095.0,True,4974.0,2.43264977885002,2.43264977885002,True,True,False,False
8162,4569.33,1,4569.33,False,93.93,4764.611945065473,4764.611945065473,False,False,False,False
8163,4569.33,4,4977.23,True,646.3112,606.9860463504268,670.098058025298,False,False,False,False
8164,8150.0,1,8150.0,False,4685.0,73.95944503735325,73.95944503735325,False,False,False,False
8165,70.0,1,70.0,False,108.0,35.18518518518518,35.18518518518518,False,False,False,False
8166,70.0,1,70.0,False,100.0,30.0,30.0,False,False,False,False
8167,70.0,1,70.0,False,15.0,366.66666666666663,366.66666666666663,False,False,False,False
8168,70.0,1,70.0,False,108.0,35.18518518518518,35.18518518518518,False,False,False,False
8169,70.0,1,70.0,False,15.0,366.66666666666663,366.66666666666663,False,False,False,False
8170,70.0,1,70.0,False,100.0,30.0,30.0,False,False,False,False
8171,328.31,1,328.31,False,328.31,0.0,0.0,True,True,False,False
8172,391.75,1,391.75,False,391.75,0.0,0.0,True,True,False,False
8173,672.77,1,672.77,False,672.77,0.0,0.0,True,True,False,False
8174,56.52,1,56.52,False,56.52,0.0,0.0,True,True,False,False
8175,13455.32,1,13455.32,False,13455.32,0.0,0.0,True,True,False,False
8176,241.0,1,241.0,False,241.0,0.0,0.0,True,True,False,False
8177,1285.0,9,1285.0,True,1285.0,0.0,0.0,True,True,False,False
8178,164.99,1,164.99,False,179.57,8.119396335690809,8.119396335690809,True,True,False,False
8179,20.62,1,20.62,False,20.62,0.0,0.0,True,True,False,False
8180,164.99,2,164.99,True,179.57,8.119396335690809,8.119396335690809,True,True,False,False
8181,24.63,4,20.62,True,20.62,19.44713870029097,0.0,False,True,True,False
8182,1353.0,2,1415.0,True,1285.0,5.291828793774319,10.116731517509727,True,False,False,True
8183,50.0,3,20.62,True,20.62,142.4830261881668,0.0,False,True,True,False
8184,1353.0,4,1423.87,True,1285.0,5.291828793774319,10.807003891050575,True,False,False,True
8185,25.99,2,27.49,True,27.49,5.456529647144417,0.0,True,True,False,False
8186,39.0,1,39.0,False,34.37,13.471050334594132,13.471050334594132,False,False,False,False
8187,199.2,1,199.2,False,149.0,33.69127516778523,33.69127516778523,False,False,False,False
8188,704.06,4,1287.08,True,1379.08,48.94712416973634,6.671114076050701,False,True,True,False
8189,191.39,1,191.39,False,156.33,22.42691741828182,22.42691741828182,False,False,False,False
8190,400.0,10,630.0,True,500.0,20.0,26.0,False,False,False,False
8191,95.69,1,95.69,False,2862.22,96.65679088260161,96.65679088260161,False,False,False,False
8192,339.99,1,339.99,False,339.99,0.0,0.0,True,True,False,False
8193,1011.08,1,1011.08,False,71.96,1305.058365758755,1305.058365758755,False,False,False,False
8194,704.06,1,704.06,False,1103.08,36.173260325633684,36.173260325633684,False,False,False,False
8195,654.0,4,654.0,True,391.0,67.26342710997443,67.26342710997443,False,False,False,False
8196,983.0,1,983.0,False,983.0,0.0,0.0,True,True,False,False
8197,654.0,9,654.0,True,654.0,0.0,0.0,True,True,False,False
8198,662.0,1,662.0,False,688.0,3.77906976744186,3.77906976744186,True,True,False,False
8199,4974.0,1,4974.0,False,4974.0,0.0,0.0,True,True,False,False
8200,4969.0,1,4969.0,False,4960.0,0.1814516129032258,0.1814516129032258,True,True,False,False
8201,4985.0,3,4985.0,True,4969.0,0.32199637754075267,0.32199637754075267,True,True,False,False
8202,17.65,1,17.65,False,16.0,10.312499999999991,10.312499999999991,False,False,False,False
8203,1400.0,4,2600.0,True,2051.96,31.772549172498493,26.708122965359948,False,False,False,False
8204,826.5,5,802.16,True,990.0,16.515151515151516,18.973737373737375,False,False,False,False
8205,84.0,3,79.0,True,144.5,41.86851211072664,45.32871972318339,False,False,False,False
8206,45.0,1,45.0,False,60.0,25.0,25.0,False,False,False,False
8207,0.46,2,0.51,True,0.48,4.166666666666659,6.250000000000005,True,True,False,False
8208,9.2,3,4.6,True,3.6,155.55555555555554,27.77777777777776,False,False,False,False
8209,9.2,1,9.2,False,5.2,76.9230769230769,76.9230769230769,False,False,False,False
8210,9.2,1,9.2,False,9.6,4.1666666666666705,4.1666666666666705,True,True,False,False
8211,158.39,2,158.39,True,156.33,1.3177253246337708,1.3177253246337708,True,True,False,False
8212,158.39,1,158.39,False,126.49,25.219384931615142,25.219384931615142,False,False,False,False
8213,36.24,3,41.02,True,27.49,31.829756275009107,49.21789741724265,False,False,False,False
8214,61166.34,1,61166.34,False,211900.0,71.13433695139216,71.13433695139216,False,False,False,False
8215,2760.0,1,2760.0,False,1550.0,78.06451612903226,78.06451612903226,False,False,False,False
8216,1027.0,7,1018.46,True,10618.79,90.32846491926104,90.40888839500548,False,False,False,False
8217,35205.03,7,35205.03,True,55495.0,36.561798360212634,36.561798360212634,False,False,False,False
8218,152.89,1,152.89,False,307.44,50.26997137652876,50.26997137652876,False,False,False,False
8219,152.89,4,159.49,True,142.58,7.231028194697695,11.860008416327672,True,False,False,True
8220,574.0,5,14445.0,True,117.0,390.5982905982906,12246.153846153848,False,False,False,False
8221,19725.0,10,1125.0,True,279.0,6969.89247311828,303.2258064516129,False,False,False,False
8222,375.0,1,375.0,False,94.0,298.936170212766,298.936170212766,False,False,False,False
8223,19725.0,2,440.0,True,4836.0,307.87841191066997,90.90157154673284,False,False,False,False
8224,2435.32,1,2435.32,False,668.0,264.56886227544913,264.56886227544913,False,False,False,False
8225,86.1,1,86.1,False,86.1,0.0,0.0,True,True,False,False
8226,13.65,1,13.65,False,13.65,0.0,0.0,True,True,False,False
8227,160.65,10,86.1,True,80.85,98.70129870129873,6.493506493506494,False,True,True,False
8228,71.5,1,71.5,False,71.5,0.0,0.0,True,True,False,False
8229,390.0,1,390.0,False,28.4,1273.2394366197184,1273.2394366197184,False,False,False,False
8230,38.75,1,38.75,False,89.1,56.50953984287317,56.50953984287317,False,False,False,False
8231,38.75,1,38.75,False,92.24,57.99002601908065,57.99002601908065,False,False,False,False
8232,38.75,1,38.75,False,97.85,60.39856923863055,60.39856923863055,False,False,False,False
8233,17.25,1,17.25,False,30.6,43.627450980392155,43.627450980392155,False,False,False,False
8234,3.6,2,0.48,True,1.65,118.18181818181819,70.9090909090909,False,False,False,False
8235,60.0,1,60.0,False,315.0,80.95238095238095,80.95238095238095,False,False,False,False
8236,52.24,1,52.24,False,78.5,33.452229299363054,33.452229299363054,False,False,False,False
8237,6.0,2,42.54,True,42.0,85.71428571428571,1.2857142857142836,False,True,True,False
8238,6.9,1,6.9,False,10.8,36.11111111111111,36.11111111111111,False,False,False,False
8239,144.5,2,84.0,True,72.0,100.69444444444444,16.666666666666664,False,False,False,False
8240,5.2,5,9.2,True,15.0,65.33333333333334,38.66666666666667,False,False,False,False
8241,6.0,2,4.6,True,4.2,42.85714285714285,9.523809523809511,False,True,True,False
8242,52.34,1,52.34,False,282.5,81.47256637168141,81.47256637168141,False,False,False,False
8243,241.5,1,241.5,False,295.62,18.30728638116501,18.30728638116501,False,False,False,False
8244,6.0,1,6.0,False,16.2,62.96296296296296,62.96296296296296,False,False,False,False
8245,6.0,1,6.0,False,9.1,34.06593406593406,34.06593406593406,False,False,False,False
8246,6.0,10,74.75,True,300.0,98.0,75.08333333333333,False,False,False,False
8247,6.0,6,9.6,True,47.94,87.48435544430538,79.9749687108886,False,False,False,False
8248,241.5,1,241.5,False,258.0,6.395348837209303,6.395348837209303,True,True,False,False
8249,0.51,2,0.48,True,0.48,6.250000000000005,0.0,True,True,False,False
8250,3.6,1,3.6,False,3.18,13.207547169811317,13.207547169811317,False,False,False,False
8251,5.2,1,5.2,False,54.6,90.47619047619048,90.47619047619048,False,False,False,False
8252,3.6,1,3.6,False,9.3,61.290322580645174,61.290322580645174,False,False,False,False
8253,6.0,5,174.6,True,180.0,96.66666666666667,3.000000000000003,False,True,True,False
8254,174.6,1,174.6,False,78.6,122.13740458015268,122.13740458015268,False,False,False,False
8255,2462.51,3,2462.51,True,2710.0,9.13247232472324,9.13247232472324,True,True,False,False
8256,244.74,2,244.74,True,268.94,8.998289581319248,8.998289581319248,True,True,False,False
8257,20.62,1,20.62,False,20.62,0.0,0.0,True,True,False,False
8258,152.89,1,152.89,False,142.58,7.231028194697695,7.231028194697695,True,True,False,False
8259,158.39,7,158.39,True,335.39,52.77438206267331,52.77438206267331,False,False,False,False
8260,171.87,1,171.87,False,389.39,55.86173245332443,55.86173245332443,False,False,False,False
8261,265.0,1,265.0,False,304.79,13.05489025230487,13.05489025230487,False,False,False,False
8262,7.28,1,7.28,False,23.78,69.38603868797308,69.38603868797308,False,False,False,False
8263,9.7,2,7.28,True,9.7,0.0,24.948453608247416,True,False,False,True
8264,7.28,1,7.28,False,5.95,22.35294117647059,22.35294117647059,False,False,False,False
8265,148.75,4,218.75,True,148.75,0.0,47.05882352941176,True,False,False,True
8266,36.0,1,36.0,False,15.31,135.14043109079032,135.14043109079032,False,False,False,False
8267,145.25,2,218.75,True,17.5,730.0,1150.0,False,False,False,False
8268,10.5,4,218.75,True,10.5,0.0,1983.3333333333333,True,False,False,True
8269,0.53,3,0.53,True,0.53,0.0,0.0,True,True,False,False
8270,1625.0,4,1700.0,True,1625.0,0.0,4.615384615384616,True,True,False,False
8271,88.7,6,139.67,True,67.49,31.426878056008313,106.94917765594903,False,False,False,False
8272,113.0,1,113.0,False,445.5,74.63524130190797,74.63524130190797,False,False,False,False
8273,331925.0,1,331925.0,False,63567.0,422.1655890635078,422.1655890635078,False,False,False,False
8274,156.33,1,156.33,False,156.33,0.0,0.0,True,True,False,False
8275,381.0,3,350.0,True,57.0,568.421052631579,514.0350877192983,False,False,False,False
8276,381.0,3,350.0,True,38.0,902.6315789473686,821.0526315789474,False,False,False,False
8277,381.0,3,350.0,True,115.0,231.30434782608694,204.34782608695653,False,False,False,False
8278,381.0,3,350.0,True,409.0,6.845965770171149,14.425427872860636,True,False,False,True
8279,381.0,3,350.0,True,47.0,710.6382978723404,644.6808510638298,False,False,False,False
8280,75.0,5,73.45,True,75.0,0.0,2.066666666666663,True,True,False,False
8281,76.5,2,6.18,True,62.1,23.188405797101446,90.04830917874396,False,False,False,False
8282,76.5,3,6.18,True,86.409,11.467555462972614,92.84796722563622,False,False,False,False
8283,0.935,1,0.935,False,76.5,98.77777777777777,98.77777777777777,False,False,False,False
8284,70.0,1,70.0,False,70.0,0.0,0.0,True,True,False,False
8285,66.500623,1,66.500623,False,80.38,17.267202040308526,17.267202040308526,False,False,False,False
8286,108.0,7,100.0,True,10.0,980.0000000000001,900.0,False,False,False,False
8287,70.0,9,100.0,True,100.0,30.0,0.0,False,True,True,False
8288,1523.7,1,1523.7,False,1103.29,38.105121953430206,38.105121953430206,False,False,False,False
8289,103.57,5,1275.15,True,1235.95,91.62021117359117,3.17164933856548,False,True,True,False
8290,4.13,9,586.8,True,8.0,48.375,7234.999999999999,False,False,False,False
8291,103.57,4,672.77,True,10.93,847.5754803293686,6055.260750228728,False,False,False,False
8292,177.0,2,103.57,True,110.55,60.10854816824966,6.313885119855272,False,True,True,False
8293,1417.6,3,1523.7,True,1324.39,7.037957097229654,15.049192458414812,True,False,False,True
8294,175.0,5,1366.78,True,88.44,97.87426503844415,1445.4319312528269,False,False,False,False
8295,69.99,1,69.99,False,69.99,0.0,0.0,True,True,False,False
8296,593.57,1,593.57,False,593.57,0.0,0.0,True,True,False,False
8297,593.57,1,593.57,False,593.57,0.0,0.0,True,True,False,False
8298,1550.0,1,1550.0,False,1550.0,0.0,0.0,True,True,False,False
8299,8993.0,1,8993.0,False,8895.0,1.101742551995503,1.101742551995503,True,True,False,False
8300,10250.0,1,10250.0,False,10250.0,0.0,0.0,True,True,False,False
8301,32339.0,1,32339.0,False,43050.0,24.880371660859467,24.880371660859467,False,False,False,False
8302,52.25,1,52.25,False,45.0,16.11111111111111,16.11111111111111,False,False,False,False
8303,1538.05,2,2344.6,True,3258.5,52.798833819241985,28.046647230320705,False,False,False,False
8304,70.0,7,108.0,True,108.0,35.18518518518518,0.0,False,True,True,False
8305,70.0,7,108.0,True,100.0,30.0,8.0,False,True,True,False
8306,704.06,2,704.06,True,48.96,1338.0310457516337,1338.0310457516337,False,False,False,False
8307,563.06,1,563.06,False,422.06,33.40757238307348,33.40757238307348,False,False,False,False
8308,2300.0,1,2300.0,False,9212.0,75.03256621797655,75.03256621797655,False,False,False,False
8309,62418.66,10,100579.0,True,103342.5,39.60020320777995,2.67411761859835,False,True,True,False
8310,56653.9,10,62418.66,True,70642.47,19.801926518141283,11.641453080561874,False,False,False,False
8311,66225.08,1,66225.08,False,71042.47,6.7810001538516325,6.7810001538516325,True,True,False,False
8312,62118.84,5,66908.19,True,72736.85,14.597841396761075,8.013352241676678,False,True,True,False
8313,1550.0,2,1550.0,True,1550.0,0.0,0.0,True,True,False,False
8314,1550.0,2,1550.0,True,1550.0,0.0,0.0,True,True,False,False
8315,1550.0,2,1550.0,True,1550.0,0.0,0.0,True,True,False,False
8316,1550.0,2,1550.0,True,1550.0,0.0,0.0,True,True,False,False
8317,624.34,1,624.34,False,25.0,2397.36,2397.36,False,False,False,False
8318,20.62,1,20.62,False,29.15,29.262435677530007,29.262435677530007,False,False,False,False
8319,1331.0,1,1331.0,False,3450.0,61.42028985507246,61.42028985507246,False,False,False,False
8320,1165.0,3,229.99,True,1700.0,31.470588235294116,86.47117647058823,False,False,False,False
8321,1165.0,3,229.99,True,12799.0,90.89772638487382,98.2030627392765,False,False,False,False
8322,1.17,3,1.17,True,1.29,9.302325581395356,9.302325581395356,True,True,False,False
8323,32840.0,1,32840.0,False,11111.11,195.56002955600295,195.56002955600295,False,False,False,False
8324,100.0,1,100.0,False,100.0,0.0,0.0,True,True,False,False
8325,100.0,1,100.0,False,108.0,7.4074074074074066,7.4074074074074066,True,True,False,False
8326,103.57,3,7215.0,True,4812.96,97.84810179182874,49.90774907749078,False,False,False,False
8327,3957.09,6,5875.29,True,4777.91,17.179478056304948,22.96778298461043,False,False,False,False
8328,103.57,1,103.57,False,6096.5,98.30115640121382,98.30115640121382,False,False,False,False
8329,103.57,6,672.77,True,728.1,85.77530558989149,7.599230874879829,False,True,True,False
8330,103.57,4,7020.0,True,34029.06,99.69564248909609,79.37057326884728,False,False,False,False
8331,103.57,10,830.15,True,361.73,71.36814751333868,129.49437425704252,False,False,False,False
8332,96.74,4,390.5,True,530.25,81.75577557755776,26.355492692126354,False,False,False,False
8333,89.1,2,113.0,True,1065.15,91.63498098859316,89.39116556353565,False,False,False,False
8334,132.0,1,132.0,False,109.52,20.52593133674215,20.52593133674215,False,False,False,False
8335,82.67,1,82.67,False,8.79,840.500568828214,840.500568828214,False,False,False,False
8336,82.67,1,82.67,False,21.75,280.09195402298855,280.09195402298855,False,False,False,False
8337,82.67,1,82.67,False,9.18,800.5446623093683,800.5446623093683,False,False,False,False
8338,82.67,1,82.67,False,7.61,986.3337713534822,986.3337713534822,False,False,False,False
8339,82.67,1,82.67,False,23.32,254.5025728987993,254.5025728987993,False,False,False,False
8340,82.67,1,82.67,False,8.06,925.6823821339949,925.6823821339949,False,False,False,False
8341,14.65,3,89.1,True,8.31,76.29362214199759,972.2021660649817,False,False,False,False
8342,24.77,1,24.77,False,24.77,0.0,0.0,True,True,False,False
8343,2.66,9,2.79,True,2.54,4.724409448818902,9.842519685039369,True,True,False,False
8344,2.66,5,2.59,True,2.54,4.724409448818902,1.968503937007867,True,True,False,False
8345,2.29,2,2.29,True,2.07,10.628019323671507,10.628019323671507,False,False,False,False
8346,2.29,3,2.29,True,2.07,10.628019323671507,10.628019323671507,False,False,False,False
8347,2.66,6,2.59,True,2.54,4.724409448818902,1.968503937007867,True,True,False,False
8348,2.66,5,2.59,True,2.54,4.724409448818902,1.968503937007867,True,True,False,False
8349,2.29,5,2.29,True,2.07,10.628019323671507,10.628019323671507,False,False,False,False
8350,2.29,4,2.29,True,2.07,10.628019323671507,10.628019323671507,False,False,False,False
8351,2.29,4,2.29,True,2.07,10.628019323671507,10.628019323671507,False,False,False,False
8352,2.29,4,2.29,True,2.07,10.628019323671507,10.628019323671507,False,False,False,False
8353,2.29,4,2.29,True,2.07,10.628019323671507,10.628019323671507,False,False,False,False
8354,2.29,2,2.29,True,2.07,10.628019323671507,10.628019323671507,False,False,False,False
8355,2.29,4,2.29,True,2.07,10.628019323671507,10.628019323671507,False,False,False,False
8356,2.66,10,2.79,True,2.54,4.724409448818902,9.842519685039369,True,True,False,False
8357,2.66,5,2.59,True,2.54,4.724409448818902,1.968503937007867,True,True,False,False
8358,2.66,9,2.79,True,2.54,4.724409448818902,9.842519685039369,True,True,False,False
8359,2.66,5,2.59,True,2.54,4.724409448818902,1.968503937007867,True,True,False,False
8360,209.64,1,209.64,False,256.79,18.361306904474485,18.361306904474485,False,False,False,False
8361,110.64,1,110.64,False,110.64,0.0,0.0,True,True,False,False
8362,256.79,1,256.79,False,256.79,0.0,0.0,True,True,False,False
8363,199.64,1,199.64,False,216.64,7.847119645494831,7.847119645494831,True,True,False,False
8364,209.64,1,209.64,False,135.4,54.830132939438684,54.830132939438684,False,False,False,False
8365,209.64,1,209.64,False,120.64,73.77320954907161,73.77320954907161,False,False,False,False
8366,1665.0,2,1665.0,True,1700.0,2.0588235294117645,2.0588235294117645,True,True,False,False
8367,1675.0,3,1675.0,True,1675.0,0.0,0.0,True,True,False,False
8368,4.45,2,26.92,True,3.57,24.6498599439776,654.06162464986,False,False,False,False
8369,56.52,1,56.52,False,56.52,0.0,0.0,True,True,False,False
8370,391.75,1,391.75,False,391.75,0.0,0.0,True,True,False,False
8371,672.77,1,672.77,False,672.77,0.0,0.0,True,True,False,False
8372,13455.32,1,13455.32,False,13455.32,0.0,0.0,True,True,False,False
8373,100.0,7,100.0,True,70.0,42.857142857142854,42.857142857142854,False,False,False,False
8374,100.0,7,100.0,True,100.0,0.0,0.0,True,True,False,False
8375,1287.08,1,1287.08,False,3863.08,66.68254346272923,66.68254346272923,False,False,False,False
8376,7.44,1,7.44,False,7.44,0.0,0.0,True,True,False,False
8377,4231.08,1,4231.08,False,1195.08,254.04157043879908,254.04157043879908,False,False,False,False
8378,199.2,3,1329.0,True,1379.08,85.55558778315978,3.6314064448762897,False,True,True,False
8379,319.2,1,319.2,False,321.08,0.5855238569826821,0.5855238569826821,True,True,False,False
8380,40745.0,1,40745.0,False,6750.0,503.6296296296296,503.6296296296296,False,False,False,False
8381,132.0,1,132.0,False,240.0,45.0,45.0,False,False,False,False
8382,97.85,1,97.85,False,131.1,25.36231884057971,25.36231884057971,False,False,False,False
8383,5.2,5,24.6,True,54.6,90.47619047619048,54.94505494505494,False,False,False,False
8384,3.6,3,10.02,True,10.8,66.66666666666667,7.222222222222233,False,True,True,False
8385,3.6,1,3.6,False,3.18,13.207547169811317,13.207547169811317,False,False,False,False
8386,5.2,2,24.6,True,78.6,93.38422391857506,68.70229007633587,False,False,False,False
8387,5.2,2,17.82,True,282.5,98.15929203539824,93.69203539823009,False,False,False,False
8388,1.65,2,9.3,True,9.3,82.25806451612902,0.0,False,True,True,False
8389,15.0,1,15.0,False,15.0,0.0,0.0,True,True,False,False
8390,1.65,1,1.65,False,1.65,0.0,0.0,True,True,False,False
8391,60.0,1,60.0,False,290.0,79.3103448275862,79.3103448275862,False,False,False,False
8392,30.6,1,30.6,False,78.5,61.01910828025478,61.01910828025478,False,False,False,False
8393,0.48,2,0.48,True,0.48,0.0,0.0,True,True,False,False
8394,17.82,1,17.82,False,295.62,93.9719910696164,93.9719910696164,False,False,False,False
8395,96.0,1,96.0,False,180.0,46.666666666666664,46.666666666666664,False,False,False,False
8396,144.5,2,84.0,True,72.0,100.69444444444444,16.666666666666664,False,False,False,False
8397,241.5,2,258.0,True,258.0,6.395348837209303,0.0,True,True,False,False
8398,65.0,1,65.0,False,16.2,301.2345679012346,301.2345679012346,False,False,False,False
8399,30.6,1,30.6,False,30.6,0.0,0.0,True,True,False,False
8400,47.95,9,9.6,True,9.1,426.9230769230769,5.4945054945054945,False,True,True,False
8401,5.2,6,42.0,True,42.0,87.6190476190476,0.0,False,True,True,False
8402,5.2,5,9.2,True,47.94,89.15310805173132,80.80934501460158,False,False,False,False
8403,96.0,8,24.6,True,300.0,68.0,91.8,False,False,False,False
8404,5.2,1,5.2,False,4.2,23.809523809523807,23.809523809523807,False,False,False,False
8405,3.6,1,3.6,False,3.18,13.207547169811317,13.207547169811317,False,False,False,False
8406,60.0,1,60.0,False,275.0,78.18181818181819,78.18181818181819,False,False,False,False
8407,0.48,2,0.48,True,0.48,0.0,0.0,True,True,False,False
8408,0.48,4,0.51,True,0.48,0.0,6.250000000000005,True,True,False,False
8409,0.48,1,0.48,False,0.52,7.692307692307699,7.692307692307699,True,True,False,False
8410,52.34,7,30.6,True,350.0,85.04571428571428,91.25714285714285,False,False,False,False
8411,78.6,6,715.0,True,1130.19,93.04541714225043,36.7363009759421,False,False,False,False
8412,6.0,3,9.1,True,9.1,34.06593406593406,0.0,False,True,True,False
8413,52.34,5,78.6,True,282.5,81.47256637168141,72.17699115044248,False,False,False,False
8414,4.6,6,10.8,True,10.8,57.40740740740742,0.0,False,True,True,False
8415,272.4,9,42.0,True,42.0,548.5714285714284,0.0,False,True,True,False
8416,3.6,4,9.1,True,47.94,92.49061326658322,81.01793909052982,False,False,False,False
8417,5.2,10,4.8,True,4.2,23.809523809523807,14.285714285714276,False,False,False,False
8418,96.0,4,15.0,True,180.0,46.666666666666664,91.66666666666666,False,False,False,False
8419,5.2,2,47.95,True,15.0,65.33333333333334,219.66666666666669,False,False,False,False
8420,144.5,3,72.0,True,72.0,100.69444444444444,0.0,False,True,True,False
8421,16.2,1,16.2,False,300.0,94.60000000000001,94.60000000000001,False,False,False,False
8422,272.4,3,78.6,True,78.6,246.5648854961832,0.0,False,True,True,False
8423,52.34,6,78.5,True,78.5,33.324840764331206,0.0,False,True,True,False
8424,0.59,1,0.59,False,3.18,81.44654088050315,81.44654088050315,False,False,False,False
8425,1.65,1,1.65,False,1.65,0.0,0.0,True,True,False,False
8426,5.2,2,54.6,True,54.6,90.47619047619048,0.0,False,True,True,False
8427,52.34,3,30.6,True,295.62,82.29483796766118,89.64887355388674,False,False,False,False
8428,16.2,1,16.2,False,16.2,0.0,0.0,True,True,False,False
8429,30.6,1,30.6,False,30.6,0.0,0.0,True,True,False,False
8430,258.0,1,258.0,False,258.0,0.0,0.0,True,True,False,False
8431,10.02,2,9.3,True,9.3,7.7419354838709555,0.0,True,True,False,False
8432,2260.0,6,1058.38,True,1700.0,32.94117647058823,37.74235294117646,False,False,False,False
8433,60.0,5,45.0,True,35.0,71.42857142857143,28.57142857142857,False,False,False,False
8434,975.0,10,158.39,True,171.87,467.28923023215214,7.843137254901972,False,True,True,False
8435,173.52,1,173.52,False,171.87,0.960027928085184,0.960027928085184,True,True,False,False
8436,75.0,1,75.0,False,75.0,0.0,0.0,True,True,False,False
8437,589.78,1,589.78,False,589.8,0.003390979993214956,0.003390979993214956,True,True,False,False
8438,97.85,1,97.85,False,21.8,348.8532110091743,348.8532110091743,False,False,False,False
8439,97.85,1,97.85,False,69.87,40.04579934163445,40.04579934163445,False,False,False,False
8440,97.85,3,92.24,True,17.72,452.2009029345372,420.54176072234765,False,False,False,False
8441,97.85,3,92.24,True,22.56,333.73226950354604,308.8652482269503,False,False,False,False
8442,24.6,1,24.6,False,4746.81,99.4817572222187,99.4817572222187,False,False,False,False
8443,35.0,1,35.0,False,500.0,93.0,93.0,False,False,False,False
8444,72.0,1,72.0,False,2637.14,97.2697695230439,97.2697695230439,False,False,False,False
8445,300.0,1,300.0,False,500.0,40.0,40.0,False,False,False,False
8446,0.48,1,0.48,False,0.48,0.0,0.0,True,True,False,False
8447,60.0,8,48.0,True,350.0,82.85714285714286,86.28571428571429,False,False,False,False
8448,3.18,1,3.18,False,3.18,0.0,0.0,True,True,False,False
8449,0.48,1,0.48,False,0.25,92.0,92.0,False,False,False,False
8450,0.54,1,0.54,False,0.54,0.0,0.0,True,True,False,False
8451,685.0,1,685.0,False,202.0,239.1089108910891,239.1089108910891,False,False,False,False
8452,4641.29,1,4641.29,False,3336.76,39.09570961052037,39.09570961052037,False,False,False,False
8453,1523.7,4,1417.6,True,1176.26,29.537687246017043,20.517572645503538,False,False,False,False
8454,2495.0,7,694.32,True,5384.62,53.664325430578195,87.10549676671707,False,False,False,False
8455,2491.55,1,2491.55,False,4730.0,47.32452431289641,47.32452431289641,False,False,False,False
8456,1343.02,1,1343.02,False,1343.02,0.0,0.0,True,True,False,False
8457,100.0,3,100.0,True,108.0,7.4074074074074066,7.4074074074074066,True,True,False,False
8458,100.0,3,100.0,True,100.0,0.0,0.0,True,True,False,False
8459,97.85,1,97.85,False,280.25,65.08474576271188,65.08474576271188,False,False,False,False
8460,21.8,1,21.8,False,17.76,22.74774774774774,22.74774774774774,False,False,False,False
8461,1340.43,1,1340.43,False,1340.43,0.0,0.0,True,True,False,False
8462,86.1,1,86.1,False,648.9,86.7313915857605,86.7313915857605,False,False,False,False
8463,46.55,2,46.55,True,46.55,0.0,0.0,True,True,False,False
8464,27.75,7,24.47,True,27.75,0.0,11.819819819819823,True,False,False,True
8465,31600.0,10,602.8,True,538.21,5771.314171048475,12.000891845190523,False,False,False,False
8466,4511.78,1,4511.78,False,853.07,428.88743010538406,428.88743010538406,False,False,False,False
8467,56.52,1,56.52,False,349.84,83.84404299108165,83.84404299108165,False,False,False,False
8468,1340.43,1,1340.43,False,1340.43,0.0,0.0,True,True,False,False
8469,67.82,9,74.15,True,427.0,84.11709601873537,82.63466042154568,False,False,False,False
8470,300.0,1,300.0,False,300.0,0.0,0.0,True,True,False,False
8471,1095.0,1,1095.0,False,1095.0,0.0,0.0,True,True,False,False
8472,1695.0,1,1695.0,False,1695.0,0.0,0.0,True,True,False,False
8473,26.19,2,50.32,True,36.85,28.9280868385346,36.55359565807327,False,False,False,False
8474,37427.94,3,36352.3,True,38985.0,3.9939976914197706,6.75311017057842,True,True,False,False
8475,302.0,10,321.0,True,80.3,276.08966376089666,299.7509339975093,False,False,False,False
8476,5.0,5,159.97,True,102.3,95.11241446725319,56.37341153470186,False,False,False,False
8477,96.51,1,96.51,False,121.0,20.239669421487598,20.239669421487598,False,False,False,False
8478,302.0,10,321.0,True,69.3,335.7864357864358,363.20346320346323,False,False,False,False
8479,34.8,5,321.0,True,73.0,52.328767123287676,339.7260273972603,False,False,False,False
8480,302.0,10,321.0,True,58.3,418.01029159519726,450.6003430531733,False,False,False,False
8481,688.0,1,688.0,False,688.0,0.0,0.0,True,True,False,False
8482,295.62,1,295.62,False,65.0,354.8,354.8,False,False,False,False
8483,78.6,2,30.6,True,185.0,57.513513513513516,83.45945945945947,False,False,False,False
8484,3.18,1,3.18,False,0.52,511.5384615384616,511.5384615384616,False,False,False,False
8485,15.0,10,16.2,True,9.2,63.04347826086958,76.08695652173914,False,False,False,False
8486,500.0,2,65.0,True,656.25,23.809523809523807,90.0952380952381,False,False,False,False
8487,268.94,1,268.94,False,179.57,49.76889235395668,49.76889235395668,False,False,False,False
8488,33586.6,10,30992.54,True,52404.0,35.9083276085795,40.858445920158765,False,False,False,False
8489,688.0,1,688.0,False,688.0,0.0,0.0,True,True,False,False
8490,4974.0,1,4974.0,False,4974.0,0.0,0.0,True,True,False,False
8491,4974.0,1,4974.0,False,4960.0,0.282258064516129,0.282258064516129,True,True,False,False
8492,6595.0,1,6595.0,False,6499.0,1.4771503308201261,1.4771503308201261,True,True,False,False
8493,6525.0,1,6525.0,False,6520.0,0.07668711656441718,0.07668711656441718,True,True,False,False
8494,4974.0,1,4974.0,False,4969.0,0.1006238679814852,0.1006238679814852,True,True,False,False
8495,6525.0,1,6525.0,False,10585.0,38.35616438356164,38.35616438356164,False,False,False,False
8496,3187.5,5,1324.39,True,332.1,859.8012646793134,298.79253236976814,False,False,False,False
8497,341.0,4,465.34,True,45.98,641.6267942583733,912.0487168334058,False,False,False,False
8498,79.2,1,79.2,False,68.25,16.043956043956047,16.043956043956047,False,False,False,False
8499,1020.0,10,1025.0,True,1050.0,2.857142857142857,2.380952380952381,True,True,False,False
8500,164.99,1,164.99,False,179.0,7.8268156424580955,7.8268156424580955,True,True,False,False
8501,1423.0,8,1415.0,True,1285.0,10.73929961089494,10.116731517509727,False,False,False,False
8502,20.62,3,20.62,True,20.0,3.100000000000005,3.100000000000005,True,True,False,False
8503,21828.72,1,21828.72,False,12463.62,75.1394859599378,75.1394859599378,False,False,False,False
8504,19.95,2,19.95,True,523.77,96.19107623575233,96.19107623575233,False,False,False,False
8505,56.52,1,56.52,False,51.13,10.541756307451594,10.541756307451594,False,False,False,False
8506,1372.44,1,1372.44,False,1372.44,0.0,0.0,True,True,False,False
8507,13455.32,1,13455.32,False,5448.58,146.95094868754794,146.95094868754794,False,False,False,False
8508,56.52,3,56.52,True,53.82,5.0167224080267605,5.0167224080267605,True,True,False,False
8509,10.02,8,4.6,True,9.2,8.913043478260875,50.0,True,False,False,True
8510,3.18,1,3.18,False,1.02,211.76470588235296,211.76470588235296,False,False,False,False
8511,4.8,2,10.02,True,6.0,20.000000000000004,67.0,False,False,False,False
8512,16.2,2,8.44,True,7.8,107.6923076923077,8.2051282051282,False,True,True,False
8513,258.0,3,17.82,True,54.5,373.39449541284404,67.30275229357798,False,False,False,False
8514,10.8,1,10.8,False,9.2,17.391304347826104,17.391304347826104,False,False,False,False
8515,1.02,3,0.54,True,0.54,88.88888888888889,0.0,False,True,True,False
8516,4.8,2,10.02,True,3.84,25.0,160.9375,False,False,False,False
8517,1.84,1,1.84,False,0.49,275.51020408163265,275.51020408163265,False,False,False,False
8518,72.53,2,239.4,True,274.0,73.52919708029198,12.627737226277368,False,False,False,False
8519,239.4,1,239.4,False,276.0,13.260869565217389,13.260869565217389,False,False,False,False
8520,72.53,2,239.4,True,299.0,75.74247491638796,19.933110367892976,False,False,False,False
8521,179.57,1,179.57,False,20.0,797.8499999999999,797.8499999999999,False,False,False,False
8522,0.48,1,0.48,False,0.54,11.11111111111112,11.11111111111112,False,False,False,False
8523,9.1,7,150.0,True,72.0,87.36111111111111,108.33333333333333,False,False,False,False
8524,9.3,10,9.6,True,9.2,1.086956521739146,4.347826086956526,True,True,False,False
8525,350.0,1,350.0,False,75.0,366.66666666666663,366.66666666666663,False,False,False,False
8526,52.34,2,53.41,True,48.0,9.041666666666675,11.270833333333325,True,False,False,True
8527,190.0,4,191.39,True,171.87,10.548670506778377,11.357421306801642,False,False,False,False
8528,51.29,1,51.29,False,1240.0,95.86370967741937,95.86370967741937,False,False,False,False
8529,36.85,1,36.85,False,41.85,11.947431302270012,11.947431302270012,False,False,False,False
8530,52.25,1,52.25,False,30.85,69.3679092382496,69.3679092382496,False,False,False,False
8531,36.85,1,36.85,False,47.85,22.988505747126435,22.988505747126435,False,False,False,False
8532,111.63,1,111.63,False,25.92,330.67129629629625,330.67129629629625,False,False,False,False
8533,24.77,1,24.77,False,160.62,84.57850828041339,84.57850828041339,False,False,False,False
8534,42.74,1,42.74,False,23.45,82.26012793176973,82.26012793176973,False,False,False,False
8535,727.96,1,727.96,False,759.8,4.190576467491434,4.190576467491434,True,True,False,False
8536,89.0,2,25.8,True,25.8,244.9612403100775,0.0,False,True,True,False
8537,3825.79,1,3825.79,False,3825.79,0.0,0.0,True,True,False,False
8538,138054.32,1,138054.32,False,240933.02,42.700124706858354,42.700124706858354,False,False,False,False
8539,0.23,6,0.23,True,0.227,1.3215859030837016,1.3215859030837016,True,True,False,False
8540,1850.0,4,1850.0,True,60.15,2975.6442227763923,2975.6442227763923,False,False,False,False
8541,108.0,1,108.0,False,15.0,620.0,620.0,False,False,False,False
8542,108.0,1,108.0,False,108.0,0.0,0.0,True,True,False,False
8543,70.0,5,100.0,True,108.0,35.18518518518518,7.4074074074074066,False,True,True,False
8544,70.0,4,100.0,True,100.0,30.0,0.0,False,True,True,False
8545,70.0,5,100.0,True,15.0,366.66666666666663,566.6666666666667,False,False,False,False
8546,1931.08,5,1952.07,True,1766.07,9.343344261552486,10.5318588730911,True,False,False,True
8547,679.19,1,679.19,False,1655.08,58.96331295163979,58.96331295163979,False,False,False,False
8548,120.73,4,113.0,True,120.73,0.0,6.402716806096251,True,True,False,False
8549,113.0,1,113.0,False,76.95,46.84860298895386,46.84860298895386,False,False,False,False
8550,593.57,1,593.57,False,593.57,0.0,0.0,True,True,False,False
8551,1.17,2,1.29,True,1.29,9.302325581395356,0.0,True,True,False,False
8552,44.0,1,44.0,False,50.0,12.0,12.0,False,False,False,False
8553,44.0,1,44.0,False,48.0,8.333333333333332,8.333333333333332,True,True,False,False
8554,44.0,1,44.0,False,60.0,26.666666666666668,26.666666666666668,False,False,False,False
8555,137.49,1,137.49,False,179.57,23.43375842289914,23.43375842289914,False,False,False,False
8556,20.62,1,20.62,False,20.62,0.0,0.0,True,True,False,False
8557,2462.51,1,2462.51,False,1285.0,91.63501945525293,91.63501945525293,False,False,False,False
8558,475.0,1,475.0,False,475.0,0.0,0.0,True,True,False,False
8559,188.31,7,200.0,True,65.0,189.7076923076923,207.6923076923077,False,False,False,False
8560,78.74,1,78.74,False,95.0,17.115789473684213,17.115789473684213,False,False,False,False
8561,16522.0,1,16522.0,False,16522.0,0.0,0.0,True,True,False,False
8562,111.63,2,25.92,True,441.0,74.68707482993197,94.12244897959184,False,False,False,False
8563,61.56,6,66.24,True,89.25,31.02521008403361,25.781512605042025,False,False,False,False
8564,0.25,1,0.25,False,0.25,0.0,0.0,True,True,False,False
8565,47.35,1,47.35,False,43.2,9.606481481481477,9.606481481481477,True,True,False,False
8566,0.54,1,0.54,False,0.54,0.0,0.0,True,True,False,False
8567,47.95,3,9.1,True,180.0,73.36111111111111,94.94444444444444,False,False,False,False
8568,0.54,6,0.51,True,0.48,12.50000000000001,6.250000000000005,False,True,True,False
8569,3.18,1,3.18,False,3.18,0.0,0.0,True,True,False,False
8570,350.0,1,350.0,False,350.0,0.0,0.0,True,True,False,False
8571,54.6,5,6.9,True,10.8,405.55555555555554,36.11111111111111,False,False,False,False
8572,4.2,2,9.1,True,12.0,65.0,24.16666666666667,False,False,False,False
8573,6.0,1,6.0,False,13.35,55.0561797752809,55.0561797752809,False,False,False,False
8574,500.0,1,500.0,False,140.0,257.14285714285717,257.14285714285717,False,False,False,False
8575,3.18,3,3.18,True,3.05,4.262295081967225,4.262295081967225,True,True,False,False
8576,0.25,1,0.25,False,0.54,53.70370370370371,53.70370370370371,False,False,False,False
8577,47.35,7,47.95,True,45.8,3.384279475982542,4.694323144104817,True,True,False,False
8578,48.0,1,48.0,False,10.8,344.44444444444446,344.44444444444446,False,False,False,False
8579,9.2,5,9.6,True,180.42,94.90078705243322,94.67908214166944,False,False,False,False
8580,0.54,2,0.54,True,0.36,50.000000000000014,50.000000000000014,False,False,False,False
8581,310.5,3,951.49,True,325.5,4.6082949308755765,192.31643625192012,True,False,False,True
8582,951.49,1,951.49,False,986.91,3.5889797448602163,3.5889797448602163,True,True,False,False
8583,730.0,1,730.0,False,3793.27,80.75539046785491,80.75539046785491,False,False,False,False
8584,12279.0,5,1375.0,True,214.87,5614.618141201656,539.9218131893704,False,False,False,False
8585,656.25,4,107.91,True,69.99,837.6339477068153,54.1791684526361,False,False,False,False
8586,249.95,5,226.2,True,663.39,62.322314174166024,65.9024103468548,False,False,False,False
8587,42.12,2,1550.0,True,50.69,16.906687709607418,2957.8023278753208,False,False,False,False
8588,688.0,1,688.0,False,50.76,1255.3979511426319,1255.3979511426319,False,False,False,False
8589,249.95,5,656.25,True,113.99,119.2736204930257,475.7083954732871,False,False,False,False
8590,1550.0,2,42.12,True,34.09,4446.787914344382,23.555294807861525,False,False,False,False
8591,214.87,10,60.15,True,15657.475,98.62768422111483,99.61583844138343,False,False,False,False
8592,3793.27,1,3793.27,False,2285.94,65.93917600636937,65.93917600636937,False,False,False,False
8593,6748.78,1,6748.78,False,11424.645,40.92788003478445,40.92788003478445,False,False,False,False
8594,350.0,1,350.0,False,4109.24,91.48260992300278,91.48260992300278,False,False,False,False
8595,23292.25,1,23292.25,False,48433.0,51.90830632007103,51.90830632007103,False,False,False,False
8596,1.07,1,1.07,False,1.18,9.322033898305076,9.322033898305076,True,True,False,False
8597,1.56,1,1.56,False,1.56,0.0,0.0,True,True,False,False
8598,4040.0,1,4040.0,False,4961.0,18.56480548276557,18.56480548276557,False,False,False,False
8599,18457.8,4,5200.0,True,3844.0,380.1716961498439,35.27575442247659,False,False,False,False
8600,4406.98,1,4406.98,False,27995.0,84.25797463832826,84.25797463832826,False,False,False,False
8601,1943.88,8,3394.85,True,3979.01,51.146642003915545,14.681038750845065,False,False,False,False
8602,1102.24,1,1102.24,False,1223.21,9.889552897703584,9.889552897703584,True,True,False,False
8603,391.75,4,730.12,True,730.12,46.344436530981206,0.0,False,True,True,False
8604,391.75,1,391.75,False,3957.09,90.10004826779274,90.10004826779274,False,False,False,False
8605,100.0,1,100.0,False,100.0,0.0,0.0,True,True,False,False
8606,108.0,1,108.0,False,108.0,0.0,0.0,True,True,False,False
8607,108.0,1,108.0,False,108.0,0.0,0.0,True,True,False,False
8608,63.59,5,63.59,True,63.59,0.0,0.0,True,True,False,False
8609,75.0,10,75.0,True,158.35,52.6365645721503,52.6365645721503,False,False,False,False
8610,100.0,1,100.0,False,108.0,7.4074074074074066,7.4074074074074066,True,True,False,False
8611,100.0,1,100.0,False,100.0,0.0,0.0,True,True,False,False
8612,100.0,4,100.0,True,100.0,0.0,0.0,True,True,False,False
8613,100.0,4,100.0,True,108.0,7.4074074074074066,7.4074074074074066,True,True,False,False
8614,100.0,1,100.0,False,100.0,0.0,0.0,True,True,False,False
8615,100.0,1,100.0,False,70.0,42.857142857142854,42.857142857142854,False,False,False,False
8616,100.0,1,100.0,False,100.0,0.0,0.0,True,True,False,False
8617,100.0,1,100.0,False,70.0,42.857142857142854,42.857142857142854,False,False,False,False
8618,70.0,7,108.0,True,100.0,30.0,8.0,False,True,True,False
8619,70.0,7,108.0,True,108.0,35.18518518518518,0.0,False,True,True,False
8620,3.9,1,3.9,False,3.9,0.0,0.0,True,True,False,False
8621,20.62,4,20.62,True,20.62,0.0,0.0,True,True,False,False
8622,1285.0,5,1415.0,True,1285.0,0.0,10.116731517509727,True,False,False,True
8623,179.57,1,179.57,False,179.57,0.0,0.0,True,True,False,False
8624,50.0,1,50.0,False,50.0,0.0,0.0,True,True,False,False
8625,0.52,8,0.52,True,0.4,30.0,30.0,False,False,False,False
8626,13.35,1,13.35,False,12.0,11.249999999999998,11.249999999999998,False,False,False,False
8627,45.8,1,45.8,False,43.2,6.018518518518505,6.018518518518505,True,True,False,False
8628,10.8,1,10.8,False,10.8,0.0,0.0,True,True,False,False
8629,75.0,2,350.0,True,350.0,78.57142857142857,0.0,False,True,True,False
8630,3.18,7,3.18,True,3.18,0.0,0.0,True,True,False,False
8631,0.25,2,0.25,True,0.25,0.0,0.0,True,True,False,False
8632,0.48,6,0.48,True,0.48,0.0,0.0,True,True,False,False
8633,180.42,2,180.0,True,180.0,0.23333333333332637,0.0,True,True,False,False
8634,0.36,2,0.54,True,0.54,33.33333333333334,0.0,False,True,True,False
8635,5850.0,2,5850.0,True,4411.25,32.615471805043924,32.615471805043924,False,False,False,False
8636,70.0,4,100.0,True,100.0,30.0,0.0,False,True,True,False
8637,70.0,10,108.0,True,70.0,0.0,54.285714285714285,True,False,False,True
8638,247.5,9,225.0,True,190.7,29.785002621919254,17.986366019926596,False,False,False,False
8639,1136.0,1,1136.0,False,27.08,4094.9778434268837,4094.9778434268837,False,False,False,False
8640,6.8,1,6.8,False,45.86,85.17226341037943,85.17226341037943,False,False,False,False
8641,1956.5,4,1561.17,True,1775.9,10.169491525423723,12.091333971507405,False,False,False,False
8642,1499.25,1,1499.25,False,182.35,722.1826158486427,722.1826158486427,False,False,False,False
8643,257.83,1,257.83,False,104.43,146.8926553672316,146.8926553672316,False,False,False,False
8644,257.83,1,257.83,False,284.05,9.230769230769239,9.230769230769239,True,True,False,False
8645,156.33,10,156.33,True,550.0,71.57636363636362,71.57636363636362,False,False,False,False
8646,13000.0,1,13000.0,False,97958.8,86.72911468903253,86.72911468903253,False,False,False,False
8647,180.0,2,300.0,True,312.0,42.30769230769231,3.8461538461538463,False,True,True,False
8648,0.25,2,0.54,True,0.54,53.70370370370371,0.0,False,True,True,False
8649,10.8,1,10.8,False,10.8,0.0,0.0,True,True,False,False
8650,16.2,1,16.2,False,14.4,12.499999999999991,12.499999999999991,False,False,False,False
8651,0.25,2,0.25,True,0.25,0.0,0.0,True,True,False,False
8652,3.05,8,3.18,True,3.18,4.088050314465419,0.0,True,True,False,False
8653,180.0,1,180.0,False,180.0,0.0,0.0,True,True,False,False
8654,350.0,1,350.0,False,350.0,0.0,0.0,True,True,False,False
8655,12.0,1,12.0,False,12.0,0.0,0.0,True,True,False,False
8656,78.5,1,78.5,False,96.0,18.229166666666664,18.229166666666664,False,False,False,False
8657,43.2,1,43.2,False,43.2,0.0,0.0,True,True,False,False
8658,258.0,2,241.5,True,240.0,7.5,0.625,True,True,False,False
8659,10.8,1,10.8,False,54.0,80.0,80.0,False,False,False,False
8660,0.48,1,0.48,False,0.48,0.0,0.0,True,True,False,False
8661,2395.0,1,2395.0,False,3600.0,33.47222222222222,33.47222222222222,False,False,False,False
8662,3085.0,1,3085.0,False,3600.0,14.305555555555555,14.305555555555555,False,False,False,False
8663,2895.0,1,2895.0,False,4800.0,39.6875,39.6875,False,False,False,False
8664,2350.0,8,2350.0,True,184.0,1177.1739130434783,1177.1739130434783,False,False,False,False
8665,129.0,9,32.0,True,169.0,23.668639053254438,81.06508875739645,False,False,False,False
8666,173.0,1,173.0,False,715.47,75.82009029029868,75.82009029029868,False,False,False,False
8667,69.0,1,69.0,False,1549.0,95.54551323434474,95.54551323434474,False,False,False,False
8668,69.0,1,69.0,False,1599.0,95.68480300187618,95.68480300187618,False,False,False,False
8669,11.0682,1,11.0682,False,11.0682,0.0,0.0,True,True,False,False
8670,11.0682,1,11.0682,False,11.0682,0.0,0.0,True,True,False,False
8671,190.0,1,190.0,False,190.0,0.0,0.0,True,True,False,False
8672,2074.4,1,2074.4,False,2074.4,0.0,0.0,True,True,False,False
8673,190.0,1,190.0,False,190.0,0.0,0.0,True,True,False,False
8674,2249.4,1,2249.4,False,2249.4,0.0,0.0,True,True,False,False
8675,292.6,3,274.51,True,308.0,4.999999999999993,10.873376623376627,True,False,False,True
8676,71.24,1,71.24,False,77.09,7.588532883642507,7.588532883642507,True,True,False,False
8677,21.8,5,102.6,True,177.0,87.68361581920904,42.03389830508475,False,False,False,False
8678,326.65,2,326.65,True,326.65,0.0,0.0,True,True,False,False
8679,9.3,9,32.91,True,10.85,14.285714285714276,203.31797235023038,False,False,False,False
8680,10.8,3,10.8,True,4.2,157.14285714285714,157.14285714285714,False,False,False,False
8681,0.48,4,0.49,True,0.48,0.0,2.0833333333333353,True,True,False,False
8682,43.2,1,43.2,False,9.3,364.5161290322581,364.5161290322581,False,False,False,False
8683,9.2,3,31.15,True,12.82,28.237129485179413,142.97971918876752,False,False,False,False
8684,9.2,3,31.15,True,11.15,17.488789237668172,179.37219730941703,False,False,False,False
8685,179.57,1,179.57,False,179.57,0.0,0.0,True,True,False,False
8686,25.92,1,25.92,False,98.25,73.61832061068702,73.61832061068702,False,False,False,False
8687,84428.62,1,84428.62,False,54272.0,55.5657060731132,55.5657060731132,False,False,False,False
8688,110.0,7,285.0,True,1185.0,90.71729957805907,75.9493670886076,False,False,False,False
8689,21.25,1,21.25,False,21.25,0.0,0.0,True,True,False,False
8690,3576.0,1,3576.0,False,3562.0,0.39303761931499154,0.39303761931499154,True,True,False,False
8691,3585.0,1,3585.0,False,3568.0,0.476457399103139,0.476457399103139,True,True,False,False
8692,3585.0,1,3585.0,False,4360.0,17.775229357798164,17.775229357798164,False,False,False,False
8693,11.0682,1,11.0682,False,11.0682,0.0,0.0,True,True,False,False
8694,190.0,1,190.0,False,190.0,0.0,0.0,True,True,False,False
8695,0.48,1,0.48,False,0.48,0.0,0.0,True,True,False,False
8696,8.44,2,9.1,True,9.2,8.260869565217389,1.0869565217391266,True,True,False,False
8697,3.18,5,3.18,True,3.18,0.0,0.0,True,True,False,False
8698,10.8,1,10.8,False,42.0,74.28571428571429,74.28571428571429,False,False,False,False
8699,35.0,2,350.0,True,85.0,58.82352941176471,311.7647058823529,False,False,False,False
8700,483510.0,1,483510.0,False,1579355.0,69.3856036166663,69.3856036166663,False,False,False,False
8701,339.99,1,339.99,False,339.99,0.0,0.0,True,True,False,False
8702,138.75,9,138.75,True,161.25,13.953488372093023,13.953488372093023,False,False,False,False
8703,127.5,4,140.0,True,127.5,0.0,9.803921568627452,True,True,False,False
8704,0.23,9,0.24,True,0.23,0.0,4.3478260869565135,True,True,False,False
8705,98.3,1,98.3,False,47.8,105.64853556485356,105.64853556485356,False,False,False,False
8706,196.1,1,196.1,False,52.2,275.6704980842911,275.6704980842911,False,False,False,False
8707,100.0,7,100.0,True,100.0,0.0,0.0,True,True,False,False
8708,70.0,5,100.0,True,108.0,35.18518518518518,7.4074074074074066,False,True,True,False
8709,125.0,1,125.0,False,125.0,0.0,0.0,True,True,False,False
8710,105.0,1,105.0,False,105.0,0.0,0.0,True,True,False,False
8711,325.0,1,325.0,False,325.0,0.0,0.0,True,True,False,False
8712,1285.0,1,1285.0,False,1285.0,0.0,0.0,True,True,False,False
8713,1285.0,1,1285.0,False,1285.0,0.0,0.0,True,True,False,False
8714,204.9,2,204.9,True,204.9,0.0,0.0,True,True,False,False
8715,2399.2,5,2438.29,True,2399.2,0.0,1.6292930976992395,True,True,False,False
8716,4.0,9,108.05,True,2.21,80.99547511312217,4789.140271493213,False,False,False,False
8717,10939.0,1,10939.0,False,13500.0,18.97037037037037,18.97037037037037,False,False,False,False
8718,0.42,1,0.42,False,0.26,61.53846153846153,61.53846153846153,False,False,False,False
8719,0.42,3,0.42,True,1.65,74.54545454545455,74.54545454545455,False,False,False,False
8720,0.42,1,0.42,False,0.74,43.24324324324324,43.24324324324324,False,False,False,False
8721,1.9,3,2.0,True,0.22,763.6363636363636,809.0909090909091,False,False,False,False
8722,0.42,1,0.42,False,1.3,67.6923076923077,67.6923076923077,False,False,False,False
8723,14.0,3,0.44,True,0.43,3155.813953488372,2.325581395348839,False,True,True,False
8724,0.42,4,1.3,True,0.44,4.545454545454549,195.45454545454547,True,False,False,True
8725,0.42,4,1.3,True,0.26,61.53846153846153,400.0,False,False,False,False
8726,0.42,1,0.42,False,0.74,43.24324324324324,43.24324324324324,False,False,False,False
8727,1.1,6,1.1,True,0.26,323.0769230769231,323.0769230769231,False,False,False,False
8728,0.42,1,0.42,False,0.27,55.555555555555536,55.555555555555536,False,False,False,False
8729,0.43,1,0.43,False,0.52,17.307692307692314,17.307692307692314,False,False,False,False
8730,0.42,8,1.3,True,1.65,74.54545454545455,21.212121212121204,False,False,False,False
8731,0.42,5,1.3,True,0.22,90.9090909090909,490.90909090909093,False,False,False,False
8732,0.42,1,0.42,False,0.52,19.230769230769237,19.230769230769237,False,False,False,False
8733,516.1393,1,516.1393,False,480.676,7.377797102414113,7.377797102414113,True,True,False,False
8734,516.1393,1,516.1393,False,441.1919,16.98748322442005,16.98748322442005,False,False,False,False
8735,1495.45,3,560.2106,True,930.4515,60.72304682189239,39.79153131571071,False,False,False,False
8736,520.0828,2,248.3096,True,498.009,4.432409856046779,50.13953563088218,True,False,False,True
8737,248.3096,1,248.3096,False,250.315,0.8011505503066172,0.8011505503066172,True,True,False,False
8738,516.1393,1,516.1393,False,441.1919,16.98748322442005,16.98748322442005,False,False,False,False
8739,955.0,6,248.3096,True,250.315,281.5192857000179,0.8011505503066172,False,True,True,False
8740,555.1255,1,555.1255,False,930.4515,40.3380509354867,40.3380509354867,False,False,False,False
8741,520.0828,2,248.3096,True,498.009,4.432409856046779,50.13953563088218,True,False,False,True
8742,1023.4915,2,516.1393,True,480.676,112.92752290524177,7.377797102414113,False,True,True,False
8743,262.3767,7,911.3,True,197.58,32.79517157607046,361.2308938151634,False,False,False,False
8744,61.59,6,59.97,True,20.62,198.69059165858388,190.83414161008724,False,False,False,False
8745,268.94,1,268.94,False,268.94,0.0,0.0,True,True,False,False
8746,178.19,1,178.19,False,179.57,0.7685025338308156,0.7685025338308156,True,True,False,False
8747,154.94,1,154.94,False,120.19,28.912555121058325,28.912555121058325,False,False,False,False
8748,1285.0,4,2710.0,True,1285.0,0.0,110.89494163424125,True,False,False,True
8749,61.59,2,21.49,True,20.62,198.69059165858388,4.21920465567409,False,True,True,False
8750,179.57,1,179.57,False,179.57,0.0,0.0,True,True,False,False
8751,1285.01,1,1285.01,False,1415.0,9.186572438162544,9.186572438162544,True,True,False,False
8752,1285.0,3,2245.5,True,2323.02,44.68407504024933,3.337035410801456,False,True,True,False
8753,1285.0,3,1285.0,True,67.49,1803.9857756704698,1803.9857756704698,False,False,False,False
8754,2462.51,3,2710.0,True,2710.0,9.13247232472324,0.0,True,True,False,False
8755,193.32,5,164.99,True,268.94,28.117795790882727,38.65174388339406,False,False,False,False
8756,1285.0,1,1285.0,False,1417.0,9.31545518701482,9.31545518701482,True,True,False,False
8757,179.57,1,179.57,False,179.57,0.0,0.0,True,True,False,False
8758,152.89,1,152.89,False,142.58,7.231028194697695,7.231028194697695,True,True,False,False
8759,21.99,1,21.99,False,20.62,6.644034917555758,6.644034917555758,True,True,False,False
8760,2673.01,1,2673.01,False,2710.0,1.3649446494464863,1.3649446494464863,True,True,False,False
8761,179.57,1,179.57,False,179.57,0.0,0.0,True,True,False,False
8762,247.49,3,227.69,True,44.5,456.1573033707865,411.6629213483146,False,False,False,False
8763,1285.0,1,1285.0,False,1285.0,0.0,0.0,True,True,False,False
8764,27.49,2,45.49,True,103.12,73.34173778122576,55.886346004654776,False,False,False,False
8765,304.79,1,304.79,False,268.94,13.330110805384109,13.330110805384109,False,False,False,False
8766,158.12,1,158.12,False,700.0,77.41142857142857,77.41142857142857,False,False,False,False
8767,15.31,3,15.31,True,32.73,53.22334249923616,53.22334249923616,False,False,False,False
8768,169.0,7,99.0,True,249.0,32.1285140562249,60.24096385542169,False,False,False,False
8769,9075.0,1,9075.0,False,6105.0,48.64864864864865,48.64864864864865,False,False,False,False
8770,169.0,4,79.0,True,79.0,113.9240506329114,0.0,False,True,True,False
8771,2295.0,2,1279.0,True,1279.0,79.43706020328382,0.0,False,True,True,False
8772,99.0,5,99.0,True,99.0,0.0,0.0,True,True,False,False
8773,229.0,2,169.0,True,169.0,35.50295857988166,0.0,False,True,True,False
8774,949.0,3,949.0,True,949.0,0.0,0.0,True,True,False,False
8775,925.0,4,925.0,True,925.0,0.0,0.0,True,True,False,False
8776,5995.0,10,1279.0,True,721.0,731.4840499306518,77.39251040221914,False,False,False,False
8777,169.0,1,169.0,False,775.0,78.19354838709678,78.19354838709678,False,False,False,False
8778,5995.0,1,5995.0,False,5995.0,0.0,0.0,True,True,False,False
8779,169.0,5,229.0,True,229.0,26.200873362445414,0.0,False,True,True,False
8780,2295.0,3,116.0,True,116.0,1878.448275862069,0.0,False,True,True,False
8781,2295.0,1,2295.0,False,2295.0,0.0,0.0,True,True,False,False
8782,229.0,4,99.0,True,149.0,53.691275167785236,33.557046979865774,False,False,False,False
8783,9852.0,1,9852.0,False,31398.5,68.62270490628534,68.62270490628534,False,False,False,False
8784,593.57,1,593.57,False,593.57,0.0,0.0,True,True,False,False
8785,95.15,4,95.15,True,132.91,28.41020239259649,28.41020239259649,False,False,False,False
8786,95.15,1,95.15,False,79.8,19.23558897243109,19.23558897243109,False,False,False,False
8787,95.15,1,95.15,False,95.88,0.7613683771380786,0.7613683771380786,True,True,False,False
8788,95.15,4,95.15,True,99.4,4.275653923541247,4.275653923541247,True,True,False,False
8789,95.15,4,95.15,True,120.99,21.357136953467222,21.357136953467222,False,False,False,False
8790,95.15,4,95.15,True,241.74,60.63953007363283,60.63953007363283,False,False,False,False
8791,86.22,8,95.15,True,42.73,101.77860987596539,122.67727591855842,False,False,False,False
8792,95.15,4,95.15,True,214.41,55.622405671377265,55.622405671377265,False,False,False,False
8793,95.15,4,95.15,True,86.22,10.357225701693352,10.357225701693352,False,False,False,False
8794,95.15,4,95.15,True,268.0,64.49626865671641,64.49626865671641,False,False,False,False
8795,50.0,1,50.0,False,30.85,62.074554294975684,62.074554294975684,False,False,False,False
8796,6.65,1,6.65,False,6.65,0.0,0.0,True,True,False,False
8797,46.51,1,46.51,False,46.51,0.0,0.0,True,True,False,False
8798,9500.0,3,9000.0,True,9000.0,5.555555555555555,0.0,True,True,False,False
8799,89.25,1,89.25,False,34.89,155.80395528804814,155.80395528804814,False,False,False,False
8800,276.0,8,61.46,True,1527.0,81.9253438113949,95.97511460379829,False,False,False,False
8801,1423.87,1,1423.87,False,1655.77,14.005568406240002,14.005568406240002,False,False,False,False
8802,1423.87,1,1423.87,False,1810.31,21.346620192121797,21.346620192121797,False,False,False,False
8803,2462.51,7,2710.0,True,3100.0,20.564193548387088,12.580645161290322,False,False,False,False
8804,156.33,1,156.33,False,142.58,9.643708795062421,9.643708795062421,True,True,False,False
8805,268.94,1,268.94,False,268.94,0.0,0.0,True,True,False,False
8806,25.99,3,27.49,True,27.49,5.456529647144417,0.0,True,True,False,False
8807,103.12,2,1373.0,True,44.5,131.7303370786517,2985.3932584269664,False,False,False,False
8808,4121.32,1,4121.32,False,4121.32,0.0,0.0,True,True,False,False
8809,140.0,1,140.0,False,127.5,9.803921568627452,9.803921568627452,True,True,False,False
8810,127.5,9,155.0,True,138.75,8.108108108108109,11.711711711711711,True,False,False,True
8811,146.25,1,146.25,False,146.25,0.0,0.0,True,True,False,False
8812,3919.02,3,1346.42,True,1289.0,204.0356865787432,4.454615981380921,False,True,True,False
8813,3630.0,9,3762.0,True,4998.0,27.370948379351738,24.729891956782712,False,False,False,False
8814,11384.0,1,11384.0,False,11384.0,0.0,0.0,True,True,False,False
8815,3762.0,1,3762.0,False,4998.0,24.729891956782712,24.729891956782712,False,False,False,False
8816,3630.0,9,3762.0,True,2730.0,32.967032967032964,37.8021978021978,False,False,False,False
8817,250.0,7,2922.0,True,250.0,0.0,1068.8,True,False,False,True
8818,3030.0,1,3030.0,False,3030.0,0.0,0.0,True,True,False,False
8819,3030.0,1,3030.0,False,2418.0,25.31017369727047,25.31017369727047,False,False,False,False
8820,3762.0,1,3762.0,False,3762.0,0.0,0.0,True,True,False,False
8821,9.2,1,9.2,False,38.0,75.78947368421053,75.78947368421053,False,False,False,False
8822,180.0,5,10.8,True,150.0,20.0,92.8,False,False,False,False
8823,9.1,1,9.1,False,745.0,98.77852348993288,98.77852348993288,False,False,False,False
8824,9.2,1,9.2,False,39.0,76.41025641025642,76.41025641025642,False,False,False,False
8825,1.65,4,9.3,True,645.0,99.74418604651163,98.55813953488372,False,False,False,False
8826,3.84,3,3.3,True,45.0,91.46666666666667,92.66666666666667,False,False,False,False
8827,9.54,1,9.54,False,40.0,76.15,76.15,False,False,False,False
8828,174.6,1,174.6,False,645.0,72.93023255813952,72.93023255813952,False,False,False,False
8829,180.0,3,4.6,True,1307.0,86.22800306044377,99.64804896710024,False,False,False,False
8830,9.2,1,9.2,False,700.0,98.68571428571428,98.68571428571428,False,False,False,False
8831,43.2,5,9.1,True,90.0,52.0,89.8888888888889,False,False,False,False
8832,9.2,4,132.59,True,850.0,98.91764705882352,84.40117647058824,False,False,False,False
8833,180.42,1,180.42,False,650.0,72.24307692307693,72.24307692307693,False,False,False,False
8834,10.0,1,10.0,False,897.0,98.88517279821627,98.88517279821627,False,False,False,False
8835,410.0,1,410.0,False,36.0,1038.888888888889,1038.888888888889,False,False,False,False
8836,4121.32,9,4121.32,True,4121.32,0.0,0.0,True,True,False,False
8837,199.64,8,186.14,True,216.64,7.847119645494831,14.078655834564255,True,False,False,True
8838,159.4,1,159.4,False,256.79,37.92593169515947,37.92593169515947,False,False,False,False
8839,159.4,1,159.4,False,309.79,48.54578908292714,48.54578908292714,False,False,False,False
8840,110.64,1,110.64,False,110.64,0.0,0.0,True,True,False,False
8841,120.64,1,120.64,False,120.64,0.0,0.0,True,True,False,False
8842,540.0,2,30.5,True,35.7,1412.6050420168067,14.56582633053222,False,False,False,False
8843,1.3,3,13.8,True,16.97,92.3394225103123,18.680023571007652,False,False,False,False
8844,623.04,1,623.04,False,610.06,2.127659574468088,2.127659574468088,True,True,False,False
8845,1883.0,1,1883.0,False,1883.0,0.0,0.0,True,True,False,False
8846,250.0,9,247.5,True,364.93,31.493711122681063,32.17877401145425,False,False,False,False
8847,648.9,1,648.9,False,7.35,8728.571428571428,8728.571428571428,False,False,False,False
8848,80.85,1,80.85,False,80.85,0.0,0.0,True,True,False,False
8849,80.85,8,86.1,True,160.65,49.67320261437909,46.40522875816994,False,False,False,False
8850,86.1,1,86.1,False,86.1,0.0,0.0,True,True,False,False
8851,97.85,1,97.85,False,40.79,139.88722726158372,139.88722726158372,False,False,False,False
8852,28.4,1,28.4,False,29.89,4.984944797591174,4.984944797591174,True,True,False,False
8853,28.4,1,28.4,False,90.45,68.60143725815368,68.60143725815368,False,False,False,False
8854,17.72,2,97.85,True,71.39,75.17859644207873,37.064014567866636,False,False,False,False
8855,2312.8,1,2312.8,False,469.36,392.7560934037839,392.7560934037839,False,False,False,False
8856,104.43,5,1775.9,True,31.59,230.57929724596394,5521.715732826844,False,False,False,False
8857,104.43,6,1499.25,True,455.25,77.06095551894563,229.32454695222404,False,False,False,False
8858,104.43,8,14.06,True,29.25,257.02564102564105,51.931623931623925,False,False,False,False
8859,104.43,9,738.6,True,467.33,77.65390623328268,58.046776367877094,False,False,False,False
8860,104.43,8,1775.9,True,32.88,217.6094890510949,5301.155717761557,False,False,False,False
8861,104.43,7,1775.9,True,421.63,75.23183834167398,321.198681308256,False,False,False,False
8862,104.43,7,1775.9,True,30.42,243.29388560157793,5737.935568704799,False,False,False,False
8863,1285.0,2,1366.0,True,1400.0,8.214285714285714,2.4285714285714284,True,True,False,False
8864,179.57,4,179.57,True,179.57,0.0,0.0,True,True,False,False
8865,20.62,1,20.62,False,20.62,0.0,0.0,True,True,False,False
8866,0.05,4,0.05,True,0.05,0.0,0.0,True,True,False,False
8867,7.44,1,7.44,False,7.44,0.0,0.0,True,True,False,False
8868,2935.0,5,1521.4,True,162.0,1711.7283950617284,839.1358024691359,False,False,False,False
8869,2876.67,5,1345.61,True,162.0,1675.7222222222222,730.6234567901234,False,False,False,False
8870,102.73,1,102.73,False,364.06,71.782123825743,71.782123825743,False,False,False,False
8871,549.66,1,549.66,False,455.08,20.783159005010106,20.783159005010106,False,False,False,False
8872,102.73,1,102.73,False,24.82,313.90008058017725,313.90008058017725,False,False,False,False
8873,500.0,1,500.0,False,500.0,0.0,0.0,True,True,False,False
8874,6750.0,1,6750.0,False,7990.0,15.519399249061328,15.519399249061328,False,False,False,False
8875,9048.0,1,9048.0,False,2808.0,222.22222222222223,222.22222222222223,False,False,False,False
8876,9048.0,1,9048.0,False,2564.24,252.85308707453282,252.85308707453282,False,False,False,False
8877,1372.44,1,1372.44,False,1372.45,0.0007286239935874462,0.0007286239935874462,True,True,False,False
8878,874.54,1,874.54,False,2357.08,62.89731362533304,62.89731362533304,False,False,False,False
8879,56.52,3,56.52,True,56.52,0.0,0.0,True,True,False,False
8880,874.54,1,874.54,False,508.2,72.0857929948839,72.0857929948839,False,False,False,False
8881,13455.32,1,13455.32,False,13455.32,0.0,0.0,True,True,False,False
8882,793.87,1,793.87,False,793.87,0.0,0.0,True,True,False,False
8883,349.84,1,349.84,False,4837.86,92.76870351767104,92.76870351767104,False,False,False,False
8884,672.77,2,672.77,True,672.77,0.0,0.0,True,True,False,False
8885,391.75,1,391.75,False,555.34,29.45762956026939,29.45762956026939,False,False,False,False
8886,349.84,7,489.61,True,489.61,28.547211045526037,0.0,False,True,True,False
8887,349.84,7,672.77,True,349.84,0.0,92.30791218842901,True,False,False,True
8888,10226.04,1,10226.04,False,10226.04,0.0,0.0,True,True,False,False
8889,4511.78,1,4511.78,False,4511.78,0.0,0.0,True,True,False,False
8890,1527.0,4,441.75,True,1540.0,0.8441558441558441,71.31493506493507,True,False,False,True
8891,441.75,1,441.75,False,431.0,2.494199535962877,2.494199535962877,True,True,False,False
8892,483.84,1,483.84,False,572.0,15.412587412587417,15.412587412587417,False,False,False,False
8893,171.87,3,175.99,True,171.87,0.0,2.3971606446733023,True,True,False,False
8894,4220.96,8,1285.0,True,3429.91,23.063287374887395,62.53546011411378,False,False,False,False
8895,1285.0,4,1285.0,True,1405.0,8.540925266903916,8.540925266903916,True,True,False,False
8896,9995.0,6,9657.0,True,125115.0,92.01134955840627,92.28150101906246,False,False,False,False
8897,66908.19,2,120689.02,True,67193.14,0.42407602918988024,79.61509165965455,True,False,False,True
8898,72866.67,3,72866.67,True,320047.05,77.23251315704988,77.23251315704988,False,False,False,False
8899,54350.41,2,53950.41,True,57821.41,6.002966721150522,6.694751995843753,True,True,False,False
8900,83410.17,1,83410.17,False,57421.41,45.25970365408999,45.25970365408999,False,False,False,False
8901,61.87,2,214.84,True,179.57,65.54546973325165,19.641365484212294,False,False,False,False
8902,156.33,1,156.33,False,142.58,9.643708795062421,9.643708795062421,True,True,False,False
8903,1400.0,7,1490.0,True,1285.0,8.949416342412452,15.953307392996107,True,False,False,True
8904,6270.0,1,6270.0,False,7800.0,19.615384615384617,19.615384615384617,False,False,False,False
8905,6270.0,1,6270.0,False,3650.0,71.78082191780823,71.78082191780823,False,False,False,False
8906,1000.0,1,1000.0,False,60.35,1557.0008285004142,1557.0008285004142,False,False,False,False
8907,1000.0,1,1000.0,False,418.2,139.12003825920613,139.12003825920613,False,False,False,False
8908,431.0,1,431.0,False,12.6,3320.63492063492,3320.63492063492,False,False,False,False
8909,431.0,1,431.0,False,7.5,5646.666666666667,5646.666666666667,False,False,False,False
8910,71.39,9,77.3,True,71.39,0.0,8.278470374001955,True,True,False,False
8911,97.85,1,97.85,False,61.39,59.3907802573709,59.3907802573709,False,False,False,False
8912,28.4,1,28.4,False,29.89,4.984944797591174,4.984944797591174,True,True,False,False
8913,247.49,1,247.49,False,268.94,7.975756674351151,7.975756674351151,True,True,False,False
8914,1285.0,4,1353.0,True,1285.0,0.0,5.291828793774319,True,True,False,False
8915,2462.51,7,2462.51,True,2710.0,9.13247232472324,9.13247232472324,True,True,False,False
8916,1300.0,3,1400.0,True,1460.0,10.95890410958904,4.10958904109589,False,True,True,False
8917,8050.0,1,8050.0,False,8200.0,1.8292682926829267,1.8292682926829267,True,True,False,False
8918,6400.0,1,6400.0,False,6640.0,3.614457831325301,3.614457831325301,True,True,False,False
8919,6890.0,1,6890.0,False,5500.0,25.272727272727273,25.272727272727273,False,False,False,False
8920,6890.0,1,6890.0,False,6890.0,0.0,0.0,True,True,False,False
8921,459.28,2,367.2,True,1294.0,64.50695517774344,71.62287480680062,False,False,False,False
8922,10944.0,6,1174.04,True,5338.0,105.02060696890221,78.00599475458974,False,False,False,False
8923,3.15,1,3.15,False,3.15,0.0,0.0,True,True,False,False
8924,70.0,10,100.0,True,70.0,0.0,42.857142857142854,True,False,False,True
8925,1700.0,2,1665.0,True,1667.0,1.9796040791841631,0.11997600479904018,True,True,False,False
8926,1675.0,1,1675.0,False,1700.0,1.4705882352941175,1.4705882352941175,True,True,False,False
8927,12036.0,1,12036.0,False,6543.1,83.94950405770963,83.94950405770963,False,False,False,False
8928,129.0,1,129.0,False,430.86,70.05988023952095,70.05988023952095,False,False,False,False
8929,129.0,1,129.0,False,115.33,11.852943726697305,11.852943726697305,False,False,False,False
8930,8022.0,1,8022.0,False,9295.0,13.695535233996772,13.695535233996772,False,False,False,False
8931,70.0,1,70.0,False,70.0,0.0,0.0,True,True,False,False
8932,1.29,1,1.29,False,1.29,0.0,0.0,True,True,False,False
8933,104.43,1,104.43,False,554.01,81.15015974440894,81.15015974440894,False,False,False,False
8934,85.0,1,85.0,False,45.0,88.88888888888889,88.88888888888889,False,False,False,False
8935,10.8,4,4.2,True,4.8,125.00000000000003,12.499999999999993,False,False,False,False
8936,9.2,1,9.2,False,9.2,0.0,0.0,True,True,False,False
8937,179.85,3,24.6,True,2.4,7393.75,925.0000000000002,False,False,False,False
8938,0.48,10,0.48,True,0.48,0.0,0.0,True,True,False,False
8939,500.0,1,500.0,False,500.0,0.0,0.0,True,True,False,False
8940,71.96,10,3432.51,True,307.12,76.5694191195624,1017.6445688981506,False,False,False,False
8941,623.04,1,623.04,False,1195.08,47.86625163168993,47.86625163168993,False,False,False,False
8942,142.58,1,142.58,False,700.0,79.63142857142856,79.63142857142856,False,False,False,False
8943,227.69,1,227.69,False,227.69,0.0,0.0,True,True,False,False
8944,13.74,8,13.74,True,47.0,70.7659574468085,70.7659574468085,False,False,False,False
8945,3935.0,3,193.45,True,129.24,2944.722995976478,49.682760755184134,False,False,False,False
8946,3935.0,2,360.0,True,4261.9,7.670287899763009,91.5530631877801,True,False,False,True
8947,258.33,1,258.33,False,342.55,24.586191796817992,24.586191796817992,False,False,False,False
8948,299.99,1,299.99,False,127.5,135.28627450980392,135.28627450980392,False,False,False,False
8949,61.59,5,147.25,True,225.04,72.6315321720583,34.5671880554568,False,False,False,False
8950,61.59,1,61.59,False,61.59,0.0,0.0,True,True,False,False
8951,30.85,2,26.58,True,30.85,0.0,13.841166936790932,True,False,False,True
8952,8961.83,1,8961.83,False,203.7,4299.523809523809,4299.523809523809,False,False,False,False
8953,1307.56,1,1307.56,False,119.89,990.6330803236299,990.6330803236299,False,False,False,False
8954,8961.83,1,8961.83,False,11294.68,20.65441429062178,20.65441429062178,False,False,False,False
8955,89.25,1,89.25,False,342.0,73.90350877192982,73.90350877192982,False,False,False,False
8956,89.25,2,89.25,True,18.69,377.5280898876404,377.5280898876404,False,False,False,False
8957,89.25,1,89.25,False,103.0,13.349514563106796,13.349514563106796,False,False,False,False
8958,29.45,2,89.25,True,176.0,83.26704545454547,49.28977272727273,False,False,False,False
8959,668.47,1,668.47,False,668.47,0.0,0.0,True,True,False,False
8960,160.65,1,160.65,False,160.65,0.0,0.0,True,True,False,False
8961,24.77,2,24.72,True,24.55,0.8961303462321746,0.692464358452131,True,True,False,False
8962,24.77,6,24.72,True,24.72,0.2022653721682877,0.0,True,True,False,False
8963,47.94,1,47.94,False,60.0,20.100000000000005,20.100000000000005,False,False,False,False
8964,4.8,1,4.8,False,5.2,7.692307692307699,7.692307692307699,True,True,False,False
8965,0.48,2,0.48,True,36.0,98.66666666666669,98.66666666666669,False,False,False,False
8966,35.0,1,35.0,False,75.0,53.333333333333336,53.333333333333336,False,False,False,False
8967,9.2,4,10.02,True,8.4,9.523809523809511,19.285714285714274,True,False,False,True
8968,3.18,6,3.18,True,3.18,0.0,0.0,True,True,False,False
8969,1.65,3,39.0,True,1.2,37.5,3150.0,False,False,False,False
8970,85.0,1,85.0,False,120.0,29.166666666666668,29.166666666666668,False,False,False,False
8971,4.8,8,4.6,True,5.4,11.11111111111112,14.814814814814827,False,False,False,False
8972,0.25,2,0.48,True,0.75,66.66666666666666,36.00000000000001,False,False,False,False
8973,738.6,3,1321.6,True,852.55,13.365784997947328,55.017301038062286,False,False,False,False
8974,182.35,1,182.35,False,182.35,0.0,0.0,True,True,False,False
8975,4.2,8,9.3,True,14.85,71.71717171717171,37.37373737373737,False,False,False,False
8976,38.0,1,38.0,False,13.5,181.4814814814815,181.4814814814815,False,False,False,False
8977,45.0,4,38.0,True,14.85,203.03030303030303,155.8922558922559,False,False,False,False
8978,650.0,10,8.5,True,9.2,6965.217391304348,7.608695652173907,False,True,True,False
8979,10.8,3,4.8,True,5.4,100.0,11.11111111111112,False,False,False,False
8980,0.48,2,0.48,True,0.48,0.0,0.0,True,True,False,False
8981,85.0,7,350.0,True,40.0,112.5,775.0,False,False,False,False
8982,208.0,3,702.23,True,221.64,6.154123804367437,216.8336040425916,True,False,False,True
8983,182.35,1,182.35,False,182.35,0.0,0.0,True,True,False,False
8984,1321.6,1,1321.6,False,852.55,55.017301038062286,55.017301038062286,False,False,False,False
8985,0.48,2,0.48,True,0.48,0.0,0.0,True,True,False,False
8986,10.8,9,5.2,True,5.2,107.69230769230771,0.0,False,True,True,False
8987,9.3,1,9.3,False,1152.85,99.19330355206662,99.19330355206662,False,False,False,False
8988,24.6,1,24.6,False,84.0,70.71428571428571,70.71428571428571,False,False,False,False
8989,11.15,3,9.2,True,9.2,21.195652173913057,0.0,False,True,True,False
8990,48.0,1,48.0,False,55.85,14.055505819158462,14.055505819158462,False,False,False,False
8991,1.79,1,1.79,False,1.32,35.6060606060606,35.6060606060606,False,False,False,False
8992,0.48,3,0.48,True,0.48,0.0,0.0,True,True,False,False
8993,0.54,4,0.54,True,0.54,0.0,0.0,True,True,False,False
8994,3.18,2,3.18,True,3.18,0.0,0.0,True,True,False,False
8995,85.0,4,350.0,True,80.0,6.25,337.5,True,False,False,True
8996,0.25,3,0.25,True,0.25,0.0,0.0,True,True,False,False
8997,47.95,8,180.0,True,180.0,73.36111111111111,0.0,False,True,True,False
8998,12.0,1,12.0,False,12.0,0.0,0.0,True,True,False,False
8999,43.2,1,43.2,False,43.2,0.0,0.0,True,True,False,False
9000,0.25,3,0.25,True,0.25,0.0,0.0,True,True,False,False
9001,85.0,4,350.0,True,80.0,6.25,337.5,True,False,False,True
9002,85.0,3,350.0,True,350.0,75.71428571428571,0.0,False,True,True,False
9003,0.25,6,0.25,True,0.25,0.0,0.0,True,True,False,False
9004,0.48,3,0.48,True,0.48,0.0,0.0,True,True,False,False
9005,43.2,1,43.2,False,43.2,0.0,0.0,True,True,False,False
9006,0.54,5,0.54,True,0.54,0.0,0.0,True,True,False,False
9007,10.8,1,10.8,False,10.8,0.0,0.0,True,True,False,False
9008,180.0,1,180.0,False,180.0,0.0,0.0,True,True,False,False
9009,3.18,10,3.18,True,3.18,0.0,0.0,True,True,False,False
9010,12.0,1,12.0,False,12.0,0.0,0.0,True,True,False,False
9011,0.48,1,0.48,False,0.48,0.0,0.0,True,True,False,False
9012,0.25,10,0.25,True,0.25,0.0,0.0,True,True,False,False
9013,85.0,3,350.0,True,80.0,6.25,337.5,True,False,False,True
9014,3.18,5,3.18,True,3.18,0.0,0.0,True,True,False,False
9015,0.54,6,0.54,True,0.54,0.0,0.0,True,True,False,False
9016,593.57,1,593.57,False,593.57,0.0,0.0,True,True,False,False
9017,36.44,1,36.44,False,125.1,70.8713029576339,70.8713029576339,False,False,False,False
9018,29536.18,1,29536.18,False,1500.0,1869.0786666666668,1869.0786666666668,False,False,False,False
9019,8024.4,2,4999.95,True,7920.0,1.3181818181818137,36.86931818181819,True,False,False,True
9020,500.0,1,500.0,False,700.0,28.57142857142857,28.57142857142857,False,False,False,False
9021,249.0,10,252.0,True,249.0,0.0,1.2048192771084338,True,True,False,False
9022,99.0,9,99.0,True,149.0,33.557046979865774,33.557046979865774,False,False,False,False
9023,6105.0,3,9075.0,True,6695.0,8.812546676624347,35.54891710231516,True,False,False,True
9024,249.0,3,5995.0,True,5995.0,95.8465387823186,0.0,False,True,True,False
9025,79.0,8,79.0,True,79.0,0.0,0.0,True,True,False,False
9026,2295.0,2,1279.0,True,1279.0,79.43706020328382,0.0,False,True,True,False
9027,949.0,9,925.0,True,949.0,0.0,2.528977871443625,True,True,False,False
9028,99.0,8,99.0,True,99.0,0.0,0.0,True,True,False,False
9029,229.0,8,229.0,True,229.0,0.0,0.0,True,True,False,False
9030,2295.0,1,2295.0,False,2295.0,0.0,0.0,True,True,False,False
9031,949.0,1,949.0,False,79.0,1101.26582278481,1101.26582278481,False,False,False,False
9032,116.0,4,116.0,True,141.0,17.73049645390071,17.73049645390071,False,False,False,False
9033,775.0,7,169.0,True,775.0,0.0,78.19354838709678,True,False,False,True
9034,169.0,3,169.0,True,169.0,0.0,0.0,True,True,False,False
9035,925.0,5,925.0,True,925.0,0.0,0.0,True,True,False,False
9036,721.0,4,775.0,True,795.0,9.30817610062893,2.515723270440252,True,True,False,False
9037,28.1,5,25.57,True,35.78,21.464505310229175,28.535494689770825,False,False,False,False
9038,7022.62,4,574.0,True,1754.6,300.2405106576998,67.28599110908469,False,False,False,False
9039,7022.62,1,7022.62,False,736.9,852.9949789659386,852.9949789659386,False,False,False,False
9040,236.73,1,236.73,False,248.67,4.801544215224996,4.801544215224996,True,True,False,False
9041,317.08,1,317.08,False,317.08,0.0,0.0,True,True,False,False
9042,284.0,4,54.57,True,61.35,362.91768541157296,11.051344743276285,False,False,False,False
9043,27.74,6,153.42,True,9.34,197.0021413276231,1542.612419700214,False,False,False,False
9044,236.73,5,178.09,True,186.77,26.749477967553663,4.647427317020939,False,True,True,False
9045,227.02,7,236.73,True,234.99,3.391633686539852,0.740457040725129,True,True,False,False
9046,27.74,6,153.42,True,9.34,197.0021413276231,1542.612419700214,False,False,False,False
9047,178.09,5,45.17,True,18.19,879.0544255085213,148.32325453545903,False,False,False,False
9048,89.59,4,92.95,True,89.59,0.0,3.7504185735015056,True,True,False,False
9049,1740.0,3,2551.25,True,4714.5,63.092586700604514,45.88503552868809,False,False,False,False
9050,1302.22,1,1302.22,False,4057.0,67.90189795415331,67.90189795415331,False,False,False,False
9051,43.2,3,104.0,True,115.5,62.5974025974026,9.956709956709958,False,True,True,False
9052,364.93,1,364.93,False,19.25,1795.74025974026,1795.74025974026,False,False,False,False
9053,572.0,1,572.0,False,420.0,36.19047619047619,36.19047619047619,False,False,False,False
9054,24.12,1,24.12,False,34.89,30.868443680137574,30.868443680137574,False,False,False,False
9055,70.0,9,100.0,True,108.0,35.18518518518518,7.4074074074074066,False,True,True,False
9056,50.0,1,50.0,False,50.0,0.0,0.0,True,True,False,False
9057,25.92,1,25.92,False,213.26,87.84582200131294,87.84582200131294,False,False,False,False
9058,98.25,10,105.0,True,119.68,17.90608288770054,12.266042780748668,False,False,False,False
9059,98.25,1,98.25,False,534.65,81.62349200411484,81.62349200411484,False,False,False,False
9060,77119.5,5,71664.8,True,601977.84,87.18898024551868,88.09510994623987,False,False,False,False
9061,688.0,1,688.0,False,688.0,0.0,0.0,True,True,False,False
9062,1380.0,4,1350.0,True,1380.0,0.0,2.1739130434782608,True,True,False,False
9063,70.0,10,70.0,True,108.0,35.18518518518518,35.18518518518518,False,False,False,False
9064,47.85,1,47.85,False,47.85,0.0,0.0,True,True,False,False
9065,30.85,1,30.85,False,30.85,0.0,0.0,True,True,False,False
9066,36.85,1,36.85,False,36.85,0.0,0.0,True,True,False,False
9067,41.85,1,41.85,False,53.75,22.139534883720927,22.139534883720927,False,False,False,False
9068,4121.32,1,4121.32,False,128.78,3100.279546513433,3100.279546513433,False,False,False,False
9069,4121.32,1,4121.32,False,107.73,3725.601039636127,3725.601039636127,False,False,False,False
9070,775.0,4,775.0,True,775.0,0.0,0.0,True,True,False,False
9071,99.0,9,99.0,True,99.0,0.0,0.0,True,True,False,False
9072,79.0,6,79.0,True,79.0,0.0,0.0,True,True,False,False
9073,1279.0,1,1279.0,False,1279.0,0.0,0.0,True,True,False,False
9074,925.0,10,925.0,True,925.0,0.0,0.0,True,True,False,False
9075,249.0,7,252.0,True,249.0,0.0,1.2048192771084338,True,True,False,False
9076,949.0,10,925.0,True,949.0,0.0,2.528977871443625,True,True,False,False
9077,169.0,5,169.0,True,169.0,0.0,0.0,True,True,False,False
9078,141.0,5,141.0,True,141.0,0.0,0.0,True,True,False,False
9079,141.0,3,2295.0,True,2295.0,93.85620915032679,0.0,False,True,True,False
9080,721.0,1,721.0,False,795.0,9.30817610062893,9.30817610062893,True,True,False,False
9081,2295.0,6,1279.0,True,1279.0,79.43706020328382,0.0,False,True,True,False
9082,149.0,1,149.0,False,149.0,0.0,0.0,True,True,False,False
9083,6695.0,1,6695.0,False,6695.0,0.0,0.0,True,True,False,False
9084,79.0,1,79.0,False,79.0,0.0,0.0,True,True,False,False
9085,5995.0,1,5995.0,False,5995.0,0.0,0.0,True,True,False,False
9086,2260.0,1,2260.0,False,2145.0,5.361305361305361,5.361305361305361,True,True,False,False
9087,43050.0,1,43050.0,False,43050.0,0.0,0.0,True,True,False,False
9088,127.5,5,155.0,True,155.0,17.741935483870968,0.0,False,True,True,False
9089,127.5,1,127.5,False,127.5,0.0,0.0,True,True,False,False
9090,2392.0,3,2536.01,True,510.0,369.0196078431373,397.2568627450981,False,False,False,False
9091,14.99,1,14.99,False,14.99,0.0,0.0,True,True,False,False
9092,89.95,1,89.95,False,89.95,0.0,0.0,True,True,False,False
9093,6499.0,1,6499.0,False,6499.0,0.0,0.0,True,True,False,False
9094,6499.0,1,6499.0,False,6499.0,0.0,0.0,True,True,False,False
9095,4969.0,1,4969.0,False,4954.0,0.3027856277755349,0.3027856277755349,True,True,False,False
9096,6499.0,1,6499.0,False,10585.0,38.6017949929145,38.6017949929145,False,False,False,False
9097,4960.0,1,4960.0,False,5100.0,2.7450980392156863,2.7450980392156863,True,True,False,False
9098,25866.0,4,34840.0,True,9769.55,164.76142708722512,256.6182679857312,False,False,False,False
9099,1.29,6,1.29,True,1.29,0.0,0.0,True,True,False,False
9100,4812.96,1,4812.96,False,517.87,829.3760982485953,829.3760982485953,False,False,False,False
9101,728.1,1,728.1,False,1235.95,41.08984991302237,41.08984991302237,False,False,False,False
9102,32.73,2,32.73,True,15.31,113.78184193337684,113.78184193337684,False,False,False,False
9103,249.0,4,229.0,True,229.0,8.73362445414847,0.0,True,True,False,False
9104,6695.0,1,6695.0,False,6695.0,0.0,0.0,True,True,False,False
9105,795.0,5,775.0,True,795.0,0.0,2.515723270440252,True,True,False,False
9106,2295.0,10,2295.0,True,2295.0,0.0,0.0,True,True,False,False
9107,249.0,3,249.0,True,249.0,0.0,0.0,True,True,False,False
9108,149.0,1,149.0,False,149.0,0.0,0.0,True,True,False,False
9109,1279.0,8,925.0,True,925.0,38.27027027027027,0.0,False,True,True,False
9110,141.0,7,141.0,True,141.0,0.0,0.0,True,True,False,False
9111,1279.0,4,1279.0,True,1279.0,0.0,0.0,True,True,False,False
9112,1279.0,2,169.0,True,169.0,656.8047337278107,0.0,False,True,True,False
9113,1279.0,2,5995.0,True,5995.0,78.66555462885738,0.0,False,True,True,False
9114,249.0,2,169.0,True,775.0,67.87096774193549,78.19354838709678,False,False,False,False
9115,1279.0,10,249.0,True,189.0,576.7195767195767,31.746031746031743,False,False,False,False
9116,79.0,8,79.0,True,79.0,0.0,0.0,True,True,False,False
9117,149.0,7,99.0,True,99.0,50.505050505050505,0.0,False,True,True,False
9118,949.0,8,925.0,True,949.0,0.0,2.528977871443625,True,True,False,False
9119,102.0,2,146.25,True,140.0,27.142857142857142,4.464285714285714,False,True,True,False
9120,45344.0,1,45344.0,False,45542.05,0.43487282632205376,0.43487282632205376,True,True,False,False
9121,34776.14,1,34776.14,False,51270.45,32.17118242574426,32.17118242574426,False,False,False,False
9122,9050.0,1,9050.0,False,9350.0,3.2085561497326207,3.2085561497326207,True,True,False,False
9123,50475.0,1,50475.0,False,68851.0,26.68951794454692,26.68951794454692,False,False,False,False
9124,4969.0,1,4969.0,False,4960.0,0.1814516129032258,0.1814516129032258,True,True,False,False
9125,593.57,1,593.57,False,593.57,0.0,0.0,True,True,False,False
9126,1861.25,5,1380.0,True,8445.0,77.9603315571344,83.65896980461812,False,False,False,False
9127,100.0,1,100.0,False,100.0,0.0,0.0,True,True,False,False
9128,70.0,5,70.0,True,70.0,0.0,0.0,True,True,False,False
9129,100.0,2,15.0,True,15.0,566.6666666666667,0.0,False,True,True,False
9130,1.29,1,1.29,False,1.29,0.0,0.0,True,True,False,False
9131,25000.0,1,25000.0,False,27920.0,10.458452722063036,10.458452722063036,False,False,False,False
9132,1013.07,5,952.85,True,883.19,14.70578244771793,7.8873175647369145,False,True,True,False
9133,654.0,5,654.0,True,654.0,0.0,0.0,True,True,False,False
9134,654.0,10,677.0,True,654.0,0.0,3.5168195718654434,True,True,False,False
9135,677.0,1,677.0,False,677.0,0.0,0.0,True,True,False,False
9136,654.0,9,677.0,True,391.0,67.26342710997443,73.1457800511509,False,False,False,False
9137,654.0,9,677.0,True,983.0,33.46897253306205,31.129196337741604,False,False,False,False
9138,165.0,1,165.0,False,164.142857,0.5221932989749336,0.5221932989749336,True,True,False,False
9139,123.96,6,123.96,True,108.29,14.470403546033786,14.470403546033786,False,False,False,False
9140,123.96,3,123.96,True,128.92,3.847347192057085,3.847347192057085,True,True,False,False
9141,123.96,2,123.96,True,128.92,3.847347192057085,3.847347192057085,True,True,False,False
9142,123.96,1,123.96,False,128.92,3.847347192057085,3.847347192057085,True,True,False,False
9143,123.96,1,123.96,False,128.92,3.847347192057085,3.847347192057085,True,True,False,False
9144,123.96,1,123.96,False,128.92,3.847347192057085,3.847347192057085,True,True,False,False
9145,123.96,4,123.96,True,128.92,3.847347192057085,3.847347192057085,True,True,False,False
9146,123.96,4,123.96,True,99.96,24.009603841536617,24.009603841536617,False,False,False,False
9147,176.0,1,176.0,False,2005.0,91.2219451371571,91.2219451371571,False,False,False,False
9148,182.35,3,182.35,True,182.35,0.0,0.0,True,True,False,False
9149,852.55,1,852.55,False,852.55,0.0,0.0,True,True,False,False
9150,152.89,9,188.31,True,141.8,7.820874471086019,32.799717912552886,True,False,False,True
9151,5.91,4,66.11,True,853.24,99.30734611598145,92.25188692513242,False,False,False,False
9152,20.62,3,4231.08,True,1189.84,98.2669938815303,255.60075304242588,False,False,False,False
9153,50.0,1,50.0,False,50.0,0.0,0.0,True,True,False,False
9154,22.5,1,22.5,False,22.5,0.0,0.0,True,True,False,False
9155,19.25,1,19.25,False,27.08,28.914327917282122,28.914327917282122,False,False,False,False
9156,247.5,1,247.5,False,190.7,29.785002621919254,29.785002621919254,False,False,False,False
9157,108.0,2,100.0,True,108.0,0.0,7.4074074074074066,True,True,False,False
9158,100.0,1,100.0,False,100.0,0.0,0.0,True,True,False,False
9159,1208.0,1,1208.0,False,1208.0,0.0,0.0,True,True,False,False
9160,326.65,3,326.65,True,326.65,0.0,0.0,True,True,False,False
9161,190.0,1,190.0,False,190.0,0.0,0.0,True,True,False,False
9162,11.0682,1,11.0682,False,11.0682,0.0,0.0,True,True,False,False
9163,2074.4,1,2074.4,False,2074.4,0.0,0.0,True,True,False,False
9164,190.0,1,190.0,False,190.0,0.0,0.0,True,True,False,False
9165,2249.4,1,2249.4,False,2249.4,0.0,0.0,True,True,False,False
9166,105.0,1,105.0,False,19.69,433.2656170644997,433.2656170644997,False,False,False,False
9167,593.57,1,593.57,False,593.57,0.0,0.0,True,True,False,False
9168,29065.0,1,29065.0,False,180095.0,83.86129542741331,83.86129542741331,False,False,False,False
9169,1883.0,1,1883.0,False,1883.0,0.0,0.0,True,True,False,False
9170,86.1,1,86.1,False,86.1,0.0,0.0,True,True,False,False
9171,80.85,10,86.1,True,80.85,0.0,6.493506493506494,True,True,False,False
9172,89.25,1,89.25,False,71.39,25.017509455105756,25.017509455105756,False,False,False,False
9173,11.0682,1,11.0682,False,11.0682,0.0,0.0,True,True,False,False
9174,190.0,9,190.0,True,190.0,0.0,0.0,True,True,False,False
9175,0.25,3,0.25,True,0.25,0.0,0.0,True,True,False,False
9176,0.48,2,0.48,True,0.48,0.0,0.0,True,True,False,False
9177,3.18,3,3.18,True,3.18,0.0,0.0,True,True,False,False
9178,0.54,2,0.54,True,0.54,0.0,0.0,True,True,False,False
9179,80.0,4,80.0,True,80.0,0.0,0.0,True,True,False,False
9180,113.0,4,115.0,True,125.0,9.6,8.0,True,True,False,False
9181,530.0,1,530.0,False,4004.0,86.76323676323676,86.76323676323676,False,False,False,False
9182,4341.0,7,60.55,True,17995.0,75.8766323978883,99.66351764378994,False,False,False,False
9183,4341.0,7,60.55,True,9990.0,56.54654654654655,99.3938938938939,False,False,False,False
9184,3375.0,1,3375.0,False,12595.0,73.20365224295355,73.20365224295355,False,False,False,False
9185,5.65,5,40.49,True,369.99,98.47293170085678,89.05646098543204,False,False,False,False
9186,200.0,1,200.0,False,200.0,0.0,0.0,True,True,False,False
9187,388.7,1,388.7,False,25.75,1409.514563106796,1409.514563106796,False,False,False,False
9188,22457.94,7,27.6,True,166.14,13417.479234380644,83.38750451426507,False,False,False,False
9189,298.12,2,70.75,True,11.25,2549.9555555555557,528.8888888888889,False,False,False,False
9190,103.0,1,103.0,False,388.0,73.4536082474227,73.4536082474227,False,False,False,False
9191,97.85,1,97.85,False,352.0,72.20170454545455,72.20170454545455,False,False,False,False
9192,99.6,8,95.15,True,132.91,25.06207207885035,28.41020239259649,False,False,False,False
9193,99.6,8,95.88,True,79.8,24.81203007518797,20.15037593984962,False,False,False,False
9194,3568.0,1,3568.0,False,3562.0,0.16844469399213924,0.16844469399213924,True,True,False,False
9195,4969.0,1,4969.0,False,4954.0,0.3027856277755349,0.3027856277755349,True,True,False,False
9196,3568.0,1,3568.0,False,4360.0,18.1651376146789,18.1651376146789,False,False,False,False
9197,4969.0,1,4969.0,False,5100.0,2.5686274509803924,2.5686274509803924,True,True,False,False
9198,6499.0,2,6499.0,True,6499.0,0.0,0.0,True,True,False,False
9199,3562.0,1,3562.0,False,3559.0,0.08429334082607474,0.08429334082607474,True,True,False,False
9200,4960.0,3,4960.0,True,4954.0,0.12111425111021397,0.12111425111021397,True,True,False,False
9201,2074.4,3,2074.4,True,2074.4,0.0,0.0,True,True,False,False
9202,145.43,9,2449.0,True,1799.98,91.92046578295314,36.05706730074779,False,False,False,False
9203,138.75,1,138.75,False,981.89,85.86908920551181,85.86908920551181,False,False,False,False
9204,138.75,1,138.75,False,33.49,314.30277694834274,314.30277694834274,False,False,False,False
9205,115.16,1,115.16,False,1634.25,92.95334251185558,92.95334251185558,False,False,False,False
9206,104.88,2,1438.2,True,108.72,3.5320088300220784,1222.8476821192053,True,False,False,True
9207,145.43,1,145.43,False,189.28,23.1667371090448,23.1667371090448,False,False,False,False
9208,115.16,1,115.16,False,9614.15,98.80218220019451,98.80218220019451,False,False,False,False
9209,138.75,10,12600.0,True,872.69,84.10088347523175,1343.8116627897648,False,False,False,False
9210,9350.0,1,9350.0,False,9350.0,0.0,0.0,True,True,False,False
9211,16710.94,1,16710.94,False,9888.92,68.9865020649373,68.9865020649373,False,False,False,False
9212,4511.78,1,4511.78,False,1145.03,294.031597425395,294.031597425395,False,False,False,False
9213,16710.94,5,1327.2,True,9888.92,68.9865020649373,86.57891862812116,False,False,False,False
9214,16710.94,2,1327.2,True,520.47,3110.7402924279972,155.00028820104905,False,False,False,False
9215,319.19,2,1327.2,True,1145.03,72.12387448363798,15.909626822004672,False,False,False,False
9216,16710.94,7,1327.2,True,2862.58,483.7719819184092,53.636230253826966,False,False,False,False
9217,9680.89,1,9680.89,False,27248.06,64.4712687802361,64.4712687802361,False,False,False,False
9218,59.99,1,59.99,False,59.99,0.0,0.0,True,True,False,False
9219,13299.05,2,673.55,True,673.55,1874.4710860366715,0.0,False,True,True,False
9220,702.0,1,702.0,False,493.05,42.379069059933066,42.379069059933066,False,False,False,False
9221,13299.05,5,3446.6,True,3446.6,285.85997794928335,0.0,False,True,True,False
9222,1540.0,1,1540.0,False,11955.0,87.11836051861145,87.11836051861145,False,False,False,False
9223,108.0,8,108.0,True,15.0,620.0,620.0,False,False,False,False
9224,70.0,5,100.0,True,100.0,30.0,0.0,False,True,True,False
9225,108.0,8,108.0,True,70.0,54.285714285714285,54.285714285714285,False,False,False,False
9226,352.0,2,342.0,True,71.39,393.0662557781202,379.0586916935145,False,False,False,False
9227,18.86,4,18.86,True,127.61,85.22059399733564,85.22059399733564,False,False,False,False
9228,18.86,5,18.86,True,18.86,0.0,0.0,True,True,False,False
9229,593.57,1,593.57,False,593.57,0.0,0.0,True,True,False,False
9230,35.78,1,35.78,False,23.02,55.43006081668116,55.43006081668116,False,False,False,False
9231,596.95,1,596.95,False,596.95,0.0,0.0,True,True,False,False
9232,36420.39,1,36420.39,False,67500.0,46.043866666666666,46.043866666666666,False,False,False,False
9233,6499.0,2,6499.0,True,6499.0,0.0,0.0,True,True,False,False
9234,4954.0,2,4954.0,True,4954.0,0.0,0.0,True,True,False,False
9235,3562.0,1,3562.0,False,3559.0,0.08429334082607474,0.08429334082607474,True,True,False,False
9236,3568.0,1,3568.0,False,4360.0,18.1651376146789,18.1651376146789,False,False,False,False
9237,4954.0,2,4954.0,True,5100.0,2.8627450980392157,2.8627450980392157,True,True,False,False
9238,8200.0,1,8200.0,False,8200.0,0.0,0.0,True,True,False,False
9239,8900.0,1,8900.0,False,8900.0,0.0,0.0,True,True,False,False
9240,3600.0,1,3600.0,False,3600.0,0.0,0.0,True,True,False,False
9241,3568.0,1,3568.0,False,3562.0,0.16844469399213924,0.16844469399213924,True,True,False,False
9242,3562.0,1,3562.0,False,3559.0,0.08429334082607474,0.08429334082607474,True,True,False,False
9243,3568.0,1,3568.0,False,4360.0,18.1651376146789,18.1651376146789,False,False,False,False
9244,9350.0,1,9350.0,False,9350.0,0.0,0.0,True,True,False,False
9245,8895.0,1,8895.0,False,8895.0,0.0,0.0,True,True,False,False
9246,8895.0,1,8895.0,False,8895.0,0.0,0.0,True,True,False,False
9247,138.75,10,140.0,True,161.25,13.953488372093023,13.178294573643413,False,False,False,False
9248,138.75,6,146.25,True,146.25,5.128205128205128,0.0,True,True,False,False
9249,138.75,1,138.75,False,127.5,8.823529411764707,8.823529411764707,True,True,False,False
9250,140.0,1,140.0,False,138.75,0.9009009009009009,0.9009009009009009,True,True,False,False
9251,8895.0,1,8895.0,False,10250.0,13.219512195121952,13.219512195121952,False,False,False,False
9252,10250.0,3,10250.0,True,10250.0,0.0,0.0,True,True,False,False
9253,15.0,1,15.0,False,94.5,84.12698412698413,84.12698412698413,False,False,False,False
9254,333.91,1,333.91,False,368.0,9.263586956521733,9.263586956521733,True,True,False,False
9255,254.0,2,245.0,True,299.0,15.050167224080269,18.06020066889632,False,False,False,False
9256,105.0,1,105.0,False,155.0,32.25806451612903,32.25806451612903,False,False,False,False
9257,94.5,4,90.0,True,97.0,2.5773195876288657,7.216494845360824,True,True,False,False
9258,1675.0,3,1675.0,True,1020.0,64.2156862745098,64.2156862745098,False,False,False,False
9259,110.64,6,110.64,True,110.64,0.0,0.0,True,True,False,False
9260,159.4,1,159.4,False,135.4,17.725258493353028,17.725258493353028,False,False,False,False
9261,216.64,5,199.64,True,216.64,0.0,7.847119645494831,True,True,False,False
9262,159.4,1,159.4,False,120.64,32.12864721485412,32.12864721485412,False,False,False,False
9263,159.4,1,159.4,False,309.79,48.54578908292714,48.54578908292714,False,False,False,False
9264,28.1,1,28.1,False,23.02,22.067767158992186,22.067767158992186,False,False,False,False
9265,36.23,1,36.23,False,21.0,72.52380952380952,72.52380952380952,False,False,False,False
9266,36.23,4,49.0,True,24.0,50.958333333333314,104.16666666666667,False,False,False,False
9267,258.0,1,258.0,False,207.0,24.637681159420293,24.637681159420293,False,False,False,False
9268,258.0,1,258.0,False,245.0,5.3061224489795915,5.3061224489795915,True,True,False,False
9269,258.0,1,258.0,False,93.0,177.41935483870967,177.41935483870967,False,False,False,False
9270,15586.22,1,15586.22,False,4029.37,286.8153085966292,286.8153085966292,False,False,False,False
9271,243.66,5,51515.15,True,222.6,9.460916442048518,23042.475292003597,True,False,False,True
9272,98.84,1,98.84,False,7527.45,98.68693913609522,98.68693913609522,False,False,False,False
9273,45050.27,1,45050.27,False,162.75,27580.657450076804,27580.657450076804,False,False,False,False
9274,62536.94,1,62536.94,False,2300.0,2618.997391304348,2618.997391304348,False,False,False,False
9275,18000.0,2,1873.34,True,1045.0,1622.4880382775118,79.266985645933,False,False,False,False
9276,18000.0,2,1873.34,True,1416.67,1170.585245681775,32.23545356363866,False,False,False,False
9277,18000.0,9,2085.0,True,1646.24,993.4007192146954,26.652249975702208,False,False,False,False
9278,50.0,1,50.0,False,50.0,0.0,0.0,True,True,False,False
9279,191.09,1,191.09,False,169.94,12.445569024361543,12.445569024361543,False,False,False,False
9280,203.7,7,1307.56,True,1318.81,84.55425724706363,0.8530417573418461,False,True,True,False
9281,15.31,2,15.31,True,32.73,53.22334249923616,53.22334249923616,False,False,False,False
9282,15.31,1,15.31,False,15.31,0.0,0.0,True,True,False,False
9283,44847.64,1,44847.64,False,40264.5,11.382582672080863,11.382582672080863,False,False,False,False
9284,593.57,1,593.57,False,593.57,0.0,0.0,True,True,False,False
9285,30.85,2,30.85,True,30.85,0.0,0.0,True,True,False,False
9286,7.9,1,7.9,False,7.9,0.0,0.0,True,True,False,False
9287,120.0,1,120.0,False,280.0,57.14285714285714,57.14285714285714,False,False,False,False
9288,72.0,2,72.0,True,72.0,0.0,0.0,True,True,False,False
9289,96.0,3,78.5,True,78.5,22.29299363057325,0.0,False,True,True,False
9290,0.48,1,0.48,False,1.65,70.9090909090909,70.9090909090909,False,False,False,False
9291,258.0,1,258.0,False,258.0,0.0,0.0,True,True,False,False
9292,30.6,1,30.6,False,30.6,0.0,0.0,True,True,False,False
9293,180.0,1,180.0,False,180.0,0.0,0.0,True,True,False,False
9294,14.4,1,14.4,False,16.2,11.111111111111105,11.111111111111105,False,False,False,False
9295,0.48,1,0.48,False,0.48,0.0,0.0,True,True,False,False
9296,9.2,2,42.0,True,42.0,78.09523809523809,0.0,False,True,True,False
9297,282.5,1,282.5,False,282.5,0.0,0.0,True,True,False,False
9298,3.18,6,3.18,True,3.18,0.0,0.0,True,True,False,False
9299,9.3,1,9.3,False,9.3,0.0,0.0,True,True,False,False
9300,5.2,2,54.6,True,54.6,90.47619047619048,0.0,False,True,True,False
9301,9.3,4,300.0,True,300.0,96.89999999999999,0.0,False,True,True,False
9302,78.6,4,84.0,True,78.6,0.0,6.870229007633595,True,True,False,False
9303,36352.3,1,36352.3,False,36752.3,1.088367258647758,1.088367258647758,True,True,False,False
9304,36352.3,7,38016.92,True,36352.3,0.0,4.579132544570757,True,True,False,False
9305,36352.3,7,38016.92,True,34747.75,4.617709060298877,9.408292623263371,True,True,False,False
9306,67761.44,2,75546.63,True,72107.69,6.027443120144328,4.769172330995491,True,True,False,False
9307,67761.44,2,75546.63,True,72507.69,6.545857411813836,4.191196823399011,True,True,False,False
9308,2500.0,7,2300.0,True,400.0,525.0,475.0,False,False,False,False
9309,15.31,8,120.64,True,375.0,95.91733333333333,67.82933333333334,False,False,False,False
9310,2500.0,7,2300.0,True,350.0,614.2857142857143,557.1428571428571,False,False,False,False
9311,416.98,1,416.98,False,1549.0,73.0806972240155,73.0806972240155,False,False,False,False
9312,416.98,1,416.98,False,749.0,44.32843791722296,44.32843791722296,False,False,False,False
9313,450.0,3,475.0,True,450.0,0.0,5.555555555555555,True,True,False,False
9314,50.0,1,50.0,False,190.7,73.78080755112742,73.78080755112742,False,False,False,False
9315,182.35,1,182.35,False,182.35,0.0,0.0,True,True,False,False
9316,1775.9,10,1712.75,True,1775.9,0.0,3.5559434652852127,True,True,False,False
9317,402454.0,2,191544.52,True,447273.0,10.020502020019094,57.1750318038424,False,False,False,False
9318,73.52,1,73.52,False,73.52,0.0,0.0,True,True,False,False
9319,8200.0,1,8200.0,False,8200.0,0.0,0.0,True,True,False,False
9320,9.3,5,13.95,True,0.075,12300.000000000004,18500.0,False,False,False,False
9321,15.31,1,15.31,False,0.9,1601.1111111111109,1601.1111111111109,False,False,False,False
9322,15.31,1,15.31,False,0.075,20313.333333333336,20313.333333333336,False,False,False,False
9323,180.0,7,13.95,True,25.5,605.8823529411765,45.294117647058826,False,False,False,False
9324,9.3,2,15.31,True,0.22,4127.272727272727,6859.090909090909,False,False,False,False
9325,3764.0,1,3764.0,False,55000.0,93.15636363636364,93.15636363636364,False,False,False,False
9326,70.0,4,108.0,True,70.0,0.0,54.285714285714285,True,False,False,True
9327,100.0,1,100.0,False,100.0,0.0,0.0,True,True,False,False
9328,1409.06,7,1562.0,True,199.0,608.0703517587939,684.9246231155779,False,False,False,False
9329,200.0,1,200.0,False,200.0,0.0,0.0,True,True,False,False
9330,157147.2,5,8410.0,True,8250.0,1804.8145454545456,1.9393939393939394,False,True,True,False
9331,70.0,9,70.0,True,15.0,366.66666666666663,366.66666666666663,False,False,False,False
9332,70.0,9,70.0,True,108.0,35.18518518518518,35.18518518518518,False,False,False,False
9333,70.0,3,100.0,True,100.0,30.0,0.0,False,True,True,False
9334,238.93,1,238.93,False,232.6,2.721410146173694,2.721410146173694,True,True,False,False
9335,44925.0,1,44925.0,False,91595.83,50.95300735852276,50.95300735852276,False,False,False,False
9336,44925.0,1,44925.0,False,86254.48,47.915748839944314,47.915748839944314,False,False,False,False
9337,63832.25,2,68707.45,True,85958.6,25.740705409348223,20.06913793384258,False,False,False,False
9338,31398.5,2,9852.0,True,13340.5,135.36224279449794,26.149694539185187,False,False,False,False
9339,339.99,5,339.99,True,339.99,0.0,0.0,True,True,False,False
9340,161.25,6,155.0,True,138.75,16.216216216216218,11.711711711711711,False,False,False,False
9341,138.75,6,138.75,True,155.0,10.483870967741936,10.483870967741936,False,False,False,False
9342,127.5,8,138.75,True,127.5,0.0,8.823529411764707,True,True,False,False
9343,132.5,2,140.0,True,140.0,5.357142857142857,0.0,True,True,False,False
9344,138.75,5,138.75,True,146.25,5.128205128205128,5.128205128205128,True,True,False,False
9345,127.5,1,127.5,False,127.5,0.0,0.0,True,True,False,False
9346,138.75,4,138.75,True,138.75,0.0,0.0,True,True,False,False
9347,8200.0,2,8200.0,True,8200.0,0.0,0.0,True,True,False,False
9348,7022.62,1,7022.62,False,399.0,1660.0551378446116,1660.0551378446116,False,False,False,False
9349,6890.0,1,6890.0,False,6890.0,0.0,0.0,True,True,False,False
9350,6890.0,1,6890.0,False,5500.0,25.272727272727273,25.272727272727273,False,False,False,False
9351,47.0,1,47.0,False,13.74,242.06695778748178,242.06695778748178,False,False,False,False
9352,47.0,1,47.0,False,13.74,242.06695778748178,242.06695778748178,False,False,False,False
9353,47.0,1,47.0,False,83.24,43.53676117251321,43.53676117251321,False,False,False,False
9354,146.25,3,136.25,True,155.0,5.64516129032258,12.096774193548388,True,False,False,True
9355,132.5,4,140.0,True,132.5,0.0,5.660377358490567,True,True,False,False
9356,138.75,5,146.25,True,138.75,0.0,5.405405405405405,True,True,False,False
9357,127.5,3,136.25,True,127.5,0.0,6.862745098039216,True,True,False,False
9358,3439.7,2,3352.8,True,4311.5,20.220340948625772,22.235880783949895,False,False,False,False
9359,70.53,1,70.53,False,70.53,0.0,0.0,True,True,False,False
9360,115.0,5,115.0,True,125.0,8.0,8.0,True,True,False,False
9361,1.18,1,1.18,False,1.18,0.0,0.0,True,True,False,False
9362,115.0,4,115.0,True,125.0,8.0,8.0,True,True,False,False
9363,6740.0,1,6740.0,False,8295.0,18.7462326702833,18.7462326702833,False,False,False,False
9364,5677.5634,1,5677.5634,False,1585.0,258.2058927444795,258.2058927444795,False,False,False,False
9365,62674.88,9,4813.2,True,37659.56,66.4248865361146,87.21918153053304,False,False,False,False
9366,21.25,1,21.25,False,21.25,0.0,0.0,True,True,False,False
9367,572.0,1,572.0,False,1208.0,52.64900662251656,52.64900662251656,False,False,False,False
9368,1020.35,1,1020.35,False,1255.0,18.697211155378486,18.697211155378486,False,False,False,False
9369,1675.0,2,1255.0,True,2165.25,22.641727283223645,42.039025516683985,False,False,False,False
9370,1255.0,1,1255.0,False,1443.5,13.05853827502598,13.05853827502598,False,False,False,False
9371,22.35,5,1500.0,True,598.57,96.2661008737491,150.59725679536226,False,False,False,False
9372,22.35,6,1500.0,True,587.7,96.19703930576826,155.2322613578356,False,False,False,False
9373,1782.31,10,7600.0,True,169000.0,98.94537869822486,95.50295857988166,False,False,False,False
9374,7467.0,6,7094.0,True,900.0,729.6666666666667,688.2222222222223,False,False,False,False
9375,7467.0,6,7094.0,True,900.0,729.6666666666667,688.2222222222223,False,False,False,False
9376,6934.0,1,6934.0,False,2810.0,146.76156583629893,146.76156583629893,False,False,False,False
9377,6934.0,3,7625.0,True,2105.0,229.4061757719715,262.23277909738715,False,False,False,False
9378,4994.0,2,7467.0,True,1080.0,362.40740740740745,591.3888888888889,False,False,False,False
9379,4994.0,1,4994.0,False,4849.0,2.990307279851516,2.990307279851516,True,True,False,False
9380,7467.0,2,7625.0,True,6483.0,15.178158260064784,17.615301557920716,False,False,False,False
9381,4994.0,1,4994.0,False,4849.0,2.990307279851516,2.990307279851516,True,True,False,False
9382,7467.0,6,7094.0,True,900.0,729.6666666666667,688.2222222222223,False,False,False,False
9383,4994.0,2,7467.0,True,1080.0,362.40740740740745,591.3888888888889,False,False,False,False
9384,6934.0,8,7467.0,True,1263.0,449.0102929532858,491.21140142517817,False,False,False,False
9385,4994.0,1,4994.0,False,4849.0,2.990307279851516,2.990307279851516,True,True,False,False
9386,170.0,2,182.35,True,250.0,32.0,27.060000000000002,False,False,False,False
9387,3390.0,1,3390.0,False,685.0,394.8905109489051,394.8905109489051,False,False,False,False
9388,8.25,7,63.45,True,49.0,83.16326530612244,29.48979591836735,False,False,False,False
9389,8.25,7,63.45,True,67.0,87.68656716417911,5.298507462686563,False,True,True,False
9390,4973.08,1,4973.08,False,695.0,615.5510791366906,615.5510791366906,False,False,False,False
9391,427.5,9,30.16,True,67.0,538.0597014925373,54.98507462686568,False,False,False,False
9392,4.45,2,6.0984,True,267.0,98.33333333333334,97.71595505617977,False,False,False,False
9393,4685.0,1,4685.0,False,3000.0,56.166666666666664,56.166666666666664,False,False,False,False
9394,40.0,1,40.0,False,25.0,60.0,60.0,False,False,False,False
9395,9.31,1,9.31,False,1000.0,99.069,99.069,False,False,False,False
9396,155.0,9,155.0,True,127.5,21.568627450980394,21.568627450980394,False,False,False,False
9397,155.0,9,161.25,True,161.25,3.875968992248062,0.0,True,True,False,False
9398,1017.0,5,1017.0,True,1017.0,0.0,0.0,True,True,False,False
9399,1883.0,1,1883.0,False,1883.0,0.0,0.0,True,True,False,False
9400,3.9,1,3.9,False,3.9,0.0,0.0,True,True,False,False
9401,3030.0,5,2670.0,True,2922.0,3.696098562628337,8.624229979466119,True,True,False,False
9402,3630.0,3,3762.0,True,4998.0,27.370948379351738,24.729891956782712,False,False,False,False
9403,3762.0,1,3762.0,False,4998.0,24.729891956782712,24.729891956782712,False,False,False,False
9404,3030.0,10,2922.0,True,250.0,1112.0,1068.8,False,False,False,False
9405,3030.0,5,2670.0,True,3030.0,0.0,11.881188118811881,True,False,False,True
9406,3762.0,1,3762.0,False,3762.0,0.0,0.0,True,True,False,False
9407,250.0,5,3258.0,True,175.0,42.857142857142854,1761.7142857142856,False,False,False,False
9408,3030.0,7,2922.0,True,2130.0,42.25352112676056,37.183098591549296,False,False,False,False
9409,3762.0,1,3762.0,False,2730.0,37.8021978021978,37.8021978021978,False,False,False,False
9410,3030.0,7,2922.0,True,5226.0,42.020665901262916,44.08725602755453,False,False,False,False
9411,3630.0,3,3762.0,True,3630.0,0.0,3.6363636363636362,True,True,False,False
9412,3762.0,1,3762.0,False,4410.0,14.69387755102041,14.69387755102041,False,False,False,False
9413,4.57,1,4.57,False,4.57,0.0,0.0,True,True,False,False
9414,990.0,1,990.0,False,990.0,0.0,0.0,True,True,False,False
9415,2249.4,2,2074.4,True,2074.4,8.436174315464712,0.0,True,True,False,False
9416,179.57,1,179.57,False,55.0,226.49090909090907,226.49090909090907,False,False,False,False
9417,30.01,1,30.01,False,18.5,62.216216216216225,62.216216216216225,False,False,False,False
9418,3.9,1,3.9,False,3.9,0.0,0.0,True,True,False,False
9419,18.5,1,18.5,False,77.81,76.2241357152037,76.2241357152037,False,False,False,False
9420,18.5,1,18.5,False,18.5,0.0,0.0,True,True,False,False
9421,18.5,1,18.5,False,7.0,164.28571428571428,164.28571428571428,False,False,False,False
9422,3.9,1,3.9,False,3.9,0.0,0.0,True,True,False,False
9423,30.01,1,30.01,False,7.0,328.7142857142857,328.7142857142857,False,False,False,False
9424,3.9,1,3.9,False,3.9,0.0,0.0,True,True,False,False
9425,18.5,1,18.5,False,5.5,236.36363636363637,236.36363636363637,False,False,False,False
9426,30.01,1,30.01,False,7.0,328.7142857142857,328.7142857142857,False,False,False,False
9427,30.01,1,30.01,False,18.5,62.216216216216225,62.216216216216225,False,False,False,False
9428,30.01,6,30.01,True,7.0,328.7142857142857,328.7142857142857,False,False,False,False
9429,18.5,10,30.01,True,77.81,76.2241357152037,61.431692584500695,False,False,False,False
9430,30.01,1,30.01,False,7.0,328.7142857142857,328.7142857142857,False,False,False,False
9431,3.9,1,3.9,False,3.9,0.0,0.0,True,True,False,False
9432,18.5,7,30.01,True,77.81,76.2241357152037,61.431692584500695,False,False,False,False
9433,30.01,6,30.01,True,18.5,62.216216216216225,62.216216216216225,False,False,False,False
9434,18.5,5,30.01,True,18.5,0.0,62.216216216216225,True,False,False,True
9435,7.0,1,7.0,False,7.0,0.0,0.0,True,True,False,False
9436,3.9,1,3.9,False,3.9,0.0,0.0,True,True,False,False
9437,30.01,4,30.01,True,30.01,0.0,0.0,True,True,False,False
9438,30.01,7,30.01,True,18.5,62.216216216216225,62.216216216216225,False,False,False,False
9439,30.01,7,30.01,True,16.0,87.56250000000001,87.56250000000001,False,False,False,False
9440,3.9,1,3.9,False,3.9,0.0,0.0,True,True,False,False
9441,30.01,1,30.01,False,7.0,328.7142857142857,328.7142857142857,False,False,False,False
9442,30.01,7,30.01,True,7.0,328.7142857142857,328.7142857142857,False,False,False,False
9443,3.9,1,3.9,False,3.9,0.0,0.0,True,True,False,False
9444,5.7,1,5.7,False,5.7,0.0,0.0,True,True,False,False
9445,5.7,1,5.7,False,5.7,0.0,0.0,True,True,False,False
9446,5.7,1,5.7,False,5.7,0.0,0.0,True,True,False,False
9447,5.7,1,5.7,False,5.7,0.0,0.0,True,True,False,False
9448,5.7,1,5.7,False,5.7,0.0,0.0,True,True,False,False
9449,89.0,5,49.0,True,138.6,35.78643578643578,64.64646464646464,False,False,False,False
9450,49.0,1,49.0,False,49.0,0.0,0.0,True,True,False,False
9451,593.57,1,593.57,False,593.57,0.0,0.0,True,True,False,False
9452,593.57,1,593.57,False,593.57,0.0,0.0,True,True,False,False
9453,45542.05,1,45542.05,False,45542.05,0.0,0.0,True,True,False,False
9454,51270.45,1,51270.45,False,34776.14,47.42996203718986,47.42996203718986,False,False,False,False
9455,51270.45,1,51270.45,False,51270.45,0.0,0.0,True,True,False,False
9456,1050.0,1,1050.0,False,1050.0,0.0,0.0,True,True,False,False
9457,569.81,1,569.81,False,19000.05,97.00100789208449,97.00100789208449,False,False,False,False
9458,569.81,1,569.81,False,5973.2,90.46055715529364,90.46055715529364,False,False,False,False
9459,3.9,9,3.9,True,3.9,0.0,0.0,True,True,False,False
9460,326.65,3,326.65,True,326.65,0.0,0.0,True,True,False,False
9461,5.17,1,5.17,False,11.0682,53.289604452395146,53.289604452395146,False,False,False,False
9462,15.0,1,15.0,False,4750.0,99.68421052631578,99.68421052631578,False,False,False,False
9463,15.0,1,15.0,False,4750.0,99.68421052631578,99.68421052631578,False,False,False,False
9464,1017.0,1,1017.0,False,165.0,516.3636363636364,516.3636363636364,False,False,False,False
9465,0.23,1,0.23,False,0.227,1.3215859030837016,1.3215859030837016,True,True,False,False
9466,996.55,10,465.5,True,4334.4,77.00835179032853,89.26033591731266,False,False,False,False
9467,996.55,2,457.0,True,257.94,286.34953865239976,77.17298596572847,False,False,False,False
9468,269.63,4,277.06,True,1046.0,74.22275334608031,73.51242829827916,False,False,False,False
9469,269.63,1,269.63,False,1046.0,74.22275334608031,74.22275334608031,False,False,False,False
9470,204.84,1,204.84,False,451.7,54.65131724595971,54.65131724595971,False,False,False,False
9471,196.85,2,196.85,True,196.85,0.0,0.0,True,True,False,False
9472,225.0,1,225.0,False,225.0,0.0,0.0,True,True,False,False
9473,225.0,1,225.0,False,225.0,0.0,0.0,True,True,False,False
9474,100.0,1,100.0,False,100.0,0.0,0.0,True,True,False,False
9475,225.0,1,225.0,False,225.0,0.0,0.0,True,True,False,False
9476,3.9,1,3.9,False,3.9,0.0,0.0,True,True,False,False
9477,11.0682,1,11.0682,False,11.0682,0.0,0.0,True,True,False,False
9478,190.0,1,190.0,False,190.0,0.0,0.0,True,True,False,False
9479,3.9,2,3.9,True,3.9,0.0,0.0,True,True,False,False
9480,89.71,9,76.0,True,75.0,19.613333333333323,1.3333333333333335,False,True,True,False
9481,20.78,4,79.95,True,85.65,75.73847051955633,6.654991243432577,False,True,True,False
9482,1060.0,1,1060.0,False,1060.0,0.0,0.0,True,True,False,False
9483,135.4,1,135.4,False,120.64,12.234748010610083,12.234748010610083,False,False,False,False
9484,135.4,1,135.4,False,309.79,56.292972658897966,56.292972658897966,False,False,False,False
9485,216.64,1,216.64,False,149.64,44.77412456562417,44.77412456562417,False,False,False,False
9486,135.4,1,135.4,False,135.4,0.0,0.0,True,True,False,False
9487,135.4,1,135.4,False,256.79,47.27209003465867,47.27209003465867,False,False,False,False
9488,216.64,1,216.64,False,216.64,0.0,0.0,True,True,False,False
9489,275.0,2,420.0,True,330.0,16.666666666666664,27.27272727272727,False,False,False,False
9490,70.0,8,70.0,True,70.0,0.0,0.0,True,True,False,False
9491,70.0,8,70.0,True,15.0,366.66666666666663,366.66666666666663,False,False,False,False
9492,70.0,9,70.0,True,100.0,30.0,30.0,False,False,False,False
9493,70.0,9,70.0,True,70.0,0.0,0.0,True,True,False,False
9494,20.62,8,20.62,True,70.0,70.54285714285714,70.54285714285714,False,False,False,False
9495,188.31,1,188.31,False,195.0,3.4307692307692297,3.4307692307692297,True,True,False,False
9496,20.62,8,20.62,True,20.62,0.0,0.0,True,True,False,False
9497,100.0,3,100.0,True,70.0,42.857142857142854,42.857142857142854,False,False,False,False
9498,70.0,1,70.0,False,100.0,30.0,30.0,False,False,False,False
9499,155.0,9,155.0,True,161.25,3.875968992248062,3.875968992248062,True,True,False,False
9500,127.5,8,138.75,True,127.5,0.0,8.823529411764707,True,True,False,False
9501,146.25,9,138.75,True,131.25,11.428571428571429,5.714285714285714,False,True,True,False
9502,127.5,3,132.5,True,127.5,0.0,3.9215686274509802,True,True,False,False
9503,146.25,4,155.0,True,155.0,5.64516129032258,0.0,True,True,False,False
9504,146.25,1,146.25,False,138.75,5.405405405405405,5.405405405405405,True,True,False,False
9505,155.0,1,155.0,False,155.0,0.0,0.0,True,True,False,False
9506,132.5,7,140.0,True,132.5,0.0,5.660377358490567,True,True,False,False
9507,127.5,7,136.25,True,127.5,0.0,6.862745098039216,True,True,False,False
9508,155.0,1,155.0,False,138.75,11.711711711711711,11.711711711711711,False,False,False,False
9509,0.81,1,0.81,False,0.74,9.459459459459469,9.459459459459469,True,True,False,False
9510,86.1,1,86.1,False,86.1,0.0,0.0,True,True,False,False
9511,80.85,1,80.85,False,80.85,0.0,0.0,True,True,False,False
9512,648.9,1,648.9,False,648.9,0.0,0.0,True,True,False,False
9513,0.05,3,0.05,True,0.01,400.0,400.0,False,False,False,False
9514,0.45,6,0.45,True,0.45,0.0,0.0,True,True,False,False
9515,0.05,4,0.05,True,0.05,0.0,0.0,True,True,False,False
9516,3.9,1,3.9,False,3.9,0.0,0.0,True,True,False,False
9517,549.15,1,549.15,False,549.15,0.0,0.0,True,True,False,False
9518,549.15,2,1500.0,True,1500.0,63.39,0.0,False,True,True,False
9519,250.0,1,250.0,False,150.0,66.66666666666666,66.66666666666666,False,False,False,False
9520,11.0682,1,11.0682,False,11.0682,0.0,0.0,True,True,False,False
9521,20.62,7,20.62,True,275.0,92.50181818181818,92.50181818181818,False,False,False,False
9522,190.0,1,190.0,False,190.0,0.0,0.0,True,True,False,False
9523,2249.4,2,2074.4,True,2249.4,0.0,7.7798524050858004,True,True,False,False
9524,100.0,6,70.0,True,10.0,900.0,600.0,False,False,False,False
9525,100.0,6,70.0,True,15.0,566.6666666666667,366.66666666666663,False,False,False,False
9526,100.0,6,70.0,True,100.0,0.0,30.0,True,False,False,True
9527,1.17,3,1.29,True,1.29,9.302325581395356,0.0,True,True,False,False
9528,3.9,10,3.9,True,3.9,0.0,0.0,True,True,False,False
9529,20.62,1,20.62,False,275.0,92.50181818181818,92.50181818181818,False,False,False,False
9530,160.65,1,160.65,False,668.47,75.96750789115443,75.96750789115443,False,False,False,False
9531,86.1,3,86.1,True,86.1,0.0,0.0,True,True,False,False
9532,113.0,8,115.0,True,115.0,1.7391304347826086,0.0,True,True,False,False
9533,113.0,8,115.0,True,408.0,72.30392156862744,71.81372549019608,False,False,False,False
9534,113.0,8,115.0,True,125.0,9.6,8.0,True,True,False,False
9535,113.0,8,115.0,True,419.0,73.0310262529833,72.55369928400954,False,False,False,False
9536,113.0,8,115.0,True,419.0,73.0310262529833,72.55369928400954,False,False,False,False
9537,113.0,8,115.0,True,125.0,9.6,8.0,True,True,False,False
9538,125.0,10,115.0,True,115.0,8.695652173913043,0.0,True,True,False,False
9539,113.0,8,115.0,True,115.0,1.7391304347826086,0.0,True,True,False,False
9540,113.0,8,115.0,True,408.0,72.30392156862744,71.81372549019608,False,False,False,False
9541,113.0,8,115.0,True,125.0,9.6,8.0,True,True,False,False
9542,127.5,1,127.5,False,127.5,0.0,0.0,True,True,False,False
9543,102.0,2,106.0,True,161.25,36.74418604651163,34.26356589147287,False,False,False,False
9544,102.0,2,106.0,True,132.5,23.0188679245283,20.0,False,False,False,False
9545,137.5,1,137.5,False,106.0,29.71698113207547,29.71698113207547,False,False,False,False
9546,3.9,3,3.9,True,3.9,0.0,0.0,True,True,False,False
9547,3.9,1,3.9,False,3.9,0.0,0.0,True,True,False,False
9548,2549.69,1,2549.69,False,2549.69,0.0,0.0,True,True,False,False
9549,100.0,10,100.0,True,70.0,42.857142857142854,42.857142857142854,False,False,False,False
9550,1550.0,1,1550.0,False,2512.83,38.31655941707159,38.31655941707159,False,False,False,False
9551,1333.34,1,1333.34,False,4015.39,66.79425908815831,66.79425908815831,False,False,False,False
9552,286.13,5,286.13,True,343.35,16.66521042667832,16.66521042667832,False,False,False,False
9553,311.25,8,249.0,True,311.25,0.0,20.0,True,False,False,True
9554,311.25,5,249.0,True,249.0,25.0,0.0,False,True,True,False
9555,286.13,5,286.13,True,228.9,25.00218435998252,25.00218435998252,False,False,False,False
9556,286.13,5,286.13,True,286.13,0.0,0.0,True,True,False,False
9557,6000.0,1,6000.0,False,6000.0,0.0,0.0,True,True,False,False
9558,9050.0,10,9050.0,True,9400.0,3.723404255319149,3.723404255319149,True,True,False,False
9559,6500.0,1,6500.0,False,6500.0,0.0,0.0,True,True,False,False
9560,9350.0,1,9350.0,False,9350.0,0.0,0.0,True,True,False,False
9561,9230.0,2,9160.0,True,1150.0,702.608695652174,696.5217391304348,False,False,False,False
9562,9230.0,2,9160.0,True,2950.0,212.8813559322034,210.50847457627117,False,False,False,False
9563,2897.28,1,2897.28,False,2897.28,0.0,0.0,True,True,False,False
9564,1.09,5,1.09,True,1.09,0.0,0.0,True,True,False,False
9565,1625.0,6,1700.0,True,1625.0,0.0,4.615384615384616,True,True,False,False
9566,1938.7,2,4386.5,True,4386.5,55.80303203009234,0.0,False,True,True,False
9567,1796.63,4,3032.05,True,3032.05,40.7453702940255,0.0,False,True,True,False
9568,6.55,1,6.55,False,6.55,0.0,0.0,True,True,False,False
9569,7.44,1,7.44,False,7.44,0.0,0.0,True,True,False,False
9570,6000.0,1,6000.0,False,6000.0,0.0,0.0,True,True,False,False
9571,5500.0,1,5500.0,False,5500.0,0.0,0.0,True,True,False,False
9572,1667.0,1,1667.0,False,1800.0,7.388888888888889,7.388888888888889,True,True,False,False
9573,6500.0,1,6500.0,False,6500.0,0.0,0.0,True,True,False,False
9574,1675.0,1,1675.0,False,1800.0,6.944444444444445,6.944444444444445,True,True,False,False
9575,6890.0,1,6890.0,False,6890.0,0.0,0.0,True,True,False,False
9576,4969.0,5,4969.0,True,4358.0,14.020192748967416,14.020192748967416,False,False,False,False
9577,3562.0,2,3562.0,True,3645.0,2.277091906721536,2.277091906721536,True,True,False,False
9578,8895.0,1,8895.0,False,7711.0,15.354688107897807,15.354688107897807,False,False,False,False
9579,10250.0,5,9350.0,True,4797.0,113.67521367521367,94.91348759641443,False,False,False,False
9580,8050.0,1,8050.0,False,5658.0,42.27642276422765,42.27642276422765,False,False,False,False
9581,2948.0,2,2948.0,True,3125.0,5.664000000000001,5.664000000000001,True,True,False,False
9582,7500.0,1,7500.0,False,7084.0,5.872388481084133,5.872388481084133,True,True,False,False
9583,7500.0,1,7500.0,False,7084.0,5.872388481084133,5.872388481084133,True,True,False,False
9584,8050.0,1,8050.0,False,5658.0,42.27642276422765,42.27642276422765,False,False,False,False
9585,4969.0,5,4969.0,True,4358.0,14.020192748967416,14.020192748967416,False,False,False,False
9586,10250.0,5,9350.0,True,4797.0,113.67521367521367,94.91348759641443,False,False,False,False
9587,3562.0,2,3562.0,True,3645.0,2.277091906721536,2.277091906721536,True,True,False,False
9588,8895.0,1,8895.0,False,7711.0,15.354688107897807,15.354688107897807,False,False,False,False
9589,2948.0,2,2948.0,True,3125.0,5.664000000000001,5.664000000000001,True,True,False,False
9590,71.39,1,71.39,False,34.49,106.98753261815017,106.98753261815017,False,False,False,False
9591,71.39,5,65.36,True,93.95,24.012772751463547,30.43108036189463,False,False,False,False
9592,69.99,1,69.99,False,69.99,0.0,0.0,True,True,False,False
9593,5500.0,3,5500.0,True,5500.0,0.0,0.0,True,True,False,False
9594,6890.0,1,6890.0,False,6890.0,0.0,0.0,True,True,False,False
9595,171.87,1,171.87,False,555.0,69.03243243243243,69.03243243243243,False,False,False,False
9596,2750.0,1,2750.0,False,6355.0,56.726986624704956,56.726986624704956,False,False,False,False
9597,35.78,5,19.9,True,19.34,85.00517063081696,2.8955532574974083,False,True,True,False
9598,43050.0,1,43050.0,False,40581.0,6.084128040215864,6.084128040215864,True,True,False,False
9599,45344.0,6,45542.05,True,36090.0,25.641451925741205,26.19021889720145,False,False,False,False
9600,51270.45,1,51270.45,False,46590.0,10.046039922730193,10.046039922730193,False,False,False,False
9601,68851.0,1,68851.0,False,69152.0,0.4352730217491902,0.4352730217491902,True,True,False,False
9602,71.39,1,71.39,False,30.75,132.16260162601625,132.16260162601625,False,False,False,False
9603,71.39,1,71.39,False,105.0,32.00952380952381,32.00952380952381,False,False,False,False
9604,71.39,1,71.39,False,98.85,27.779463834092056,27.779463834092056,False,False,False,False
9605,71.39,1,71.39,False,97.2,26.553497942386834,26.553497942386834,False,False,False,False
9606,70.0,4,70.0,True,108.0,35.18518518518518,35.18518518518518,False,False,False,False
9607,70.0,4,70.0,True,100.0,30.0,30.0,False,False,False,False
9608,1405.0,10,1423.0,True,1285.0,9.33852140077821,10.73929961089494,True,False,False,True
9609,3863.08,1,3863.08,False,135.2,2757.3076923076924,2757.3076923076924,False,False,False,False
9610,183.2,2,307.12,True,307.12,40.349049231570724,0.0,False,True,True,False
9611,1379.08,1,1379.08,False,2023.08,31.832651205093228,31.832651205093228,False,False,False,False
9612,3863.08,1,3863.08,False,113.52,3302.995066948555,3302.995066948555,False,False,False,False
9613,1693566.0,1,1693566.0,False,1867257.0,9.301933263605385,9.301933263605385,True,True,False,False
9614,142.58,1,142.58,False,142.58,0.0,0.0,True,True,False,False
9615,76.31,1,76.31,False,80.5,5.204968944099376,5.204968944099376,True,True,False,False
9616,17.58,9,18.69,True,6.8,158.52941176470586,174.8529411764706,False,False,False,False
9617,17.58,1,17.58,False,17.58,0.0,0.0,True,True,False,False
9618,13340.5,1,13340.5,False,4288.5,211.07613384633322,211.07613384633322,False,False,False,False
9619,13340.5,1,13340.5,False,4348.5,206.78394848798436,206.78394848798436,False,False,False,False
9620,140.0,2,140.0,True,140.0,0.0,0.0,True,True,False,False
9621,321.0,1,321.0,False,86.83,269.6878958885178,269.6878958885178,False,False,False,False
9622,1318.81,1,1318.81,False,155.2,749.7487113402061,749.7487113402061,False,False,False,False
9623,1318.81,1,1318.81,False,611.1,115.80919653084601,115.80919653084601,False,False,False,False
9624,9.2,2,9.2,True,9.2,0.0,0.0,True,True,False,False
9625,2.4,9,9.2,True,1.8,33.33333333333333,411.1111111111111,False,False,False,False
9626,150.0,5,180.0,True,0.55,27172.72727272727,32627.272727272724,False,False,False,False
9627,2.4,1,2.4,False,1.5,60.0,60.0,False,False,False,False
9628,0.48,3,0.48,True,0.54,11.11111111111112,11.11111111111112,False,False,False,False
9629,120.0,3,85.0,True,35.0,242.85714285714283,142.85714285714286,False,False,False,False
9630,180.0,2,5.2,True,5.4,3233.333333333333,3.703703703703707,False,True,True,False
9631,9.2,1,9.2,False,9.2,0.0,0.0,True,True,False,False
9632,0.48,6,0.48,True,0.48,0.0,0.0,True,True,False,False
9633,173.52,1,173.52,False,157.6,10.101522842639604,10.101522842639604,False,False,False,False
9634,219.99,1,219.99,False,157.6,39.58756345177666,39.58756345177666,False,False,False,False
9635,5.95,1,5.95,False,19.86,70.04028197381672,70.04028197381672,False,False,False,False
9636,1.0,2,1.0,True,1.0,0.0,0.0,True,True,False,False
9637,1.0,4,1.0,True,1.0,0.0,0.0,True,True,False,False
9638,1.0,3,1.0,True,1.0,0.0,0.0,True,True,False,False
9639,1.0,3,1.0,True,1.0,0.0,0.0,True,True,False,False
9640,3600.0,2,3600.0,True,3600.0,0.0,0.0,True,True,False,False
9641,3.9,1,3.9,False,3.9,0.0,0.0,True,True,False,False
9642,275.0,1,275.0,False,135.0,103.7037037037037,103.7037037037037,False,False,False,False
9643,20.62,2,275.0,True,385.0,94.64415584415585,28.57142857142857,False,False,False,False
9644,20.62,2,275.0,True,158.94,87.02655089971057,73.02126588649806,False,False,False,False
9645,191.39,1,191.39,False,157.6,21.440355329949234,21.440355329949234,False,False,False,False
9646,171.87,1,171.87,False,142.58,20.54285313508205,20.54285313508205,False,False,False,False
9647,3257.95,4,955.0,True,955.0,241.14659685863873,0.0,False,True,True,False
9648,555.0,1,555.0,False,555.0,0.0,0.0,True,True,False,False
9649,555.0,1,555.0,False,157.6,252.15736040609139,252.15736040609139,False,False,False,False
9650,98.27,5,18.89,True,18.89,420.22233986236097,0.0,False,True,True,False
9651,447273.0,1,447273.0,False,538259.0,16.903758227916303,16.903758227916303,False,False,False,False
9652,13.8,1,13.8,False,18.5,25.4054054054054,25.4054054054054,False,False,False,False
9653,30.5,10,32.5,True,37.9,19.525065963060683,14.248021108179415,False,False,False,False
9654,30.5,1,30.5,False,37.9,19.525065963060683,19.525065963060683,False,False,False,False
9655,13.8,2,13.8,True,18.5,25.4054054054054,25.4054054054054,False,False,False,False
9656,205.3,1,205.3,False,75.0,173.73333333333335,173.73333333333335,False,False,False,False
9657,1285.0,5,1285.0,True,1285.0,0.0,0.0,True,True,False,False
9658,179.57,3,179.57,True,179.57,0.0,0.0,True,True,False,False
9659,132.91,1,132.91,False,132.91,0.0,0.0,True,True,False,False
9660,132.91,1,132.91,False,241.74,45.01944237610657,45.01944237610657,False,False,False,False
9661,132.91,1,132.91,False,95.15,39.68470835522858,39.68470835522858,False,False,False,False
9662,42.73,1,42.73,False,42.73,0.0,0.0,True,True,False,False
9663,132.91,1,132.91,False,79.8,66.55388471177946,66.55388471177946,False,False,False,False
9664,99.6,6,132.91,True,86.22,15.51844119693806,54.15216887033171,False,False,False,False
9665,593.57,1,593.57,False,593.57,0.0,0.0,True,True,False,False
9666,125.0,7,115.0,True,267.0,53.18352059925093,56.92883895131086,False,False,False,False
9667,125.0,8,115.0,True,7000.0,98.21428571428571,98.35714285714286,False,False,False,False
9668,115.0,9,252.0,True,838.0,86.27684964200478,69.92840095465394,False,False,False,False
9669,10711.16,1,10711.16,False,260.0,4019.676923076923,4019.676923076923,False,False,False,False
9670,10711.16,6,4351.89,True,9075.0,18.029311294765836,52.045289256198345,False,False,False,False
9671,262.0,1,262.0,False,321.0,18.38006230529595,18.38006230529595,False,False,False,False
9672,120.0,4,194.0,True,272.0,55.88235294117647,28.676470588235293,False,False,False,False
9673,226.75,2,265.333333,True,246.6,8.049472830494727,7.59664760746147,True,True,False,False
9674,262.0,8,240.0,True,223.0,17.48878923766816,7.623318385650224,False,True,True,False
9675,589.8,1,589.8,False,589.8,0.0,0.0,True,True,False,False
9676,853.24,6,2663.28,True,178.88,376.9901610017889,1388.8640429338104,False,False,False,False
9677,103.0,1,103.0,False,362.0,71.54696132596685,71.54696132596685,False,False,False,False
9678,71.39,10,71.39,True,71.39,0.0,0.0,True,True,False,False
9679,98.85,1,98.85,False,101.0,2.1287128712871346,2.1287128712871346,True,True,False,False
9680,98.85,3,103.0,True,82.09,20.416615909367756,25.472042879766104,False,False,False,False
9681,23054.6,3,93.95,True,73.55,31245.479265805574,27.73623385452074,False,False,False,False
9682,98.85,2,103.0,True,181.0,45.386740331491715,43.0939226519337,False,False,False,False
9683,1208.0,6,103.0,True,611.0,97.70867430441899,83.14238952536824,False,False,False,False
9684,103.0,1,103.0,False,106.0,2.8301886792452833,2.8301886792452833,True,True,False,False
9685,56.52,7,53.82,True,183.48,69.19555264879006,70.66710268149117,False,False,False,False
9686,56.52,1,56.52,False,122.32,53.79332897318507,53.79332897318507,False,False,False,False
9687,1700.0,1,1700.0,False,1577.2,7.785949784428098,7.785949784428098,True,True,False,False
9688,50.0,1,50.0,False,50.0,0.0,0.0,True,True,False,False
9689,3008.5,4,4203.82,True,3929.84,23.444720395741307,6.971785110844196,False,True,True,False
9690,161852.28,1,161852.28,False,138675.64,16.712841563233443,16.712841563233443,False,False,False,False
9691,178321.34,1,178321.34,False,174153.2,2.3933754877889033,2.3933754877889033,True,True,False,False
9692,161852.28,1,161852.28,False,174153.2,7.06327532310633,7.06327532310633,True,True,False,False
9693,112196.61,4,124272.51,True,175312.03,36.001762115241036,29.113529744650158,False,False,False,False
9694,383145.0,1,383145.0,False,355935.0,7.6446542205739805,7.6446542205739805,True,True,False,False
9695,67193.14,1,67193.14,False,55705.96,20.62109691673925,20.62109691673925,False,False,False,False
9696,59072.33,6,62424.3,True,42204.84,39.965771698222305,47.9079176701061,False,False,False,False
9697,47123.9,1,47123.9,False,85383.81,44.80932626454594,44.80932626454594,False,False,False,False
9698,47123.9,1,47123.9,False,85783.81,45.06667400293831,45.06667400293831,False,False,False,False
9699,93530.5,5,88287.0,True,93530.5,0.0,5.606192632349876,True,True,False,False
9700,161.25,1,161.25,False,161.25,0.0,0.0,True,True,False,False
9701,19.34,5,19.9,True,23.81,18.773624527509448,16.421671566568673,False,False,False,False
9702,19.9,7,19.9,True,19.9,0.0,0.0,True,True,False,False
9703,241.74,1,241.74,False,96.2,151.28898128898132,151.28898128898132,False,False,False,False
9704,12307.0,10,11762.0,True,16139.0,23.74372637709895,27.120639444823098,False,False,False,False
9705,183.48,4,107.1,True,107.1,71.31652661064426,0.0,False,True,True,False
9706,122.32,1,122.32,False,947.26,87.08696661951313,87.08696661951313,False,False,False,False
9707,86.1,1,86.1,False,86.1,0.0,0.0,True,True,False,False
9708,86.1,4,160.65,True,160.65,46.40522875816994,0.0,False,True,True,False
9709,30.6,9,16.2,True,45.0,31.999999999999996,64.0,False,False,False,False
9710,30.6,9,16.2,True,31.25,2.079999999999995,48.160000000000004,True,False,False,True
9711,14.84,4,3.05,True,1.5,889.3333333333333,103.33333333333331,False,False,False,False
9712,5.2,9,12.0,True,43.75,88.11428571428571,72.57142857142857,False,False,False,False
9713,2.4,1,2.4,False,3.6,33.333333333333336,33.333333333333336,False,False,False,False
9714,158.94,1,158.94,False,143.84,10.497775305895434,10.497775305895434,False,False,False,False
9715,1285.0,9,1415.0,True,1358.03,5.377642614669777,4.195047237542619,True,True,False,False
9716,118.49,7,25.99,True,20.62,474.63627546071774,26.042677012609104,False,False,False,False
9717,214.84,4,125.99,True,158.12,35.871490007589166,20.320010118897045,False,False,False,False
9718,15.31,3,36.0,True,15.31,0.0,135.14043109079032,True,False,False,True
9719,4348.5,3,9852.0,True,20060.5,78.32307270506718,50.88856209964856,False,False,False,False
9720,40470.0,1,40470.0,False,47530.0,14.853776562171262,14.853776562171262,False,False,False,False
9721,10250.0,1,10250.0,False,8890.0,15.29808773903262,15.29808773903262,False,False,False,False
9722,238.93,2,232.6,True,238.93,0.0,2.6493115138325085,True,True,False,False
9723,0.23,1,0.23,False,0.27,14.814814814814817,14.814814814814817,False,False,False,False
9724,500.0,1,500.0,False,829.0,39.68636911942099,39.68636911942099,False,False,False,False
9725,555.0,1,555.0,False,555.0,0.0,0.0,True,True,False,False
9726,1103.08,1,1103.08,False,1931.08,42.877560743211056,42.877560743211056,False,False,False,False
9727,138.75,2,138.75,True,138.75,0.0,0.0,True,True,False,False
9728,132.5,7,140.0,True,132.5,0.0,5.660377358490567,True,True,False,False
9729,155.0,1,155.0,False,155.0,0.0,0.0,True,True,False,False
9730,19.9,1,19.9,False,23.81,16.421671566568673,16.421671566568673,False,False,False,False
9731,23.81,1,23.81,False,28.1,15.266903914590756,15.266903914590756,False,False,False,False
9732,19.9,3,22.42,True,19.9,0.0,12.663316582914588,True,False,False,True
9733,24.72,1,24.72,False,7.79,217.32991014120668,217.32991014120668,False,False,False,False
9734,795.0,8,812.44,True,965.0,17.616580310880828,15.80932642487046,False,False,False,False
9735,179.57,1,179.57,False,1285.0,86.02568093385214,86.02568093385214,False,False,False,False
9736,2710.0,3,2625.0,True,2710.0,0.0,3.136531365313653,True,True,False,False
9737,853.24,3,1460.0,True,955.0,10.655497382198952,52.879581151832454,False,False,False,False
9738,34.37,1,34.37,False,34.37,0.0,0.0,True,True,False,False
9739,137.49,1,137.49,False,142.58,3.5699256557722,3.5699256557722,True,True,False,False
9740,268.94,1,268.94,False,247.49,8.667016849165618,8.667016849165618,True,True,False,False
9741,20.62,2,20.62,True,20.62,0.0,0.0,True,True,False,False
9742,1285.0,4,1285.0,True,158.12,712.6739185428788,712.6739185428788,False,False,False,False
9743,27.49,1,27.49,False,27.49,0.0,0.0,True,True,False,False
9744,853.24,4,1460.0,True,1460.0,41.55890410958904,0.0,False,True,True,False
9745,29.24,4,29.24,True,31.49,7.145125436646555,7.145125436646555,True,True,False,False
9746,20.62,5,21.99,True,26.39,21.864342553997723,16.67298219022358,False,False,False,False
9747,55.0,1,55.0,False,62.99,12.684553103667252,12.684553103667252,False,False,False,False
9748,65.0,1,65.0,False,17.59,269.5281409891984,269.5281409891984,False,False,False,False
9749,142.58,2,142.58,True,222.17,35.823918620875894,35.823918620875894,False,False,False,False
9750,3205.31,10,165.75,True,60.75,5176.230452674897,172.8395061728395,False,False,False,False
9751,5000.0,1,5000.0,False,530.5,842.5070688030161,842.5070688030161,False,False,False,False
9752,47530.0,1,47530.0,False,45756.0,3.8770871579683535,3.8770871579683535,True,True,False,False
9753,69450.0,2,9160.0,True,36950.0,87.95669824086603,75.20974289580515,False,False,False,False
9754,70.0,7,70.0,True,100.0,30.0,30.0,False,False,False,False
9755,70.0,7,70.0,True,108.0,35.18518518518518,35.18518518518518,False,False,False,False
9756,70.0,7,70.0,True,15.0,366.66666666666663,366.66666666666663,False,False,False,False
9757,2203.0,9,2250.0,True,2203.0,0.0,2.133454380390377,True,True,False,False
9758,1022.07,1,1022.07,False,1022.07,0.0,0.0,True,True,False,False
9759,244.74,1,244.74,False,100.0,144.74,144.74,False,False,False,False
9760,157.6,1,157.6,False,157.6,0.0,0.0,True,True,False,False
9761,500.0,2,500.0,True,499.94,0.012001440172821193,0.012001440172821193,True,True,False,False
9762,175.99,6,164.49,True,157.6,11.668781725888335,4.371827411167522,False,True,True,False
9763,0.3,4,0.32,True,0.3,0.0,6.666666666666673,True,True,False,False
9764,1.1,1,1.1,False,1.1,0.0,0.0,True,True,False,False
9765,593.57,1,593.57,False,593.57,0.0,0.0,True,True,False,False
9766,593.57,1,593.57,False,593.57,0.0,0.0,True,True,False,False
9767,1800.0,2,1700.0,True,1800.0,0.0,5.555555555555555,True,True,False,False
9768,1667.0,1,1667.0,False,1800.0,7.388888888888889,7.388888888888889,True,True,False,False
9769,70.0,4,275.0,True,197.58,64.57131288591962,39.18412794817288,False,False,False,False
9770,70.0,4,275.0,True,1000.0,93.0,72.5,False,False,False,False
9771,24.72,1,24.72,False,24.72,0.0,0.0,True,True,False,False
9772,2203.0,3,319.2,True,135.0,1531.8518518518517,136.44444444444443,False,False,False,False
9773,11.5,4,102.0,True,24.0,52.083333333333336,325.0,False,False,False,False
9774,15.0,10,102.0,True,0.67,2138.805970149254,15123.880597014922,False,False,False,False
9775,146.25,8,204.9,True,10.75,1260.4651162790697,1806.046511627907,False,False,False,False
9776,8771.36,1,8771.36,False,6.0,146089.33333333334,146089.33333333334,False,False,False,False
9777,146.25,8,204.9,True,11.5,1171.7391304347825,1681.7391304347825,False,False,False,False
9778,146.25,1,146.25,False,67.0,118.28358208955223,118.28358208955223,False,False,False,False
9779,8771.36,1,8771.36,False,7.0,125205.14285714287,125205.14285714287,False,False,False,False
9780,11.5,5,246.5,True,0.47,2346.808510638298,52346.8085106383,False,False,False,False
9781,146.25,1,146.25,False,39.0,275.0,275.0,False,False,False,False
9782,11.5,4,102.0,True,1.5,666.6666666666667,6700.0,False,False,False,False
9783,146.25,8,204.9,True,151.0,3.145695364238411,35.6953642384106,True,False,False,True
9784,146.25,1,146.25,False,4.75,2978.947368421053,2978.947368421053,False,False,False,False
9785,146.25,1,146.25,False,21.0,596.4285714285714,596.4285714285714,False,False,False,False
9786,146.25,1,146.25,False,410.0,64.32926829268293,64.32926829268293,False,False,False,False
9787,146.25,1,146.25,False,135.0,8.333333333333332,8.333333333333332,True,True,False,False
9788,282.5,1,282.5,False,40.2,602.7363184079602,602.7363184079602,False,False,False,False
9789,282.5,1,282.5,False,30.0,841.6666666666666,841.6666666666666,False,False,False,False
9790,282.5,1,282.5,False,120.0,135.41666666666669,135.41666666666669,False,False,False,False
9791,282.5,1,282.5,False,6.0,4608.333333333334,4608.333333333334,False,False,False,False
9792,47.95,7,9.2,True,9.2,421.19565217391306,0.0,False,True,True,False
9793,0.46,2,0.48,True,0.48,4.166666666666659,0.0,True,True,False,False
9794,282.5,1,282.5,False,60.0,370.83333333333337,370.83333333333337,False,False,False,False
9795,282.5,1,282.5,False,75.0,276.6666666666667,276.6666666666667,False,False,False,False
9796,282.5,1,282.5,False,72.0,292.36111111111114,292.36111111111114,False,False,False,False
9797,20060.5,1,20060.5,False,8590.5,133.51958558873173,133.51958558873173,False,False,False,False
9798,125115.0,1,125115.0,False,19650.0,536.7175572519084,536.7175572519084,False,False,False,False
9799,125115.0,1,125115.0,False,103170.0,21.2707182320442,21.2707182320442,False,False,False,False
9800,29315.0,1,29315.0,False,35144.4,16.58699536768305,16.58699536768305,False,False,False,False
9801,125.0,1,125.0,False,115.0,8.695652173913043,8.695652173913043,True,True,False,False
9802,125.0,1,125.0,False,115.0,8.695652173913043,8.695652173913043,True,True,False,False
9803,125.0,1,125.0,False,408.0,69.36274509803921,69.36274509803921,False,False,False,False
9804,125.0,1,125.0,False,125.0,0.0,0.0,True,True,False,False
9805,134.99,1,134.99,False,1127.57,88.02823771473169,88.02823771473169,False,False,False,False
9806,134.99,1,134.99,False,69.06,95.46770923834347,95.46770923834347,False,False,False,False
9807,465.0,1,465.0,False,59.32,683.8840188806474,683.8840188806474,False,False,False,False
9808,134.99,1,134.99,False,24.8,444.31451612903226,444.31451612903226,False,False,False,False
9809,3060.0,1,3060.0,False,2925.0,4.615384615384616,4.615384615384616,True,True,False,False
9810,944.39,1,944.39,False,3850.0,75.47038961038962,75.47038961038962,False,False,False,False
9811,8530.0,6,1990.0,True,3250.0,162.46153846153845,38.76923076923077,False,False,False,False
9812,1208.0,1,1208.0,False,3295.0,63.33839150227618,63.33839150227618,False,False,False,False
9813,4998.67,1,4998.67,False,797.94,526.446850640399,526.446850640399,False,False,False,False
9814,3363.8,1,3363.8,False,11687.0,71.21759219645762,71.21759219645762,False,False,False,False
9815,45.48,1,45.48,False,45.48,0.0,0.0,True,True,False,False
9816,11694.79,1,11694.79,False,8260.65,41.57227336831849,41.57227336831849,False,False,False,False
9817,14635.25,1,14635.25,False,11530.45,26.926962954611476,26.926962954611476,False,False,False,False
9818,2130.0,1,2130.0,False,417.0,410.7913669064748,410.7913669064748,False,False,False,False
9819,40.2,1,40.2,False,150.0,73.2,73.2,False,False,False,False
9820,2130.0,1,2130.0,False,468.0,355.1282051282051,355.1282051282051,False,False,False,False
9821,11124.0,1,11124.0,False,267.0,4066.2921348314603,4066.2921348314603,False,False,False,False
9822,21.0,1,21.0,False,21.0,0.0,0.0,True,True,False,False
9823,24.0,1,24.0,False,24.0,0.0,0.0,True,True,False,False
9824,7153.0,2,6543.1,True,6550.8,9.192770348659703,0.11754289552420799,True,True,False,False
9825,190.7,1,190.7,False,190.7,0.0,0.0,True,True,False,False
9826,232.6,1,232.6,False,248.1,6.247480854494156,6.247480854494156,True,True,False,False
9827,232.6,1,232.6,False,232.6,0.0,0.0,True,True,False,False
9828,232.6,1,232.6,False,238.93,2.6493115138325085,2.6493115138325085,True,True,False,False
9829,46.55,2,46.55,True,46.55,0.0,0.0,True,True,False,False
9830,27.75,1,27.75,False,27.75,0.0,0.0,True,True,False,False
9831,48207.5,10,1580.0,True,4900.23,883.7803531670965,67.75661550580278,False,False,False,False
9832,48207.5,10,1580.0,True,7261.66,563.8633590666597,78.24188959549194,False,False,False,False
9833,48207.5,10,1580.0,True,18972.93,154.0856894533422,91.6723458105838,False,False,False,False
9834,301.5,1,301.5,False,4.45,6675.2808988764045,6675.2808988764045,False,False,False,False
9835,11.5,2,301.5,True,289.8,96.03174603174604,4.0372670807453375,False,True,True,False
9836,775.0,4,301.5,True,289.8,167.42581090407177,4.0372670807453375,False,True,True,False
9837,872.69,8,44.9,True,343.8,153.8365328679465,86.94008144269925,False,False,False,False
9838,3.9,1,3.9,False,3.9,0.0,0.0,True,True,False,False
9839,77.81,1,77.81,False,5.0,1456.2,1456.2,False,False,False,False
9840,70.0,10,70.0,True,70.0,0.0,0.0,True,True,False,False
9841,70.0,9,70.0,True,100.0,30.0,30.0,False,False,False,False
9842,70.0,10,70.0,True,15.0,366.66666666666663,366.66666666666663,False,False,False,False
9843,244.74,2,244.74,True,268.94,8.998289581319248,8.998289581319248,True,True,False,False
9844,179.57,1,179.57,False,179.57,0.0,0.0,True,True,False,False
9845,2380.25,4,3038.72,True,2710.0,12.16789667896679,12.129889298892982,False,False,False,False
9846,1285.0,2,1285.0,True,1285.0,0.0,0.0,True,True,False,False
9847,157.6,1,157.6,False,157.6,0.0,0.0,True,True,False,False
9848,142.78,1,142.78,False,142.78,0.0,0.0,True,True,False,False
9849,66.24,1,66.24,False,66.24,0.0,0.0,True,True,False,False
9850,441.0,1,441.0,False,1353.5,67.41780568895456,67.41780568895456,False,False,False,False
9851,70.53,1,70.53,False,70.53,0.0,0.0,True,True,False,False
9852,256.79,8,256.79,True,309.79,17.10836373026889,17.10836373026889,False,False,False,False
9853,135.4,1,135.4,False,309.79,56.292972658897966,56.292972658897966,False,False,False,False
9854,216.64,1,216.64,False,216.64,0.0,0.0,True,True,False,False
9855,110.64,1,110.64,False,149.64,26.062550120288684,26.062550120288684,False,False,False,False
9856,256.79,1,256.79,False,256.79,0.0,0.0,True,True,False,False
9857,273.68,1,273.68,False,1950.0,85.96512820512821,85.96512820512821,False,False,False,False
9858,103.57,2,1324.39,True,5.58,1756.0931899641578,23634.587813620074,False,False,False,False
9859,9888.92,4,121.89,True,44.43,22157.303623677693,174.34166103983796,False,False,False,False
9860,5448.58,4,117.36,True,323.88,1582.283561813017,63.76435716932196,False,False,False,False
9861,103.57,3,1324.39,True,3.21,3126.479750778816,41158.2554517134,False,False,False,False
9862,110.55,2,1324.39,True,13.01,749.7309761721751,10079.784780937742,False,False,False,False
9863,103.57,4,1324.39,True,548.63,81.12206769589704,141.39948599238105,False,False,False,False
9864,9888.92,1,9888.92,False,58.96,16672.25237449118,16672.25237449118,False,False,False,False
9865,122.32,2,1235.95,True,15.94,667.3776662484316,7653.764115432874,False,False,False,False
9866,5448.58,1,5448.58,False,25.07,21633.466294375747,21633.466294375747,False,False,False,False
9867,103.57,3,1324.39,True,2.21,4586.425339366516,59827.149321266974,False,False,False,False
9868,1235.95,1,1235.95,False,7.02,17506.125356125358,17506.125356125358,False,False,False,False
9869,88.44,6,1145.03,True,9.14,867.6148796498906,12427.680525164113,False,False,False,False
9870,1235.95,1,1235.95,False,167.24,639.0277445587179,639.0277445587179,False,False,False,False
9871,9888.92,4,121.89,True,17.65,55927.87535410765,590.5949008498585,False,False,False,False
9872,9888.92,1,9888.92,False,13011.74,24.000018444881313,24.000018444881313,False,False,False,False
9873,700.0,2,672.77,True,650.59,7.5946448608186365,3.4092131757327886,True,True,False,False
9874,391.75,1,391.75,False,301.0,30.14950166112957,30.14950166112957,False,False,False,False
9875,60.0,1,60.0,False,52.05,15.273775216138336,15.273775216138336,False,False,False,False
9876,8590.5,1,8590.5,False,22980.5,62.61830682535193,62.61830682535193,False,False,False,False
9877,8590.5,1,8590.5,False,43560.5,80.27915198402222,80.27915198402222,False,False,False,False
9878,9212.5,1,9212.5,False,23320.5,60.49613001436504,60.49613001436504,False,False,False,False
9879,35144.4,1,35144.4,False,43295.4,18.826480411313902,18.826480411313902,False,False,False,False
9880,43515.0,1,43515.0,False,70480.0,38.25908059023836,38.25908059023836,False,False,False,False
9881,35144.4,1,35144.4,False,79239.0,55.6475977738235,55.6475977738235,False,False,False,False
9882,82238.91,1,82238.91,False,67494.91,21.8446102083846,21.8446102083846,False,False,False,False
9883,48870.21,1,48870.21,False,55405.4,11.795222126363138,11.795222126363138,False,False,False,False
9884,48470.21,7,55962.76,True,55005.4,11.880997138462773,1.7404836616041344,False,True,True,False
9885,35144.4,1,35144.4,False,46089.19,23.746978412942386,23.746978412942386,False,False,False,False
9886,55705.96,1,55705.96,False,72974.57,23.663873593225702,23.663873593225702,False,False,False,False
9887,18423.02,8,27547.4,True,21970.54,16.146712825447167,25.38335425528913,False,False,False,False
9888,422.06,7,679.19,True,524.26,19.494144126959903,29.552130622210367,False,False,False,False
9889,129.24,1,129.24,False,423.5,69.48288075560802,69.48288075560802,False,False,False,False
9890,4261.9,1,4261.9,False,1140.65,273.6378380747819,273.6378380747819,False,False,False,False
9891,4900.23,1,4900.23,False,684.98,615.3829308884931,615.3829308884931,False,False,False,False
9892,70.0,4,70.0,True,15.0,366.66666666666663,366.66666666666663,False,False,False,False
9893,70.0,4,70.0,True,108.0,35.18518518518518,35.18518518518518,False,False,False,False
9894,70.0,4,70.0,True,100.0,30.0,30.0,False,False,False,False
9895,70.0,1,70.0,False,108.0,35.18518518518518,35.18518518518518,False,False,False,False
9896,70.0,1,70.0,False,100.0,30.0,30.0,False,False,False,False
9897,51609.55,1,51609.55,False,36294.84,42.195281753549565,42.195281753549565,False,False,False,False
9898,55005.4,1,55005.4,False,53097.33,3.593532857490197,3.593532857490197,True,True,False,False
9899,55405.4,1,55405.4,False,53497.33,3.5666639811743868,3.5666639811743868,True,True,False,False
9900,8745.0,1,8745.0,False,3517.14,148.63951960968288,148.63951960968288,False,False,False,False
9901,3.9,1,3.9,False,3.9,0.0,0.0,True,True,False,False
9902,1208.0,3,2108.05,True,1639.0,26.296522269676633,28.61805979255645,False,False,False,False
9903,119.68,4,113.0,True,105.0,13.980952380952388,7.6190476190476195,False,True,True,False
9904,101.25,2,119.68,True,262.85,61.479931519878264,54.46832794369413,False,False,False,False
9905,101.25,4,119.68,True,534.65,81.06237725614888,77.61526232114467,False,False,False,False
9906,1904.84,1,1904.84,False,555.0,243.2144144144144,243.2144144144144,False,False,False,False
9907,0.58,5,0.78,True,1.34,56.71641791044777,41.791044776119406,False,False,False,False
9908,0.6,3,0.44,True,0.76,21.052631578947373,42.10526315789473,False,False,False,False
9909,684.98,1,684.98,False,4391.55,84.40231808814656,84.40231808814656,False,False,False,False
9910,1255.0,8,95.16,True,229.0,448.03493449781655,58.44541484716157,False,False,False,False
9911,90.0,2,2625.0,True,3625.0,97.51724137931035,27.586206896551722,False,False,False,False
9912,81.25,3,90.0,True,3750.0,97.83333333333334,97.6,False,False,False,False
9913,142.58,1,142.58,False,142.58,0.0,0.0,True,True,False,False
9914,174153.2,4,174153.2,True,326804.0,46.71019938556443,46.71019938556443,False,False,False,False
9915,174153.2,4,161852.28,True,156485.0,11.290666837077042,3.4299006294533014,False,True,True,False
9916,174153.2,1,174153.2,False,145681.59,19.543725463183108,19.543725463183108,False,False,False,False
9917,175312.03,1,175312.03,False,131490.16,33.32710980045959,33.32710980045959,False,False,False,False
9918,105.0,1,105.0,False,236.0,55.50847457627118,55.50847457627118,False,False,False,False
9919,105.0,1,105.0,False,291.0,63.91752577319587,63.91752577319587,False,False,False,False
9920,105.0,1,105.0,False,378.0,72.22222222222221,72.22222222222221,False,False,False,False
9921,105.0,1,105.0,False,249.0,57.831325301204814,57.831325301204814,False,False,False,False
9922,30.75,6,105.0,True,30.75,0.0,241.46341463414635,True,False,False,True
9923,70.0,6,108.0,True,100.0,30.0,8.0,False,True,True,False
9924,70.0,3,70.0,True,70.0,0.0,0.0,True,True,False,False
9925,38.75,3,105.0,True,50.39,23.09982139313356,108.37467751538003,False,False,False,False
9926,97.2,2,105.0,True,60.25,61.32780082987552,74.27385892116183,False,False,False,False
9927,71.39,5,105.0,True,138.0,48.268115942028984,23.91304347826087,False,False,False,False
9928,97.2,2,105.0,True,42.35,129.5159386068477,147.93388429752065,False,False,False,False
9929,97.2,8,105.0,True,19.05,410.23622047244095,451.18110236220474,False,False,False,False
9930,71.39,5,105.0,True,352.0,79.71875,70.17045454545455,False,False,False,False
9931,105.0,1,105.0,False,19.19,447.1599791558103,447.1599791558103,False,False,False,False
9932,105.0,1,105.0,False,27.19,286.1713865391688,286.1713865391688,False,False,False,False
9933,97.2,3,98.85,True,73.55,32.15499660095174,34.39836845683209,False,False,False,False
9934,30.75,6,105.0,True,37.69,18.413372247280442,178.5884850092863,False,False,False,False
9935,105.0,1,105.0,False,24.19,334.063662670525,334.063662670525,False,False,False,False
9936,21.75,1,21.75,False,356.81,93.90431882514504,93.90431882514504,False,False,False,False
9937,48.4,2,49.35,True,55.5,12.792792792792795,11.081081081081079,False,False,False,False
9938,97.2,7,97.2,True,45.5,113.62637362637362,113.62637362637362,False,False,False,False
9939,35783.0,4,7650.0,True,8897.0,302.19175002809936,14.015960436102057,False,False,False,False
9940,24128.0,1,24128.0,False,32000.0,24.6,24.6,False,False,False,False
9941,13340.5,1,13340.5,False,10605.5,25.78850596388666,25.78850596388666,False,False,False,False
9942,75.0,1,75.0,False,75.0,0.0,0.0,True,True,False,False
9943,593.57,1,593.57,False,593.57,0.0,0.0,True,True,False,False
9944,593.57,1,593.57,False,593.57,0.0,0.0,True,True,False,False
9945,506.0,1,506.0,False,3674.0,86.22754491017965,86.22754491017965,False,False,False,False
9946,506.0,1,506.0,False,1066.0,52.5328330206379,52.5328330206379,False,False,False,False
9947,506.0,1,506.0,False,747.0,32.26238286479251,32.26238286479251,False,False,False,False
9948,70.0,1,70.0,False,70.0,0.0,0.0,True,True,False,False
9949,70.0,1,70.0,False,100.0,30.0,30.0,False,False,False,False
9950,275.0,1,275.0,False,158.94,73.02126588649806,73.02126588649806,False,False,False,False
9951,100.0,3,102.69,True,130.0,23.076923076923077,21.00769230769231,False,False,False,False
9952,552.95,1,552.95,False,579.6,4.597998619737746,4.597998619737746,True,True,False,False
9953,517.14,10,559.0,True,878.9,41.1605415860735,36.39776993969735,False,False,False,False
9954,12000.0,1,12000.0,False,12000.0,0.0,0.0,True,True,False,False
9955,243.0,4,350.43,True,2172.8,88.81627393225332,83.87196244477173,False,False,False,False
9956,687.0,1,687.0,False,709.9,3.2258064516129004,3.2258064516129004,True,True,False,False
9957,2203.0,2,2203.0,True,2203.0,0.0,0.0,True,True,False,False
9958,1400.0,2,1400.0,True,1620.0,13.580246913580247,13.580246913580247,False,False,False,False
9959,156.33,1,156.33,False,157.6,0.8058375634517652,0.8058375634517652,True,True,False,False
9960,1005.02,3,1005.02,True,938.6,7.07649691029192,7.07649691029192,True,True,False,False
9961,57053.9,9,57053.9,True,55299.79,3.1720011956645777,3.1720011956645777,True,True,False,False
9962,55005.4,1,55005.4,False,54899.79,0.19236867754867656,0.19236867754867656,True,True,False,False
9963,57053.9,4,52413.54,True,52659.32,8.345303357506328,0.4667359927929165,True,True,False,False
9964,319.2,6,303.2,True,2437.08,86.90235856024422,87.55888194068312,False,False,False,False
9965,422.06,1,422.06,False,610.06,30.816640986132505,30.816640986132505,False,False,False,False
9966,135.2,4,113.52,True,69.52,94.47640966628308,63.29113924050633,False,False,False,False
9967,77.0,2,70.48,True,75.68,1.7441860465116188,6.871035940803385,True,True,False,False
9968,70.48,4,77.0,True,66.67,5.714714264286789,15.49422528873556,True,False,False,True
9969,12000.0,4,12000.0,True,8500.0,41.17647058823529,41.17647058823529,False,False,False,False
9970,97.2,1,97.2,False,51.19,89.88083610080095,89.88083610080095,False,False,False,False
9971,80.85,1,80.85,False,80.85,0.0,0.0,True,True,False,False
9972,13.65,3,648.9,True,648.9,97.89644012944984,0.0,False,True,True,False
9973,86.1,1,86.1,False,86.1,0.0,0.0,True,True,False,False
9974,16522.0,1,16522.0,False,16522.0,0.0,0.0,True,True,False,False
9975,79.8,1,79.8,False,79.8,0.0,0.0,True,True,False,False
9976,969.0,1,969.0,False,969.0,0.0,0.0,True,True,False,False
9977,1645.6,1,1645.6,False,1020.0,61.33333333333333,61.33333333333333,False,False,False,False
9978,15.31,1,15.31,False,36.0,57.472222222222214,57.472222222222214,False,False,False,False
9979,15.31,1,15.31,False,32.73,53.22334249923616,53.22334249923616,False,False,False,False
9980,21.5,1,21.5,False,27.95,23.076923076923077,23.076923076923077,False,False,False,False
9981,115239.66,1,115239.66,False,103985.71,10.822592835111667,10.822592835111667,False,False,False,False
9982,47243.6,5,52350.24,True,29701.56,59.06100554987683,76.2541765483025,False,False,False,False
9983,13.0,2,12.0,True,16.0,18.75,25.0,False,False,False,False
9984,1300.0,6,720.0,True,940.65,38.202306915430825,23.45718386222293,False,False,False,False
9985,4800.0,1,4800.0,False,103.06,4557.481078983116,4557.481078983116,False,False,False,False
9986,1300.0,2,5250.0,True,99.02,1212.8660876590588,5201.959200161584,False,False,False,False
9987,1890.68,1,1890.68,False,10750.0,82.41227906976744,82.41227906976744,False,False,False,False
9988,1890.68,1,1890.68,False,2945.28,35.80644285093438,35.80644285093438,False,False,False,False
9989,3920.0,1,3920.0,False,5600.0,30.0,30.0,False,False,False,False
9990,265.0,3,265.0,True,265.0,0.0,0.0,True,True,False,False
9991,795.0,1,795.0,False,795.0,0.0,0.0,True,True,False,False
9992,249.0,3,775.0,True,775.0,67.87096774193549,0.0,False,True,True,False
9993,79.0,7,79.0,True,79.0,0.0,0.0,True,True,False,False
9994,6695.0,1,6695.0,False,6695.0,0.0,0.0,True,True,False,False
9995,949.0,8,925.0,True,949.0,0.0,2.528977871443625,True,True,False,False
9996,925.0,1,925.0,False,925.0,0.0,0.0,True,True,False,False
9997,2295.0,9,2295.0,True,2295.0,0.0,0.0,True,True,False,False
9998,5995.0,1,5995.0,False,5995.0,0.0,0.0,True,True,False,False
9999,149.0,5,99.0,True,99.0,50.505050505050505,0.0,False,True,True,False
10000,25.0,1,25.0,False,10.0,150.0,150.0,False,False,False,False
10001,299.0,1,299.0,False,389.0,23.13624678663239,23.13624678663239,False,False,False,False
10002,299.0,3,299.0,True,149.0,100.67114093959732,100.67114093959732,False,False,False,False
10003,8044.65,1,8044.65,False,2226.39,261.3315726355221,261.3315726355221,False,False,False,False
10004,8044.65,1,8044.65,False,2147.22,274.6542040405734,274.6542040405734,False,False,False,False
10005,8044.65,1,8044.65,False,2359.72,240.91544759547747,240.91544759547747,False,False,False,False
10006,999.0,9,1690.0,True,4325.0,76.90173410404624,60.924855491329474,False,False,False,False
10007,1990.0,1,1990.0,False,150.0,1226.6666666666667,1226.6666666666667,False,False,False,False
10008,15.0,1,15.0,False,780.0,98.07692307692307,98.07692307692307,False,False,False,False
10009,7305.75,4,1690.0,True,1940.0,276.58505154639175,12.886597938144329,False,False,False,False
10010,8890.0,2,1755.0,True,315.0,2722.222222222222,457.1428571428571,False,False,False,False
10011,23.4,1,23.4,False,33.52,30.190930787589508,30.190930787589508,False,False,False,False
10012,31.12,1,31.12,False,25.0,24.480000000000004,24.480000000000004,False,False,False,False
10013,166.87,1,166.87,False,201.0,16.980099502487562,16.980099502487562,False,False,False,False
10014,32.37,1,32.37,False,41.9,22.744630071599047,22.744630071599047,False,False,False,False
10015,76.31,9,77.0,True,110.565,30.981775426219865,30.35770813548591,False,False,False,False
10016,113.53,5,113.53,True,133.0,14.639097744360901,14.639097744360901,False,False,False,False
10017,248.67,4,45.17,True,43.68,469.29945054945057,3.411172161172166,False,True,True,False
10018,236.73,4,2370.0,True,2480.0,90.45443548387097,4.435483870967742,False,True,True,False
10019,378.0,9,92.24,True,181.0,108.83977900552486,49.03867403314918,False,False,False,False
10020,378.0,1,378.0,False,341.0,10.850439882697946,10.850439882697946,False,False,False,False
10021,97.2,1,97.2,False,8.0,1115.0,1115.0,False,False,False,False
10022,236.0,1,236.0,False,82.09,187.48934096723107,187.48934096723107,False,False,False,False
10023,249.0,1,249.0,False,106.0,134.9056603773585,134.9056603773585,False,False,False,False
10024,86.1,1,86.1,False,86.1,0.0,0.0,True,True,False,False
10025,108.0,3,108.0,True,70.0,54.285714285714285,54.285714285714285,False,False,False,False
10026,8.5667,2,8.98,True,0.09,9418.555555555557,9877.77777777778,False,False,False,False
10027,100.0,1,100.0,False,15.0,566.6666666666667,566.6666666666667,False,False,False,False
10028,100.0,1,100.0,False,100.0,0.0,0.0,True,True,False,False
10029,100.0,1,100.0,False,108.0,7.4074074074074066,7.4074074074074066,True,True,False,False
10030,3480.0,2,3674.0,True,3482.8,0.08039508441484386,5.489835764327547,True,True,False,False
10031,13908.49,1,13908.49,False,13903.23,0.037832935224406256,0.037832935224406256,True,True,False,False
10032,42204.84,1,42204.84,False,43651.99,3.3151982303670495,3.3151982303670495,True,True,False,False
10033,42204.84,1,42204.84,False,43651.98,3.315176081359898,3.315176081359898,True,True,False,False
10034,42204.84,1,42204.84,False,37741.98,11.824657847839443,11.824657847839443,False,False,False,False
10035,42204.84,1,42204.84,False,37742.0,11.824598590429751,11.824598590429751,False,False,False,False
10036,46.51,1,46.51,False,46.51,0.0,0.0,True,True,False,False
10037,6.65,1,6.65,False,6.65,0.0,0.0,True,True,False,False
10038,1400.0,1,1400.0,False,49.99,2700.560112022404,2700.560112022404,False,False,False,False
10039,990.0,1,990.0,False,3000.0,67.0,67.0,False,False,False,False
10040,7500.0,10,650.0,True,1666.5,350.04500450045003,60.99609960996099,False,False,False,False
10041,83.33,7,85.86,True,319.0,73.87774294670847,73.08463949843261,False,False,False,False
10042,108.0,5,108.0,True,108.0,0.0,0.0,True,True,False,False
10043,108.0,5,108.0,True,100.0,8.0,8.0,True,True,False,False
10044,15.0,4,108.0,True,70.0,78.57142857142857,54.285714285714285,False,False,False,False
10045,15.0,4,108.0,True,100.0,85.0,8.0,False,True,True,False
10046,70.0,7,100.0,True,10.0,600.0,900.0,False,False,False,False
10047,70.0,7,100.0,True,100.0,30.0,0.0,False,True,True,False
10048,12723.0,1,12723.0,False,15268.0,16.668849882106365,16.668849882106365,False,False,False,False
10049,97958.8,1,97958.8,False,5438.0,1701.3755057006254,1701.3755057006254,False,False,False,False
10050,318053.94,1,318053.94,False,121378.84,162.03409095028428,162.03409095028428,False,False,False,False
10051,284942.62,5,336096.5,True,69556.9,309.65399550583766,383.1964909304469,False,False,False,False
10052,36752.3,8,38016.92,True,39835.0,7.7386720220911185,4.564026609765286,True,True,False,False
10053,36752.3,7,38016.92,True,39435.0,6.802840116647641,3.595993406872072,True,True,False,False
10054,34203.0,2,34203.0,True,17815.0,91.98989615492562,91.98989615492562,False,False,False,False
10055,593.57,1,593.57,False,593.57,0.0,0.0,True,True,False,False
10056,1635.69,1,1635.69,False,2561.23,36.136543769985515,36.136543769985515,False,False,False,False
10057,1635.69,9,1861.25,True,3280.21,50.134595041171146,43.258206029492015,False,False,False,False
10058,5757.67,2,3725.0,True,4929.07,16.810473375302042,24.427934681390198,False,False,False,False
10059,2685.775,1,2685.775,False,3100.0,13.362096774193546,13.362096774193546,False,False,False,False
10060,2685.775,1,2685.775,False,449.3,497.7687513910527,497.7687513910527,False,False,False,False
10061,47.0,1,47.0,False,273.61,82.8222652680823,82.8222652680823,False,False,False,False
10062,9.9,5,2469.14,True,3844.0,99.74245577523413,35.76638917793965,False,False,False,False
10063,15.7,2,957.0,True,880.0,98.21590909090908,8.75,False,True,True,False
10064,9.9,9,1053.19,True,1645.0,99.3981762917933,35.97629179331307,False,False,False,False
10065,9.9,5,2063.0,True,1948.0,99.4917864476386,5.903490759753593,False,True,True,False
10066,821.0,1,821.0,False,29.86,2649.4976557267246,2649.4976557267246,False,False,False,False
10067,12.56,1,12.56,False,23.04,45.48611111111111,45.48611111111111,False,False,False,False
10068,67.82,10,67.02,True,28.55,137.5481611208406,134.7460595446585,False,False,False,False
10069,70.0,8,108.0,True,70.0,0.0,54.285714285714285,True,False,False,True
10070,70.0,10,100.0,True,100.0,30.0,0.0,False,True,True,False
10071,85.65,1,85.65,False,114.0,24.86842105263157,24.86842105263157,False,False,False,False
10072,632.3,10,600.0,True,110.31,473.2027921312664,443.92167527875984,False,False,False,False
10073,161.25,6,161.25,True,140.0,15.178571428571427,15.178571428571427,False,False,False,False
10074,140.0,2,161.25,True,132.5,5.660377358490567,21.69811320754717,True,False,False,True
10075,20121.0,1,20121.0,False,648.0,3005.0925925925926,3005.0925925925926,False,False,False,False
10076,20121.0,1,20121.0,False,588.0,3321.938775510204,3321.938775510204,False,False,False,False
10077,20121.0,1,20121.0,False,46.0,43641.30434782609,43641.30434782609,False,False,False,False
10078,20121.0,1,20121.0,False,13.0,154676.92307692306,154676.92307692306,False,False,False,False
10079,57.6,2,57.6,True,63.0,8.57142857142857,8.57142857142857,True,True,False,False
10080,20121.0,1,20121.0,False,8.0,251412.5,251412.5,False,False,False,False
10081,20121.0,1,20121.0,False,58.0,34591.379310344826,34591.379310344826,False,False,False,False
10082,20121.0,1,20121.0,False,852.0,2261.6197183098593,2261.6197183098593,False,False,False,False
10083,20121.0,1,20121.0,False,133.0,15028.571428571428,15028.571428571428,False,False,False,False
10084,7.2,4,7.2,True,38.0,81.05263157894737,81.05263157894737,False,False,False,False
10085,20121.0,1,20121.0,False,4589.0,338.46153846153845,338.46153846153845,False,False,False,False
10086,20121.0,1,20121.0,False,8.0,251412.5,251412.5,False,False,False,False
10087,20121.0,1,20121.0,False,380.0,5195.0,5195.0,False,False,False,False
10088,20121.0,1,20121.0,False,13.0,154676.92307692306,154676.92307692306,False,False,False,False
10089,20121.0,2,142.8,True,163.0,12244.171779141103,12.39263803680981,False,False,False,False
10090,280.25,1,280.25,False,303.05,7.523510971786837,7.523510971786837,True,True,False,False
10091,280.25,3,254.84,True,287.85,2.640264026402648,11.467778356783052,True,False,False,True
10092,29.73,5,30.75,True,31.3,5.01597444089457,1.7571884984025583,True,True,False,False
10093,29.73,1,29.73,False,31.3,5.01597444089457,5.01597444089457,True,True,False,False
10094,29.73,2,29.89,True,31.3,5.01597444089457,4.504792332268371,True,True,False,False
10095,19.25,1,19.25,False,221.67,91.31592006135246,91.31592006135246,False,False,False,False
10096,19.25,1,19.25,False,18.86,2.067868504772007,2.067868504772007,True,True,False,False
10097,19.25,1,19.25,False,19.69,2.2346368715083864,2.2346368715083864,True,True,False,False
10098,19.25,1,19.25,False,168.33,88.56412998277193,88.56412998277193,False,False,False,False
10099,9888.92,1,9888.92,False,10117.54,2.2596401892159634,2.2596401892159634,True,True,False,False
10100,121.0,1,121.0,False,109.3,10.704483074107962,10.704483074107962,False,False,False,False
10101,3240.57,1,3240.57,False,5971.42,45.73200344306714,45.73200344306714,False,False,False,False
10102,1111.83,1,1111.83,False,1176.26,5.477530477955559,5.477530477955559,True,True,False,False
10103,4247.03,1,4247.03,False,1194.48,255.55471837117403,255.55471837117403,False,False,False,False
10104,6745.28,1,6745.28,False,1858.08,263.0241970205804,263.0241970205804,False,False,False,False
10105,6745.28,1,6745.28,False,8180.7,17.546420232987398,17.546420232987398,False,False,False,False
10106,9888.92,1,9888.92,False,10117.54,2.2596401892159634,2.2596401892159634,True,True,False,False
10107,52.05,4,3290.0,True,49.45,5.257836198179968,6553.185035389282,True,False,False,True
10108,6745.28,1,6745.28,False,988.89,582.1061998806742,582.1061998806742,False,False,False,False
10109,1111.83,1,1111.83,False,1061.76,4.71575497287522,4.71575497287522,True,True,False,False
10110,537.03,9,3290.0,True,626.37,14.263135207624892,425.24865494835325,False,False,False,False
10111,6745.28,1,6745.28,False,52.05,12859.231508165227,12859.231508165227,False,False,False,False
10112,4247.03,1,4247.03,False,4247.03,0.0,0.0,True,True,False,False
10113,6745.28,1,6745.28,False,7059.19,4.446827468873906,4.446827468873906,True,True,False,False
10114,6745.28,1,6745.28,False,40786.32,83.46190585470815,83.46190585470815,False,False,False,False
10115,4247.03,1,4247.03,False,1327.2,219.99924653405665,219.99924653405665,False,False,False,False
10116,2074.4,1,2074.4,False,2074.4,0.0,0.0,True,True,False,False
10117,31.3,8,31.3,True,76.35,59.004584151931894,59.004584151931894,False,False,False,False
10118,173.82,2,173.82,True,173.82,0.0,0.0,True,True,False,False
10119,2.59,10,2.66,True,2.54,1.968503937007867,4.724409448818902,True,True,False,False
10120,2.07,5,2.07,True,2.07,0.0,0.0,True,True,False,False
10121,57.0,2,57.0,True,59.0,3.389830508474576,3.389830508474576,True,True,False,False
10122,59.2,4,60.0,True,61.25,3.346938775510199,2.0408163265306123,True,True,False,False
10123,88.0,1,88.0,False,34.45,155.44267053701014,155.44267053701014,False,False,False,False
10124,715.0,1,715.0,False,89.99,694.5327258584288,694.5327258584288,False,False,False,False
10125,208.0,1,208.0,False,41.95,395.8283671036949,395.8283671036949,False,False,False,False
10126,1698.0,1,1698.0,False,646.55,162.62470033253425,162.62470033253425,False,False,False,False
10127,41.38,5,251.3,True,395.96,89.54944943933731,36.53399333265986,False,False,False,False
10128,41.38,5,251.3,True,179.95,77.00472353431509,39.64990275076411,False,False,False,False
10129,24.77,5,191.087,True,265.0,90.65283018867925,27.891698113207553,False,False,False,False
10130,54.0,2,59.0,True,54.0,0.0,9.25925925925926,True,True,False,False
10131,800.0,4,880.0,True,800.0,0.0,10.0,True,True,False,False
10132,745.0,2,709.14,True,745.0,0.0,4.813422818791948,True,True,False,False
10133,2875.51,1,2875.51,False,7215.0,60.14539154539155,60.14539154539155,False,False,False,False
10134,2875.51,1,2875.51,False,4550.0,36.801978021978016,36.801978021978016,False,False,False,False
10135,11049.14,1,11049.14,False,1392.0,693.7600574712643,693.7600574712643,False,False,False,False
10136,135.6,4,9.1,True,5.82,2229.8969072164946,56.357388316151194,False,False,False,False
10137,135.6,4,9.1,True,11.61,1067.9586563307494,21.619293712316967,False,False,False,False
10138,19.25,6,18.89,True,23.205,17.043740573152334,18.595130359836233,False,False,False,False
10139,1017.0,4,1017.0,True,1268.0,19.79495268138801,19.79495268138801,False,False,False,False
10140,1883.0,4,1883.0,True,1883.0,0.0,0.0,True,True,False,False
10141,646.55,8,82.0,True,135.0,378.92592592592587,39.25925925925926,False,False,False,False
10142,5.09,1,5.09,False,8.38,39.260143198090695,39.260143198090695,False,False,False,False
10143,29.5,1,29.5,False,27.27,8.177484415108179,8.177484415108179,True,True,False,False
10144,31.0,1,31.0,False,28.47,8.88654724271163,8.88654724271163,True,True,False,False
10145,31.0,1,31.0,False,28.66,8.164689462665736,8.164689462665736,True,True,False,False
10146,21.67,1,21.67,False,20.02,8.241758241758253,8.241758241758253,True,True,False,False
10147,56.8,1,56.8,False,52.51,8.16987240525614,8.16987240525614,True,True,False,False
10148,18.89,10,109.52,True,121.12,84.40389696169089,9.577278731836202,False,True,True,False
10149,3291.71,1,3291.71,False,1415.0,132.62968197879857,132.62968197879857,False,False,False,False
10150,510.0,4,977.41,True,175.0,191.42857142857144,458.5199999999999,False,False,False,False
10151,510.0,4,977.41,True,1223.0,58.29926410466067,20.08094848732625,False,False,False,False
10152,210.66,2,55.0,True,26.31,700.6841505131129,109.04599011782594,False,False,False,False
10153,3066.0,1,3066.0,False,46.98,6426.181353767561,6426.181353767561,False,False,False,False
10154,1645.0,3,3000.0,True,334.59,391.6464927224365,796.6197435667533,False,False,False,False
10155,150.0,1,150.0,False,250.0,40.0,40.0,False,False,False,False
10156,1225.0,4,1225.0,True,1606.0,23.723536737235367,23.723536737235367,False,False,False,False
10157,2100.0,1,2100.0,False,675.0,211.11111111111111,211.11111111111111,False,False,False,False
10158,6876.0,7,3887.9,True,12950.0,46.9034749034749,69.97760617760618,False,False,False,False
10159,2100.0,1,2100.0,False,20.0,10400.0,10400.0,False,False,False,False
10160,2100.0,1,2100.0,False,160.0,1212.5,1212.5,False,False,False,False
10161,100.0,1,100.0,False,49.0,104.08163265306123,104.08163265306123,False,False,False,False
10162,100.0,1,100.0,False,49.0,104.08163265306123,104.08163265306123,False,False,False,False
10163,100.0,6,32.65,True,22.0,354.54545454545456,48.4090909090909,False,False,False,False
10164,100.0,1,100.0,False,1040.0,90.38461538461539,90.38461538461539,False,False,False,False
10165,100.0,1,100.0,False,15.0,566.6666666666667,566.6666666666667,False,False,False,False
10166,16.78,5,6.0984,True,4.65,260.8602150537634,31.148387096774176,False,False,False,False
10167,100.0,1,100.0,False,41.0,143.90243902439025,143.90243902439025,False,False,False,False
10168,100.0,1,100.0,False,35.0,185.71428571428572,185.71428571428572,False,False,False,False
10169,242.18,1,242.18,False,20.0,1110.9,1110.9,False,False,False,False
10170,1444.95,1,1444.95,False,9600.0,84.94843750000001,84.94843750000001,False,False,False,False
10171,100.0,1,100.0,False,108.0,7.4074074074074066,7.4074074074074066,True,True,False,False
10172,70.0,6,108.0,True,10.0,600.0,980.0000000000001,False,False,False,False
10173,70.0,6,108.0,True,100.0,30.0,8.0,False,True,True,False
10174,15.0,7,108.0,True,100.0,85.0,8.0,False,True,True,False
10175,15.0,7,108.0,True,108.0,86.11111111111111,0.0,False,True,True,False
10176,50.14,1,50.14,False,50.14,0.0,0.0,True,True,False,False
10177,1373.83,1,1373.83,False,1373.83,0.0,0.0,True,True,False,False
10178,1373.83,1,1373.83,False,1343.02,2.2940834834924235,2.2940834834924235,True,True,False,False
10179,33.09,1,33.09,False,72.41,54.30189200386686,54.30189200386686,False,False,False,False
10180,1340.43,1,1340.43,False,1340.43,0.0,0.0,True,True,False,False
10181,1373.83,1,1373.83,False,1343.02,2.2940834834924235,2.2940834834924235,True,True,False,False
10182,422.06,2,3587.08,True,3863.08,89.07452084864926,7.14455822814956,False,True,True,False
10183,319.2,1,319.2,False,134.1,138.03131991051453,138.03131991051453,False,False,False,False
10184,307.12,2,307.12,True,161.1,90.63935443823713,90.63935443823713,False,False,False,False
10185,5039.99,1,5039.99,False,1799.1,180.1395142015452,180.1395142015452,False,False,False,False
10186,76.95,5,105.0,True,125.0,38.44,16.0,False,False,False,False
10187,120689.02,1,120689.02,False,102103.67,18.202430921435052,18.202430921435052,False,False,False,False
10188,156485.0,3,29445.0,True,5505.0,2742.597638510445,434.8773841961853,False,False,False,False
10189,69.99,1,69.99,False,69.99,0.0,0.0,True,True,False,False
10190,158.35,1,158.35,False,158.35,0.0,0.0,True,True,False,False
10191,213.0,1,213.0,False,290.0,26.551724137931032,26.551724137931032,False,False,False,False
10192,228.0,2,101.28,True,134.0,70.1492537313433,24.417910447761194,False,False,False,False
10193,6275.0,8,6082.13,True,9180.0,31.644880174291938,33.7458605664488,False,False,False,False
10194,1285.0,5,1285.0,True,1285.0,0.0,0.0,True,True,False,False
10195,96.51,5,105.93,True,103.57,6.816645746837876,2.2786521193395903,True,True,False,False
10196,830.15,2,830.15,True,830.15,0.0,0.0,True,True,False,False
10197,1275.15,1,1275.15,False,1275.15,0.0,0.0,True,True,False,False
10198,184.5,1,184.5,False,331.16,44.28674960744052,44.28674960744052,False,False,False,False
10199,199.2,1,199.2,False,882.57,77.4295523301268,77.4295523301268,False,False,False,False
10200,18679.19,2,26303.16,True,7666.05,143.66120753191015,243.11229381493732,False,False,False,False
10201,14.0,6,14.0,True,14.0,0.0,0.0,True,True,False,False
10202,14.0,1,14.0,False,14.0,0.0,0.0,True,True,False,False
10203,14.0,8,14.0,True,14.0,0.0,0.0,True,True,False,False
10204,14.0,10,14.0,True,14.0,0.0,0.0,True,True,False,False
10205,50.0,1,50.0,False,50.0,0.0,0.0,True,True,False,False
10206,61.62,1,61.62,False,65.57,6.024096385542163,6.024096385542163,True,True,False,False
10207,14.0,1,14.0,False,14.0,0.0,0.0,True,True,False,False
10208,13600.0,1,13600.0,False,56880.0,76.09001406469761,76.09001406469761,False,False,False,False
10209,494.0,1,494.0,False,1380.0,64.20289855072464,64.20289855072464,False,False,False,False
10210,1527.0,1,1527.0,False,1248.0,22.355769230769234,22.355769230769234,False,False,False,False
10211,100.0,3,100.0,True,70.0,42.857142857142854,42.857142857142854,False,False,False,False
10212,450.0,1,450.0,False,450.0,0.0,0.0,True,True,False,False
10213,70.0,1,70.0,False,108.0,35.18518518518518,35.18518518518518,False,False,False,False
10214,100.0,1,100.0,False,100.0,0.0,0.0,True,True,False,False
10215,100.0,1,100.0,False,100.0,0.0,0.0,True,True,False,False
10216,70.0,1,70.0,False,108.0,35.18518518518518,35.18518518518518,False,False,False,False
10217,13340.5,1,13340.5,False,44231.5,69.83936787131343,69.83936787131343,False,False,False,False
10218,349000.0,1,349000.0,False,36360.0,859.8459845984598,859.8459845984598,False,False,False,False
10219,31398.5,1,31398.5,False,67040.5,53.16487794691269,53.16487794691269,False,False,False,False
10220,326804.0,1,326804.0,False,448949.96,27.207032160109783,27.207032160109783,False,False,False,False
10221,17101.0,1,17101.0,False,53542.0,68.06058794964702,68.06058794964702,False,False,False,False
10222,135.4,1,135.4,False,120.64,12.234748010610083,12.234748010610083,False,False,False,False
10223,135.4,1,135.4,False,309.79,56.292972658897966,56.292972658897966,False,False,False,False
10224,149.64,1,149.64,False,149.64,0.0,0.0,True,True,False,False
10225,216.64,1,216.64,False,216.64,0.0,0.0,True,True,False,False
10226,382.0,1,382.0,False,31.27,1121.6181643748,1121.6181643748,False,False,False,False
10227,1619.0,10,265.8,True,795.0,103.64779874213836,66.56603773584906,False,False,False,False
10228,2572.35,10,559.94,True,3300.0,22.050000000000004,83.03212121212121,False,False,False,False
10229,1.56,1,1.56,False,1.56,0.0,0.0,True,True,False,False
10230,76.95,4,105.0,True,76.95,0.0,36.4522417153996,True,False,False,True
10231,46089.19,1,46089.19,False,39012.33,18.14005982211265,18.14005982211265,False,False,False,False
10232,3700.0,1,3700.0,False,1162.0,218.41652323580035,218.41652323580035,False,False,False,False
10233,18972.93,1,18972.93,False,176.0,10680.073863636364,10680.073863636364,False,False,False,False
10234,18972.93,1,18972.93,False,2625.0,622.7782857142857,622.7782857142857,False,False,False,False
10235,18972.93,1,18972.93,False,2134.0,789.0782567947516,789.0782567947516,False,False,False,False
10236,18972.93,1,18972.93,False,163.0,11539.834355828221,11539.834355828221,False,False,False,False
10237,3003.0,1,3003.0,False,5933.86,49.392132608453856,49.392132608453856,False,False,False,False
10238,82.09,1,82.09,False,30.75,166.95934959349594,166.95934959349594,False,False,False,False
10239,106.0,1,106.0,False,133.0,20.30075187969925,20.30075187969925,False,False,False,False
10240,160.65,1,160.65,False,160.65,0.0,0.0,True,True,False,False
10241,648.9,1,648.9,False,648.9,0.0,0.0,True,True,False,False
10242,80.85,1,80.85,False,80.85,0.0,0.0,True,True,False,False
10243,86.1,1,86.1,False,86.1,0.0,0.0,True,True,False,False
10244,190.7,1,190.7,False,19.69,868.5119349923818,868.5119349923818,False,False,False,False
10245,500.0,1,500.0,False,500.0,0.0,0.0,True,True,False,False
10246,157.6,1,157.6,False,221.64,28.89370149792456,28.89370149792456,False,False,False,False
10247,157.6,1,157.6,False,142.58,10.534436807406355,10.534436807406355,False,False,False,False
10248,2025.0,1,2025.0,False,1400.0,44.642857142857146,44.642857142857146,False,False,False,False
10249,157.6,1,157.6,False,555.0,71.6036036036036,71.6036036036036,False,False,False,False
10250,157.6,2,157.6,True,157.6,0.0,0.0,True,True,False,False
10251,3291.71,3,1285.01,True,3333.91,1.2657810198835546,61.45636804832763,True,False,False,True
10252,268.94,1,268.94,False,206.24,30.401474010861122,30.401474010861122,False,False,False,False
10253,2732.0,9,2710.0,True,2710.0,0.8118081180811807,0.0,True,True,False,False
10254,534.65,4,105.0,True,245.03,118.19777170142432,57.1481043137575,False,False,False,False
10255,875.0,2,875.0,True,1065.15,17.851945735342447,17.851945735342447,False,False,False,False
10256,6030.45,2,3929.84,True,10806.67,44.19696354196066,63.635051315530134,False,False,False,False
10257,524.26,1,524.26,False,469.06,11.768217285635098,11.768217285635098,False,False,False,False
10258,70.0,6,108.0,True,108.0,35.18518518518518,0.0,False,True,True,False
10259,70.0,6,108.0,True,100.0,30.0,8.0,False,True,True,False
10260,103.19,8,65.99,True,51.18,101.62172723720202,28.937084798749503,False,False,False,False
10261,50.0,1,50.0,False,50.0,0.0,0.0,True,True,False,False
10262,3750.0,2,3750.0,True,3750.0,0.0,0.0,True,True,False,False
10263,55962.76,1,55962.76,False,62274.76,10.135727540338975,10.135727540338975,False,False,False,False
10264,339.99,3,339.99,True,339.99,0.0,0.0,True,True,False,False
10265,593.57,1,593.57,False,593.57,0.0,0.0,True,True,False,False
10266,75.0,1,75.0,False,75.0,0.0,0.0,True,True,False,False
10267,593.57,1,593.57,False,593.57,0.0,0.0,True,True,False,False
10268,227.69,1,227.69,False,227.69,0.0,0.0,True,True,False,False
10269,155.0,2,155.0,True,155.0,0.0,0.0,True,True,False,False
10270,6625.0,8,7920.0,True,1678.5,294.6976467083706,371.84986595174263,False,False,False,False
10271,145.25,1,145.25,False,96.0,51.302083333333336,51.302083333333336,False,False,False,False
10272,22.82,1,22.82,False,115.0,80.15652173913044,80.15652173913044,False,False,False,False
10273,22.82,1,22.82,False,43.85,47.95895096921323,47.95895096921323,False,False,False,False
10274,28.78,1,28.78,False,43.85,34.36716077537058,34.36716077537058,False,False,False,False
10275,16.47,7,128.52,True,864.15,98.0940808887346,85.12758201701094,False,False,False,False
10276,27.0,1,27.0,False,20.0,35.0,35.0,False,False,False,False
10277,65.0,1,65.0,False,68.0,4.411764705882353,4.411764705882353,True,True,False,False
10278,133.0,1,133.0,False,127.15,4.600865119937078,4.600865119937078,True,True,False,False
10279,201.0,1,201.0,False,197.2,1.9269776876267808,1.9269776876267808,True,True,False,False
10280,97.2,10,106.0,True,278.0,65.03597122302158,61.87050359712231,False,False,False,False
10281,98.85,2,101.0,True,2019.0,95.10401188707282,94.99752352649826,False,False,False,False
10282,101.0,3,1156.15,True,3550.0,97.15492957746478,67.43239436619717,False,False,False,False
10283,6768.75,1,6768.75,False,2344.0,188.76919795221843,188.76919795221843,False,False,False,False
10284,98.85,3,97.85,True,2448.0,95.96200980392157,96.00285947712419,False,False,False,False
10285,70.0,6,108.0,True,10.0,600.0,980.0000000000001,False,False,False,False
10286,200.74,1,200.74,False,190.0,5.652631578947373,5.652631578947373,True,True,False,False
10287,1285.0,3,2750.0,True,2652.91,51.56262368493465,3.659754759867472,False,True,True,False
10288,105.0,3,105.0,True,105.0,0.0,0.0,True,True,False,False
10289,105.0,1,105.0,False,213.26,50.76432523680015,50.76432523680015,False,False,False,False
10290,98.25,1,98.25,False,9.72,910.8024691358023,910.8024691358023,False,False,False,False
10291,530.25,1,530.25,False,530.25,0.0,0.0,True,True,False,False
10292,20.72,10,1065.15,True,1065.15,98.0547340750129,0.0,False,True,True,False
10293,24.5,4,89.1,True,89.1,72.50280583613917,0.0,False,True,True,False
10294,23.49,5,23.49,True,28.35,17.142857142857153,17.142857142857153,False,False,False,False
10295,4121.32,2,4121.32,True,8260.65,50.10901079212895,50.10901079212895,False,False,False,False
10296,25.0,1,25.0,False,25.0,0.0,0.0,True,True,False,False
10297,25.0,1,25.0,False,50.0,50.0,50.0,False,False,False,False
10298,25.0,1,25.0,False,100.0,75.0,75.0,False,False,False,False
10299,7711.0,1,7711.0,False,7500.0,2.8133333333333335,2.8133333333333335,True,True,False,False
10300,321.0,10,95.0,True,125.0,156.8,24.0,False,False,False,False
10301,272.0,9,246.6,True,223.0,21.973094170403588,10.582959641255602,False,False,False,False
10302,4250.0,1,4250.0,False,3795.0,11.989459815546773,11.989459815546773,False,False,False,False
10303,4250.0,4,1111.05,True,3795.0,11.989459815546773,70.72332015810277,False,False,False,False
10304,79.5,4,9.6,True,82.62,3.7763253449528014,88.38053740014526,True,False,False,True
10305,197.58,1,197.58,False,440.0,55.095454545454544,55.095454545454544,False,False,False,False
10306,50.0,1,50.0,False,51.0,1.9607843137254901,1.9607843137254901,True,True,False,False
10307,55962.76,1,55962.76,False,53690.47,4.232203592183121,4.232203592183121,True,True,False,False
10308,55962.76,1,55962.76,False,55300.54,1.197492827375648,1.197492827375648,True,True,False,False
10309,55705.96,1,55705.96,False,94120.64,40.81429960527255,40.81429960527255,False,False,False,False
10310,55705.96,1,55705.96,False,95620.64,41.74274508097833,41.74274508097833,False,False,False,False
10311,4761.57,1,4761.57,False,90.0,5190.633333333333,5190.633333333333,False,False,False,False
10312,13441.68,4,13441.68,True,1100.0,1121.9709090909091,1121.9709090909091,False,False,False,False
10313,1287.08,5,1195.08,True,563.06,128.58665151138422,112.2473626256527,False,False,False,False
10314,2023.08,9,563.06,True,328.06,516.6798756325062,71.63323782234954,False,False,False,False
10315,610.06,1,610.06,False,219.12,178.41365461847388,178.41365461847388,False,False,False,False
10316,113.52,5,149.0,True,55.2,105.65217391304347,169.92753623188403,False,False,False,False
10317,197.58,1,197.58,False,1000.0,80.24199999999999,80.24199999999999,False,False,False,False
10318,555.0,1,555.0,False,555.0,0.0,0.0,True,True,False,False
10319,28.35,1,28.35,False,36468.73,99.92226216816434,99.92226216816434,False,False,False,False
10320,223.0,2,246.6,True,206.142857,8.1774082523752,19.625779708680376,True,False,False,True
10321,246.6,10,241.0,True,212.923077,15.816473946598089,13.186416144080049,False,False,False,False
10322,223.0,2,246.6,True,223.0,0.0,10.582959641255602,True,False,False,True
10323,216.64,10,256.79,True,181.28,19.50573698146513,41.65379523389233,False,False,False,False
10324,216.64,10,256.79,True,206.66,4.829188038323812,24.25723410432596,True,False,False,True
10325,8200.0,1,8200.0,False,262.8,3020.2435312024354,3020.2435312024354,False,False,False,False
10326,178.88,1,178.88,False,131.81,35.71049237538881,35.71049237538881,False,False,False,False
10327,178.88,1,178.88,False,180.09,0.6718862790826853,0.6718862790826853,True,True,False,False
10328,906.31,1,906.31,False,703.84,28.766481018413266,28.766481018413266,False,False,False,False
10329,178.88,1,178.88,False,180.09,0.6718862790826853,0.6718862790826853,True,True,False,False
10330,178.88,1,178.88,False,180.09,0.6718862790826853,0.6718862790826853,True,True,False,False
10331,100.0,5,108.0,True,108.0,7.4074074074074066,0.0,True,True,False,False
10332,190.7,1,190.7,False,190.7,0.0,0.0,True,True,False,False
10333,1285.0,6,1285.0,True,1285.0,0.0,0.0,True,True,False,False
10334,195.0,1,195.0,False,179.57,8.59274934565908,8.59274934565908,True,True,False,False
10335,1285.0,2,1285.0,True,1285.0,0.0,0.0,True,True,False,False
10336,130.0,10,179.57,True,137.49,5.447668921376106,30.60586224452686,True,False,False,True
10337,2245.5,1,2245.5,False,2245.5,0.0,0.0,True,True,False,False
10338,648.9,5,160.65,True,2791.11,76.75118501241441,94.24422541569483,False,False,False,False
10339,155.0,3,155.0,True,155.0,0.0,0.0,True,True,False,False
10340,127.5,10,136.25,True,127.5,0.0,6.862745098039216,True,True,False,False
10341,22002.58,8,1102.27,True,1078.2,1940.6770543498424,2.2324244110554567,False,True,True,False
10342,916.08,1,916.08,False,944.1,2.967905942167141,2.967905942167141,True,True,False,False
10343,589.8,1,589.8,False,589.8,0.0,0.0,True,True,False,False
10344,589.8,1,589.8,False,184.32,219.98697916666666,219.98697916666666,False,False,False,False
10345,448.0,5,415.0,True,415.0,7.951807228915662,0.0,True,True,False,False
10346,378.0,4,376.0,True,240.0,57.49999999999999,56.666666666666664,False,False,False,False
10347,448.0,5,415.0,True,555.0,19.27927927927928,25.225225225225223,False,False,False,False
10348,3.72,1,3.72,False,3.72,0.0,0.0,True,True,False,False
10349,0.92,1,0.92,False,0.92,0.0,0.0,True,True,False,False
10350,3.37,1,3.37,False,3.37,0.0,0.0,True,True,False,False
10351,4.8,1,4.8,False,4.8,0.0,0.0,True,True,False,False
10352,498.009,1,498.009,False,0.03,1659930.0000000002,1659930.0000000002,False,False,False,False
10353,145.25,1,145.25,False,145.25,0.0,0.0,True,True,False,False
10354,80.5,2,80.5,True,80.5,0.0,0.0,True,True,False,False
10355,1625.0,1,1625.0,False,1625.0,0.0,0.0,True,True,False,False
10356,727.96,1,727.96,False,759.8,4.190576467491434,4.190576467491434,True,True,False,False
10357,727.96,1,727.96,False,759.8,4.190576467491434,4.190576467491434,True,True,False,False
10358,3825.79,1,3825.79,False,2518.88,51.884567744394325,51.884567744394325,False,False,False,False
10359,727.96,9,727.96,True,759.8,4.190576467491434,4.190576467491434,True,True,False,False
10360,535982.0,2,20000.0,True,10000.0,5259.82,100.0,False,False,False,False
10361,535982.0,1,535982.0,False,327019.0,63.89934529797963,63.89934529797963,False,False,False,False
10362,535982.0,1,535982.0,False,20000.0,2579.91,2579.91,False,False,False,False
10363,535982.0,1,535982.0,False,20000.0,2579.91,2579.91,False,False,False,False
10364,67494.91,1,67494.91,False,90112.51,25.099289765649623,25.099289765649623,False,False,False,False
10365,134817.62,1,134817.62,False,115014.58,17.217851858433942,17.217851858433942,False,False,False,False
10366,134817.62,1,134817.62,False,115014.58,17.217851858433942,17.217851858433942,False,False,False,False
10367,134817.62,1,134817.62,False,8834.72,1425.9976547077893,1425.9976547077893,False,False,False,False
10368,165800.0,1,165800.0,False,165800.0,0.0,0.0,True,True,False,False
10369,156.33,8,157.6,True,142.58,9.643708795062421,10.534436807406355,True,False,False,True
10370,422.06,3,469.06,True,3922.28,89.23942196885484,88.04113933732421,False,False,False,False
10371,138.75,1,138.75,False,138.75,0.0,0.0,True,True,False,False
10372,127.5,7,136.25,True,127.5,0.0,6.862745098039216,True,True,False,False
10373,132.5,2,136.25,True,132.5,0.0,2.8301886792452833,True,True,False,False
10374,155.0,1,155.0,False,155.0,0.0,0.0,True,True,False,False
10375,136.25,1,136.25,False,131.25,3.8095238095238098,3.8095238095238098,True,True,False,False
10376,8756.03,10,1340.82,True,3845.0,127.7250975292588,65.12821846553966,False,False,False,False
10377,89.95,1,89.95,False,89.95,0.0,0.0,True,True,False,False
10378,1046.0,1,1046.0,False,1118.98,6.522011117267514,6.522011117267514,True,True,False,False
10379,1046.0,1,1046.0,False,1118.98,6.522011117267514,6.522011117267514,True,True,False,False
10380,1046.0,1,1046.0,False,1118.98,6.522011117267514,6.522011117267514,True,True,False,False
10381,7112.0,1,7112.0,False,810.0,778.0246913580247,778.0246913580247,False,False,False,False
10382,4411.25,1,4411.25,False,1379.0,219.88759970993473,219.88759970993473,False,False,False,False
10383,1343.02,1,1343.02,False,1373.83,2.242635551705811,2.242635551705811,True,True,False,False
10384,1434.2,1,1434.2,False,1434.2,0.0,0.0,True,True,False,False
10385,10.2,1,10.2,False,254.0,95.98425196850394,95.98425196850394,False,False,False,False
10386,86254.48,1,86254.48,False,88501.45,2.538907554621988,2.538907554621988,True,True,False,False
10387,0.23,2,0.23,True,2.7,91.48148148148148,91.48148148148148,False,False,False,False
10388,2.65,10,1.9,True,3.2,17.187500000000007,40.62500000000001,False,False,False,False
10389,3.2,1,3.2,False,1.9,68.42105263157896,68.42105263157896,False,False,False,False
10390,2.7,1,2.7,False,2.7,0.0,0.0,True,True,False,False
10391,3.65,3,3.2,True,1.3,180.76923076923072,146.15384615384616,False,False,False,False
10392,1.3,1,1.3,False,3.65,64.3835616438356,64.3835616438356,False,False,False,False
10393,3.2,1,3.2,False,2.65,20.754716981132088,20.754716981132088,False,False,False,False
10394,0.44,1,0.44,False,1.3,66.15384615384616,66.15384615384616,False,False,False,False
10395,0.23,2,0.23,True,3.2,92.8125,92.8125,False,False,False,False
10396,0.52,1,0.52,False,2.7,80.74074074074075,80.74074074074075,False,False,False,False
10397,1.3,1,1.3,False,2.65,50.943396226415096,50.943396226415096,False,False,False,False
10398,260.0,1,260.0,False,336.0,22.61904761904762,22.61904761904762,False,False,False,False
10399,5790.0,3,5575.0,True,7204.64,19.63512403117991,22.619311998934023,False,False,False,False
10400,9075.0,9,9075.0,True,11727.73,22.619296317360646,22.619296317360646,False,False,False,False
10401,3712.0,8,2074.4,True,1490.0,149.1275167785235,39.22147651006712,False,False,False,False
10402,1015.0,1,1015.0,False,992.48,2.26906335644043,2.26906335644043,True,True,False,False
10403,883.19,1,883.19,False,883.19,0.0,0.0,True,True,False,False
10404,268.94,1,268.94,False,240.0,12.058333333333332,12.058333333333332,False,False,False,False
10405,179.57,1,179.57,False,138.0,30.123188405797098,30.123188405797098,False,False,False,False
10406,179.57,2,200.74,True,30.0,498.5666666666666,569.1333333333333,False,False,False,False
10407,241.0,2,241.0,True,241.0,0.0,0.0,True,True,False,False
10408,1353.5,1,1353.5,False,2013.77,32.78775629788903,32.78775629788903,False,False,False,False
10409,8295.0,1,8295.0,False,8575.0,3.2653061224489797,3.2653061224489797,True,True,False,False
10410,70.0,7,108.0,True,100.0,30.0,8.0,False,True,True,False
10411,70.0,7,108.0,True,108.0,35.18518518518518,0.0,False,True,True,False
10412,4060.0,1,4060.0,False,2684.62,51.23183169312604,51.23183169312604,False,False,False,False
10413,5039.27,10,976.0,True,1043.08,383.11443034091354,6.430954480960227,False,True,True,False
10414,1373.83,1,1373.83,False,1373.83,0.0,0.0,True,True,False,False
10415,319.2,8,63.86,True,139.99,128.0162868776341,54.382455889706414,False,False,False,False
10416,219.12,1,219.12,False,563.06,61.084076297375056,61.084076297375056,False,False,False,False
10417,219.99,1,219.99,False,157.6,39.58756345177666,39.58756345177666,False,False,False,False
10418,154.94,7,152.89,True,142.58,8.668817505961554,7.231028194697695,True,True,False,False
10419,50.0,1,50.0,False,50.0,0.0,0.0,True,True,False,False
10420,1415.0,1,1415.0,False,1400.0,1.0714285714285714,1.0714285714285714,True,True,False,False
10421,7500.0,1,7500.0,False,7690.0,2.4707412223667102,2.4707412223667102,True,True,False,False
10422,127.5,3,127.5,True,127.5,0.0,0.0,True,True,False,False
10423,161.25,10,161.25,True,161.25,0.0,0.0,True,True,False,False
10424,138.75,4,146.25,True,138.75,0.0,5.405405405405405,True,True,False,False
10425,10000.0,1,10000.0,False,865.0,1056.0693641618498,1056.0693641618498,False,False,False,False
10426,10000.0,1,10000.0,False,865.0,1056.0693641618498,1056.0693641618498,False,False,False,False
10427,48.0,1,48.0,False,48.0,0.0,0.0,True,True,False,False
10428,50.0,1,50.0,False,50.0,0.0,0.0,True,True,False,False
10429,50.0,1,50.0,False,60.0,16.666666666666664,16.666666666666664,False,False,False,False
10430,9960.0,1,9960.0,False,1225.0,713.0612244897959,713.0612244897959,False,False,False,False
10431,9960.0,1,9960.0,False,1000.0,896.0000000000001,896.0000000000001,False,False,False,False
10432,1700.0,1,1700.0,False,820.0,107.31707317073172,107.31707317073172,False,False,False,False
10433,1799.1,1,1799.1,False,455.99,294.5481260553959,294.5481260553959,False,False,False,False
10434,1022.07,2,1379.08,True,3863.08,73.54261366577963,64.30102405334604,False,False,False,False
10435,113.52,1,113.52,False,1563.08,92.7374158712286,92.7374158712286,False,False,False,False
10436,1775.9,1,1775.9,False,284.05,525.2068297834888,525.2068297834888,False,False,False,False
10437,21649.76,5,104.43,True,858.45,2421.959345331702,87.83505154639174,False,False,False,False
10438,122923.31,3,97958.8,True,224109.1,45.15023709434378,56.289682123572845,False,False,False,False
10439,27275.0,1,27275.0,False,28474.0,4.210859029289878,4.210859029289878,True,True,False,False
10440,7204.64,9,8040.0,True,11727.73,38.56748066335087,31.444533596868276,False,False,False,False
10441,7204.64,2,345.0,True,445.85,1515.9336099585062,22.619715150835486,False,False,False,False
10442,260.0,4,9075.0,True,336.0,22.61904761904762,2600.8928571428573,False,False,False,False
10443,155.0,1,155.0,False,155.0,0.0,0.0,True,True,False,False
10444,138.75,10,138.75,True,138.75,0.0,0.0,True,True,False,False
10445,127.5,4,132.5,True,127.5,0.0,3.9215686274509802,True,True,False,False
10446,98.34,8,129.5,True,240.0,59.02499999999999,46.041666666666664,False,False,False,False
10447,400.0,1,400.0,False,4738.5,91.5585100770286,91.5585100770286,False,False,False,False
10448,3898.0,1,3898.0,False,14.0,27742.857142857145,27742.857142857145,False,False,False,False
10449,133.65,1,133.65,False,47.0,184.36170212765958,184.36170212765958,False,False,False,False
10450,44.75,1,44.75,False,22.5,98.88888888888889,98.88888888888889,False,False,False,False
10451,288.42,1,288.42,False,139.0,107.49640287769786,107.49640287769786,False,False,False,False
10452,3898.0,1,3898.0,False,14.0,27742.857142857145,27742.857142857145,False,False,False,False
10453,1416.67,1,1416.67,False,108.46,1206.168172598193,1206.168172598193,False,False,False,False
10454,2820.0,1,2820.0,False,59.99,4600.783463910652,4600.783463910652,False,False,False,False
10455,1416.67,1,1416.67,False,225.0,529.6311111111112,529.6311111111112,False,False,False,False
10456,8548.0,10,901.65,True,74.0,11451.351351351352,1118.4459459459458,False,False,False,False
10457,971.69,1,971.69,False,943.19,3.0216605349929493,3.0216605349929493,True,True,False,False
10458,165.0,4,189.0,True,165.0,0.0,14.545454545454545,True,False,False,True
10459,1416.67,1,1416.67,False,61.0,2222.409836065574,2222.409836065574,False,False,False,False
10460,1416.67,1,1416.67,False,265.0,434.5924528301887,434.5924528301887,False,False,False,False
10461,3898.0,1,3898.0,False,2.0,194800.0,194800.0,False,False,False,False
10462,129.34,1,129.34,False,19.0,580.7368421052632,580.7368421052632,False,False,False,False
10463,539.0,3,17.0,True,10.0,5290.0,70.0,False,False,False,False
10464,971.69,1,971.69,False,2129.0,54.35932362611554,54.35932362611554,False,False,False,False
10465,1416.67,1,1416.67,False,84.0,1586.5119047619048,1586.5119047619048,False,False,False,False
10466,271.59,5,1964.0,True,1089.0,75.06060606060608,80.34894398530761,False,False,False,False
10467,971.69,8,484.0,True,66.0,1372.2575757575758,633.3333333333333,False,False,False,False
10468,1416.67,1,1416.67,False,229.0,518.6331877729258,518.6331877729258,False,False,False,False
10469,2820.0,1,2820.0,False,1049.0,168.8274547187798,168.8274547187798,False,False,False,False
10470,3898.0,1,3898.0,False,5.5,70772.72727272728,70772.72727272728,False,False,False,False
10471,1646.24,2,1045.0,True,5.95,27567.899159663863,17463.025210084033,False,False,False,False
10472,752.0,1,752.0,False,479.0,56.9937369519833,56.9937369519833,False,False,False,False
10473,1646.24,1,1646.24,False,29.0,5576.689655172414,5576.689655172414,False,False,False,False
10474,3898.0,1,3898.0,False,127.49,2957.4947054670956,2957.4947054670956,False,False,False,False
10475,971.69,1,971.69,False,849.0,14.451118963486461,14.451118963486461,False,False,False,False
10476,49.99,2,2820.0,True,94.0,46.819148936170215,2900.0,False,False,False,False
10477,1045.0,3,1416.67,True,14.9,6913.422818791946,9407.852348993289,False,False,False,False
10478,1416.67,1,1416.67,False,19.8,7054.89898989899,7054.89898989899,False,False,False,False
10479,2820.0,1,2820.0,False,32.4,8603.703703703704,8603.703703703704,False,False,False,False
10480,129.34,2,38.95,True,81.0,59.67901234567902,51.91358024691358,False,False,False,False
10481,82.95,1,82.95,False,25.0,231.8,231.8,False,False,False,False
10482,3898.0,1,3898.0,False,3.0,129833.33333333333,129833.33333333333,False,False,False,False
10483,1045.0,2,1416.67,True,11.0,9400.0,12778.818181818182,False,False,False,False
10484,545.0,10,455.99,True,151.0,260.92715231788077,201.98013245033115,False,False,False,False
10485,17.0,1,17.0,False,19.0,10.526315789473683,10.526315789473683,False,False,False,False
10486,971.69,1,971.69,False,808.19,20.230391368366348,20.230391368366348,False,False,False,False
10487,3898.0,1,3898.0,False,1.4,278328.5714285714,278328.5714285714,False,False,False,False
10488,92.0,1,92.0,False,1538.98,94.02201458108618,94.02201458108618,False,False,False,False
10489,49.99,8,30.0,True,59.0,15.271186440677964,49.152542372881356,False,False,False,False
10490,2820.0,1,2820.0,False,54.0,5122.222222222222,5122.222222222222,False,False,False,False
10491,1416.67,1,1416.67,False,8.5,16566.705882352944,16566.705882352944,False,False,False,False
10492,1416.67,1,1416.67,False,54.0,2523.462962962963,2523.462962962963,False,False,False,False
10493,809.0,10,189.0,True,234.0,245.72649572649573,19.230769230769234,False,False,False,False
10494,1416.67,2,1646.24,True,17.0,8233.352941176472,9583.764705882353,False,False,False,False
10495,1416.67,1,1416.67,False,10.85,12956.866359447005,12956.866359447005,False,False,False,False
10496,1646.24,1,1646.24,False,22.0,7382.909090909091,7382.909090909091,False,False,False,False
10497,1416.67,2,1646.24,True,13.9,10091.870503597122,11743.45323741007,False,False,False,False
10498,1045.0,1,1045.0,False,297.0,251.85185185185185,251.85185185185185,False,False,False,False
10499,1416.67,1,1416.67,False,394.0,259.5609137055838,259.5609137055838,False,False,False,False
10500,11995.0,1,11995.0,False,549.0,2084.8816029143895,2084.8816029143895,False,False,False,False
10501,1416.67,1,1416.67,False,54.0,2523.462962962963,2523.462962962963,False,False,False,False
10502,971.69,10,98.0,True,139.0,599.0575539568346,29.496402877697843,False,False,False,False
10503,1045.0,1,1045.0,False,18.25,5626.027397260274,5626.027397260274,False,False,False,False
10504,3898.0,1,3898.0,False,19.0,20415.78947368421,20415.78947368421,False,False,False,False
10505,129.34,1,129.34,False,21.5,501.58139534883725,501.58139534883725,False,False,False,False
10506,2820.0,1,2820.0,False,24.9,11225.301204819278,11225.301204819278,False,False,False,False
10507,1646.24,1,1646.24,False,22.0,7382.909090909091,7382.909090909091,False,False,False,False
10508,971.69,2,3898.0,True,1089.0,10.772268135904495,257.94306703397615,False,False,False,False
10509,2820.0,1,2820.0,False,49.0,5655.102040816327,5655.102040816327,False,False,False,False
10510,11995.0,1,11995.0,False,1115.0,975.7847533632287,975.7847533632287,False,False,False,False
10511,1646.24,2,1045.0,True,12.0,13618.666666666666,8608.333333333332,False,False,False,False
10512,1646.24,1,1646.24,False,7.4,22146.486486486483,22146.486486486483,False,False,False,False
10513,1501.2,1,1501.2,False,22.88,6461.188811188811,6461.188811188811,False,False,False,False
10514,449.0,1,449.0,False,110.0,308.1818181818182,308.1818181818182,False,False,False,False
10515,1646.24,1,1646.24,False,51.0,3127.921568627451,3127.921568627451,False,False,False,False
10516,1646.24,1,1646.24,False,16.0,10189.0,10189.0,False,False,False,False
10517,1646.24,1,1646.24,False,26.9,6019.851301115242,6019.851301115242,False,False,False,False
10518,1416.67,1,1416.67,False,18.0,7770.38888888889,7770.38888888889,False,False,False,False
10519,1646.24,1,1646.24,False,85.0,1836.7529411764708,1836.7529411764708,False,False,False,False
10520,100.0,1,100.0,False,108.0,7.4074074074074066,7.4074074074074066,True,True,False,False
10521,100.0,3,100.0,True,100.0,0.0,0.0,True,True,False,False
10522,308.0,1,308.0,False,308.0,0.0,0.0,True,True,False,False
10523,1294.0,1,1294.0,False,27.0,4692.592592592592,4692.592592592592,False,False,False,False
10524,1294.0,1,1294.0,False,17.0,7511.764705882353,7511.764705882353,False,False,False,False
10525,1294.0,2,1331.0,True,1006.0,28.628230616302186,32.30616302186879,False,False,False,False
10526,1294.0,3,1331.0,True,347.0,272.9106628242075,283.57348703170027,False,False,False,False
10527,7125.0,1,7125.0,False,219.46,3146.6053039278227,3146.6053039278227,False,False,False,False
10528,2595.0,6,825.0,True,51.96,4894.226327944572,1487.7598152424941,False,False,False,False
10529,1883.0,1,1883.0,False,1883.0,0.0,0.0,True,True,False,False
10530,3.6,2,43.75,True,6.5,44.61538461538461,573.0769230769231,False,False,False,False
10531,1.5,1,1.5,False,0.54,177.77777777777777,177.77777777777777,False,False,False,False
10532,43.75,1,43.75,False,70.0,37.5,37.5,False,False,False,False
10533,43.75,1,43.75,False,60.0,27.083333333333332,27.083333333333332,False,False,False,False
10534,3.6,1,3.6,False,9.8,63.26530612244898,63.26530612244898,False,False,False,False
10535,2074.4,1,2074.4,False,2074.4,0.0,0.0,True,True,False,False
10536,1883.0,1,1883.0,False,1883.0,0.0,0.0,True,True,False,False
10537,101.0,1,101.0,False,303.0,66.66666666666666,66.66666666666666,False,False,False,False
10538,61.39,1,61.39,False,352.0,82.5596590909091,82.5596590909091,False,False,False,False
10539,341.0,1,341.0,False,341.0,0.0,0.0,True,True,False,False
10540,17.76,1,17.76,False,19.05,6.771653543307083,6.771653543307083,True,True,False,False
10541,3000.0,2,1666.5,True,10000.0,70.0,83.33500000000001,False,False,False,False
10542,826.5,4,990.0,True,1045.0,20.909090909090907,5.263157894736842,False,True,True,False
10543,1666.5,2,3000.0,True,15000.0,88.89,80.0,False,False,False,False
10544,990.0,1,990.0,False,1830.0,45.90163934426229,45.90163934426229,False,False,False,False
10545,990.0,1,990.0,False,1830.0,45.90163934426229,45.90163934426229,False,False,False,False
10546,668.47,3,668.47,True,668.47,0.0,0.0,True,True,False,False
10547,11.55,8,160.65,True,160.65,92.81045751633987,0.0,False,True,True,False
10548,648.9,1,648.9,False,11.55,5518.181818181818,5518.181818181818,False,False,False,False
10549,4.57,1,4.57,False,4.57,0.0,0.0,True,True,False,False
10550,500.0,1,500.0,False,555.0,9.90990990990991,9.90990990990991,True,True,False,False
10551,8897.0,3,32000.0,True,28635.0,68.92963156975729,11.751353239043128,False,False,False,False
10552,4962.0,6,4341.0,True,198.57,2398.86689832301,2086.1308354736366,False,False,False,False
10553,9990.0,1,9990.0,False,195.19,5018.090066089451,5018.090066089451,False,False,False,False
10554,4962.0,8,4341.0,True,3815.17,30.05973521494455,13.782609949228997,False,False,False,False
10555,4962.0,1,4962.0,False,15.21,32523.274161735695,32523.274161735695,False,False,False,False
10556,1127.57,2,4962.0,True,67.6,1568.0029585798818,7240.236686390533,False,False,False,False
10557,44231.5,1,44231.5,False,41415.5,6.79938670304596,6.79938670304596,True,True,False,False
10558,44231.5,1,44231.5,False,9980.5,343.17919943890587,343.17919943890587,False,False,False,False
10559,90112.51,1,90112.51,False,94799.4,4.944008084439353,4.944008084439353,True,True,False,False
